{
"type": "FeatureCollection",
"crs": {
"type": "name",
"properties": {
"name": "urn:ogc:def:crs:EPSG::32635"
}
},
"_about": "REGISTRU VITICOL DEMONSTRATIV - parcele, cultivatori, autorizații și evenimente SINTETICE (DEMO). Structura urmează Reg. (UE) 2018/273 art. 7 și anexele III-IV. Nu sunt date reale ONVV / ASP.",
"features": [
{
"type": "Feature",
"geometry": {
"type": "MultiPolygon",
"coordinates": [
[
[
[
629289.418682982,
5220784.494272903
],
[
629295.4288560516,
5220770.554578513
],
[
629283.4956169873,
5220761.473410198
],
[
629282.5086865304,
5220761.096995883
],
[
629281.0519448565,
5220761.196665537
],
[
629280.1794932056,
5220760.8069454115
],
[
629279.2963227851,
5220759.692114924
],
[
629279.1847567279,
5220758.192855155
],
[
629277.2797931471,
5220756.743182118
],
[
629275.4897938309,
5220756.446675267
],
[
629274.3876210443,
5220755.672709686
],
[
629271.7978054113,
5220754.621674684
],
[
629270.6271408545,
5220754.817147483
],
[
629269.1141530884,
5220754.337744667
],
[
629268.2133169792,
5220756.522061976
],
[
629267.439044791,
5220757.408652956
],
[
629266.3448889534,
5220757.84266216
],
[
629265.2854970966,
5220757.76695714
],
[
629264.6639589679,
5220758.998059797
],
[
629263.6938908612,
5220759.726534504
],
[
629262.7398600108,
5220759.922885155
],
[
629261.6841706331,
5220759.7027011365
],
[
629260.3152193867,
5220763.045563411
],
[
629259.7172205957,
5220763.794189784
],
[
629258.1718207629,
5220764.387433532
],
[
629256.7937181273,
5220764.02062127
],
[
629255.9540170669,
5220763.172476805
],
[
629255.6116372574,
5220762.161938592
],
[
629254.3941808868,
5220761.209407496
],
[
629253.9633800373,
5220759.824321076
],
[
629258.5986447206,
5220747.880186636
],
[
629257.6348653291,
5220747.2803321155
],
[
629257.0868121815,
5220746.471736388
],
[
629256.9011060868,
5220745.269393145
],
[
629257.1849581875,
5220744.280586169
],
[
629254.5974021538,
5220743.224570677
],
[
629253.0664699273,
5220744.340190541
],
[
629251.1549464357,
5220744.039314096
],
[
629250.0307687792,
5220742.464298766
],
[
629250.3747172682,
5220740.397547434
],
[
629248.9823134575,
5220739.503870289
],
[
629248.4304458033,
5220738.144581176
],
[
629232.8789900463,
5220730.1534133805
],
[
629187.5874660092,
5220839.709248461
],
[
629204.4522431056,
5220852.663976519
],
[
629232.2244519494,
5220858.165665419
],
[
629248.0,
5220865.589444108
],
[
629248.0,
5220867.50978223
],
[
629249.2320346396,
5220864.568609866
],
[
629248.1090781406,
5220863.543693936
],
[
629247.8161414005,
5220861.8492693035
],
[
629249.2811317956,
5220858.044047906
],
[
629248.1315477384,
5220857.121422939
],
[
629247.6987146555,
5220855.7261662055
],
[
629249.2755778591,
5220851.387643569
],
[
629248.1157194666,
5220850.447974645
],
[
629247.6945475731,
5220849.054532245
],
[
629249.2705108024,
5220844.778792917
],
[
629248.0368168282,
5220843.806019359
],
[
629247.6175151612,
5220842.420554643
],
[
629249.2803509405,
5220837.888190488
],
[
629248.082384882,
5220836.937491104
],
[
629247.6568674553,
5220835.554285799
],
[
629249.2828715694,
5220831.052078092
],
[
629248.2929774332,
5220830.284440895
],
[
629247.7792207926,
5220828.972507796
],
[
629247.8763902885,
5220828.031063158
],
[
629249.2769180259,
5220824.571900051
],
[
629248.2665559502,
5220823.836682915
],
[
629247.7051735386,
5220822.499216377
],
[
629247.7958481105,
5220821.528618019
],
[
629249.2626260304,
5220817.895110549
],
[
629248.2027922125,
5220816.417731866
],
[
629248.3577091349,
5220814.74156896
],
[
629249.54022667,
5220813.54358164
],
[
629252.15690891,
5220812.926817037
],
[
629253.8512845014,
5220813.324652949
],
[
629255.2219789139,
5220812.938969091
],
[
629256.6334250018,
5220813.326010382
],
[
629257.9241485079,
5220812.991785203
],
[
629259.2068629207,
5220813.329375908
],
[
629260.5084331958,
5220812.923954689
],
[
629262.0574600571,
5220813.3226668
],
[
629263.168880963,
5220813.080933395
],
[
629264.2284863238,
5220813.325389069
],
[
629265.6783133213,
5220812.888113623
],
[
629267.2176921064,
5220813.327343939
],
[
629268.5916367467,
5220812.942689742
],
[
629269.9923530443,
5220813.328175934
],
[
629271.2392215873,
5220812.95702707
],
[
629272.708368686,
5220813.325679153
],
[
629273.96730383,
5220812.945326997
],
[
629275.4487580376,
5220813.317218327
],
[
629276.7155305444,
5220812.927613181
],
[
629278.2576117945,
5220813.317854689
],
[
629288.9436205082,
5220786.708325948
],
[
629289.418682982,
5220784.494272903
]
]
],
[
[
[
629203.392097975,
5220855.505996089
],
[
629186.4005005418,
5220842.580403622
],
[
629161.9353594064,
5220901.75922404
],
[
629162.9796327401,
5220902.424693298
],
[
629163.6542273519,
5220903.863946831
],
[
629164.9407112789,
5220904.5938189225
],
[
629165.637374077,
5220905.834441841
],
[
629166.9393182668,
5220906.679194463
],
[
629167.524478225,
5220908.0671488
],
[
629168.8191599097,
5220908.906930853
],
[
629169.4059625453,
5220910.298320095
],
[
629170.620050308,
5220911.09992542
],
[
629171.2606309287,
5220912.487062643
],
[
629176.1874231435,
5220914.5276041655
],
[
629177.4286163481,
5220914.097285869
],
[
629178.8865821757,
5220914.418001227
],
[
629180.232660024,
5220914.255207456
],
[
629183.8283773274,
5220915.730319625
],
[
629185.1190494859,
5220915.341506657
],
[
629186.6186441677,
5220915.731129918
],
[
629187.7742059083,
5220915.359936987
],
[
629189.3567849704,
5220915.741323663
],
[
629190.5790690522,
5220915.413102889
],
[
629191.8851983914,
5220915.7437525
],
[
629193.1364676518,
5220915.39235343
],
[
629194.8414385432,
5220915.939788848
],
[
629195.8918877547,
5220917.537806386
],
[
629195.5140903126,
5220919.521234383
],
[
629198.2626958007,
5220920.800943673
],
[
629199.1545841143,
5220922.4828568725
],
[
629198.977371706,
5220923.678358345
],
[
629196.027068587,
5220930.837003392
],
[
629197.4292635017,
5220931.523031311
],
[
629198.1569337484,
5220932.457093257
],
[
629200.7338069679,
5220933.541894521
],
[
629201.6745941906,
5220931.440545486
],
[
629202.5914358599,
5220930.626087032
],
[
629204.2767397849,
5220930.402988957
],
[
629207.1705066627,
5220931.616313509
],
[
629208.1399437527,
5220929.6809742935
],
[
629209.597607567,
5220928.844975165
],
[
629210.8068078138,
5220928.925925988
],
[
629216.0903387782,
5220931.2614461435
],
[
629216.9550383898,
5220932.041523399
],
[
629217.3602358097,
5220933.036956302
],
[
629220.0772110156,
5220934.228803736
],
[
629220.8189205274,
5220934.855503369
],
[
629221.3651497794,
5220936.441059497
],
[
629220.8549129245,
5220938.13430199
],
[
629222.0017528327,
5220938.919797861
],
[
629222.5366460155,
5220940.023727076
],
[
629224.0538360521,
5220940.920323074
],
[
629224.6048671316,
5220941.877360817
],
[
629227.1724710974,
5220942.987229859
],
[
629228.7283502216,
5220942.799506338
],
[
629230.9619010783,
5220943.669691178
],
[
629232.1490707113,
5220945.123363007
],
[
629233.387610412,
5220945.736088083
],
[
629234.8773317507,
5220947.293731987
],
[
629235.3881424019,
5220948.845504239
],
[
629234.6716932817,
5220951.034411756
],
[
629238.8512704662,
5220952.994298034
],
[
629240.2419962242,
5220953.944103684
],
[
629240.7844761612,
5220954.748472837
],
[
629240.9698012278,
5220955.942589224
],
[
629240.4076135259,
5220957.630402932
],
[
629241.2630580292,
5220958.335505805
],
[
629241.6923839315,
5220959.187110201
],
[
629241.7715635173,
5220960.137521362
],
[
629241.3374687681,
5220961.447567353
],
[
629243.9152181355,
5220962.52730026
],
[
629245.2125239309,
5220961.537242783
],
[
629247.0331314236,
5220961.627789693
],
[
629249.2684697717,
5220956.120615328
],
[
629248.1550109313,
5220955.160720722
],
[
629247.7716085461,
5220953.79626198
],
[
629249.2825312318,
5220949.712432647
],
[
629248.1637561235,
5220948.791556884
],
[
629247.7409004252,
5220947.415883532
],
[
629249.277301912,
5220943.094840795
],
[
629248.1421238186,
5220942.175256431
],
[
629247.7118225524,
5220940.78104724
],
[
629249.2752613075,
5220936.483406343
],
[
629248.0480626879,
5220935.517592144
],
[
629247.6253288366,
5220934.128904144
],
[
629249.2601525453,
5220929.666168127
],
[
629248.1579489595,
5220928.706139324
],
[
629247.7790213712,
5220927.3475862425
],
[
629249.2708942458,
5220923.297845568
],
[
629248.2303081687,
5220922.307319917
],
[
629247.9013378242,
5220921.099155461
],
[
629249.264901777,
5220917.26677114
],
[
629248.1042595226,
5220916.274151961
],
[
629247.7299544903,
5220914.9072654005
],
[
629249.2672360283,
5220910.834882867
],
[
629248.2837158864,
5220910.007528558
],
[
629247.830433445,
5220908.589977852
],
[
629249.2630481593,
5220904.633704019
],
[
629248.1412564707,
5220903.701915886
],
[
629247.7273224177,
5220902.305100577
],
[
629249.2647456875,
5220898.188997604
],
[
629247.9670169915,
5220897.174547873
],
[
629247.5603446645,
5220895.777705978
],
[
629249.2776474301,
5220891.286382136
],
[
629248.0440867698,
5220890.299917684
],
[
629247.6361277978,
5220888.915054145
],
[
629249.2723654119,
5220884.517826074
],
[
629248.064693269,
5220883.552442652
],
[
629247.6484910676,
5220882.163443449
],
[
629249.2658036167,
5220877.788061611
],
[
629248.2478956959,
5220876.859366376
],
[
629247.8771443848,
5220875.492775832
],
[
629249.2579460099,
5220871.805690191
],
[
629247.7146220158,
5220870.529047124
],
[
629247.5283734229,
5220868.683720148
],
[
629231.2833869967,
5220861.026199693
],
[
629203.392097975,
5220855.505996089
]
]
]
]
},
"properties": {
"cad_nr": "DEMO-0001",
"grower_id": "DEMO-G-02",
"rvv_code": "RVV-DEMO-V02",
"vineyard_id": "V02",
"declared_area_ha": 1.63,
"variety": "Rara Neagra",
"planting_year": 2004,
"planting_scheme": "2,5 × 1,2 m",
"authorisation_nr": "DEMO-AUT-2004-001",
"status": "planted",
"pdo_pgi": "IGP Codru",
"scenario": "split",
"demo": true,
"events": [
{
"type": "planting",
"date": "2004-04-28",
"result": "înregistrat",
"note": "autorizație DEMO-AUT-2004-001"
},
{
"type": "inspection",
"date": "2024-09-28",
"result": "conform",
"note": "control ONVV (DEMO)"
}
]
}
},
{
"type": "Feature",
"geometry": {
"type": "MultiPolygon",
"coordinates": [
[
[
[
629232.8789900463,
5220730.1534133805
],
[
629211.7901557123,
5220719.316306532
],
[
629210.0390981197,
5220719.62959692
],
[
629207.130104828,
5220718.5452717785
],
[
629206.0947602876,
5220717.531846989
],
[
629205.791050298,
5220716.231482981
],
[
629184.8395421997,
5220705.799961615
],
[
629177.7506022934,
5220703.130299434
],
[
629176.354323162,
5220704.071115373
],
[
629174.6777556117,
5220703.912970415
],
[
629173.3869939595,
5220702.501158346
],
[
629173.394645129,
5220700.773848112
],
[
629172.2310180442,
5220700.06947107
],
[
629171.5676658818,
5220698.778818104
],
[
629168.9027821862,
5220697.617345052
],
[
629167.5263313456,
5220698.178430153
],
[
629166.0177350728,
5220697.860067975
],
[
629165.0090549489,
5220700.293751475
],
[
629164.3923785842,
5220701.052512352
],
[
629163.0503271519,
5220701.614055561
],
[
629161.7397181095,
5220701.397703026
],
[
629139.3845439368,
5220755.267167385
],
[
629132.5602220045,
5220773.905256327
],
[
629119.8543220618,
5220811.0632627215
],
[
629129.9227915903,
5220817.858484389
],
[
629155.5538786848,
5220826.757095973
],
[
629181.5782744436,
5220835.202323503
],
[
629187.5874660092,
5220839.709248461
],
[
629232.8789900463,
5220730.1534133805
]
]
],
[
[
[
629180.406461854,
5220837.9760652
],
[
629154.5843825255,
5220829.596164592
],
[
629128.7539488513,
5220820.628343779
],
[
629118.6320418131,
5220813.857657027
],
[
629107.7309603392,
5220838.879152362
],
[
629101.5265976492,
5220852.081205426
],
[
629102.0653097723,
5220852.784610584
],
[
629103.7550450984,
5220853.634755313
],
[
629104.4172474333,
5220854.537285693
],
[
629105.7955791451,
5220855.1592902895
],
[
629106.5404089772,
5220855.909875465
],
[
629109.155593683,
5220857.0589969745
],
[
629110.0723593473,
5220858.183606865
],
[
629110.2101184037,
5220859.627985323
],
[
629109.1643955281,
5220862.263930023
],
[
629110.6980011459,
5220863.25212625
],
[
629111.2269679133,
5220864.652867981
],
[
629112.3879942934,
5220865.656337496
],
[
629112.7488512142,
5220866.810099166
],
[
629112.6168508142,
5220867.77166051
],
[
629110.7284415972,
5220871.930653682
],
[
629113.2696175387,
5220873.094386908
],
[
629114.9202197713,
5220872.240367851
],
[
629117.3661404232,
5220872.601749021
],
[
629120.8956022563,
5220874.668379558
],
[
629123.4959822717,
5220875.700874775
],
[
629124.7511651218,
5220875.375142544
],
[
629127.0597557614,
5220875.869908768
],
[
629128.4079104366,
5220876.968527356
],
[
629135.7941898453,
5220880.591306044
],
[
629136.841068667,
5220881.725748134
],
[
629140.50992572,
5220883.63205263
],
[
629143.3592283218,
5220885.803912537
],
[
629146.7973366427,
5220887.726701746
],
[
629147.5874670959,
5220888.658795388
],
[
629151.198257183,
5220890.2372628525
],
[
629152.1547633979,
5220891.839703139
],
[
629155.3367830863,
5220893.2603994915
],
[
629156.2866570725,
5220894.765252613
],
[
629157.7874407897,
5220895.538196268
],
[
629158.450357694,
5220896.445830443
],
[
629159.6565920255,
5220897.057645709
],
[
629160.4623401513,
5220898.2065690085
],
[
629161.4689747167,
5220898.953809187
],
[
629161.9818888226,
5220900.053896005
],
[
629161.9353594064,
5220901.75922404
],
[
629186.4005005418,
5220842.580403622
],
[
629180.406461854,
5220837.9760652
]
]
]
]
},
"properties": {
"cad_nr": "DEMO-0002",
"grower_id": "DEMO-G-02",
"rvv_code": "RVV-DEMO-V02",
"vineyard_id": "V02",
"declared_area_ha": 1.642,
"variety": "Rara Neagra",
"planting_year": 2004,
"planting_scheme": "2,5 × 1,2 m",
"authorisation_nr": "DEMO-AUT-2004-002",
"status": "planted",
"pdo_pgi": "IGP Codru",
"scenario": "split",
"demo": true,
"events": [
{
"type": "planting",
"date": "2004-04-17",
"result": "înregistrat",
"note": "autorizație DEMO-AUT-2004-002"
}
]
}
},
{
"type": "Feature",
"geometry": {
"type": "Polygon",
"coordinates": [
[
[
629056.7389389614,
5220762.38529738
],
[
629058.0718644595,
5220763.411997536
],
[
629058.4648494206,
5220764.85529448
],
[
629061.1360816298,
5220766.846024237
],
[
629062.3027946698,
5220766.879002877
],
[
629063.1588393113,
5220767.299527272
],
[
629064.0423872322,
5220768.559794524
],
[
629067.5662532813,
5220770.560039007
],
[
629068.4823694304,
5220771.854154117
],
[
629070.7600116563,
5220773.3707260825
],
[
629071.9594062654,
5220772.757438453
],
[
629073.4158039583,
5220772.830630787
],
[
629077.3305659745,
5220775.575401711
],
[
629078.2588256921,
5220776.981060134
],
[
629078.0589812393,
5220778.709945478
],
[
629083.1330049481,
5220781.762443248
],
[
629088.5713142451,
5220773.873815242
],
[
629090.1331660597,
5220773.170738465
],
[
629091.7810063435,
5220773.637986198
],
[
629093.7523629094,
5220776.22548497
],
[
629093.7940352837,
5220777.400829146
],
[
629093.1099233862,
5220779.181149201
],
[
629094.4806941692,
5220779.955460517
],
[
629095.2033922485,
5220781.471212454
],
[
629095.0317150112,
5220782.670039096
],
[
629093.1097195888,
5220787.395199416
],
[
629095.4654520014,
5220788.404676432
],
[
629096.3200163561,
5220789.285565096
],
[
629099.2030272804,
5220791.087722228
],
[
629108.2627163909,
5220799.971131788
],
[
629109.4057416684,
5220800.763433994
],
[
629130.7596426813,
5220770.097531049
],
[
629132.6615238793,
5220764.903252221
],
[
629131.8778590639,
5220763.526131282
],
[
629132.0130247698,
5220762.1100755185
],
[
629135.9154401767,
5220756.0163940145
],
[
629147.2776837307,
5220724.984665434
],
[
629154.0678289845,
5220710.385321078
],
[
629152.8862109021,
5220709.922596981
],
[
629151.6738469056,
5220710.942210466
],
[
629150.2620142085,
5220711.069379293
],
[
629147.2101675281,
5220709.816490989
],
[
629146.2054887541,
5220708.491808309
],
[
629146.3517100252,
5220706.608593249
],
[
629151.8809705848,
5220697.794010769
],
[
629150.7122464753,
5220696.587931936
],
[
629150.5056712743,
5220695.130407796
],
[
629147.6005528097,
5220693.310174092
],
[
629146.8130683474,
5220692.374567404
],
[
629146.5654877498,
5220691.424367425
],
[
629146.7397295948,
5220690.347502024
],
[
629145.5669377182,
5220689.342935162
],
[
629145.1504531458,
5220688.205313551
],
[
629145.3177169474,
5220687.005453082
],
[
629146.2605442194,
5220685.476032293
],
[
629143.7878285559,
5220684.141358302
],
[
629142.9211543637,
5220685.122142962
],
[
629141.5434755253,
5220685.559593855
],
[
629139.5181968659,
5220684.755225042
],
[
629138.169430158,
5220685.136086176
],
[
629136.3995655606,
5220684.45773496
],
[
629135.4734758852,
5220684.718681164
],
[
629134.3252638924,
5220684.541261068
],
[
629131.277941724,
5220682.9151467765
],
[
629128.1181191986,
5220680.538260935
],
[
629127.1023694223,
5220680.712583663
],
[
629126.1510489476,
5220680.485886362
],
[
629122.8973000061,
5220678.20214391
],
[
629114.4612338372,
5220673.6239315085
],
[
629056.7389389614,
5220762.38529738
]
]
]
},
"properties": {
"cad_nr": "DEMO-0003",
"grower_id": "DEMO-G-04",
"rvv_code": "RVV-DEMO-V04",
"vineyard_id": "V04",
"declared_area_ha": 0.616,
"variety": "Muscat Ottonel",
"planting_year": 2024,
"planting_scheme": "2,7 × 1,2 m",
"authorisation_nr": "DEMO-AUT-2024-003",
"status": "planted",
"pdo_pgi": "IGP Codru",
"scenario": "split_unauthorised",
"demo": true,
"events": [
{
"type": "inspection",
"date": "2023-08-19",
"result": "conform",
"note": "control ONVV (DEMO)"
},
{
"type": "planting",
"date": "2024-04-16",
"result": "înregistrat",
"note": "autorizație DEMO-AUT-2024-003"
}
]
}
},
{
"type": "Feature",
"geometry": {
"type": "MultiPolygon",
"coordinates": [
[
[
[
629103.2145185999,
5220658.476263825
],
[
629102.922366326,
5220658.71553429
],
[
629104.2934790279,
5220659.186803105
],
[
629103.2145185999,
5220658.476263825
]
]
],
[
[
[
629022.1659140062,
5220737.920412822
],
[
629040.1992492814,
5220751.2428973215
],
[
629041.3368410153,
5220752.000468564
],
[
629043.0481724378,
5220752.559334878
],
[
629043.9477402951,
5220754.036451764
],
[
629054.1207947992,
5220761.617897606
],
[
629055.3687323196,
5220761.647292955
],
[
629056.7389389614,
5220762.38529738
],
[
629114.4612338372,
5220673.6239315085
],
[
629103.0842210449,
5220667.169623255
],
[
629102.4940867797,
5220666.139621252
],
[
629102.445574934,
5220664.953531382
],
[
629104.0025233504,
5220662.259059862
],
[
629092.2940818794,
5220658.460588336
],
[
629091.3666910152,
5220659.082733948
],
[
629090.4379549169,
5220659.2481785305
],
[
629088.5216079926,
5220658.460548552
],
[
629086.862274404,
5220659.155894966
],
[
629084.9780485504,
5220658.461027712
],
[
629083.2859920108,
5220658.644012438
],
[
629079.5751941018,
5220656.21182885
],
[
629078.7003578104,
5220656.882081297
],
[
629077.4645930799,
5220657.106062618
],
[
629075.7651894338,
5220656.36810599
],
[
629074.2427246787,
5220656.235266795
],
[
629072.8367183029,
5220655.363783499
],
[
629071.895725274,
5220656.699764786
],
[
629071.0891863798,
5220657.246755218
],
[
629070.1347916422,
5220657.443819181
],
[
629068.9551741363,
5220657.157966901
],
[
629067.0556618578,
5220656.03871732
],
[
629066.3059808257,
5220654.756423767
],
[
629066.5199404621,
5220653.046366298
],
[
629068.8519373699,
5220649.434451495
],
[
629066.5099276721,
5220647.910365888
],
[
629059.2775436187,
5220658.682499162
],
[
629058.1641749567,
5220659.111103365
],
[
629056.9789526778,
5220658.974943568
],
[
629053.7877144067,
5220656.860983167
],
[
629033.3035234242,
5220687.274459933
],
[
629031.7866950264,
5220688.008085356
],
[
629029.9277778548,
5220687.470984325
],
[
629028.9081940422,
5220688.683126682
],
[
629027.3061435571,
5220689.1178312
],
[
629026.1682012626,
5220688.74680199
],
[
629023.4921254878,
5220686.956548179
],
[
629022.3534286551,
5220688.615264261
],
[
629023.7228384495,
5220690.0602900395
],
[
629023.9072169561,
5220691.005255589
],
[
629023.6183345574,
5220692.169180661
],
[
629004.39015362,
5220721.6125172265
],
[
629005.2598745208,
5220722.582930787
],
[
629005.5300739083,
5220723.738538348
],
[
629005.2369265809,
5220724.888538865
],
[
629004.3018588516,
5220726.326002249
],
[
629019.3340850853,
5220736.120052829
],
[
629021.2295916344,
5220736.56536187
],
[
629022.1659140062,
5220737.920412822
]
]
]
]
},
"properties": {
"cad_nr": "DEMO-0004",
"grower_id": "DEMO-G-04",
"rvv_code": null,
"vineyard_id": "V04",
"declared_area_ha": 0.609,
"variety": "Muscat Ottonel",
"planting_year": 2024,
"planting_scheme": "2,7 × 1,2 m",
"authorisation_nr": null,
"status": "planted",
"pdo_pgi": "IGP Codru",
"scenario": "split_unauthorised",
"demo": true,
"events": [
{
"type": "planting",
"date": "2024-04-23",
"result": "înregistrat",
"note": "autorizație —"
}
]
}
},
{
"type": "Feature",
"geometry": {
"type": "MultiPolygon",
"coordinates": [
[
[
[
629398.1717349008,
5220646.310734434
],
[
629398.9453576616,
5220647.748049798
],
[
629398.6082764677,
5220649.463041033
],
[
629399.8721016939,
5220651.161051211
],
[
629399.6752709098,
5220652.954463811
],
[
629401.7331147837,
5220654.845793706
],
[
629402.609225475,
5220653.89252554
],
[
629401.466957803,
5220652.438019455
],
[
629401.4783839398,
5220650.753901582
],
[
629402.7618867949,
5220649.093771401
],
[
629404.1044553309,
5220648.480781681
],
[
629405.3309891792,
5220648.629958796
],
[
629406.4874803681,
5220649.546896527
],
[
629408.1498935757,
5220654.514156028
],
[
629410.8184016276,
5220653.685355002
],
[
629396.5075857923,
5220607.613277063
],
[
629393.8391192801,
5220608.4422118245
],
[
629403.4421329799,
5220639.735656553
],
[
629402.7044181302,
5220641.518779114
],
[
629401.6498604865,
5220642.143266321
],
[
629400.5486336747,
5220642.217361869
],
[
629397.4194366331,
5220645.613716763
],
[
629398.1717349008,
5220646.310734434
]
]
],
[
[
[
629351.752028768,
5220585.906018271
],
[
629355.4281781929,
5220598.34923813
],
[
629355.0269190924,
5220599.496779434
],
[
629353.3837104174,
5220600.6663781535
],
[
629371.6948934956,
5220659.611655769
],
[
629373.1421569494,
5220659.2217900315
],
[
629374.7213741674,
5220659.603371857
],
[
629376.4657039526,
5220659.1881033275
],
[
629377.8366735579,
5220659.609338329
],
[
629380.0012729367,
5220659.0399149675
],
[
629381.642348503,
5220659.606554479
],
[
629384.7454116351,
5220658.750343722
],
[
629385.8868095422,
5220659.003368489
],
[
629386.6749029394,
5220659.606675494
],
[
629389.5867067119,
5220658.840465508
],
[
629391.3602791623,
5220659.603579119
],
[
629392.6514465606,
5220659.337775209
],
[
629393.735427097,
5220659.603376178
],
[
629396.4062729735,
5220658.776543867
],
[
629390.5804054802,
5220639.787083611
],
[
629390.7527634067,
5220638.582792569
],
[
629391.4731402766,
5220637.602445011
],
[
629394.1271817802,
5220636.584469256
],
[
629383.9087394268,
5220603.324536711
],
[
629381.2360931856,
5220604.146629477
],
[
629379.6687193329,
5220605.001768817
],
[
629378.2045104563,
5220604.755431191
],
[
629377.2694846445,
5220603.936281199
],
[
629371.923647321,
5220586.961735152
],
[
629369.2528009926,
5220587.78384603
],
[
629369.0046232736,
5220589.6052638395
],
[
629367.7813951285,
5220590.690376171
],
[
629365.23406362,
5220591.370581633
],
[
629363.4671629808,
5220590.647878186
],
[
629362.8378510993,
5220589.612069779
],
[
629359.8251150531,
5220579.920871959
],
[
629357.1565896285,
5220580.749617047
],
[
629357.2655779008,
5220582.5276740305
],
[
629356.2736287249,
5220583.886791546
],
[
629351.752028768,
5220585.906018271
]
]
]
]
},
"properties": {
"cad_nr": "DEMO-0005",
"grower_id": "DEMO-G-05",
"rvv_code": "RVV-DEMO-V05",
"vineyard_id": "V05",
"declared_area_ha": 0.201,
"variety": "Rara Neagra",
"planting_year": 2012,
"planting_scheme": "2,5 × 1,2 m",
"authorisation_nr": "DEMO-AUT-2012-005",
"status": "planted",
"pdo_pgi": "IGP Codru",
"scenario": "whole",
"demo": true,
"events": [
{
"type": "planting",
"date": "2012-04-15",
"result": "înregistrat",
"note": "autorizație DEMO-AUT-2012-005"
},
{
"type": "inspection",
"date": "2024-09-19",
"result": "conform",
"note": "control ONVV (DEMO)"
}
]
}
},
{
"type": "Feature",
"geometry": {
"type": "Polygon",
"coordinates": [
[
[
629232.6170522884,
5220504.328308275
],
[
629232.0193465288,
5220503.234979285
],
[
629230.6798974277,
5220502.16341129
],
[
629230.3416956788,
5220500.5107986
],
[
629230.8020879101,
5220499.384590916
],
[
629231.635278243,
5220498.658007184
],
[
629231.5292836236,
5220497.564422502
],
[
629231.9451400818,
5220496.464390335
],
[
629234.6676897903,
5220494.672669562
],
[
629235.0500034203,
5220492.872506304
],
[
629234.3802938493,
5220491.644275605
],
[
629233.1938908611,
5220490.6503217695
],
[
629232.8275340486,
5220489.040310062
],
[
629233.7227588834,
5220487.391599241
],
[
629236.2713999082,
5220485.958710183
],
[
629236.4442298358,
5220484.271078116
],
[
629235.7916518303,
5220482.182697199
],
[
629236.0690237163,
5220481.248124229
],
[
629236.8437731244,
5220480.369658522
],
[
629237.3341786084,
5220475.58099702
],
[
629236.7272495832,
5220473.5855161995
],
[
629237.0054855997,
5220472.646846813
],
[
629237.7199112051,
5220471.814434662
],
[
629237.8958386627,
5220470.096556149
],
[
629237.3228844553,
5220468.14633716
],
[
629237.6022575668,
5220467.21232399
],
[
629238.2728826939,
5220466.414835012
],
[
629238.4500290962,
5220464.685053872
],
[
629237.783537025,
5220463.457076162
],
[
629231.6918935332,
5220466.729883894
],
[
629230.2312815138,
5220466.87346015
],
[
629229.3220572041,
5220466.490603944
],
[
629228.5069773997,
5220465.571293492
],
[
629228.1516459765,
5220462.665550551
],
[
629228.4548130769,
5220461.511136304
],
[
629229.258640425,
5220460.628841489
],
[
629238.4704698109,
5220455.646157781
],
[
629237.1437045226,
5220453.18530131
],
[
629235.6368189895,
5220452.129363032
],
[
629234.2555840651,
5220449.565777438
],
[
629225.7001286275,
5220454.10580646
],
[
629223.9657516805,
5220454.163651442
],
[
629222.6806507511,
5220453.192294751
],
[
629219.5178486123,
5220454.902260752
],
[
629219.6711969812,
5220456.140445925
],
[
629219.248354044,
5220457.242219528
],
[
629216.9405972672,
5220458.790606662
],
[
629217.3694389644,
5220460.481857458
],
[
629216.6663940678,
5220461.996302294
],
[
629209.6648556824,
5220465.980492942
],
[
629209.2753827549,
5220467.892698903
],
[
629207.6845301895,
5220469.06884222
],
[
629208.1137676291,
5220470.475651355
],
[
629207.7188390244,
5220471.851122995
],
[
629205.121755399,
5220473.6616508225
],
[
629205.4279413975,
5220474.942447096
],
[
629204.9502814102,
5220476.337019749
],
[
629199.0536392018,
5220480.124497913
],
[
629199.9171835011,
5220481.783653888
],
[
629199.7185930446,
5220483.505312128
],
[
629198.8923587182,
5220484.444263781
],
[
629196.1385941833,
5220485.949344811
],
[
629197.3655267392,
5220488.811455655
],
[
629196.9952330091,
5220490.170030118
],
[
629196.1397019383,
5220491.011250099
],
[
629197.3486759112,
5220493.285761793
],
[
629197.5425941851,
5220494.238083484
],
[
629197.1316014878,
5220495.62462671
],
[
629196.137509061,
5220496.505134653
],
[
629196.5418277129,
5220497.815808305
],
[
629196.1354524608,
5220499.2647670815
],
[
629197.4534158687,
5220502.278272216
],
[
629197.2026687829,
5220503.427183566
],
[
629196.4064696942,
5220504.37030863
],
[
629196.0558162823,
5220506.11767784
],
[
629195.1341338543,
5220506.981533635
],
[
629191.7117512905,
5220508.827405431
],
[
629190.7756617452,
5220509.025720727
],
[
629189.8336367809,
5220508.857847085
],
[
629188.8564209158,
5220508.175410732
],
[
629186.9493684669,
5220504.3812588835
],
[
629182.0469494663,
5220506.973572141
],
[
629184.2158479348,
5220510.825931808
],
[
629184.1880458734,
5220512.063475397
],
[
629183.5699670487,
5220513.135979783
],
[
629169.4554195123,
5220520.933571263
],
[
629169.6495782052,
5220522.054667918
],
[
629169.3941101431,
5220523.023707459
],
[
629165.9140985596,
5220526.246132446
],
[
629166.0208864599,
5220527.551916203
],
[
629165.3450448131,
5220528.851282013
],
[
629154.7693740992,
5220534.710270806
],
[
629155.8211427039,
5220536.683943652
],
[
629155.9991805683,
5220537.920834973
],
[
629155.5563305292,
5220539.089373148
],
[
629154.0576864467,
5220540.570112881
],
[
629154.1628339522,
5220541.878438977
],
[
629153.6482414897,
5220542.993471586
],
[
629144.9410289391,
5220547.898039371
],
[
629145.3179269703,
5220549.287951705
],
[
629144.9374558919,
5220550.563686973
],
[
629145.3531582002,
5220551.94305865
],
[
629144.8299671408,
5220553.501920813
],
[
629145.3957043171,
5220554.392547556
],
[
629145.535480853,
5220555.567434771
],
[
629146.8637250161,
5220558.028052961
],
[
629201.3886080652,
5220528.593315166
],
[
629199.9820912526,
5220525.582363704
],
[
629200.1537341136,
5220524.381834907
],
[
629200.8701621165,
5220523.40333525
],
[
629232.1928291029,
5220506.325807009
],
[
629232.6170522884,
5220504.328308275
]
]
]
},
"properties": {
"cad_nr": "DEMO-0006",
"grower_id": "DEMO-G-09",
"rvv_code": "RVV-DEMO-V09",
"vineyard_id": "V09",
"declared_area_ha": 0.217,
"variety": "Aligote",
"planting_year": 2018,
"planting_scheme": "2,5 × 1,2 m",
"authorisation_nr": "DEMO-AUT-2018-006",
"status": "planted",
"pdo_pgi": "IGP Codru",
"scenario": "whole",
"demo": true,
"events": [
{
"type": "planting",
"date": "2018-04-25",
"result": "înregistrat",
"note": "autorizație DEMO-AUT-2018-006"
}
]
}
},
{
"type": "Feature",
"geometry": {
"type": "Polygon",
"coordinates": [
[
[
629572.8822139637,
5220269.767386044
],
[
629574.853454363,
5220271.249140216
],
[
629575.8738887246,
5220271.041024714
],
[
629577.0504018022,
5220271.345543283
],
[
629579.7628299561,
5220273.366802336
],
[
629581.2819984754,
5220272.820256661
],
[
629582.2091725362,
5220272.982210962
],
[
629583.2251226121,
5220273.6195784155
],
[
629584.1740421301,
5220273.207652645
],
[
629585.3431033003,
5220273.246375815
],
[
629587.583352133,
5220274.105844306
],
[
629589.1581471981,
5220275.220151996
],
[
629590.5477328143,
5220275.2940551145
],
[
629591.8157368436,
5220276.095032675
],
[
629593.5729587175,
5220276.232949409
],
[
629597.0573213459,
5220278.574611466
],
[
629598.8583134142,
5220277.899622072
],
[
629601.5286587512,
5220278.632234221
],
[
629606.4425249802,
5220281.752519134
],
[
629607.9261860753,
5220282.117836317
],
[
629609.1310156517,
5220281.236553481
],
[
629610.5802563062,
5220281.18669699
],
[
629614.019406759,
5220283.2531023435
],
[
629615.3775486248,
5220283.204928502
],
[
629616.8672125468,
5220284.074573849
],
[
629618.7415105936,
5220283.870789488
],
[
629619.9508567052,
5220284.574768153
],
[
629621.5078107234,
5220284.666553425
],
[
629622.7301571366,
5220285.480681884
],
[
629624.1053905197,
5220285.569898482
],
[
629625.4215002197,
5220286.425652228
],
[
629626.4740615492,
5220286.458849598
],
[
629631.6713622672,
5220287.964536008
],
[
629633.0996481555,
5220287.897585414
],
[
629634.4066827665,
5220288.63646679
],
[
629645.6958916273,
5220291.417751551
],
[
629653.5510974511,
5220278.793270899
],
[
629661.4349314058,
5220268.418544161
],
[
629693.0732825486,
5220229.725131602
],
[
629692.2846889417,
5220228.194405776
],
[
629692.644119036,
5220226.565985836
],
[
629702.421721947,
5220213.797722922
],
[
629700.2037062595,
5220212.096094558
],
[
629699.0830670797,
5220212.247701644
],
[
629698.1853961666,
5220211.9880157
],
[
629695.1163492284,
5220209.7036144985
],
[
629693.4805608926,
5220210.435989465
],
[
629692.485182312,
5220210.287705095
],
[
629691.5444527497,
5220209.713948758
],
[
629690.594320026,
5220210.224044921
],
[
629689.3775610612,
5220210.2622373765
],
[
629685.9508239488,
5220207.902231049
],
[
629684.8564511859,
5220207.624609012
],
[
629683.4977770208,
5220206.628595007
],
[
629682.1088770648,
5220206.823922445
],
[
629680.3856769064,
5220205.90959324
],
[
629678.9112887264,
5220206.0794450035
],
[
629677.4159758267,
5220205.276701422
],
[
629675.7969795513,
5220205.355250745
],
[
629674.5318590387,
5220204.6022866415
],
[
629672.7195363904,
5220204.643440261
],
[
629671.5153993288,
5220203.868044694
],
[
629670.164973093,
5220203.500704688
],
[
629668.6251186099,
5220202.382819795
],
[
629667.9164840373,
5220201.394521368
],
[
629667.7706259252,
5220200.112560897
],
[
629661.3843797182,
5220198.099925729
],
[
629660.1679408964,
5220198.087873833
],
[
629659.1623079563,
5220197.563765663
],
[
629657.3386498687,
5220198.227779083
],
[
629655.7412619488,
5220197.564476685
],
[
629654.0240654112,
5220198.386559844
],
[
629653.0303667936,
5220198.240460569
],
[
629651.9643000446,
5220197.574566336
],
[
629650.9912323119,
5220197.976725978
],
[
629650.0108242047,
5220197.960459754
],
[
629649.1120823257,
5220197.568378535
],
[
629646.3525173004,
5220195.332793289
],
[
629645.3040075672,
5220195.095907247
],
[
629643.9301149718,
5220194.129128477
],
[
629642.3181052674,
5220194.064639705
],
[
629641.083779404,
5220193.254790018
],
[
629639.4014714784,
5220193.043635409
],
[
629638.2811130546,
5220192.23825696
],
[
629636.3352263188,
5220192.343269463
],
[
629633.389290022,
5220190.844523153
],
[
629572.8822139637,
5220269.767386044
]
]
]
},
"properties": {
"cad_nr": "DEMO-0007",
"grower_id": "DEMO-G-12",
"rvv_code": "RVV-DEMO-V12",
"vineyard_id": "V12",
"declared_area_ha": 0.712,
"variety": "Merlot",
"planting_year": 2025,
"planting_scheme": "2,7 × 1,2 m",
"authorisation_nr": "DEMO-AUT-2025-007",
"status": "planted",
"pdo_pgi": "IGP Codru",
"scenario": "split",
"demo": true,
"events": [
{
"type": "planting",
"date": "2025-04-19",
"result": "înregistrat",
"note": "autorizație DEMO-AUT-2025-007"
}
]
}
},
{
"type": "Feature",
"geometry": {
"type": "MultiPolygon",
"coordinates": [
[
[
[
629522.0895608066,
5220250.618859474
],
[
629523.0710251764,
5220249.9574544355
],
[
629524.2467255489,
5220249.821595801
],
[
629526.2311991343,
5220250.943870817
],
[
629527.0362160683,
5220252.675387133
],
[
629526.8882687285,
5220253.63745202
],
[
629526.3105989039,
5220254.593153951
],
[
629528.5486110176,
5220256.267761001
],
[
629529.5681376217,
5220255.947390267
],
[
629530.5462701302,
5220256.05300407
],
[
629533.5990062222,
5220258.107364604
],
[
629534.528601375,
5220257.57797542
],
[
629535.4665594441,
5220257.470415076
],
[
629537.0789763824,
5220258.186830115
],
[
629538.3770343399,
5220258.35979126
],
[
629540.2752733073,
5220259.777495021
],
[
629541.3365224956,
5220259.715996281
],
[
629542.2694174969,
5220260.062699021
],
[
629544.2902849417,
5220262.095247693
],
[
629545.9121930643,
5220262.629742989
],
[
629547.6168954403,
5220262.44024872
],
[
629549.0737746942,
5220263.336969037
],
[
629550.4693933437,
5220262.410024957
],
[
629551.9544592611,
5220262.48540946
],
[
629554.3249514948,
5220263.877152407
],
[
629555.1473227354,
5220265.203170375
],
[
629556.2625646802,
5220266.040679075
],
[
629557.7353017261,
5220266.526015459
],
[
629558.6471570573,
5220266.046067503
],
[
629559.8921384524,
5220266.016387948
],
[
629561.2238314955,
5220266.737312338
],
[
629562.8225671771,
5220266.790603687
],
[
629563.869030896,
5220267.445333867
],
[
629565.5222400016,
5220267.4882830735
],
[
629566.6915275874,
5220268.238418092
],
[
629568.1935209173,
5220268.467928176
],
[
629569.3132753295,
5220269.253708836
],
[
629571.0708624531,
5220268.831140918
],
[
629572.8822139637,
5220269.767386044
],
[
629633.389290022,
5220190.844523153
],
[
629632.8034936887,
5220190.399178019
],
[
629631.5967399223,
5220190.659861748
],
[
629630.6098856041,
5220190.416883493
],
[
629627.3133712544,
5220187.942866046
],
[
629625.8597554832,
5220188.522550875
],
[
629624.060328708,
5220187.920534411
],
[
629622.7785664255,
5220188.016260607
],
[
629621.1928360215,
5220187.146943505
],
[
629619.5633726318,
5220186.963856069
],
[
629618.3600336502,
5220186.115131813
],
[
629617.1146561002,
5220186.193371346
],
[
629615.4621036659,
5220185.264351325
],
[
629614.2093753726,
5220185.159493668
],
[
629612.822703131,
5220184.263717502
],
[
629611.2521168914,
5220184.187832713
],
[
629609.9304418653,
5220183.31284644
],
[
629608.372626495,
5220182.884556879
],
[
629607.394863227,
5220181.574512954
],
[
629606.2784402301,
5220180.733205405
],
[
629604.7993115799,
5220180.26705577
],
[
629603.9365020199,
5220180.746003245
],
[
629602.759564406,
5220180.826430596
],
[
629600.9827194059,
5220179.838230049
],
[
629599.8161066442,
5220180.544403933
],
[
629598.3187526345,
5220180.493010027
],
[
629593.907771811,
5220178.0186263
],
[
629592.5309935627,
5220178.022773595
],
[
629591.1300581181,
5220177.178391701
],
[
629589.677891272,
5220177.20190478
],
[
629588.4406426401,
5220176.4792759465
],
[
629587.2221673948,
5220176.209260641
],
[
629585.9520551858,
5220175.296066127
],
[
629584.0843973199,
5220175.371881893
],
[
629582.9916685482,
5220174.693993416
],
[
629581.4693467936,
5220174.459294412
],
[
629580.2886812554,
5220173.616618011
],
[
629579.0423158645,
5220173.63529164
],
[
629577.5033441049,
5220172.732062142
],
[
629576.0894522105,
5220172.65748853
],
[
629574.7555135604,
5220171.801099074
],
[
629573.3563320513,
5220171.871213044
],
[
629571.8035526623,
5220170.972690608
],
[
629570.889958773,
5220171.257508447
],
[
629569.731057359,
5220171.110583071
],
[
629568.6877425439,
5220170.45393889
],
[
629567.2999525646,
5220170.101441252
],
[
629563.9290581639,
5220167.386733482
],
[
629562.1877653558,
5220167.7711630305
],
[
629560.6805747624,
5220167.039023334
],
[
629508.4084429968,
5220240.606314287
],
[
629508.2740797463,
5220241.278130539
],
[
629509.4423916993,
5220239.897430671
],
[
629511.0071635522,
5220239.406145042
],
[
629512.147018871,
5220239.720014191
],
[
629513.4645793034,
5220240.863982015
],
[
629513.9122448916,
5220242.045358297
],
[
629513.7926852703,
5220243.121696768
],
[
629514.776714155,
5220244.105388219
],
[
629515.1180661956,
5220245.518113371
],
[
629514.7543351838,
5220246.67901943
],
[
629513.2025773256,
5220248.754727474
],
[
629515.9626290944,
5220251.2803137805
],
[
629520.2065567456,
5220253.111851874
],
[
629522.0895608066,
5220250.618859474
]
]
],
[
[
[
629505.2924615527,
5220240.581988625
],
[
629505.2928709302,
5220240.887116078
],
[
629505.3760840698,
5220240.47105038
],
[
629505.2924615527,
5220240.581988625
]
]
]
]
},
"properties": {
"cad_nr": "DEMO-0008",
"grower_id": "DEMO-G-12",
"rvv_code": "RVV-DEMO-V12",
"vineyard_id": "V12",
"declared_area_ha": 0.712,
"variety": "Merlot",
"planting_year": 2025,
"planting_scheme": "2,6 × 1,2 m",
"authorisation_nr": "DEMO-AUT-2025-008",
"status": "planted",
"pdo_pgi": "IGP Codru",
"scenario": "split",
"demo": true,
"events": [
{
"type": "inspection",
"date": "2023-05-25",
"result": "conform",
"note": "control ONVV (DEMO)"
},
{
"type": "planting",
"date": "2025-04-14",
"result": "înregistrat",
"note": "autorizație DEMO-AUT-2025-008"
}
]
}
},
{
"type": "Feature",
"geometry": {
"type": "MultiPolygon",
"coordinates": [
[
[
[
629759.6211413686,
5220149.194904269
],
[
629758.4493506991,
5220147.738152061
],
[
629758.419810527,
5220146.284316813
],
[
629761.0748510715,
5220142.607911851
],
[
629759.5816985202,
5220140.906757639
],
[
629759.6985835806,
5220139.028487892
],
[
629768.8130311467,
5220126.730340203
],
[
629766.5735315488,
5220125.059266321
],
[
629765.0649682372,
5220127.055798553
],
[
629764.0454799046,
5220127.729669057
],
[
629762.5867868045,
5220127.789285939
],
[
629761.1963335553,
5220126.878913648
],
[
629760.6587094764,
5220125.524280175
],
[
629761.074552671,
5220123.925951736
],
[
629760.0810234083,
5220122.918233914
],
[
629759.7512351848,
5220121.513749956
],
[
629760.1149739381,
5220120.362318115
],
[
629762.0569355842,
5220117.770913179
],
[
629759.1385357103,
5220115.080798537
],
[
629755.9848456365,
5220114.604595802
],
[
629754.6495992611,
5220113.958564424
],
[
629753.1112958952,
5220114.069976014
],
[
629751.6353188677,
5220113.2049943255
],
[
629742.6031556731,
5220110.946953527
],
[
629740.6038669393,
5220113.539661766
],
[
629739.3481480825,
5220114.266953335
],
[
629738.1336280892,
5220114.24888375
],
[
629737.1048907215,
5220113.705319489
],
[
629735.7008917539,
5220113.7660920145
],
[
629734.2838802901,
5220112.9522662265
],
[
629732.6773794701,
5220113.189885035
],
[
629730.8855101628,
5220112.158738275
],
[
629729.5185114628,
5220112.206509551
],
[
629728.1437121901,
5220111.421086797
],
[
629726.8143023372,
5220111.462864737
],
[
629725.5922592654,
5220110.801286586
],
[
629724.0541303803,
5220110.855571731
],
[
629722.8721607631,
5220110.1753297895
],
[
629721.3545161046,
5220110.1259941505
],
[
629720.301501908,
5220109.476794102
],
[
629717.7832100795,
5220109.542234578
],
[
629716.6336443124,
5220108.782075291
],
[
629715.3766252396,
5220108.414305061
],
[
629710.783803239,
5220105.472438161
],
[
629710.0727215195,
5220104.486198263
],
[
629709.9021367792,
5220103.361070176
],
[
629708.7619141861,
5220102.486643155
],
[
629707.3234290907,
5220102.127021882
],
[
629705.9298573849,
5220103.773332573
],
[
629704.5510535514,
5220104.241848637
],
[
629702.7838490949,
5220103.602645971
],
[
629701.4274888947,
5220103.648480932
],
[
629699.8566592026,
5220102.716281059
],
[
629699.4796076368,
5220102.829389477
],
[
629635.2164616656,
5220186.7076121615
],
[
629658.2774778042,
5220193.975326339
],
[
629659.2606965489,
5220193.685331648
],
[
629660.2314635414,
5220193.800791257
],
[
629661.8614911049,
5220195.104833561
],
[
629706.0769132461,
5220209.0393908415
],
[
629713.671116651,
5220199.2225101115
],
[
629715.2425433926,
5220198.604258822
],
[
629717.0040950635,
5220199.242887574
],
[
629733.2348943241,
5220178.277976121
],
[
629734.4240079046,
5220177.435581304
],
[
629735.937409032,
5220177.418112312
],
[
629745.524848064,
5220164.940982567
],
[
629759.6211413686,
5220149.194904269
]
]
],
[
[
[
629664.1880628435,
5220199.236030835
],
[
629664.4395579768,
5220199.062769786
],
[
629663.6215494456,
5220198.804973158
],
[
629664.1880628435,
5220199.236030835
]
]
]
]
},
"properties": {
"cad_nr": "DEMO-0009",
"grower_id": "DEMO-G-14",
"rvv_code": "RVV-DEMO-V14",
"vineyard_id": "V14",
"declared_area_ha": 0.739,
"variety": "Viorica",
"planting_year": 2024,
"planting_scheme": "2,6 × 1,2 m",
"authorisation_nr": "DEMO-AUT-2024-009",
"status": "planted",
"pdo_pgi": "IGP Codru",
"scenario": "split",
"demo": true,
"events": [
{
"type": "planting",
"date": "2024-04-14",
"result": "înregistrat",
"note": "autorizație DEMO-AUT-2024-009"
},
{
"type": "inspection",
"date": "2024-08-17",
"result": "observații",
"note": "control ONVV (DEMO)"
}
]
}
},
{
"type": "Feature",
"geometry": {
"type": "MultiPolygon",
"coordinates": [
[
[
[
629627.8651002622,
5220078.908966106
],
[
629627.5200768622,
5220079.083854606
],
[
629628.3844497856,
5220079.299947836
],
[
629627.8651002622,
5220078.908966106
]
]
],
[
[
[
629699.4796076368,
5220102.829389477
],
[
629698.2492874472,
5220102.793651003
],
[
629696.8897172138,
5220101.971703127
],
[
629695.888642557,
5220101.934695419
],
[
629694.955228901,
5220101.4871464465
],
[
629693.3807069884,
5220100.124504946
],
[
629693.0170800053,
5220098.550434611
],
[
629680.6770041137,
5220095.465415638
],
[
629679.068465579,
5220095.875586075
],
[
629677.4967531007,
5220095.160591566
],
[
629676.3425521029,
5220095.830459698
],
[
629675.0890079282,
5220095.834667446
],
[
629671.7182434127,
5220093.719269991
],
[
629670.8329522522,
5220094.087391876
],
[
629669.6615647083,
5220094.045864049
],
[
629667.6865935128,
5220092.768523789
],
[
629666.3812337848,
5220094.176150987
],
[
629664.5237507367,
5220094.456530803
],
[
629663.4642722573,
5220093.910242142
],
[
629662.6505454638,
5220092.491477016
],
[
629660.2035709536,
5220090.347057347
],
[
629624.6361965624,
5220081.45521375
],
[
629621.7053849711,
5220080.427879082
],
[
629606.391372866,
5220102.078723782
],
[
629605.8999233143,
5220103.379807869
],
[
629601.1922231874,
5220109.429245742
],
[
629562.6973081991,
5220163.8530910695
],
[
629602.7377353441,
5220176.471892351
],
[
629604.1613756024,
5220176.555683127
],
[
629605.3101045298,
5220177.282578398
],
[
629635.2164616656,
5220186.7076121615
],
[
629699.4796076368,
5220102.829389477
]
]
],
[
[
[
629559.8935890192,
5220167.816969911
],
[
629560.947868398,
5220166.447207009
],
[
629560.8780165281,
5220166.425193087
],
[
629559.8935890192,
5220167.816969911
]
]
],
[
[
[
629554.1355000479,
5220170.707457719
],
[
629554.1260517358,
5220170.775951781
],
[
629554.6168186662,
5220170.082108879
],
[
629554.1355000479,
5220170.707457719
]
]
]
]
},
"properties": {
"cad_nr": "DEMO-0010",
"grower_id": "DEMO-G-14",
"rvv_code": "RVV-DEMO-V14",
"vineyard_id": "V14",
"declared_area_ha": 0.735,
"variety": "Viorica",
"planting_year": 2024,
"planting_scheme": "2,7 × 1,2 m",
"authorisation_nr": "DEMO-AUT-2024-010",
"status": "planted",
"pdo_pgi": "IGP Codru",
"scenario": "split",
"demo": true,
"events": [
{
"type": "inspection",
"date": "2023-06-14",
"result": "observații",
"note": "control ONVV (DEMO)"
},
{
"type": "planting",
"date": "2024-04-21",
"result": "înregistrat",
"note": "autorizație DEMO-AUT-2024-010"
}
]
}
},
{
"type": "Feature",
"geometry": {
"type": "MultiPolygon",
"coordinates": [
[
[
[
629727.8674990871,
5220104.170710162
],
[
629733.4009768014,
5220096.915297522
],
[
629733.8636739341,
5220095.690009137
],
[
629734.773764657,
5220094.88636482
],
[
629735.7101238839,
5220094.615219808
],
[
629736.9088155484,
5220094.808216194
],
[
629739.7092431491,
5220096.843692248
],
[
629741.2480068454,
5220096.293591714
],
[
629742.8502352909,
5220096.848143531
],
[
629744.7846698384,
5220094.66140236
],
[
629745.7387355356,
5220094.354739061
],
[
629746.7365823971,
5220094.447396359
],
[
629750.4841786176,
5220097.1251218235
],
[
629752.7093851427,
5220099.165993538
],
[
629753.264475829,
5220100.245245077
],
[
629752.9553900663,
5220102.131577879
],
[
629748.0043571893,
5220108.631624356
],
[
629749.1114513497,
5220109.481698228
],
[
629750.5923642834,
5220109.851926462
],
[
629756.5130747573,
5220102.287190696
],
[
629757.4064402226,
5220101.883278278
],
[
629758.6272670923,
5220101.907029488
],
[
629761.1647203282,
5220103.632814472
],
[
629766.4522314561,
5220096.915012625
],
[
629768.0184803691,
5220096.305372807
],
[
629769.6553157393,
5220096.851301438
],
[
629780.1743042218,
5220083.220851645
],
[
629779.2443167107,
5220081.516940389
],
[
629779.7579490488,
5220079.728302735
],
[
629788.3781002606,
5220068.662720773
],
[
629789.8267511366,
5220067.90558339
],
[
629791.278462435,
5220068.123295736
],
[
629798.8977290529,
5220058.462434822
],
[
629797.5242956695,
5220057.317678652
],
[
629797.0518175677,
5220056.49433323
],
[
629796.9441364488,
5220055.31671033
],
[
629797.3897310959,
5220054.221339922
],
[
629798.75282525,
5220053.26700813
],
[
629800.294456627,
5220053.327618301
],
[
629807.8653986847,
5220043.26382979
],
[
629809.1847252002,
5220042.647373084
],
[
629810.3970216368,
5220042.774767571
],
[
629814.6938672472,
5220045.630055962
],
[
629816.41348193,
5220043.44324994
],
[
629818.0238051411,
5220042.819589868
],
[
629819.4519969476,
5220043.238633519
],
[
629822.3914404132,
5220045.639958722
],
[
629823.669603366,
5220044.130852899
],
[
629825.0368024836,
5220043.653317562
],
[
629826.2241623802,
5220043.897336505
],
[
629828.6643501619,
5220045.590862928
],
[
629863.4810056014,
5219999.160536344
],
[
629861.4896872034,
5219997.649373426
],
[
629860.8293666476,
5219996.670950761
],
[
629860.7316292233,
5219995.263781246
],
[
629861.5081567832,
5219993.928546808
],
[
629859.9094913896,
5219993.574522567
],
[
629857.464387945,
5219991.594788485
],
[
629857.182484162,
5219990.184059617
],
[
629857.5815632328,
5219989.048031595
],
[
629863.5527757847,
5219981.756790097
],
[
629894.349364621,
5219941.121006451
],
[
629889.943098154,
5219937.432338517
],
[
629886.6117583109,
5219941.792402169
],
[
629885.5939675223,
5219942.446507026
],
[
629884.1493293982,
5219942.494967914
],
[
629882.6389754122,
5219941.585753015
],
[
629881.1508306223,
5219942.293272463
],
[
629879.984737729,
5219942.141535468
],
[
629879.0872506846,
5219941.58723144
],
[
629878.2302929274,
5219942.172521617
],
[
629877.0682162388,
5219942.353492767
],
[
629875.3834063396,
5219941.566137558
],
[
629874.3564610061,
5219942.295496547
],
[
629873.1124745713,
5219942.43276883
],
[
629870.7550149829,
5219941.232134801
],
[
629870.066392338,
5219940.514243928
],
[
629869.6838487991,
5219939.336010165
],
[
629870.031059701,
5219937.897640915
],
[
629876.4632248433,
5219930.740297921
],
[
629876.9739244939,
5219929.316596265
],
[
629885.8654958869,
5219917.638363083
],
[
629904.1422912332,
5219894.976215614
],
[
629905.8002486933,
5219894.062349959
],
[
629907.8051641274,
5219894.636224481
],
[
629949.0834194934,
5219841.576667057
],
[
629952.0975459423,
5219839.883110108
],
[
629953.3049406498,
5219840.027849584
],
[
629954.5506638031,
5219840.854094494
],
[
629957.4148154816,
5219837.186100065
],
[
629958.904839424,
5219836.424909299
],
[
629960.1038116255,
5219836.560555095
],
[
629961.0995996122,
5219837.241980372
],
[
629962.1157074084,
5219840.153232985
],
[
629961.6086293142,
5219842.029343322
],
[
629923.0112603257,
5219891.439516236
],
[
629925.2122805803,
5219893.160956389
],
[
629965.8504787413,
5219841.147730091
],
[
629965.5064299091,
5219839.673172859
],
[
629965.8500633906,
5219838.505580686
],
[
629963.6957424737,
5219836.723512005
],
[
629962.3174748428,
5219836.897723029
],
[
629961.0030700385,
5219836.26019324
],
[
629960.2693521588,
5219834.996958387
],
[
629960.4659149986,
5219833.313115148
],
[
629967.4094799769,
5219824.278842232
],
[
629966.132982282,
5219822.766123466
],
[
629966.0272410983,
5219821.573118999
],
[
629966.3542308117,
5219820.668901566
],
[
629985.0361999444,
5219795.408594946
],
[
629984.1065953205,
5219793.719660594
],
[
629984.2687745206,
5219792.528530504
],
[
629985.2262570896,
5219791.144290101
],
[
629984.3355583599,
5219790.299412454
],
[
629983.9461536894,
5219789.4088830035
],
[
629984.2775516775,
5219787.531090865
],
[
630005.5712104148,
5219760.283021017
],
[
630004.250051263,
5219758.674135799
],
[
630004.4176473174,
5219756.676265896
],
[
630002.259474509,
5219754.995000953
],
[
630000.8722446467,
5219756.747651893
],
[
629999.8458544145,
5219757.3973933095
],
[
629998.6343782591,
5219757.486647678
],
[
629996.3936854913,
5219756.64499031
],
[
629884.0405346614,
5219891.203456542
],
[
629874.0686996339,
5219903.718327376
],
[
629875.3931447935,
5219905.036070356
],
[
629875.6907322136,
5219906.445350123
],
[
629875.3028001331,
5219907.586782648
],
[
629873.7318978418,
5219909.594722093
],
[
629872.7785627673,
5219910.332697757
],
[
629871.8340558221,
5219910.54431821
],
[
629870.6569752861,
5219910.283670449
],
[
629869.6413253772,
5219909.564817413
],
[
629861.3282479483,
5219920.354663355
],
[
629862.5599128082,
5219921.920537665
],
[
629862.5167997219,
5219923.6170777
],
[
629856.718064989,
5219931.139063557
],
[
629858.9119766669,
5219932.872481246
],
[
629860.5937601752,
5219933.492963847
],
[
629861.4344187016,
5219935.087784795
],
[
629864.0772160181,
5219937.296410837
],
[
629864.5318050385,
5219938.892581087
],
[
629863.8866718231,
5219940.421702984
],
[
629862.390598004,
5219941.651814714
],
[
629860.4674628405,
5219941.5762852365
],
[
629859.5967009822,
5219942.171141936
],
[
629858.4346563539,
5219942.349076442
],
[
629855.9621798669,
5219941.310621039
],
[
629854.1652243633,
5219939.981320485
],
[
629852.3618121749,
5219939.8021560395
],
[
629849.0972923827,
5219937.131057879
],
[
629848.1514864544,
5219938.174771563
],
[
629847.2597917808,
5219938.574696428
],
[
629846.0429099728,
5219938.54911894
],
[
629844.9916728183,
5219938.052210285
],
[
629810.1321266915,
5219982.917581601
],
[
629811.2245257851,
5219984.375533833
],
[
629811.1899958532,
5219986.056378669
],
[
629805.6003826462,
5219993.6162689915
],
[
629804.6634279246,
5219994.382795627
],
[
629803.4761911327,
5219994.619261342
],
[
629802.532942799,
5219994.384856549
],
[
629801.2919917428,
5219993.530056371
],
[
629781.4131390689,
5220019.500811801
],
[
629781.1805186555,
5220020.925405697
],
[
629779.8862119983,
5220021.495667851
],
[
629718.4132235575,
5220101.80714128
],
[
629727.8674990871,
5220104.170710162
]
],
[
[
629740.2640924078,
5220093.688209523
],
[
629737.0295652158,
5220092.649863999
],
[
629736.3103394749,
5220091.698935985
],
[
629736.1133363364,
5220090.523036533
],
[
629736.4833637628,
5220089.389621578
],
[
629761.1007395842,
5220057.160749596
],
[
629759.143886741,
5220055.421468821
],
[
629758.8914908541,
5220053.52351132
],
[
629763.7238693302,
5220047.239569285
],
[
629764.798149615,
5220046.662935419
],
[
629766.01740543,
5220046.662991737
],
[
629768.4019149116,
5220048.19763244
],
[
629770.5826182805,
5220045.356563883
],
[
629772.1345541116,
5220044.714956288
],
[
629773.3226997952,
5220044.9498261595
],
[
629774.3262503751,
5220045.627194094
],
[
629775.2366863904,
5220045.000537534
],
[
629776.2292789276,
5220044.821333515
],
[
629778.0876397189,
5220045.625299122
],
[
629779.8425039983,
5220044.831400241
],
[
629780.7742571126,
5220044.981585625
],
[
629781.824777402,
5220045.626196141
],
[
629783.4948050437,
5220044.919146698
],
[
629785.3567168163,
5220045.62696047
],
[
629786.2986121805,
5220045.072076744
],
[
629787.4720512392,
5220044.98326262
],
[
629788.8146531845,
5220045.628930071
],
[
629805.7147134554,
5220022.823343977
],
[
629806.7265565476,
5220022.146862786
],
[
629807.9379239236,
5220022.028362469
],
[
629810.3718886164,
5220023.383847297
],
[
629810.9104941414,
5220024.169071082
],
[
629811.1112820797,
5220025.3380922275
],
[
629810.084645222,
5220027.378600232
],
[
629810.9555271048,
5220028.275744582
],
[
629811.2999026328,
5220029.444437548
],
[
629811.0509876556,
5220030.637114825
],
[
629810.0883688908,
5220031.991208477
],
[
629810.8151607821,
5220033.537083805
],
[
629810.3989722396,
5220035.160854474
],
[
629799.3597113324,
5220049.817704777
],
[
629798.2527400319,
5220050.389223667
],
[
629797.0390963301,
5220050.364449823
],
[
629794.6632381028,
5220053.046131005
],
[
629793.806665193,
5220053.568007127
],
[
629792.5630474938,
5220053.68368873
],
[
629791.2860118431,
5220053.083027086
],
[
629765.8727512903,
5220085.62722707
],
[
629765.0230104487,
5220086.147781797
],
[
629763.7880551219,
5220086.269423437
],
[
629761.1846170679,
5220084.66454977
],
[
629755.1328453921,
5220092.527219152
],
[
629753.878695324,
5220093.252227369
],
[
629752.4330059757,
5220093.1599689545
],
[
629750.430895039,
5220091.771443483
],
[
629749.2210938609,
5220091.454677515
],
[
629748.0615818142,
5220090.055072291
],
[
629745.844764709,
5220088.354356469
],
[
629741.7293961798,
5220093.380790473
],
[
629740.2640924078,
5220093.688209523
]
]
],
[
[
[
629864.0300416216,
5219993.415787554
],
[
629865.5837829444,
5219994.437266205
],
[
629866.4798367262,
5219993.795731882
],
[
629867.4074753171,
5219993.598687511
],
[
629868.341761825,
5219993.761317644
],
[
629869.4119747942,
5219994.4425650025
],
[
629908.2634991605,
5219943.272142676
],
[
629906.0380252057,
5219941.582434997
],
[
629905.2773732722,
5219942.266745638
],
[
629904.1151077386,
5219942.60756569
],
[
629902.9290441716,
5219942.362060714
],
[
629901.8114306363,
5219941.585378486
],
[
629862.9006391929,
5219993.291999637
],
[
629864.0300416216,
5219993.415787554
]
]
],
[
[
[
629715.6431840938,
5220105.52280883
],
[
629717.034067988,
5220105.383203258
],
[
629718.5073476306,
5220106.167329663
],
[
629719.5334820179,
5220105.729324599
],
[
629720.7431364766,
5220105.807878454
],
[
629724.4076518859,
5220108.702470786
],
[
629725.8867413043,
5220106.767849935
],
[
629716.4264418525,
5220104.4027750725
],
[
629715.6431840938,
5220105.52280883
]
]
]
]
},
"properties": {
"cad_nr": "DEMO-0011",
"grower_id": "DEMO-G-16",
"rvv_code": "RVV-DEMO-V16",
"vineyard_id": "V16",
"declared_area_ha": 1.161,
"variety": "Feteasca Alba",
"planting_year": 2018,
"planting_scheme": "2,5 × 1,2 m",
"authorisation_nr": "DEMO-AUT-2018-011",
"status": "planted",
"pdo_pgi": "IGP Codru",
"scenario": "split",
"demo": true,
"events": [
{
"type": "planting",
"date": "2018-04-18",
"result": "înregistrat",
"note": "autorizație DEMO-AUT-2018-011"
},
{
"type": "inspection",
"date": "2023-08-19",
"result": "conform",
"note": "control ONVV (DEMO)"
}
]
}
},
{
"type": "Feature",
"geometry": {
"type": "MultiPolygon",
"coordinates": [
[
[
[
629736.4147167283,
5220006.618897726
],
[
629737.7487709299,
5220006.651644379
],
[
629746.929101677,
5219994.463058304
],
[
629744.6974395186,
5219992.7815320995
],
[
629728.1782852105,
5220014.700394446
],
[
629736.4147167283,
5220006.618897726
]
]
],
[
[
[
629800.2908764216,
5219992.796249939
],
[
629798.963887856,
5219994.409339937
],
[
629797.4834205956,
5219994.900593196
],
[
629780.8047763668,
5220014.851881753
],
[
629778.7476657083,
5220015.929503275
],
[
629776.4385462664,
5220015.682643376
],
[
629775.1481182472,
5220014.804776367
],
[
629774.2918633723,
5220013.49990758
],
[
629774.0001386848,
5220011.966691462
],
[
629774.3173566236,
5220010.438546266
],
[
629788.0080058256,
5219993.768093964
],
[
629786.9221300002,
5219993.660751223
],
[
629785.5390222305,
5219992.809158524
],
[
629769.2580974671,
5220015.444944808
],
[
629780.5428715615,
5220018.601682987
],
[
629781.4131390689,
5220019.500811801
],
[
629801.2919917428,
5219993.530056371
],
[
629800.2908764216,
5219992.796249939
]
]
],
[
[
[
629667.0271222946,
5220088.747831952
],
[
629668.6207316448,
5220089.359018302
],
[
629669.5567933898,
5220088.875957185
],
[
629670.8108694616,
5220088.865030413
],
[
629673.2891510801,
5220090.5261231605
],
[
629718.4132235575,
5220101.80714128
],
[
629779.8862119983,
5220021.495667851
],
[
629767.3697943616,
5220018.0326064
],
[
629765.6785296513,
5220018.826914011
],
[
629763.8314303668,
5220018.177721354
],
[
629762.1061424889,
5220018.2657480445
],
[
629758.8625488407,
5220015.96474362
],
[
629757.7064686096,
5220016.48800823
],
[
629756.4556619712,
5220016.381014315
],
[
629754.426078144,
5220015.421139725
],
[
629752.9104556415,
5220014.291175969
],
[
629751.4782813654,
5220014.370142497
],
[
629750.1522519158,
5220013.634611134
],
[
629748.5842687767,
5220013.708666177
],
[
629747.1269097492,
5220012.829217219
],
[
629745.8141655374,
5220012.57369521
],
[
629744.508047857,
5220011.652584119
],
[
629743.3763502149,
5220012.321434591
],
[
629742.1198291432,
5220012.339346595
],
[
629739.6859827606,
5220011.331747617
],
[
629737.440949671,
5220009.680370672
],
[
629715.2103789343,
5220031.910941409
],
[
629708.9318212401,
5220040.225387685
],
[
629707.9717593543,
5220040.878020107
],
[
629707.047147197,
5220041.040403194
],
[
629702.7938628172,
5220046.607120586
],
[
629701.7998229852,
5220047.263159263
],
[
629700.378782656,
5220047.340288074
],
[
629698.8755992204,
5220046.286723903
],
[
629692.5665581636,
5220044.884714779
],
[
629689.3505802223,
5220048.987415107
],
[
629688.5052084686,
5220049.474210181
],
[
629687.294182443,
5220049.572089277
],
[
629685.1269835932,
5220048.237388773
],
[
629684.5948236653,
5220046.888416474
],
[
629684.7971506665,
5220045.680478198
],
[
629682.5793213528,
5220043.97912075
],
[
629680.9416016409,
5220044.607217469
],
[
629679.2483796863,
5220043.979975231
],
[
629678.3421333167,
5220044.571539039
],
[
629677.3457843768,
5220044.730305756
],
[
629675.609595302,
5220043.968762224
],
[
629673.9159271703,
5220044.647019611
],
[
629672.1660233025,
5220043.971958871
],
[
629671.148633059,
5220044.687034841
],
[
629669.6691900528,
5220044.776414311
],
[
629668.2803483538,
5220043.989919845
],
[
629666.7408711056,
5220043.655006564
],
[
629663.1831479435,
5220041.320640358
],
[
629661.5829566229,
5220041.414979031
],
[
629660.2698900546,
5220040.645948191
],
[
629659.3013885668,
5220040.931512667
],
[
629658.101851372,
5220040.7355645
],
[
629655.276099564,
5220038.66588384
],
[
629650.9003286987,
5220044.204504884
],
[
629649.2847137989,
5220044.670474718
],
[
629647.6559583426,
5220044.036427348
],
[
629625.3822172374,
5220075.229598981
],
[
629626.6950675116,
5220076.2242351435
],
[
629628.2513322443,
5220076.310943387
],
[
629631.7870410036,
5220078.365798736
],
[
629633.0019718447,
5220077.769568808
],
[
629634.2165825653,
5220077.845220666
],
[
629637.4479067175,
5220080.156789739
],
[
629638.5746036365,
5220080.052056744
],
[
629640.2720356659,
5220080.929644583
],
[
629641.9482030916,
5220080.926519806
],
[
629645.7032378869,
5220083.106928671
],
[
629647.498732692,
5220082.929051448
],
[
629648.7826718146,
5220083.675784305
],
[
629650.377881726,
5220083.74533997
],
[
629651.6372261171,
5220084.57473247
],
[
629653.4842157181,
5220082.478710137
],
[
629654.4384817152,
5220082.167423201
],
[
629655.4382700253,
5220082.256566261
],
[
629657.1448641295,
5220083.511612946
],
[
629657.6019168556,
5220084.597414432
],
[
629657.4313212611,
5220085.9829002
],
[
629658.5388681042,
5220086.838552416
],
[
629667.0271222946,
5220088.747831952
]
]
],
[
[
[
629699.1509770498,
5220100.083908872
],
[
629698.008886547,
5220099.798386246
],
[
629698.5005211888,
5220100.172706578
],
[
629699.1509770498,
5220100.083908872
]
]
],
[
[
[
629701.4528015284,
5220100.915227042
],
[
629702.7236696163,
5220101.022827116
],
[
629704.0259235689,
5220101.863610028
],
[
629705.5797359142,
5220101.809171828
],
[
629707.0184942959,
5220102.694753989
],
[
629708.941716112,
5220102.607925775
],
[
629709.909011331,
5220103.20245355
],
[
629711.3122197712,
5220103.431769728
],
[
629712.7871963191,
5220104.496561663
],
[
629714.2547669237,
5220104.708019507
],
[
629715.4989026495,
5220105.585172972
],
[
629716.4264418525,
5220104.4027750725
],
[
629700.3466817552,
5220100.382835048
],
[
629701.4528015284,
5220100.915227042
]
]
]
]
},
"properties": {
"cad_nr": "DEMO-0012",
"grower_id": "DEMO-G-16",
"rvv_code": "RVV-DEMO-V16",
"vineyard_id": "V16",
"declared_area_ha": 0.696,
"variety": "Feteasca Alba",
"planting_year": 2018,
"planting_scheme": "2,6 × 1,2 m",
"authorisation_nr": "DEMO-AUT-2018-012",
"status": "planted",
"pdo_pgi": "IGP Codru",
"scenario": "split",
"demo": true,
"events": [
{
"type": "planting",
"date": "2018-04-17",
"result": "înregistrat",
"note": "autorizație DEMO-AUT-2018-012"
},
{
"type": "inspection",
"date": "2022-06-27",
"result": "conform",
"note": "control ONVV (DEMO)"
}
]
}
},
{
"type": "Feature",
"geometry": {
"type": "Polygon",
"coordinates": [
[
[
629833.3864887219,
5219687.001586546
],
[
629832.5788230005,
5219686.09753698
],
[
629831.4976178507,
5219685.866127847
],
[
629830.7278195008,
5219685.307721796
],
[
629820.6956326616,
5219672.398308829
],
[
629818.5297712409,
5219674.069657383
],
[
629819.6915258695,
5219675.660692181
],
[
629819.9520131797,
5219676.8381626895
],
[
629819.6309789654,
5219678.000585793
],
[
629818.1170438874,
5219680.185142225
],
[
629817.0152627113,
5219681.065821245
],
[
629815.3945500397,
5219681.159294105
],
[
629813.1746173026,
5219682.859889671
],
[
629813.2753001711,
5219684.509619055
],
[
629812.3031864193,
5219685.876715075
],
[
629811.1736068052,
5219686.309854427
],
[
629810.0430761789,
5219686.18864987
],
[
629781.6709396022,
5219726.574512752
],
[
629783.9814706154,
5219728.149820102
],
[
629784.744351578,
5219727.411572237
],
[
629785.6790897213,
5219727.0640169205
],
[
629787.5744992389,
5219727.540764989
],
[
629789.7128299302,
5219729.833998851
],
[
629789.976828641,
5219730.771733253
],
[
629789.7754045669,
5219731.968232536
],
[
629796.3288544707,
5219736.295429809
],
[
629801.4717627845,
5219741.315711527
],
[
629805.383536122,
5219743.559106411
],
[
629809.764298014,
5219737.655959564
],
[
629811.6382180942,
5219737.335997638
],
[
629813.4885566673,
5219738.399076946
],
[
629843.0852596706,
5219696.136284912
],
[
629840.7946404772,
5219694.532288125
],
[
629839.7743312635,
5219694.168254213
],
[
629836.1314311422,
5219691.441470727
],
[
629835.2943600642,
5219689.977590899
],
[
629835.5802206716,
5219688.3105197195
],
[
629833.3864887219,
5219687.001586546
]
]
]
},
"properties": {
"cad_nr": "DEMO-0013",
"grower_id": "DEMO-G-21",
"rvv_code": "RVV-DEMO-V21",
"vineyard_id": "V21",
"declared_area_ha": 0.254,
"variety": "Merlot",
"planting_year": 2025,
"planting_scheme": "2,7 × 1,2 m",
"authorisation_nr": "DEMO-AUT-2025-013",
"status": "planted",
"pdo_pgi": "IGP Codru",
"scenario": "whole",
"demo": true,
"events": [
{
"type": "planting",
"date": "2025-04-11",
"result": "înregistrat",
"note": "autorizație DEMO-AUT-2025-013"
}
]
}
},
{
"type": "Feature",
"geometry": {
"type": "Polygon",
"coordinates": [
[
[
630242.4078084042,
5219660.022981621
],
[
630236.7483989075,
5219635.468582245
],
[
630235.6124784276,
5219636.384247914
],
[
630234.1914926275,
5219636.515210772
],
[
630230.6149557534,
5219634.518007629
],
[
630218.5825455709,
5219654.931111784
],
[
630222.2812024168,
5219656.902883224
],
[
630223.1834052702,
5219658.62267147
],
[
630222.9806486617,
5219659.839615937
],
[
630219.58491397,
5219665.882908971
],
[
630220.7124016904,
5219666.861226855
],
[
630221.1021933958,
5219668.257512497
],
[
630220.8914540599,
5219669.208702647
],
[
630219.5826884358,
5219671.567048197
],
[
630219.267581565,
5219672.96742898
],
[
630212.2635818111,
5219685.367690212
],
[
630210.5583372341,
5219686.2358860355
],
[
630208.7737556703,
5219685.789005471
],
[
630178.2768743809,
5219740.198515294
],
[
630179.0519162186,
5219741.936285918
],
[
630180.1641713823,
5219742.555902024
],
[
630181.2499543008,
5219742.389580132
],
[
630182.1887285426,
5219742.642113323
],
[
630184.1224945603,
5219744.252969174
],
[
630184.4657955703,
5219746.136973558
],
[
630183.2554238525,
5219748.540881434
],
[
630184.7501119019,
5219749.48602191
],
[
630186.7209848721,
5219752.002844132
],
[
630186.8361742304,
5219753.449583082
],
[
630186.1042621117,
5219754.985992473
],
[
630188.4910733072,
5219756.322964401
],
[
630190.3761318479,
5219753.099952655
],
[
630191.0799940896,
5219752.422509544
],
[
630192.4790683952,
5219752.028280041
],
[
630193.9455847966,
5219752.442300668
],
[
630226.7706370414,
5219694.016493795
],
[
630225.2876785129,
5219692.46411459
],
[
630225.3248533718,
5219690.553490355
],
[
630242.4078084042,
5219660.022981621
]
]
]
},
"properties": {
"cad_nr": "DEMO-0014",
"grower_id": "DEMO-G-22",
"rvv_code": "RVV-DEMO-V22",
"vineyard_id": "V22",
"declared_area_ha": 0.213,
"variety": "Viorica",
"planting_year": 2012,
"planting_scheme": "2,7 × 1,2 m",
"authorisation_nr": "DEMO-AUT-2012-014",
"status": "planted",
"pdo_pgi": "IGP Codru",
"scenario": "whole",
"demo": true,
"events": [
{
"type": "planting",
"date": "2012-04-17",
"result": "înregistrat",
"note": "autorizație DEMO-AUT-2012-014"
}
]
}
},
{
"type": "Feature",
"geometry": {
"type": "Polygon",
"coordinates": [
[
[
630030.4126354975,
5219551.983729049
],
[
630037.0481293442,
5219546.645232227
],
[
630033.7295303405,
5219541.950215858
],
[
630033.8430160993,
5219540.314464741
],
[
630034.8031112577,
5219539.1558553
],
[
630032.448285737,
5219535.982880925
],
[
630032.4730105511,
5219534.491818864
],
[
630033.1664857884,
5219533.425422748
],
[
630017.5558338166,
5219514.787123994
],
[
630017.0201080019,
5219513.77644993
],
[
629990.0185426199,
5219480.748010635
],
[
629988.5412338271,
5219481.371504181
],
[
629987.541377826,
5219481.24420429
],
[
629986.6815555487,
5219480.7397926785
],
[
629985.4173211934,
5219481.366505186
],
[
629984.2668296797,
5219481.3027419085
],
[
629975.1006388719,
5219488.860650613
],
[
629975.7826096142,
5219490.348991823
],
[
629975.5063085434,
5219491.773151026
],
[
629974.0471071583,
5219493.6618553065
],
[
629971.9974083637,
5219495.353712111
],
[
630019.4487577085,
5219553.429244007
],
[
630021.336431552,
5219551.951787566
],
[
630022.7627150307,
5219551.669900973
],
[
630026.2579738442,
5219549.15640838
],
[
630027.2545015654,
5219549.074684071
],
[
630028.4147997819,
5219549.526284985
],
[
630030.4126354975,
5219551.983729049
]
]
]
},
"properties": {
"cad_nr": "DEMO-0015",
"grower_id": "DEMO-G-32",
"rvv_code": "RVV-DEMO-V32",
"vineyard_id": "V32",
"declared_area_ha": 0.186,
"variety": "Feteasca Neagra",
"planting_year": 2025,
"planting_scheme": "2,6 × 1,2 m",
"authorisation_nr": "DEMO-AUT-2025-015",
"status": "abandoned",
"pdo_pgi": "IGP Codru",
"scenario": "abandoned_declared",
"demo": true,
"events": [
{
"type": "inspection",
"date": "2022-07-20",
"result": "conform",
"note": "control ONVV (DEMO)"
},
{
"type": "inspection",
"date": "2024-07-15",
"result": "abandonată",
"note": "declarație exploatant (DEMO)"
},
{
"type": "planting",
"date": "2025-04-26",
"result": "înregistrat",
"note": "autorizație DEMO-AUT-2025-015"
}
]
}
},
{
"type": "Feature",
"geometry": {
"type": "Polygon",
"coordinates": [
[
[
630144.178094062,
5219552.62010794
],
[
630143.0086176669,
5219550.714546516
],
[
630143.387833285,
5219548.841813483
],
[
630145.2217505326,
5219546.556538589
],
[
630146.6522987076,
5219546.081559379
],
[
630151.4501331067,
5219542.558669548
],
[
630145.659033642,
5219535.127082285
],
[
630145.5971528314,
5219533.447082398
],
[
630146.8198190967,
5219531.922670511
],
[
630145.4905500931,
5219529.964213886
],
[
630145.6856160607,
5219528.074013473
],
[
630146.3002872273,
5219527.325619339
],
[
630147.5254183592,
5219526.668426939
],
[
630149.4418768204,
5219526.860344965
],
[
630155.2069299597,
5219533.6763979895
],
[
630156.3196715974,
5219532.841790847
],
[
630157.4998436206,
5219532.55490144
],
[
630158.6759460669,
5219532.858042614
],
[
630159.5873454758,
5219533.676913613
],
[
630162.3685036866,
5219531.297729263
],
[
630163.7816448802,
5219530.827642658
],
[
630165.4139518501,
5219531.394346204
],
[
630166.9317527494,
5219533.182701607
],
[
630169.0613622797,
5219531.363473924
],
[
630164.9382414977,
5219526.267884526
],
[
630164.577331123,
5219524.37974339
],
[
630164.9618056936,
5219523.478114502
],
[
630165.8765338438,
5219522.669722451
],
[
630167.3110154278,
5219522.4069841225
],
[
630168.5323286108,
5219522.893997541
],
[
630170.5963083919,
5219521.097595599
],
[
630170.3511427928,
5219520.057157568
],
[
630170.5429880366,
5219518.901826528
],
[
630165.9776258979,
5219513.451811149
],
[
630165.5743183678,
5219511.606876754
],
[
630166.5765137934,
5219510.006238066
],
[
630167.4509852204,
5219509.604739056
],
[
630168.4990948286,
5219509.5764298
],
[
630170.6660802827,
5219507.8099941965
],
[
630148.6022119332,
5219480.74444911
],
[
630145.7612080328,
5219483.248260551
],
[
630144.3692070897,
5219483.725785314
],
[
630142.7465570089,
5219483.193771214
],
[
630140.5567954124,
5219480.707434705
],
[
630139.3967634414,
5219480.948959081
],
[
630138.4215682048,
5219480.714692715
],
[
630137.0890355215,
5219481.213441367
],
[
630135.522331991,
5219480.79557844
],
[
630133.8677938195,
5219480.867764513
],
[
630132.6874931038,
5219480.094362761
],
[
630126.9237711715,
5219473.319706757
],
[
630124.7949518259,
5219475.129672104
],
[
630127.6217512215,
5219478.629836744
],
[
630127.8142925634,
5219479.8466184605
],
[
630127.402349771,
5219481.00762365
],
[
630125.4444589195,
5219482.593609232
],
[
630123.7129516276,
5219482.637255297
],
[
630122.6682334134,
5219481.95097338
],
[
630120.4900390548,
5219479.022038377
],
[
630118.2803857841,
5219481.208493607
],
[
630118.1528011432,
5219482.500476883
],
[
630118.816319217,
5219483.627254764
],
[
630118.8676660729,
5219484.841429627
],
[
630118.340429703,
5219485.936362917
],
[
630117.3155445554,
5219486.830866753
],
[
630136.0836513551,
5219510.05771793
],
[
630136.4953850397,
5219511.446638754
],
[
630135.9209351524,
5219513.02673784
],
[
630133.9259804523,
5219514.080820546
],
[
630132.0906996276,
5219513.509063151
],
[
630119.4909191144,
5219497.909651023
],
[
630114.7115372022,
5219501.452201813
],
[
630113.024869687,
5219503.2560283225
],
[
630108.3276474944,
5219506.475208948
],
[
630104.9228126972,
5219507.747157862
],
[
630103.7594419284,
5219507.448072426
],
[
630102.8106320032,
5219506.5919676535
],
[
630101.536976962,
5219507.00541627
],
[
630100.2436410243,
5219506.713450733
],
[
630098.0657095147,
5219508.46548422
],
[
630099.2691980321,
5219510.453107994
],
[
630099.0902856531,
5219511.91802117
],
[
630098.1497410614,
5219513.020612573
],
[
630099.1539515206,
5219514.423222917
],
[
630099.3894566124,
5219515.839884158
],
[
630098.9555253312,
5219516.960783048
],
[
630097.1736691595,
5219518.73998715
],
[
630096.2782432794,
5219519.1383791305
],
[
630095.1085332372,
5219519.121463194
],
[
630093.8317375701,
5219520.053213324
],
[
630092.9240301558,
5219520.314842157
],
[
630091.7599098259,
5219520.142421728
],
[
630090.8867601529,
5219519.551904494
],
[
630087.4354636691,
5219521.913190116
],
[
630085.9516951921,
5219521.760099177
],
[
630084.8353620705,
5219520.835515042
],
[
630082.6281625229,
5219522.549025042
],
[
630085.6496378649,
5219526.63286263
],
[
630085.7271750609,
5219528.128356402
],
[
630084.9387966995,
5219529.39732225
],
[
630095.3570914982,
5219542.870711536
],
[
630095.5784139584,
5219544.497774989
],
[
630094.7078598321,
5219546.016897008
],
[
630104.9186062088,
5219559.359124882
],
[
630106.6288738828,
5219558.761826649
],
[
630108.190081897,
5219559.371874232
],
[
630117.2779506962,
5219570.97303532
],
[
630119.4835203964,
5219569.257427947
],
[
630118.8129348672,
5219567.703902925
],
[
630119.2655419789,
5219566.08074283
],
[
630121.8690487774,
5219563.918104783
],
[
630118.4604480189,
5219559.213913641
],
[
630118.5010984048,
5219557.7623939505
],
[
630119.4704797673,
5219556.47494214
],
[
630114.7057738464,
5219550.295586497
],
[
630114.3269838669,
5219548.871968843
],
[
630115.1499795389,
5219547.113677186
],
[
630116.6579858754,
5219546.474007445
],
[
630118.8418232492,
5219544.727660182
],
[
630118.2739033698,
5219543.705201888
],
[
630118.2333269953,
5219542.485014769
],
[
630118.7754248647,
5219541.391107575
],
[
630119.8970472208,
5219540.399159884
],
[
630121.0367927492,
5219539.957794793
],
[
630122.4748797597,
5219540.210305612
],
[
630124.8890196112,
5219542.747462869
],
[
630125.4737862505,
5219544.613861839
],
[
630125.1795845649,
5219545.567527338
],
[
630124.3305620232,
5219546.495932707
],
[
630134.474498665,
5219559.333922981
],
[
630137.6710654671,
5219556.4775600955
],
[
630138.8014715915,
5219556.129685862
],
[
630139.8675344203,
5219556.3024212085
],
[
630144.178094062,
5219552.62010794
]
],
[
[
630143.8796080212,
5219525.38042247
],
[
630142.9140316002,
5219525.5722052315
],
[
630141.7260876747,
5219525.269073112
],
[
630140.1947017547,
5219523.3746694885
],
[
630140.1043848867,
5219522.412976484
],
[
630140.5098909335,
5219521.280251298
],
[
630142.1934673609,
5219520.09118058
],
[
630144.116530077,
5219520.278599105
],
[
630145.6575648529,
5219522.174356798
],
[
630145.465582334,
5219524.068237414
],
[
630143.8796080212,
5219525.38042247
]
]
]
},
"properties": {
"cad_nr": "DEMO-0016",
"grower_id": "DEMO-G-33",
"rvv_code": "RVV-DEMO-V33",
"vineyard_id": "V33",
"declared_area_ha": 0.351,
"variety": "Aligote",
"planting_year": 1985,
"planting_scheme": "2,7 × 1,2 m",
"authorisation_nr": "DEMO-AUT-1985-016",
"status": "planted",
"pdo_pgi": "IGP Codru",
"scenario": "whole",
"demo": true,
"events": [
{
"type": "planting",
"date": "1985-04-10",
"result": "înregistrat",
"note": "autorizație DEMO-AUT-1985-016"
},
{
"type": "replanting",
"date": "2015-04-28",
"result": "parțial",
"note": "înlocuire butuci lipsă"
},
{
"type": "inspection",
"date": "2024-07-10",
"result": "conform",
"note": "control ONVV (DEMO)"
}
]
}
},
{
"type": "Feature",
"geometry": {
"type": "MultiPolygon",
"coordinates": [
[
[
[
630348.2437006644,
5219467.601257316
],
[
630347.5174879057,
5219465.890493606
],
[
630348.0281275718,
5219464.324165625
],
[
630347.9198361809,
5219462.622248783
],
[
630350.1255413876,
5219459.646123851
],
[
630350.2097640375,
5219458.36998702
],
[
630350.9673397937,
5219457.1905893665
],
[
630350.9648911745,
5219455.462426912
],
[
630352.4032194973,
5219453.51913492
],
[
630352.5621073965,
5219451.831807662
],
[
630338.3664766084,
5219440.009796912
],
[
630337.751406258,
5219438.976845044
],
[
630337.6896093459,
5219437.776227604
],
[
630338.3564448943,
5219436.504002224
],
[
630339.903180741,
5219435.762903558
],
[
630346.5829285864,
5219428.116386722
],
[
630347.5814899617,
5219427.4225168275
],
[
630348.7892925513,
5219427.281828678
],
[
630349.9206030663,
5219427.72760527
],
[
630352.2698414351,
5219431.135824016
],
[
630355.0152786603,
5219429.55687925
],
[
630356.2283697953,
5219429.535637063
],
[
630357.2077277598,
5219430.008307959
],
[
630358.173894409,
5219425.988476661
],
[
630354.9763221474,
5219420.852792878
],
[
630354.7797389888,
5219419.179266969
],
[
630355.3326688022,
5219418.097002882
],
[
630361.8698021056,
5219410.611289459
],
[
630362.6690779466,
5219407.28582377
],
[
630362.6047686875,
5219405.9421632225
],
[
630363.4420448572,
5219404.069818973
],
[
630362.577135324,
5219402.758594679
],
[
630362.617548474,
5219401.311789313
],
[
630364.7734545572,
5219398.530358066
],
[
630372.9732642196,
5219379.390625134
],
[
630372.6035040758,
5219378.258271127
],
[
630372.8076642278,
5219377.067099972
],
[
630375.4197763689,
5219373.81199447
],
[
630374.7374912156,
5219372.973877504
],
[
630374.4680119831,
5219371.782891136
],
[
630374.6834756572,
5219370.8263986595
],
[
630375.4305823076,
5219369.79564351
],
[
630374.8040390599,
5219368.996651485
],
[
630374.5408450419,
5219367.812641443
],
[
630374.7555644559,
5219366.862766445
],
[
630375.44549048,
5219365.895374075
],
[
630373.330752721,
5219364.068975823
],
[
630353.3260692277,
5219387.71441638
],
[
630320.2340656904,
5219421.774620915
],
[
630324.3595714755,
5219424.913660447
],
[
630324.8725350363,
5219426.295556121
],
[
630324.5177630972,
5219427.726256697
],
[
630323.7252349238,
5219428.597363539
],
[
630322.637765292,
5219429.057008505
],
[
630321.4606299935,
5219428.966365338
],
[
630320.5711480464,
5219428.460232952
],
[
630316.8449304239,
5219432.620468571
],
[
630315.0240803153,
5219433.326569856
],
[
630311.6301406197,
5219437.620018412
],
[
630322.1380805688,
5219446.399538145
],
[
630322.8459801977,
5219447.985229916
],
[
630322.352495767,
5219449.743521076
],
[
630349.8174184889,
5219472.560252971
],
[
630350.7110571282,
5219471.489236527
],
[
630350.8702766391,
5219469.798387681
],
[
630348.2437006644,
5219467.601257316
]
]
],
[
[
[
630375.4011549384,
5219386.244845358
],
[
630374.4403225653,
5219384.363452553
],
[
630374.650393504,
5219383.166274127
],
[
630375.4390651662,
5219382.087014982
],
[
630375.1703408472,
5219381.850397387
],
[
630371.0242231917,
5219391.304533594
],
[
630375.4011549384,
5219386.244845358
]
]
],
[
[
[
630360.4149580951,
5219429.687713934
],
[
630360.4027349963,
5219429.552424715
],
[
630360.362303666,
5219429.720643238
],
[
630360.4149580951,
5219429.687713934
]
]
]
]
},
"properties": {
"cad_nr": "DEMO-0017",
"grower_id": "DEMO-G-37",
"rvv_code": "RVV-DEMO-V37",
"vineyard_id": "V37",
"declared_area_ha": 0.209,
"variety": "Rara Neagra",
"planting_year": 2024,
"planting_scheme": "2,7 × 1,2 m",
"authorisation_nr": "DEMO-AUT-2024-017",
"status": "planted",
"pdo_pgi": "IGP Codru",
"scenario": "whole",
"demo": true,
"events": [
{
"type": "planting",
"date": "2024-04-25",
"result": "înregistrat",
"note": "autorizație DEMO-AUT-2024-017"
}
]
}
},
{
"type": "Feature",
"geometry": {
"type": "MultiPolygon",
"coordinates": [
[
[
[
630305.5878368913,
5219432.344987713
],
[
630313.6233607976,
5219424.273587471
],
[
630313.472058607,
5219422.7232081825
],
[
630314.1892425114,
5219421.4599282425
],
[
630319.0680031657,
5219418.669646554
],
[
630320.1611393834,
5219417.544527516
],
[
630320.2749309298,
5219416.504357924
],
[
630320.9310049824,
5219415.477257206
],
[
630323.6781839494,
5219413.9245817745
],
[
630326.4774041636,
5219411.043462385
],
[
630325.055640888,
5219408.526899529
],
[
630325.4744083727,
5219406.626767612
],
[
630339.920835814,
5219390.0214712955
],
[
630341.0534221759,
5219389.247456518
],
[
630342.4994069044,
5219389.158365358
],
[
630343.7520168362,
5219389.886223469
],
[
630344.9631826103,
5219391.745639821
],
[
630345.6164116649,
5219391.344488603
],
[
630347.0750659931,
5219389.84315718
],
[
630346.3293869613,
5219388.0821192665
],
[
630346.788777866,
5219386.46727315
],
[
630348.9593604747,
5219384.726611359
],
[
630349.9165330131,
5219384.51917268
],
[
630351.0718523382,
5219384.780965997
],
[
630352.7222796646,
5219383.762931097
],
[
630353.3025716145,
5219383.06776359
],
[
630352.6302873943,
5219381.782042025
],
[
630352.6696780251,
5219380.348763339
],
[
630353.3078264714,
5219379.332472913
],
[
630354.7142859643,
5219378.364153429
],
[
630342.4474060723,
5219359.386480443
],
[
630340.461772533,
5219360.152510517
],
[
630339.2768144006,
5219359.823061869
],
[
630338.5333854764,
5219359.172950998
],
[
630324.3199123583,
5219335.898928321
],
[
630315.8025246905,
5219322.89914917
],
[
630306.2570325135,
5219329.708782522
],
[
630303.045237171,
5219333.26076925
],
[
630301.8915325967,
5219334.03310039
],
[
630297.4166162581,
5219338.465802497
],
[
630307.9291374331,
5219355.454920372
],
[
630308.2788002607,
5219357.118964831
],
[
630307.8150146246,
5219358.254538341
],
[
630306.8669096974,
5219359.032819372
],
[
630304.6441316992,
5219359.728790831
],
[
630302.9837283643,
5219359.251486214
],
[
630300.3998974436,
5219360.970791412
],
[
630298.723860115,
5219361.289318977
],
[
630296.4281588999,
5219362.78034145
],
[
630296.3283715696,
5219364.400444656
],
[
630295.2489009692,
5219365.689429793
],
[
630293.8406351382,
5219366.029191913
],
[
630292.6595753472,
5219365.654072874
],
[
630290.3243798029,
5219367.190259311
],
[
630293.8465508218,
5219372.638148538
],
[
630293.97408205,
5219374.094515176
],
[
630293.2653768669,
5219375.373188302
],
[
630292.2037804952,
5219375.982009985
],
[
630290.7734330618,
5219375.958160894
],
[
630289.3920819836,
5219376.692705591
],
[
630287.9442386029,
5219376.584191225
],
[
630286.951576211,
5219375.883054548
],
[
630284.2876094136,
5219372.114566191
],
[
630282.0006931571,
5219373.720137866
],
[
630282.4098463133,
5219375.431836799
],
[
630281.6499757315,
5219376.935392013
],
[
630279.9348538581,
5219377.7487159
],
[
630278.4732977487,
5219377.5513445735
],
[
630277.3773189657,
5219376.564464536
],
[
630271.0486196969,
5219365.971360507
],
[
630268.6493262879,
5219367.403574704
],
[
630271.2668731108,
5219372.147131179
],
[
630271.0809867842,
5219373.548761439
],
[
630270.0908476871,
5219374.673510449
],
[
630271.519307001,
5219377.501866502
],
[
630271.3775105748,
5219378.722107909
],
[
630270.671608341,
5219379.727492092
],
[
630268.6462260998,
5219380.930414182
],
[
630267.4350316979,
5219380.899845613
],
[
630266.5658964667,
5219380.462951058
],
[
630262.3467482219,
5219373.35077141
],
[
630257.0179330176,
5219375.970150761
],
[
630257.4154723969,
5219376.9673966905
],
[
630257.3129298476,
5219378.199895066
],
[
630256.8083761948,
5219379.05531328
],
[
630255.5593937802,
5219380.046892923
],
[
630264.0134706782,
5219391.449775835
],
[
630265.8463394544,
5219390.816732447
],
[
630267.4118906048,
5219391.487584318
],
[
630272.9550455163,
5219399.300575814
],
[
630273.0718037168,
5219400.267596469
],
[
630272.6890532278,
5219401.418796009
],
[
630270.8585945412,
5219402.940706789
],
[
630273.3252615223,
5219406.47750322
],
[
630273.5985689812,
5219408.184197862
],
[
630272.8886187511,
5219409.493917899
],
[
630270.0540218898,
5219411.517337913
],
[
630272.2842653327,
5219414.854008307
],
[
630272.1458574279,
5219416.767270723
],
[
630270.8586237938,
5219418.038248228
],
[
630273.120602892,
5219421.281674744
],
[
630273.4147836248,
5219422.911516407
],
[
630272.6256402648,
5219424.367599821
],
[
630269.8402772575,
5219426.265318864
],
[
630276.1673236745,
5219435.653434803
],
[
630278.4852044145,
5219434.091245356
],
[
630278.4993468864,
5219432.982662197
],
[
630278.8994546721,
5219432.1071334705
],
[
630280.9049824445,
5219430.661779038
],
[
630282.6250517314,
5219430.3923579445
],
[
630284.0215099467,
5219431.205945684
],
[
630286.5365080495,
5219429.418140006
],
[
630287.6550357137,
5219429.0328884795
],
[
630289.2484638044,
5219429.425498624
],
[
630290.7202896262,
5219431.201004377
],
[
630292.2345224461,
5219430.199180165
],
[
630293.1879778579,
5219429.9866317045
],
[
630294.3744676139,
5219430.25581159
],
[
630295.3984531582,
5219431.198373465
],
[
630296.9296253046,
5219430.68543694
],
[
630298.4347296302,
5219431.191453679
],
[
630301.0647489398,
5219429.40518745
],
[
630302.506684294,
5219429.229304543
],
[
630303.8029966025,
5219429.88480951
],
[
630305.5878368913,
5219432.344987713
]
],
[
[
630309.1630182038,
5219377.322146055
],
[
630308.7772428099,
5219375.649789032
],
[
630309.5607092285,
5219374.122771992
],
[
630310.6497608568,
5219373.5333297625
],
[
630312.0061905914,
5219373.56958941
],
[
630313.414431578,
5219372.699688718
],
[
630314.3499163771,
5219372.511215171
],
[
630315.5064439394,
5219372.78599768
],
[
630316.3808725675,
5219373.5298330365
],
[
630317.6856943351,
5219373.248375349
],
[
630319.0222413131,
5219373.728275893
],
[
630321.9929176893,
5219378.177709885
],
[
630324.053747354,
5219376.920117271
],
[
630324.999034063,
5219376.669812938
],
[
630326.1963504036,
5219376.8926919205
],
[
630327.1462878489,
5219377.654833843
],
[
630334.3900479707,
5219389.441601367
],
[
630334.7574779496,
5219390.834843933
],
[
630334.1441507211,
5219392.390658915
],
[
630325.8659074774,
5219401.739550306
],
[
630324.0314273391,
5219402.082559048
],
[
630322.6162990916,
5219401.248898974
],
[
630312.8938665821,
5219387.301687158
],
[
630312.4810356594,
5219385.4546262035
],
[
630313.4320059733,
5219383.883177527
],
[
630309.1630182038,
5219377.322146055
]
]
],
[
[
[
630302.6729600548,
5219328.717406437
],
[
630302.7502691312,
5219328.959788187
],
[
630303.5254069547,
5219328.191962645
],
[
630302.6729600548,
5219328.717406437
]
]
]
]
},
"properties": {
"cad_nr": "DEMO-0018",
"grower_id": "DEMO-G-41",
"rvv_code": "RVV-DEMO-V41",
"vineyard_id": "V41",
"declared_area_ha": 0.435,
"variety": "Viorica",
"planting_year": 2025,
"planting_scheme": "2,6 × 1,2 m",
"authorisation_nr": "DEMO-AUT-2025-018",
"status": "planted",
"pdo_pgi": "IGP Codru",
"scenario": "whole",
"demo": true,
"events": [
{
"type": "planting",
"date": "2025-04-10",
"result": "înregistrat",
"note": "autorizație DEMO-AUT-2025-018"
}
]
}
},
{
"type": "Feature",
"geometry": {
"type": "Polygon",
"coordinates": [
[
[
630249.6630792576,
5219375.220325559
],
[
630260.2778699225,
5219371.031522994
],
[
630271.8878006657,
5219359.531114813
],
[
630272.0132448851,
5219357.880029064
],
[
630273.1513921305,
5219356.651294882
],
[
630271.8179621337,
5219354.357058249
],
[
630271.9305132929,
5219352.684499416
],
[
630273.1516257215,
5219351.391192626
],
[
630273.9831108819,
5219349.859122293
],
[
630277.018485125,
5219347.930660001
],
[
630231.619333704,
5219276.334348335
],
[
630220.783951798,
5219285.327210889
],
[
630220.7205346182,
5219287.148754562
],
[
630219.6275757201,
5219288.357362592
],
[
630220.4696655212,
5219290.420066859
],
[
630219.7494568229,
5219292.160119122
],
[
630218.4980563311,
5219292.847942459
],
[
630216.9601902405,
5219292.694778775
],
[
630215.7384405916,
5219293.1244490035
],
[
630214.3194366284,
5219292.814246591
],
[
630213.295615655,
5219291.768991776
],
[
630212.1173018159,
5219292.520126909
],
[
630211.031962155,
5219293.420908301
],
[
630212.0125689352,
5219295.470557758
],
[
630211.4801589533,
5219297.256380187
],
[
630208.3486022735,
5219299.403018991
],
[
630207.4954338584,
5219300.695395828
],
[
630203.8057488324,
5219302.970644435
],
[
630249.6630792576,
5219375.220325559
]
]
]
},
"properties": {
"cad_nr": "DEMO-0019",
"grower_id": "DEMO-G-42",
"rvv_code": "RVV-DEMO-V42",
"vineyard_id": "V42",
"declared_area_ha": 0.315,
"variety": "Muscat Ottonel",
"planting_year": 2024,
"planting_scheme": "2,5 × 1,2 m",
"authorisation_nr": "DEMO-AUT-2024-019",
"status": "planted",
"pdo_pgi": "IGP Codru",
"scenario": "whole",
"demo": true,
"events": [
{
"type": "inspection",
"date": "2023-06-18",
"result": "conform",
"note": "control ONVV (DEMO)"
},
{
"type": "planting",
"date": "2024-04-20",
"result": "înregistrat",
"note": "autorizație DEMO-AUT-2024-019"
}
]
}
},
{
"type": "Feature",
"geometry": {
"type": "MultiPolygon",
"coordinates": [
[
[
[
630300.8380477328,
5219268.010554107
],
[
630302.7231399436,
5219268.142052379
],
[
630303.646182091,
5219268.92227592
],
[
630319.337625479,
5219290.672380158
],
[
630321.6055559178,
5219289.03672556
],
[
630322.3900796822,
5219287.938066428
],
[
630324.3461421496,
5219286.635531133
],
[
630322.0065306672,
5219282.734635979
],
[
630322.1392675204,
5219281.315574991
],
[
630323.2357243821,
5219280.049376186
],
[
630320.4279061334,
5219276.035150924
],
[
630319.029111076,
5219275.04666969
],
[
630315.0490462931,
5219269.3227280425
],
[
630313.6409122195,
5219269.949770691
],
[
630312.2325374923,
5219269.715179853
],
[
630311.3155014772,
5219268.949080785
],
[
630308.3527189997,
5219264.920245669
],
[
630307.0241273508,
5219265.7575190365
],
[
630305.566228979,
5219265.817674843
],
[
630304.4953180919,
5219265.230295783
],
[
630303.4722719969,
5219263.899977077
],
[
630301.2055301239,
5219265.535131953
],
[
630301.3677837652,
5219266.721061065
],
[
630300.8380477328,
5219268.010554107
]
]
],
[
[
[
630303.3169990233,
5219328.398404556
],
[
630311.4323864393,
5219322.33160552
],
[
630289.6877209457,
5219289.409070149
],
[
630289.5002992572,
5219287.527707731
],
[
630290.5435465352,
5219286.132005999
],
[
630286.9267175654,
5219280.792825392
],
[
630286.7781060997,
5219279.312187052
],
[
630287.3244880585,
5219278.192512019
],
[
630288.2844118908,
5219277.476838373
],
[
630289.4331902923,
5219277.2115325015
],
[
630290.5758089535,
5219277.502224118
],
[
630291.3131547503,
5219278.095571242
],
[
630296.034115893,
5219284.955408602
],
[
630314.7974353525,
5219309.5475856485
],
[
630317.0199345377,
5219307.852122562
],
[
630317.2463508077,
5219306.305269782
],
[
630319.0253825797,
5219303.398179684
],
[
630320.6612939036,
5219302.876121998
],
[
630322.1012999538,
5219303.407002055
],
[
630324.2696742184,
5219301.643832183
],
[
630321.1183003557,
5219297.768291584
],
[
630318.3817548782,
5219299.619448563
],
[
630316.9556555435,
5219299.487935336
],
[
630315.8357389547,
5219298.595275337
],
[
630302.8362599789,
5219279.867443451
],
[
630302.5375703488,
5219278.393118442
],
[
630303.164987768,
5219276.984436287
],
[
630299.32885867,
5219271.388274357
],
[
630299.1559285978,
5219269.954682535
],
[
630299.6626491643,
5219268.829730279
],
[
630298.184478875,
5219268.857460614
],
[
630296.9787600623,
5219268.077924927
],
[
630282.0653169621,
5219246.698476751
],
[
630280.2361321106,
5219246.980608915
],
[
630278.8279109073,
5219246.085637072
],
[
630276.4086470968,
5219247.755150847
],
[
630275.2743315614,
5219248.076017825
],
[
630274.1190848304,
5219247.8414280955
],
[
630273.1489074552,
5219247.0375273535
],
[
630270.8539797948,
5219248.632495059
],
[
630271.0511328656,
5219249.709108712
],
[
630270.7012128885,
5219250.893861512
],
[
630270.0348429618,
5219251.628709749
],
[
630268.8898559206,
5219252.092485407
],
[
630267.0128065856,
5219251.584595577
],
[
630264.8876475444,
5219248.722859682
],
[
630260.4217453104,
5219252.4296875615
],
[
630261.0568096985,
5219254.075941308
],
[
630260.5153473249,
5219255.679503641
],
[
630259.4076272928,
5219256.579264866
],
[
630258.5957179496,
5219257.822988825
],
[
630255.1459936593,
5219260.132329715
],
[
630269.6625452334,
5219281.212321411
],
[
630271.2986002676,
5219280.8484521825
],
[
630272.9446462382,
5219281.7684129905
],
[
630284.7920539314,
5219299.918126011
],
[
630285.1885162297,
5219301.067661586
],
[
630285.0812653289,
5219302.038079683
],
[
630284.6105101508,
5219302.893417978
],
[
630283.5476328654,
5219303.716293649
],
[
630289.639703119,
5219313.09456804
],
[
630290.034268612,
5219314.241696201
],
[
630289.7351917258,
5219315.659779748
],
[
630288.4770907535,
5219316.776140898
],
[
630286.7964222613,
5219316.84272687
],
[
630285.5982935071,
5219316.027315675
],
[
630273.2038723456,
5219297.177742832
],
[
630272.2100631569,
5219296.2560183145
],
[
630252.8274241403,
5219266.050408089
],
[
630250.4739454709,
5219267.560666388
],
[
630249.7155438493,
5219268.420148931
],
[
630246.4003075869,
5219270.334954564
],
[
630262.5311643005,
5219295.691257404
],
[
630262.897778393,
5219297.379310965
],
[
630261.890142139,
5219299.056283772
],
[
630272.2188267983,
5219314.969582136
],
[
630272.499190858,
5219316.148086255
],
[
630272.1926010661,
5219317.3200413175
],
[
630269.2436133971,
5219320.122876333
],
[
630277.113451089,
5219332.021352058
],
[
630280.0195504103,
5219330.231317289
],
[
630281.2396822999,
5219330.180080204
],
[
630282.142004877,
5219330.563874359
],
[
630288.6145925415,
5219340.1616165545
],
[
630290.9572746266,
5219338.63856468
],
[
630289.5816171734,
5219336.42876842
],
[
630289.4193915584,
5219335.2218369655
],
[
630290.1641931413,
5219333.706627974
],
[
630292.5376738296,
5219332.115522589
],
[
630291.3968167771,
5219329.801674638
],
[
630291.5889689643,
5219328.608565258
],
[
630292.3183130317,
5219327.644983561
],
[
630293.5199735695,
5219326.925041474
],
[
630294.9499432766,
5219326.854344295
],
[
630296.0111176743,
5219327.410876774
],
[
630296.9588361897,
5219328.734199017
],
[
630298.2243910893,
5219328.190525574
],
[
630299.5583727896,
5219328.352131172
],
[
630301.2643082477,
5219327.598289979
],
[
630302.4627594013,
5219327.790828341
],
[
630303.3169990233,
5219328.398404556
]
]
],
[
[
[
630263.1689162479,
5219246.250652389
],
[
630262.266280236,
5219244.957343525
],
[
630261.1266201575,
5219245.746159472
],
[
630262.1536643682,
5219247.0934334425
],
[
630263.1689162479,
5219246.250652389
]
]
]
]
},
"properties": {
"cad_nr": "DEMO-0020",
"grower_id": "DEMO-G-44",
"rvv_code": "RVV-DEMO-V44",
"vineyard_id": "V44",
"declared_area_ha": 0.242,
"variety": "Feteasca Neagra",
"planting_year": 1978,
"planting_scheme": "2,7 × 1,2 m",
"authorisation_nr": "DEMO-AUT-1978-020",
"status": "planted",
"pdo_pgi": "IGP Codru",
"scenario": "whole",
"demo": true,
"events": [
{
"type": "planting",
"date": "1978-04-13",
"result": "înregistrat",
"note": "autorizație DEMO-AUT-1978-020"
},
{
"type": "replanting",
"date": "2015-04-28",
"result": "parțial",
"note": "înlocuire butuci lipsă"
}
]
}
},
{
"type": "Feature",
"geometry": {
"type": "Polygon",
"coordinates": [
[
[
630169.1975289297,
5219289.437972672
],
[
630180.1336195333,
5219303.817153504
],
[
630214.7919032682,
5219276.82333651
],
[
630216.1846064057,
5219276.444513838
],
[
630217.3484728737,
5219276.768216867
],
[
630218.4780235923,
5219277.898841252
],
[
630220.0111595655,
5219278.636652794
],
[
630221.3938264862,
5219280.695132387
],
[
630223.7503715848,
5219278.966579197
],
[
630224.2820900228,
5219277.504685813
],
[
630226.2572281464,
5219276.0001058495
],
[
630225.3705669731,
5219274.624452466
],
[
630225.1699500306,
5219273.641565683
],
[
630225.371858435,
5219272.658943385
],
[
630226.1349201114,
5219271.669966132
],
[
630255.1687178883,
5219249.09830522
],
[
630256.9978971689,
5219248.756982333
],
[
630258.6267398485,
5219249.869502046
],
[
630259.8432812303,
5219249.011144451
],
[
630246.4027745187,
5219231.401761892
],
[
630243.4052349743,
5219233.656563244
],
[
630241.7316149018,
5219233.855367152
],
[
630239.6646301437,
5219232.423066828
],
[
630236.4295385445,
5219228.984897239
],
[
630235.0612984153,
5219229.389154164
],
[
630233.8864215425,
5219229.092091647
],
[
630166.6651370592,
5219281.8867004225
],
[
630165.8999126328,
5219283.637848358
],
[
630168.4887551656,
5219286.757409166
],
[
630168.7376557342,
5219288.593877437
],
[
630169.1975289297,
5219289.437972672
]
]
]
},
"properties": {
"cad_nr": "DEMO-0021",
"grower_id": "DEMO-G-45",
"rvv_code": "RVV-DEMO-V45",
"vineyard_id": "V45",
"declared_area_ha": 0.259,
"variety": "Pinot Noir",
"planting_year": 2018,
"planting_scheme": "2,5 × 1,2 m",
"authorisation_nr": "DEMO-AUT-2018-021",
"status": "planted",
"pdo_pgi": "IGP Codru",
"scenario": "split_unauthorised",
"demo": true,
"events": [
{
"type": "planting",
"date": "2018-04-13",
"result": "înregistrat",
"note": "autorizație DEMO-AUT-2018-021"
}
]
}
},
{
"type": "Feature",
"geometry": {
"type": "MultiPolygon",
"coordinates": [
[
[
[
630233.8624142284,
5219229.080429721
],
[
630230.8156833305,
5219225.883094634
],
[
630229.3598916968,
5219225.733399866
],
[
630228.0176914218,
5219224.531273838
],
[
630226.8373776937,
5219225.315443411
],
[
630225.6620972638,
5219225.473912405
],
[
630222.3961704136,
5219223.830384212
],
[
630221.0254844844,
5219221.094266531
],
[
630221.1244096447,
5219219.856984687
],
[
630221.6738685317,
5219218.948240561
],
[
630220.8815391051,
5219217.5423891945
],
[
630220.9879594869,
5219216.13487185
],
[
630215.3241542187,
5219209.797481133
],
[
630214.2583016048,
5219210.397296429
],
[
630213.2870318949,
5219210.477510138
],
[
630212.150589477,
5219210.0510658
],
[
630211.4225952022,
5219209.313725644
],
[
630210.2989966422,
5219210.144505589
],
[
630209.1308671634,
5219210.424917597
],
[
630207.9668029941,
5219210.12808097
],
[
630206.9756794565,
5219209.224534534
],
[
630205.9993370912,
5219209.8878496885
],
[
630205.0447502888,
5219210.081468435
],
[
630203.8666782005,
5219209.791904751
],
[
630203.0581785524,
5219209.119113305
],
[
630201.3440004693,
5219209.753207937
],
[
630199.659060768,
5219209.062574763
],
[
630189.7680739968,
5219217.336717562
],
[
630190.1437301158,
5219218.709935497
],
[
630189.5758257168,
5219220.242997355
],
[
630182.3298111357,
5219226.333775702
],
[
630184.2560931846,
5219229.1049460955
],
[
630184.4088477878,
5219230.039399142
],
[
630184.0980524459,
5219231.17725383
],
[
630172.5956499374,
5219240.808860976
],
[
630172.9905430467,
5219242.251715421
],
[
630172.5426260573,
5219243.592762052
],
[
630168.7291067112,
5219246.780019003
],
[
630169.2762444924,
5219248.390838476
],
[
630168.6710084432,
5219249.97737337
],
[
630165.6212679591,
5219252.965445769
],
[
630163.9534471618,
5219253.101213383
],
[
630162.6778704887,
5219252.290019576
],
[
630160.1673516646,
5219254.306420381
],
[
630162.1401227048,
5219257.0698761
],
[
630162.1884234668,
5219258.281378352
],
[
630161.6610191432,
5219259.373127111
],
[
630151.563848947,
5219267.601731108
],
[
630160.2917133715,
5219277.895708286
],
[
630161.6925492167,
5219278.312378046
],
[
630162.7158843636,
5219279.392104096
],
[
630164.081395051,
5219279.081465755
],
[
630165.2420852066,
5219279.447901708
],
[
630166.330781643,
5219280.575772527
],
[
630166.6651370592,
5219281.8867004225
],
[
630233.8624142284,
5219229.080429721
]
]
],
[
[
[
630154.3349469022,
5219275.644812488
],
[
630154.3857735146,
5219275.679908029
],
[
630153.8072862687,
5219274.990024351
],
[
630154.3349469022,
5219275.644812488
]
]
]
]
},
"properties": {
"cad_nr": "DEMO-0022",
"grower_id": "DEMO-G-45",
"rvv_code": null,
"vineyard_id": "V45",
"declared_area_ha": 0.244,
"variety": "Pinot Noir",
"planting_year": 2018,
"planting_scheme": "2,7 × 1,2 m",
"authorisation_nr": null,
"status": "planted",
"pdo_pgi": "IGP Codru",
"scenario": "split_unauthorised",
"demo": true,
"events": [
{
"type": "planting",
"date": "2018-04-10",
"result": "înregistrat",
"note": "autorizație —"
}
]
}
},
{
"type": "Feature",
"geometry": {
"type": "Polygon",
"coordinates": [
[
[
629449.6274619849,
5220431.552180892
],
[
629519.6274619849,
5220431.552180892
],
[
629519.6274619849,
5220475.552180892
],
[
629449.6274619849,
5220475.552180892
],
[
629449.6274619849,
5220431.552180892
]
]
]
},
"properties": {
"cad_nr": "DEMO-0023",
"grower_id": "DEMO-G-93",
"rvv_code": null,
"vineyard_id": null,
"declared_area_ha": 0.293,
"variety": "Fetească Neagră",
"planting_year": 2016,
"planting_scheme": "2,5 × 1,2 m",
"authorisation_nr": "DEMO-AUT-2016-023",
"status": "planted",
"pdo_pgi": "IGP Codru",
"scenario": "no_vines",
"demo": true,
"events": [
{
"type": "planting",
"date": "2016-04-23",
"result": "înregistrat",
"note": "autorizație DEMO-AUT-2016-023"
}
]
}
},
{
"type": "Feature",
"geometry": {
"type": "Polygon",
"coordinates": [
[
[
630509.4198505929,
5219829.968258707
],
[
630579.4198505929,
5219829.968258707
],
[
630579.4198505929,
5219873.968258707
],
[
630509.4198505929,
5219873.968258707
],
[
630509.4198505929,
5219829.968258707
]
]
]
},
"properties": {
"cad_nr": "DEMO-0024",
"grower_id": "DEMO-G-94",
"rvv_code": null,
"vineyard_id": null,
"declared_area_ha": 0.293,
"variety": "Fetească Neagră",
"planting_year": 2016,
"planting_scheme": "2,5 × 1,2 m",
"authorisation_nr": "DEMO-AUT-2016-024",
"status": "planted",
"pdo_pgi": "IGP Codru",
"scenario": "no_vines",
"demo": true,
"events": [
{
"type": "planting",
"date": "2016-04-13",
"result": "înregistrat",
"note": "autorizație DEMO-AUT-2016-024"
}
]
}
}
]
}