{"type": "FeatureCollection", "crs": {"type": "name", "properties": {"name": "urn:ogc:def:crs:EPSG::32635"}}, "features": [{"type": "Feature", "properties": {"vineyard_id": "V01", "area_m2": 457.2}, "geometry": {"type": "Polygon", "coordinates": [[[629109.8843132069, 5220805.765772209], [629109.8606389856, 5220805.795255682], [629106.8381922111, 5220809.962821947], [629106.6794304209, 5220810.159914354], [629106.5015554595, 5220810.33994552], [629106.3063902103, 5220810.501070467], [629106.0959347495, 5220810.641637965], [629105.8723458487, 5220810.760207465], [629105.6379148732, 5220810.855563851], [629105.3950442984, 5220810.926729901], [629105.1462230902, 5220810.972976296], [629104.8940011971, 5220810.993829099], [629104.6409634182, 5220810.989074607], [629104.5995301071, 5220810.9861934455], [629104.5730976107, 5220811.039260331], [629104.0978976864, 5220812.123580158], [629103.9883302731, 5220812.343510624], [629103.8577023526, 5220812.551623032], [629103.7072757788, 5220812.745907037], [629103.5385036587, 5220812.92448587], [629103.3530163155, 5220813.0856344765], [629103.1526055399, 5220813.227796177], [629102.9392072817, 5220813.349597703], [629102.7148829487, 5220813.449862461], [629102.4817994932, 5220813.527621903], [629102.2422084801, 5220813.582124881], [629101.9984243368, 5220813.612844901], [629101.7528019957, 5220813.61948521], [629101.5077141462, 5220813.601981663], [629101.2655283144, 5220813.560503342], [629101.0285839934, 5220813.495450926], [629100.7991700438, 5220813.407452813], [629098.2771904927, 5220812.294996083], [629098.2208833587, 5220812.273413575], [629098.1076480651, 5220812.27643449], [629098.094991911, 5220812.277401563], [629097.8522218784, 5220812.272325848], [629097.6110894212, 5220812.2437218325], [629097.3738694045, 5220812.191859367], [629097.1427997827, 5220812.1172277285], [629096.9200604871, 5220812.020530998], [629096.7077528598, 5220811.90268142], [629096.5078798297, 5220811.764790799], [629096.3223270166, 5220811.608160006], [629096.1528449423, 5220811.434266711], [629096.0010325153, 5220811.2447514385], [629095.8683219478, 5220811.041402091], [629095.7559652426, 5220810.826137086], [629095.6650223832, 5220810.600987252], [629095.5963513323, 5220810.368076672], [629095.5505999387, 5220810.129602645], [629095.5413292829, 5220810.064272599], [629095.4933227045, 5220810.02819761], [629093.2258644762, 5220808.492385462], [629093.2268092129, 5220808.490990662], [629093.1105073973, 5220808.412442361], [629092.9263566855, 5220808.26060482], [629092.7575246535, 5220808.091898364], [629092.6055501346, 5220807.90786068], [629092.4718183125, 5220807.710169194], [629092.3575480967, 5220807.500625783], [629092.2637810122, 5220807.281140345], [629092.1913717064, 5220807.053713399], [629092.1409801599, 5220806.820417845], [629092.1130656704, 5220806.583380074], [629092.1078826666, 5220806.3447605865], [629092.1254783896, 5220806.106734298], [629092.1656924617, 5220805.871470718], [629092.2281583485, 5220805.641114176], [629092.3123066997, 5220805.417764274], [629092.4173705386, 5220805.203456754], [629092.5423922524, 5220805.000144938], [629095.5090940025, 5220800.6551150875], [629095.5397063112, 5220800.6051838165], [629095.4930160065, 5220800.569824796], [629094.4139415381, 5220799.833053768], [629094.21463, 5220799.681807607], [629094.0314344284, 5220799.511396714], [629093.8661897249, 5220799.323527935], [629093.7205509935, 5220799.120082979], [629093.5959769628, 5220798.903099567], [629093.4937153764, 5220798.674751022], [629093.4147904943, 5220798.4373245], [629093.3599928342, 5220798.193198085], [629093.3298712537, 5220797.944816965], [629093.3247274532, 5220797.694668946], [629093.3446129531, 5220797.445259529], [629093.389328579, 5220797.19908682], [629093.4584264553, 5220796.958616503], [629093.5512144925, 5220796.726257146], [629093.6667633184, 5220796.504336081], [629093.8039155867, 5220796.295076086], [629093.9612975696, 5220796.100573126], [629094.1373329168, 5220795.922775357], [629094.3302584445, 5220795.763463615], [629094.5381417956, 5220795.624233581], [629094.7589007939, 5220795.506479791], [629094.9903243, 5220795.41138168], [629095.2300943581, 5220795.339891754], [629095.4758094123, 5220795.292726064], [629095.5563976875, 5220795.281403523], [629095.5925388354, 5220795.233446732], [629096.8635649201, 5220793.362477365], [629096.8940598195, 5220793.312474305], [629096.8472865602, 5220793.277225089], [629095.7436828963, 5220792.527501942], [629094.433641427, 5220791.769275926], [629094.3544012576, 5220791.784457676], [629094.1132184243, 5220791.806800164], [629093.8710054376, 5220791.805697936], [629093.630035935, 5220791.781161337], [629093.3925718818, 5220791.733420691], [629093.2697989867, 5220791.696070831], [629093.2172969547, 5220791.682910082], [629093.181972365, 5220791.730522522], [629079.6626824782, 5220811.955977181], [629079.6325636479, 5220812.006207661], [629079.6796000894, 5220812.041104905], [629081.9053999098, 5220813.528895094], [629081.9556303871, 5220813.559013923], [629081.9905276352, 5220813.511977478], [629085.9910572785, 5220807.527008475], [629086.138216635, 5220807.328786523], [629086.3042090996, 5220807.146045394], [629086.4874159718, 5220806.980567116], [629086.6860506821, 5220806.833965375], [629086.8981762142, 5220806.7076697815], [629087.121723994, 5220806.602911924], [629087.3545140615, 5220806.520713366], [629087.594276329, 5220806.461875678], [629087.8386727191, 5220806.426972626], [629088.0853199629, 5220806.416344571], [629088.3318128431, 5220806.430095155], [629088.5757476467, 5220806.4680902865], [629088.814745607, 5220806.5299594505], [629089.0464760992, 5220806.61509932], [629089.2686793683, 5220806.722679643], [629089.4791885657, 5220806.8516513305], [629090.7062001508, 5220807.689430942], [629090.7057086325, 5220807.69015082], [629090.850523214, 5220807.789328651], [629091.0433377376, 5220807.952230014], [629091.2187428068, 5220808.133744081], [629091.3749502923, 5220808.332020444], [629091.5103677699, 5220808.545037818], [629091.6236147549, 5220808.770624641], [629091.7135367752, 5220809.006481219], [629091.7792171397, 5220809.25020316], [629091.8199862841, 5220809.499305893], [629091.8354285959, 5220809.751249993], [629091.8253866518, 5220810.00346707], [629091.7899628223, 5220810.253385951], [629091.729518228, 5220810.49845889], [629091.6446690584, 5220810.736187545], [629091.5362802905, 5220810.96414844], [629091.4054568706, 5220811.180017677], [629090.8777814008, 5220811.959072647], [629090.8473554797, 5220812.009117701], [629090.8941772957, 5220812.04430239], [629093.1108226995, 5220813.545697607], [629093.1621340857, 5220813.576893421], [629093.2616274845, 5220813.552636548], [629093.4990006167, 5220813.506795938], [629093.7396916073, 5220813.484097648], [629093.9814496157, 5220813.484753942], [629094.222013823, 5220813.508758682], [629094.4591345739, 5220813.555887387], [629094.6905944153, 5220813.625699328], [629094.9142288323, 5220813.717541655], [629095.1279464902, 5220813.830555495], [629095.3297487913, 5220813.963683991], [629095.5177485658, 5220814.115682183], [629095.6901877188, 5220814.285128646], [629095.8454536722, 5220814.470438789], [629095.9820944443, 5220814.669879668], [629096.0988322281, 5220814.8815862], [629096.1945753412, 5220815.103578591], [629096.2684284342, 5220815.333780862], [629096.319700864, 5220815.570040261], [629096.3479131528, 5220815.810147387], [629096.3528014709, 5220816.051856861], [629096.3343201049, 5220816.292908317], [629096.2926418848, 5220816.5310475435], [629096.2281565676, 5220816.764047564], [629096.1414671929, 5220816.9897294585], [629093.1436526625, 5220823.791728033], [629093.1226905636, 5220823.846416567], [629093.1750611111, 5220823.87263814], [629095.6810981666, 5220824.977112687], [629095.6810326354, 5220824.977261377], [629095.854613138, 5220825.054065465], [629096.0741393496, 5220825.17907882], [629096.2799282118, 5220825.32560882], [629096.4698783702, 5220825.492159214], [629096.6420502027, 5220825.677029321], [629096.7946856257, 5220825.878331393], [629096.926226046, 5220826.09400989], [629097.035328276, 5220826.321862474], [629097.1208782494, 5220826.559562492], [629097.182002397, 5220826.804682738], [629097.2180765669, 5220827.054720237], [629097.228732398, 5220827.307121801], [629097.2138610813, 5220827.559310105], [629097.173614471, 5220827.808709999], [629097.1084035339, 5220828.052774806], [629097.0188941531, 5220828.289012329], [629095.574675027, 5220831.587227546], [629095.5538434805, 5220831.641965938], [629095.6062764412, 5220831.668062475], [629098.108505288, 5220832.763735899], [629098.3258851133, 5220832.8717881935], [629098.5317604773, 5220833.000414091], [629098.7241902458, 5220833.148400817], [629098.901360059, 5220833.314353052], [629099.0615994384, 5220833.496706083], [629099.2033975372, 5220833.693740563], [629099.3254173856, 5220833.903598714], [629099.4265084969, 5220834.124301849], [629099.5057177145, 5220834.353769029], [629099.5622982, 5220834.589836679], [629099.5957164734, 5220834.830278993], [629099.6056574445, 5220835.072828913], [629099.5920273828, 5220835.315199514], [629099.554954802, 5220835.5551055595], [629099.494789248, 5220835.790285051], [629099.4120980027, 5220836.018520554], [629095.7596161036, 5220844.75064416], [629095.739693982, 5220844.805720055], [629095.7925519579, 5220844.830944627], [629098.262448041, 5220845.864055374], [629098.3175239332, 5220845.883977494], [629098.3427485051, 5220845.831119518], [629111.9194246888, 5220813.37285747], [629111.923748193, 5220813.361766677], [629113.577028262, 5220809.411090452], [629113.5840415453, 5220809.396522604], [629109.8843132069, 5220805.765772209]]]}}, {"type": "Feature", "properties": {"vineyard_id": "V02", "area_m2": 26307.4}, "geometry": {"type": "MultiPolygon", "coordinates": [[[[629289.3221847602, 5220784.757128877], [629289.418682982, 5220784.494272903], [629292.6311250498, 5220777.0598178115], [629292.7381749481, 5220776.841816374], [629292.8658728361, 5220776.635230903], [629293.0130135663, 5220776.442011046], [629293.105054936, 5220776.342817978], [629295.4288560516, 5220770.554578513], [629283.4956169873, 5220761.473410198], [629283.44512232, 5220761.461435187], [629283.2022694665, 5220761.376679218], [629282.5654961381, 5220761.116974245], [629282.5086865304, 5220761.096995883], [629282.4715968127, 5220761.110495174], [629282.2421277696, 5220761.181726498], [629282.0068804983, 5220761.230600461], [629281.7680279283, 5220761.256665628], [629281.5277762911, 5220761.259681239], [629281.2883447408, 5220761.2396194395], [629281.0519448565, 5220761.196665537], [629280.8207602146, 5220761.131216286], [629280.5969262192, 5220761.043876229], [629280.382510378, 5220760.935452106], [629280.1794932056, 5220760.8069454115], [629279.989749929, 5220760.6595431315], [629279.8150331671, 5220760.494606792], [629279.6569567423, 5220760.313659874], [629279.5169807732, 5220760.118373748], [629279.3963981888, 5220759.91055223], [629279.2963227851, 5220759.692114924], [629279.2176789376, 5220759.465079489], [629279.1611930632, 5220759.231543006], [629279.1273869103, 5220758.993662601], [629279.1165727387, 5220758.753635526], [629279.1288504372, 5220758.513678861], [629279.164106599, 5220758.276009034], [629279.1847567279, 5220758.192855155], [629277.2797931471, 5220756.743182118], [629276.8531878053, 5220756.5690045785], [629276.7960809304, 5220756.548897356], [629276.7075276759, 5220756.562492089], [629276.4617807384, 5220756.58786914], [629276.21472901, 5220756.5888668625], [629275.9687851208, 5220756.565475511], [629275.726350882, 5220756.51792352], [629275.4897938309, 5220756.446675267], [629275.26142411, 5220756.35242654], [629275.0434719069, 5220756.236097742], [629274.8380656748, 5220756.098824905], [629274.6472113468, 5220755.941948593], [629274.472772747, 5220755.767000809], [629274.3876210443, 5220755.672709686], [629274.3353514937, 5220755.648442434], [629271.8546485183, 5220754.64155757], [629271.7978054113, 5220754.621674684], [629271.6880776589, 5220754.661820458], [629271.6526262775, 5220754.6766748745], [629271.4031617776, 5220754.751804631], [629271.1472330586, 5220754.800564326], [629270.8876195889, 5220754.822424413], [629270.6271408545, 5220754.817147483], [629270.3686257385, 5220754.784790847], [629270.1148817987, 5220754.725705908], [629269.868664776, 5220754.640534347], [629269.1694447803, 5220754.357059771], [629269.1141530884, 5220754.337744667], [629269.0895114572, 5220754.390876907], [629268.3129302254, 5220756.306396578], [629268.2133169792, 5220756.522061976], [629268.0936832877, 5220756.727298771], [629267.9551093832, 5220756.92025378], [629267.7988465185, 5220757.099184714], [629267.6263056686, 5220757.262475919], [629267.439044791, 5220757.408652956], [629267.2387547573, 5220757.536395919], [629267.0272440859, 5220757.644551354], [629266.8064226122, 5220757.732142673], [629266.578284243, 5220757.798378968], [629266.3448889534, 5220757.84266216], [629266.1083441855, 5220757.864592394], [629265.8707858201, 5220757.86397165], [629265.6343588898, 5220757.840805534], [629265.4011982111, 5220757.795303224], [629265.2854970966, 5220757.76695714], [629265.2606211725, 5220757.820264913], [629265.0371833909, 5220758.367687478], [629264.9336064096, 5220758.5896894755], [629264.8087987971, 5220758.800488286], [629264.6639589679, 5220758.998059797], [629264.5004776872, 5220759.18050691], [629264.3199247175, 5220759.34607775], [629264.1240337453, 5220759.493182493], [629263.9146857335, 5220759.6204086235], [629263.6938908612, 5220759.726534504], [629263.4637692212, 5220759.810541105], [629263.2265304629, 5220759.871621788], [629262.9844525746, 5220759.909190049], [629262.7398600108, 5220759.922885155], [629262.4951013718, 5220759.912575604], [629262.2525268527, 5220759.878360391], [629262.0144656763, 5220759.82056805], [629261.7832037283, 5220759.739753512], [629261.7394616771, 5220759.722018098], [629261.6841706331, 5220759.7027011365], [629261.6595272176, 5220759.755832547], [629261.1330419173, 5220761.054338893], [629261.1187382237, 5220761.092288967], [629260.4163095269, 5220762.826862761], [629260.3152193867, 5220763.045563411], [629260.193546218, 5220763.253517326], [629260.0524201054, 5220763.448793057], [629259.8931518103, 5220763.629576909], [629259.7172205957, 5220763.794189784], [629259.5262604881, 5220763.9411027795], [629259.3220451002, 5220764.068951385], [629259.106471158, 5220764.1765481625], [629258.8815408846, 5220764.262893763], [629258.649343403, 5220764.327186224], [629258.4120353337, 5220764.368828402], [629258.1718207629, 5220764.387433532], [629257.9309307727, 5220764.38282881], [629257.6916027181, 5220764.355057007], [629257.456059447, 5220764.30437606], [629257.2264886549, 5220764.231256691], [629257.0050225655, 5220764.13637802], [629256.7937181273, 5220764.02062127], [629256.5945379084, 5220763.885061573], [629256.4093318691, 5220763.730957991], [629256.239820179, 5220763.559741819], [629256.0875772407, 5220763.373003289], [629255.9540170669, 5220763.172476805], [629255.8403801472, 5220762.960024831], [629255.7477219267, 5220762.737620593], [629255.6769030029, 5220762.507329754], [629255.6285811326, 5220762.271291223], [629255.6116372574, 5220762.161938592], [629255.5575161258, 5220762.136767902], [629255.5215528951, 5220762.12214301], [629255.2992331994, 5220762.018754789], [629255.0881101418, 5220761.894086326], [629254.8902143936, 5220761.749336734], [629254.7074494009, 5220761.585898279], [629254.5415730755, 5220761.40534298], [629254.3941808868, 5220761.209407496], [629254.2666905158, 5220760.999976418], [629254.1603282194, 5220760.779064143], [629254.0761170357, 5220760.548795501], [629254.0148669437, 5220760.311385312], [629253.977167073, 5220760.069117092], [629253.9633800373, 5220759.824321076], [629253.973638446, 5220759.57935182], [629254.0078436293, 5220759.336565543], [629254.0656665872, 5220759.098297466], [629254.146551154, 5220758.866839352], [629258.5793251357, 5220747.9354767725], [629258.5986447206, 5220747.880186636], [629258.5455144802, 5220747.855540703], [629258.4509376923, 5220747.817188894], [629258.2280687041, 5220747.713785964], [629258.0164256364, 5220747.589006303], [629257.8180525462, 5220747.4440550385], [629257.6348653291, 5220747.2803321155], [629257.4686332145, 5220747.099418777], [629257.3209616787, 5220746.903062291], [629257.1932769397, 5220746.693159077], [629257.0868121815, 5220746.471736388], [629257.0025956453, 5220746.240932734], [629256.9414406976, 5220746.002977224], [629256.9039379755, 5220745.760168045], [629256.8904496818, 5220745.514850255], [629256.9011060868, 5220745.269393145], [629256.9358042707, 5220745.026167348], [629256.9942091169, 5220744.787521951], [629257.0757565493, 5220744.555761798], [629257.1655146694, 5220744.335832843], [629257.1849581875, 5220744.280586169], [629257.1318833401, 5220744.255821155], [629254.6531166537, 5220743.244178842], [629254.5974021538, 5220743.224570677], [629254.573476878, 5220743.257183906], [629254.4831498669, 5220743.393730282], [629254.3263150705, 5220743.586184592], [629254.1511652644, 5220743.762134472], [629253.9594277289, 5220743.919844752], [629253.7529933278, 5220744.057760135], [629253.5338978615, 5220744.174520537], [629253.3043019905, 5220744.268974499], [629253.0664699273, 5220744.340190541], [629252.8227471077, 5220744.387466349], [629252.5755370603, 5220744.410335703], [629252.327277704, 5220744.408573071], [629252.0804173056, 5220744.382195834], [629251.8373903359, 5220744.33146412], [629251.6005934612, 5220744.25687823], [629251.3723619084, 5220744.15917371], [629251.1549464357, 5220744.039314096], [629250.9504911358, 5220743.898481411], [629250.7610122918, 5220743.738064509], [629250.5883784929, 5220743.559645377], [629250.4342922071, 5220743.364983539], [629250.3002729918, 5220743.155998696], [629250.1876425083, 5220742.934751799], [629250.0975114881, 5220742.703424728], [629250.0307687792, 5220742.464298766], [629249.98807258, 5220742.219732109], [629249.969843949, 5220741.972136609], [629249.9762626518, 5220741.723953985], [629250.0072653893, 5220741.477631746], [629250.0625464205, 5220741.235599057], [629250.1415605791, 5220741.000242779], [629250.3560445106, 5220740.453059354], [629250.3747172682, 5220740.397547434], [629250.3213029051, 5220740.373523472], [629250.0062078554, 5220740.2500131065], [629249.7729024141, 5220740.144477157], [629249.5516162248, 5220740.015629618], [629249.3446708194, 5220739.864822242], [629249.1542372789, 5220739.69363716], [629248.9823134575, 5220739.503870289], [629248.8307030222, 5220739.297512489], [629248.7009965306, 5220739.076728677], [629248.594554744, 5220738.8438351145], [629248.5124943522, 5220738.601275106], [629248.4556762574, 5220738.351593369], [629248.4304458033, 5220738.144581176], [629213.2835374752, 5220720.0842242325], [629211.7901557123, 5220719.316306532], [629211.7024298278, 5220719.369780706], [629211.4815705457, 5220719.476277805], [629211.2513410724, 5220719.56062734], [629211.0139560478, 5220719.622017931], [629210.7716989435, 5220719.6598590445], [629210.5269000963, 5220719.6737866765], [629210.2819142934, 5220719.663666853], [629210.0390981197, 5220719.62959692], [629209.8007872906, 5220719.571904605], [629209.5692741824, 5220719.491144868], [629209.3692078128, 5220719.4101446755], [629209.3114696436, 5220719.390005478], [629209.1994520727, 5220719.362897543], [629208.8538207549, 5220719.252150095], [629207.3525141783, 5220718.647739987], [629207.130104828, 5220718.5452717785], [629206.9187873061, 5220718.421535941], [629206.720589099, 5220718.277719657], [629206.5374118205, 5220718.115202773], [629206.3710129658, 5220717.935544559], [629206.2229890495, 5220717.740468745], [629206.0947602876, 5220717.531846989], [629205.9875569715, 5220717.311680911], [629205.902407664, 5220717.0820828965], [629205.8401293305, 5220716.845255825], [629205.8013195007, 5220716.603471934], [629205.7863505357, 5220716.359051021], [629205.791050298, 5220716.231482981], [629193.5507048226, 5220709.937326871], [629193.5398301048, 5220709.936292086], [629193.3009432576, 5220709.889790228], [629193.0677098514, 5220709.820281043], [629192.8423401684, 5220709.728423248], [629192.6269699686, 5220709.615087351], [629192.4236402496, 5220709.481347402], [629192.2342779054, 5220709.328470814], [629192.1654431719, 5220709.260839883], [629191.5432059012, 5220708.966869816], [629191.0591231167, 5220708.771562641], [629190.8507491539, 5220708.676165697], [629190.6519864724, 5220708.562088172], [629190.581434666, 5220708.512490163], [629185.0931983814, 5220705.91962524], [629184.8395421997, 5220705.799961615], [629184.7426590367, 5220705.789642427], [629184.4645058719, 5220705.72738724], [629184.1952470064, 5220705.633874916], [629182.6575536412, 5220704.999458482], [629182.6002312098, 5220704.979038537], [629182.5091379468, 5220704.974691056], [629182.2263634381, 5220704.945008575], [629181.9487881074, 5220704.883409806], [629181.680002335, 5220704.790691517], [629180.7775503687, 5220704.420717765], [629180.6077729001, 5220704.34359887], [629180.4442159041, 5220704.254039829], [629180.3366152588, 5220704.189792231], [629180.2836926145, 5220704.165010324], [629177.8063073824, 5220703.149989677], [629177.7506022934, 5220703.130299434], [629177.595963458, 5220703.320217437], [629177.4232054605, 5220703.494323462], [629177.2342181363, 5220703.650662917], [629177.0308205481, 5220703.787730983], [629176.8149704624, 5220703.904208339], [629176.5887455046, 5220703.998973851], [629176.354323162, 5220704.071115373], [629176.1139598239, 5220704.119938517], [629175.8699690637, 5220704.144973348], [629175.6246993699, 5220704.145978896], [629175.3805115413, 5220704.122945482], [629175.1397559631, 5220704.076094811], [629174.9047499842, 5220704.005877836], [629174.6777556117, 5220703.912970415], [629174.4609577387, 5220703.798266815], [629174.2564431132, 5220703.662871092], [629174.0661802538, 5220703.508086474], [629173.8920005005, 5220703.335402811], [629173.7355803888, 5220703.146482239], [629173.5984255122, 5220702.943143178], [629173.4818560297, 5220702.727342832], [629173.3869939595, 5220702.501158346], [629173.3147523793, 5220702.266766819], [629173.2658266373, 5220702.026424344], [629173.240687659, 5220701.782444292], [629173.2395774153, 5220701.53717505], [629173.2625065926, 5220701.292977411], [629173.3092544902, 5220701.052201856], [629173.3793711449, 5220700.817165926], [629173.394645129, 5220700.773848112], [629173.3415848975, 5220700.749051813], [629173.0778206027, 5220700.6412220085], [629172.845124675, 5220700.531807149], [629172.6248985124, 5220700.399068896], [629172.4194718966, 5220700.244411494], [629172.2310180442, 5220700.06947107], [629172.0615306161, 5220699.8760983255], [629171.912802627, 5220699.66633896], [629171.7864074761, 5220699.442412024], [629171.6836823031, 5220699.206686453], [629171.6057138417, 5220698.961655995], [629171.5676658818, 5220698.778818104], [629168.9027821862, 5220697.617345052], [629168.896726876, 5220697.6218968695], [629168.8277524507, 5220697.679486169], [629168.6337283344, 5220697.812657838], [629168.428042018, 5220697.926995891], [629168.2125160482, 5220698.021487201], [629167.9890601597, 5220698.095294497], [629167.7596543517, 5220698.147763788], [629167.5263313456, 5220698.178430153], [629167.2911585714, 5220698.187021864], [629167.0562198502, 5220698.173462791], [629166.8235969289, 5220698.137873079], [629166.5953510344, 5220698.08056808], [629166.3735046099, 5220698.002055564], [629166.0729867216, 5220697.879497291], [629166.0177350728, 5220697.860067975], [629165.992983696, 5220697.913149185], [629165.113010868, 5220700.070878477], [629165.0090549489, 5220700.293751475], [629164.8837045032, 5220700.505332364], [629164.7381725063, 5220700.703573744], [629164.5738672238, 5220700.886557297], [629164.3923785842, 5220701.052512352], [629164.1954627937, 5220701.199833017], [629163.9850253421, 5220701.327093717], [629163.7631025637, 5220701.433062991], [629163.5318419328, 5220701.51671541], [629163.2934812828, 5220701.577241497], [629163.0503271519, 5220701.614055561], [629162.8047324631, 5220701.626801364], [629162.5590737558, 5220701.615355569], [629162.3157281891, 5220701.579828933], [629162.0770505385, 5220701.520565236], [629161.8453504096, 5220701.438137953], [629161.7948963279, 5220701.417339973], [629161.7397181095, 5220701.397703026], [629161.7147673111, 5220701.4506907845], [629158.2555196856, 5220709.842523428], [629158.2369707476, 5220709.890854755], [629144.3113327308, 5220743.672680842], [629144.3005540222, 5220743.700764094], [629139.8766087692, 5220754.431140621], [629139.7788032345, 5220754.640378428], [629139.662104816, 5220754.8396969205], [629139.3845439368, 5220755.267167385], [629138.312411794, 5220758.195296279], [629138.3085049413, 5220758.25596376], [629138.2717377683, 5220758.486902865], [629138.213553261, 5220758.71339626], [629138.1344605075, 5220758.9334622305], [629137.3233075527, 5220760.896665442], [629132.5602220045, 5220773.905256327], [629120.0399008258, 5220810.224026171], [629120.0433481361, 5220810.3500075145], [629120.0329322325, 5220810.496841567], [629120.0081742305, 5220810.641947635], [629119.969312563, 5220810.783928271], [629119.9167214893, 5220810.921416122], [629119.8543220618, 5220811.0632627215], [629129.9227915903, 5220817.858484389], [629155.5538786848, 5220826.757095973], [629181.5782744436, 5220835.202323503], [629181.7372158346, 5220835.264092037], [629181.8881196189, 5220835.343500888], [629182.0290356022, 5220835.439523819], [629204.4522431056, 5220852.663976519], [629232.0465943066, 5220858.119017404], [629232.2244519494, 5220858.165665419], [629232.3952658485, 5220858.233724146], [629248.0, 5220865.589444108], [629248.0, 5220867.50978223], [629249.2120342545, 5220864.623657386], [629249.2320346396, 5220864.568609866], [629249.1958780162, 5220864.551292277], [629248.9755177377, 5220864.431814664], [629248.7682296776, 5220864.290870659], [629248.5760977787, 5220864.129877225], [629248.4010536142, 5220863.9504528865], [629248.2448569674, 5220863.754401465], [629248.1090781406, 5220863.543693936], [629247.9950821685, 5220863.320448621], [629247.9040150945, 5220863.086909887], [629247.8367924496, 5220862.845425584], [629247.7940900476, 5220862.598423444], [629247.7763371917, 5220862.3483866695], [629247.7837123577, 5220862.097828973], [629247.8161414005, 5220861.8492693035], [629247.8732982989, 5220861.605206521], [629247.9546084335, 5220861.368094281], [629249.2620745437, 5220858.099429006], [629249.2811317956, 5220858.044047906], [629249.1720902761, 5220857.994092776], [629249.1730366191, 5220857.9920271095], [629249.0457114337, 5220857.933645083], [629248.8324609286, 5220857.809054647], [629248.6325445173, 5220857.664030569], [629248.447913338, 5220857.4999882495], [629248.2803693481, 5220857.318528705], [629248.1315477384, 5220857.121422939], [629248.0029009732, 5220856.910594657], [629247.8956846154, 5220856.688101495], [629247.8109450715, 5220856.456114934], [629247.7495093803, 5220856.216899109], [629247.7119771396, 5220855.972788713], [629247.6987146555, 5220855.7261662055], [629247.7098513668, 5220855.479438566], [629247.7452785819, 5220855.235013798], [629247.8046505391, 5220854.995277431], [629247.8873877818, 5220854.7625692375], [629249.2559395147, 5220851.442821284], [629249.2755778591, 5220851.387643569], [629249.1670674748, 5220851.336544994], [629249.1675051778, 5220851.33561551], [629249.0191011179, 5220851.265703598], [629248.8078730138, 5220851.139452303], [629248.6100804561, 5220850.993045999], [629248.4276398714, 5220850.827903229], [629248.2623189393, 5220850.645624072], [629248.1157194666, 5220850.447974645], [629247.9892618661, 5220850.236869986], [629247.8841713945, 5220850.014355505], [629247.8014662812, 5220849.782587159], [629247.7419478619, 5220849.543810571], [629247.7061928147, 5220849.300339262], [629247.6945475731, 5220849.054532245], [629247.7071249685, 5220848.8087711595], [629247.7438031377, 5220848.565437205], [629247.8042267034, 5220848.326888061], [629247.8878102171, 5220848.095435047], [629249.2506095093, 5220844.833876341], [629249.2705108024, 5220844.778792917], [629249.2176432745, 5220844.753588327], [629249.1536772165, 5220844.7268609535], [629248.9328168945, 5220844.621602624], [629248.7233028725, 5220844.495259944], [629248.5271417452, 5220844.349042948], [629248.3462122211, 5220844.18435201], [629248.1822471303, 5220844.0027644355], [629248.0368168282, 5220843.806019359], [629247.9113141552, 5220843.596001081], [629247.8069410978, 5220843.374721026], [629247.7246972758, 5220843.144298476], [629247.6653703693, 5220842.906940274], [629247.6295285743, 5220842.664919688], [629247.6175151612, 5220842.420554643], [629247.6294451868, 5220842.176185511], [629247.665204393, 5220841.934152709], [629247.7244503002, 5220841.696774276], [629247.8066154883, 5220841.466323675], [629249.2606892114, 5220837.943359878], [629249.2803509405, 5220837.888190488], [629249.2273743816, 5220837.863215884], [629249.2030341503, 5220837.853169658], [629248.9817718171, 5220837.748900512], [629248.7717579892, 5220837.623508061], [629248.5750030557, 5220837.478192642], [629248.3933904832, 5220837.31434531], [629248.2286587855, 5220837.133534518], [629248.082384882, 5220836.937491104], [629247.9559690017, 5220836.728091725], [629247.8506212799, 5220836.507340888], [629247.7673501737, 5220836.277351762], [629247.7069528084, 5220836.0403259555], [629247.6700073469, 5220835.798532433], [629247.6568674553, 5220835.554285799], [629247.6676589174, 5220835.309924142], [629247.7022784299, 5220835.067786653], [629247.7603945924, 5220834.830191227], [629247.8414510792, 5220834.599412283], [629249.2634711419, 5220831.107339908], [629249.2828715694, 5220831.052078092], [629249.2143043781, 5220831.020149357], [629249.0036125479, 5220830.909547006], [629248.8043906826, 5220830.779414089], [629248.6184436984, 5220830.63092959], [629248.4474562429, 5220830.465438752], [629248.2929774332, 5220830.284440895], [629248.1564068206, 5220830.089575825], [629248.0389817116, 5220829.882608989], [629247.9417659575, 5220829.6654154705], [629247.8656403164, 5220829.439963005], [629247.8112944735, 5220829.208294153], [629247.7792207926, 5220828.972507796], [629247.7697098561, 5220828.734740117], [629247.7828478313, 5220828.497145249], [629247.8185156903, 5220828.261875763], [629247.8763902885, 5220828.031063158], [629247.9559472919, 5220827.806798559], [629249.2574183441, 5220824.627126925], [629249.2769180259, 5220824.571900051], [629249.1682796318, 5220824.521074208], [629249.1687507859, 5220824.520067134], [629249.0228098341, 5220824.451795191], [629248.8119743675, 5220824.326651174], [629248.614411108, 5220824.181456899], [629248.4320202225, 5220824.017608848], [629248.2665559502, 5220823.836682915], [629248.1196097295, 5220823.640419248], [629247.992594892, 5220823.430705515], [629247.8867330689, 5220823.209558746], [629247.803042441, 5220822.979105935], [629247.7423279466, 5220822.741563584], [629247.7051735386, 5220822.499216377], [629247.6919365692, 5220822.254395214], [629247.7027443515, 5220822.009454791], [629247.7374929361, 5220821.766750949], [629247.7958481105, 5220821.528618019], [629247.8772486134, 5220821.2973463675], [629249.2430182012, 5220817.950825168], [629249.2626260304, 5220817.895110549], [629249.1843257981, 5220817.837669718], [629249.1457095675, 5220817.81215942], [629248.955369603, 5220817.657638594], [629248.7810799107, 5220817.485217334], [629248.6245166269, 5220817.296553808], [629248.4871854143, 5220817.093462386], [629248.3704069816, 5220816.877896189], [629248.2753043816, 5220816.6519283075], [629248.2027922125, 5220816.417731866], [629248.1535678206, 5220816.177559122], [629248.1281045947, 5220815.933719806], [629248.1266474137, 5220815.688558912], [629248.1492102912, 5220815.44443414], [629248.195576241, 5220815.203693229], [629248.2652993638, 5220814.968651373], [629248.3577091349, 5220814.74156896], [629248.4719168539, 5220814.524629834], [629248.6068241895, 5220814.3199202875], [629248.7611337439, 5220814.129409003], [629248.9333615283, 5220813.9549281215], [629249.1218512355, 5220813.798155618], [629249.3247901677, 5220813.660599166], [629249.54022667, 5220813.54358164], [629249.7660888984, 5220813.448228394], [629250.0002047452, 5220813.375456436], [629250.2403227285, 5220813.325965609], [629250.4841336433, 5220813.300231867], [629250.7292927706, 5220813.298502687], [629250.9734424253, 5220813.320794702], [629250.9915862982, 5220813.323353513], [629251.0566667615, 5220813.283709915], [629251.2614164058, 5220813.171740771], [629251.4757145134, 5220813.07935123], [629251.6976937935, 5220813.007346331], [629251.9254200247, 5220812.956353491], [629252.15690891, 5220812.926817037], [629252.3901433661, 5220812.9189943345], [629252.6230910996, 5220812.932953548], [629252.8537223155, 5220812.968573042], [629253.0800274039, 5220813.025542447], [629253.3000344507, 5220813.103365359], [629253.7947907567, 5220813.304821714], [629253.8512845014, 5220813.324652949], [629253.8882958476, 5220813.30216546], [629254.093141834, 5220813.190445307], [629254.3075113635, 5220813.098309671], [629254.5295370797, 5220813.026561137], [629254.7572849335, 5220812.9758247025], [629254.9887710307, 5220812.946542328], [629255.2219789139, 5220812.938969091], [629255.4548771268, 5220812.953170959], [629255.6854369112, 5220812.989024222], [629255.9116498785, 5220813.046216565], [629256.1315455047, 5220813.124249791], [629256.5767842976, 5220813.306063786], [629256.6334250018, 5220813.326010382], [629256.6748863786, 5220813.306145623], [629256.792966568, 5220813.241912325], [629257.007827898, 5220813.149882914], [629257.2303451231, 5220813.078322531], [629257.4585730935, 5220813.027856727], [629257.6905167389, 5220812.998926653], [629257.9241485079, 5220812.991785203], [629258.1574260924, 5220813.006494803], [629258.3883102805, 5220813.042926871], [629258.614782782, 5220813.100762931], [629258.8348638723, 5220813.179497406], [629259.15044188, 5220813.309338827], [629259.2068629207, 5220813.329375908], [629259.2858699404, 5220813.281766078], [629259.5129686311, 5220813.160398229], [629259.7513468037, 5220813.063033878], [629259.9984755914, 5220812.990705927], [629260.2517332949, 5220812.944181678], [629260.5084331958, 5220812.923954689], [629260.7658520582, 5220812.930239542], [629261.0212590196, 5220812.962969562], [629261.2719445606, 5220813.021797529], [629261.5152492496, 5220813.106099359], [629262.0006068846, 5220813.302812776], [629262.0574600571, 5220813.3226668], [629262.0675877277, 5220813.318955588], [629262.2579978093, 5220813.23779073], [629262.4792509152, 5220813.16692298], [629262.7061272903, 5220813.116900134], [629262.9366676237, 5220813.088154188], [629263.168880963, 5220813.080933395], [629263.4007619069, 5220813.095300112], [629263.6303079254, 5220813.131130269], [629263.8555366525, 5220813.188114435], [629264.0745030065, 5220813.265760495], [629264.1720038503, 5220813.305525751], [629264.2284863238, 5220813.325389069], [629264.3077766598, 5220813.277275189], [629264.3387566229, 5220813.256232249], [629264.5442659229, 5220813.143211089], [629264.7594622629, 5220813.049945929], [629264.9824516447, 5220812.977257619], [629265.2112714816, 5220812.925785908], [629265.4439078713, 5220812.89598381], [629265.6783133213, 5220812.888113623], [629265.912424769, 5220812.902244613], [629266.1441817394, 5220812.938252411], [629266.3715444801, 5220812.995820101], [629266.5925119128, 5220813.074441018], [629267.161239681, 5220813.307395424], [629267.2176921064, 5220813.327343939], [629267.2577415734, 5220813.303124272], [629267.4627382136, 5220813.19186893], [629267.6772111102, 5220813.100202413], [629267.8992934439, 5220813.028922607], [629268.1270521614, 5220812.978649947], [629268.3585048005, 5220812.949822017], [629268.5916367467, 5220812.942689742], [629268.8244187683, 5220812.957315203], [629269.0548246795, 5220812.993571096], [629269.2808489765, 5220813.051141843], [629269.500524294, 5220813.129526335], [629269.9359134375, 5220813.308191152], [629269.9923530443, 5220813.328175934], [629270.0123553618, 5220813.3160972], [629270.240180488, 5220813.194123875], [629270.4793798195, 5220813.096320707], [629270.7273974911, 5220813.02373273], [629270.9815834131, 5220812.977135553], [629271.2392215873, 5220812.95702707], [629271.497559128, 5220812.963622143], [629271.7538356766, 5220812.996850301], [629272.0053128965, 5220813.0563565], [629272.2493037322, 5220813.141504912], [629272.6518906733, 5220813.3058031965], [629272.708368686, 5220813.325679153], [629272.7394852063, 5220813.306806979], [629272.9673726688, 5220813.184253906], [629273.2067068139, 5220813.085912064], [629273.45492382, 5220813.012834919], [629273.7093647087, 5220812.965805298], [629273.96730383, 5220812.945326997], [629274.2259780593, 5220812.951619385], [629274.4826163978, 5220812.984615057], [629274.7344696553, 5220813.043960552], [629274.978839901, 5220813.129020143], [629275.3922652995, 5220813.297384244], [629275.4487580376, 5220813.317218327], [629275.4938386192, 5220813.289831214], [629275.7205759407, 5220813.167611281], [629275.958685635, 5220813.0693702595], [629276.205640024, 5220812.996151037], [629276.458817538, 5220812.948730879], [629276.7155305444, 5220812.927613181], [629276.9730538797, 5220812.933022118], [629277.2286537783, 5220812.964900272], [629277.4796168928, 5220813.022909237], [629277.7232790979, 5220813.106433214], [629278.202254861, 5220813.298727334], [629278.2576117945, 5220813.317854689], [629278.2820729727, 5220813.264639131], [629288.9436205082, 5220786.708325948], [629289.2556864524, 5220785.029127304], [629289.3221847602, 5220784.757128877]]], [[[629203.5260130609, 5220855.538931355], [629203.392097975, 5220855.505996089], [629203.2617736163, 5220855.460901262], [629203.1361415433, 5220855.404028033], [629203.016263653, 5220855.33585712], [629202.9031532056, 5220855.256964734], [629180.406461854, 5220837.9760652], [629154.6133479329, 5220829.605891391], [629154.5843825255, 5220829.596164592], [629128.7539488513, 5220820.628343779], [629128.6333584145, 5220820.580539614], [629128.5173491526, 5220820.522495297], [629128.406788675, 5220820.45464493], [629118.6320418131, 5220813.857657027], [629107.7309603392, 5220838.879152362], [629107.7133339437, 5220838.918086254], [629101.5265976492, 5220852.081205426], [629101.5720481246, 5220852.121165482], [629101.7305270322, 5220852.288817119], [629101.8728767291, 5220852.470363805], [629101.9978850194, 5220852.664259557], [629102.0244777404, 5220852.715296912], [629102.0653097723, 5220852.784610584], [629102.119698564, 5220852.810842356], [629103.0933878882, 5220853.22285719], [629103.3278914465, 5220853.336851492], [629103.5492464729, 5220853.474650519], [629103.7550450984, 5220853.634755313], [629103.9430486746, 5220853.815424278], [629104.1112121253, 5220854.014692122], [629104.2577061919, 5220854.230391237], [629104.3809373328, 5220854.460175278], [629104.4172474333, 5220854.537285693], [629104.471641909, 5220854.563125701], [629105.3919578553, 5220854.9461687645], [629105.5986424584, 5220855.043498957], [629105.7955791451, 5220855.1592902895], [629105.9811233619, 5220855.292575829], [629106.1537256902, 5220855.442242551], [629106.3119447847, 5220855.607040637], [629106.4544594099, 5220855.785593915], [629106.5013918801, 5220855.856884544], [629106.5404089772, 5220855.909875465], [629106.5950495449, 5220855.935950399], [629108.7243208024, 5220856.826572539], [629108.9456643931, 5220856.93219491], [629109.155593683, 5220857.0589969745], [629109.3520883437, 5220857.20575841], [629109.53325734, 5220857.371066804], [629109.697357128, 5220857.553331254], [629109.8428084363, 5220857.750797675], [629109.9682114626, 5220857.961565679], [629110.0723593473, 5220858.183606865], [629110.1542497863, 5220858.414784343], [629110.2130946782, 5220858.652873295], [629110.2483277089, 5220858.895582388], [629110.2596098005, 5220859.140575826], [629110.2468323761, 5220859.385495829], [629110.2101184037, 5220859.627985323], [629110.149821213, 5220859.865710625], [629110.0665210952, 5220860.096383902], [629109.1842872875, 5220862.208843154], [629109.1643955281, 5220862.263930023], [629109.2172674006, 5220862.289125454], [629109.6946287567, 5220862.48848756], [629109.9244601164, 5220862.598547043], [629110.1418937744, 5220862.731431009], [629110.3446706628, 5220862.885758833], [629110.5306839934, 5220863.059927098], [629110.6980011459, 5220863.25212625], [629110.8448837474, 5220863.460359402], [629110.9698057336, 5220863.682463074], [629111.0714692044, 5220863.916129679], [629111.148817908, 5220864.158931496], [629111.2010482155, 5220864.408345887], [629111.2260604827, 5220864.646929909], [629111.2269679133, 5220864.652867981], [629111.3121691477, 5220864.692709408], [629111.5279747231, 5220864.806778759], [629111.7316272536, 5220864.941350339], [629111.9211852343, 5220865.09514122], [629112.0948415298, 5220865.26668525], [629112.250940602, 5220865.454347028], [629112.3879942934, 5220865.656337496], [629112.5046960135, 5220865.870730993], [629112.5999331962, 5220866.095483618], [629112.6727979056, 5220866.328452709], [629112.722595492, 5220866.567417274], [629112.7488512142, 5220866.810099166], [629112.7513147653, 5220867.054184794], [629112.7299626593, 5220867.297347191], [629112.6849984548, 5220867.537268185], [629112.6168508142, 5220867.77166051], [629112.5261694175, 5220867.998289607], [629110.7501859635, 5220871.87627145], [629110.7284415972, 5220871.930653682], [629110.7804306448, 5220871.957623735], [629113.214569344, 5220873.0723762605], [629113.2696175387, 5220873.094386908], [629113.3333037122, 5220873.029110824], [629113.3770189848, 5220872.979747797], [629113.5601420354, 5220872.810445436], [629113.7592220759, 5220872.660230662], [629113.9722779465, 5220872.530598346], [629114.1971894059, 5220872.422838537], [629114.4317182308, 5220872.338023613], [629114.6735304903, 5220872.276997616], [629114.9202197713, 5220872.240367851], [629115.1693311274, 5220872.228498842], [629115.4183855082, 5220872.241508704], [629115.6649044304, 5220872.279267969], [629115.9064346427, 5220872.341400872], [629116.1405725392, 5220872.427289093], [629116.3721824222, 5220872.525618148], [629116.429150972, 5220872.546568286], [629116.4480748943, 5220872.545805231], [629116.6484967017, 5220872.527676055], [629116.889726056, 5220872.529201017], [629117.129685386, 5220872.553968877], [629117.3661404232, 5220872.601749021], [629117.5968895284, 5220872.672096567], [629117.8197841902, 5220872.764356509], [629118.0327490298, 5220872.877669808], [629118.2338011258, 5220873.010981404], [629118.4210684763, 5220873.163050028], [629118.5928074297, 5220873.332459765], [629118.6514630691, 5220873.402709836], [629118.7009518491, 5220873.45630287], [629118.7560615599, 5220873.481743855], [629119.9030336927, 5220873.944395345], [629120.1450739925, 5220874.057415264], [629120.373673554, 5220874.195615297], [629120.5862224282, 5220874.357417599], [629120.7802939187, 5220874.540974854], [629120.8188451607, 5220874.586160703], [629120.8956022563, 5220874.668379558], [629120.9508498579, 5220874.693519706], [629123.4391501556, 5220875.681480299], [629123.4959822717, 5220875.700874775], [629123.5700200247, 5220875.664512154], [629123.621018551, 5220875.636127184], [629123.8352503829, 5220875.541933442], [629124.0573513911, 5220875.468184671], [629124.2853753404, 5220875.415527123], [629124.5173240937, 5220875.384422224], [629124.7511651218, 5220875.375142544], [629124.9848493136, 5220875.387769397], [629125.2163289322, 5220875.422192138], [629125.4435755592, 5220875.478109125], [629125.6645978692, 5220875.555030366], [629126.0722729508, 5220875.718682273], [629126.1297880901, 5220875.738553015], [629126.1563604441, 5220875.739566563], [629126.3447240668, 5220875.737419591], [629126.586995055, 5220875.758283951], [629126.8260929794, 5220875.802586725], [629127.0597557614, 5220875.869908768], [629127.2857727434, 5220875.959613156], [629127.5020056037, 5220876.070851203], [629127.7064085878, 5220876.202570501], [629127.8970478614, 5220876.3535248665], [629128.0721198076, 5220876.5222861385], [629128.2299680905, 5220876.707257684], [629128.3690993248, 5220876.90668951], [629128.4079104366, 5220876.968527356], [629128.4630154327, 5220876.993219155], [629129.6029667858, 5220877.438217833], [629129.8120765638, 5220877.531087066], [629130.0118199004, 5220877.642685424], [629130.2005236939, 5220877.7720781285], [629130.2678565675, 5220877.822929479], [629130.3227718724, 5220877.849489525], [629131.7202125726, 5220878.442623303], [629131.9592272416, 5220878.559448904], [629132.1844741752, 5220878.701011795], [629132.3934026327, 5220878.8657088885], [629132.583646667, 5220879.051675123], [629132.7213387315, 5220879.218403712], [629132.7389720334, 5220879.237900783], [629132.7938152585, 5220879.26391126], [629134.3273995669, 5220879.9010584485], [629134.5097329703, 5220879.985557665], [629134.68469033, 5220880.084428843], [629134.738497277, 5220880.117758006], [629134.7933879131, 5220880.144708016], [629135.5604914685, 5220880.475669586], [629135.7941898453, 5220880.591306044], [629136.0145730197, 5220880.730654449], [629136.2192436908, 5220880.892198988], [629136.4059754767, 5220881.074182399], [629136.5727371322, 5220881.274625089], [629136.7177146447, 5220881.491346667], [629136.8393309669, 5220881.721989663], [629136.841068667, 5220881.725748134], [629136.8952805506, 5220881.751969077], [629138.0308377487, 5220882.233970501], [629138.2313422728, 5220882.3298074715], [629138.4225438408, 5220882.443071541], [629138.6029315996, 5220882.572867711], [629138.7710801455, 5220882.718170346], [629138.9256607881, 5220882.87783128], [629138.9646940492, 5220882.921909467], [629139.0192618594, 5220882.94849289], [629140.1061620468, 5220883.413466436], [629140.313072536, 5220883.513470807], [629140.50992572, 5220883.63205263], [629140.6950581792, 5220883.768209883], [629140.8669055344, 5220883.920792029], [629141.0240156667, 5220884.088509742], [629141.1650609871, 5220884.269945798], [629141.1964362276, 5220884.314379346], [629141.2505483497, 5220884.341533959], [629142.1991664253, 5220884.760635984], [629142.4230267404, 5220884.873269191], [629142.6344862849, 5220885.007747966], [629142.8314203242, 5220885.162721074], [629143.0118500749, 5220885.336631353], [629143.1739625884, 5220885.52773136], [629143.3161289663, 5220885.734100934], [629143.3592283218, 5220885.803912537], [629143.4141492137, 5220885.829011153], [629144.3948361945, 5220886.220219982], [629144.6118963667, 5220886.319056676], [629144.8185503456, 5220886.438127846], [629145.0129172887, 5220886.576349776], [629145.1932281826, 5220886.732464452], [629145.3578419443, 5220886.905051011], [629145.5052603562, 5220887.09253867], [629145.5117960295, 5220887.101720554], [629145.5660104807, 5220887.1286702445], [629146.34312887, 5220887.468495174], [629146.5769965352, 5220887.585700386], [629146.7973366427, 5220887.726701746], [629147.0017366925, 5220887.889955432], [629147.1879587115, 5220888.073673984], [629147.3539637582, 5220888.2758458685], [629147.4979342459, 5220888.49425751], [629147.5460920358, 5220888.587188436], [629147.5874670959, 5220888.658795388], [629147.641633152, 5220888.685484029], [629150.0983668432, 5220889.749515969], [629150.1556045996, 5220889.771036317], [629150.2170290338, 5220889.787472357], [629150.3291870655, 5220889.811609584], [629150.5610019043, 5220889.885702678], [629150.7845141488, 5220889.981984466], [629150.9976056933, 5220890.099542536], [629151.198257183, 5220890.2372628525], [629151.3845671512, 5220890.393840316], [629151.5547700381, 5220890.567791123], [629151.7072529219, 5220890.757466836], [629151.8405708038, 5220890.96107], [629151.9534603017, 5220891.176671177], [629152.0448516223, 5220891.4022272285], [629152.1138786988, 5220891.635600682], [629152.1472673232, 5220891.809028536], [629152.1547633979, 5220891.839703139], [629152.2087399217, 5220891.8656136505], [629154.6762600775, 5220892.904386349], [629154.6896885819, 5220892.909278581], [629154.9165865402, 5220893.004843915], [629155.1329842837, 5220893.122263816], [629155.3367830863, 5220893.2603994915], [629155.526006412, 5220893.417911235], [629155.6988190846, 5220893.593271427], [629155.8535450862, 5220893.784779341], [629155.9886838121, 5220893.990577644], [629156.1029246234, 5220894.2086704075], [629156.1951595598, 5220894.436942467], [629156.2644940837, 5220894.673179933], [629156.2866570725, 5220894.765252613], [629156.3405436674, 5220894.791349659], [629157.1268459731, 5220895.125572115], [629157.3610122236, 5220895.2398608], [629157.5820107548, 5220895.377902047], [629157.7874407897, 5220895.538196268], [629157.9750706763, 5220895.719002136], [629158.1428621317, 5220895.918355501], [629158.2889923838, 5220896.134090723], [629158.4118739732, 5220896.363864201], [629158.450357694, 5220896.445830443], [629158.5047230016, 5220896.471731808], [629159.0579563233, 5220896.702724654], [629159.268242359, 5220896.802256995], [629159.4683653016, 5220896.920906527], [629159.6565920255, 5220897.057645709], [629159.8312924299, 5220897.211290339], [629159.9909535563, 5220897.380509807], [629160.1341926904, 5220897.563838621], [629160.2597693378, 5220897.759689098], [629160.3665959666, 5220897.966365112], [629160.4537474256, 5220898.182076788], [629160.4623401513, 5220898.2065690085], [629160.5717805673, 5220898.259162333], [629160.571365139, 5220898.260026789], [629160.7193100279, 5220898.331115663], [629160.9287796508, 5220898.458397257], [629161.1247783989, 5220898.605579519], [629161.3054222338, 5220898.771247657], [629161.4689747167, 5220898.953809187], [629161.6138636994, 5220899.1515092375], [629161.7386964363, 5220899.3624474155], [629161.8422729729, 5220899.584596078], [629161.9235976796, 5220899.81581982], [629161.9818888226, 5220900.053896005], [629162.0165860783, 5220900.296536124], [629162.0273559194, 5220900.5414078], [629162.0140948206, 5220900.786157204], [629161.9769302545, 5220901.02843168], [629161.9162194652, 5220901.265902367], [629161.8325460354, 5220901.496286578], [629161.7778648776, 5220901.626556143], [629161.7578737685, 5220901.681607036], [629161.810700103, 5220901.706897812], [629162.137113008, 5220901.8439109], [629162.3691246886, 5220901.955684434], [629162.5884065345, 5220902.090733369], [629162.7926316059, 5220902.247624614], [629162.9796327401, 5220902.424693298], [629163.1474255488, 5220902.62006043], [629163.294229475, 5220902.831652844], [629163.4184866885, 5220903.0572252], [629163.5188786169, 5220903.294383804], [629163.5943399371, 5220903.540612016], [629163.6440698807, 5220903.793296949], [629163.6542273519, 5220903.863946831], [629163.7080700966, 5220903.889707608], [629164.1659049678, 5220904.081750439], [629164.3767357296, 5220904.18200546], [629164.5772955017, 5220904.30148959], [629164.7658353809, 5220904.439160914], [629164.9407112789, 5220904.5938189225], [629165.1003982591, 5220904.764114982], [629165.2435038335, 5220904.948564092], [629165.368780106, 5220905.145557836], [629165.4751346536, 5220905.353378406], [629165.5616400535, 5220905.570213586], [629165.6275419691, 5220905.794172549], [629165.637374077, 5220905.834441841], [629165.691345339, 5220905.860363304], [629166.0024117298, 5220905.991389852], [629166.2140275252, 5220906.09246138], [629166.4152416359, 5220906.2129171], [629166.6042834842, 5220906.351697063], [629166.7794896015, 5220906.50758008], [629166.9393182668, 5220906.679194463], [629167.0823630722, 5220906.865030096], [629167.2073652988, 5220907.063451722], [629167.3132249932, 5220907.272713338], [629167.3990106459, 5220907.490973551], [629167.4639673885, 5220907.716311785], [629167.507523636, 5220907.946745186], [629167.524478225, 5220908.0671488], [629167.5778755106, 5220908.092671782], [629167.8793756542, 5220908.219005362], [629168.0916140556, 5220908.319912738], [629168.2934397265, 5220908.440303087], [629168.4830692568, 5220908.579112592], [629168.6588270058, 5220908.73511468], [629168.8191599097, 5220908.906930853], [629168.9626512043, 5220909.093042878], [629169.0880329447, 5220909.291806197], [629169.1941972087, 5220909.501464458], [629169.2802058876, 5220909.72016504], [629169.3452989754, 5220909.94597542], [629169.3889012836, 5220910.176900248], [629169.4059625453, 5220910.298320095], [629169.4589897812, 5220910.323491371], [629169.6787071985, 5220910.414863308], [629169.8911380818, 5220910.515158615], [629170.0932170836, 5220910.634950542], [629170.283159894, 5220910.773181355], [629170.4592893628, 5220910.928630508], [629170.620050308, 5220911.09992542], [629170.7640232483, 5220911.285553601], [629170.8899369367, 5220911.483875995], [629170.9966795848, 5220911.693141462], [629171.0833086804, 5220911.911502238], [629171.1490593087, 5220912.1370302485], [629171.1933509072, 5220912.367734135], [629171.2067911971, 5220912.461295537], [629171.2606309287, 5220912.487062643], [629173.7293690728, 5220913.522937357], [629173.8075591687, 5220913.551319389], [629173.9299129716, 5220913.587455257], [629174.1036292792, 5220913.65313622], [629176.1311703904, 5220914.50709933], [629176.1874231435, 5220914.5276041655], [629176.2477061386, 5220914.491956356], [629176.318684756, 5220914.444919074], [629176.5256059248, 5220914.334193129], [629176.7419981619, 5220914.243358088], [629176.9659545633, 5220914.173214412], [629177.1955015678, 5220914.124380225], [629177.4286163481, 5220914.097285869], [629177.663244637, 5220914.0921701025], [629177.8973188297, 5220914.10907801], [629178.1287762042, 5220914.147860592], [629178.355577099, 5220914.2081760885], [629178.5757228859, 5220914.289492984], [629178.8300481532, 5220914.397255786], [629178.8865821757, 5220914.418001227], [629178.9724860468, 5220914.388045752], [629179.0275765227, 5220914.365734185], [629179.2619382276, 5220914.296556097], [629179.5019340328, 5220914.250588391], [629179.7452710753, 5220914.22827023], [629179.9896245708, 5220914.229814837], [629180.232660024, 5220914.255207456], [629180.4720555318, 5220914.30420549], [629180.7055239665, 5220914.376340826], [629180.9308348258, 5220914.470924298], [629181.1458355434, 5220914.587052279], [629181.2477422751, 5220914.648710852], [629181.302911631, 5220914.675085585], [629183.7720883699, 5220915.709914416], [629183.8283773274, 5220915.730319625], [629183.8940510481, 5220915.6913269665], [629184.1219602041, 5220915.571434753], [629184.3609937077, 5220915.475623948], [629184.6086152515, 5220915.404911168], [629184.8621974036, 5220915.360046724], [629185.1190494859, 5220915.341506657], [629185.376446124, 5220915.349487691], [629185.6316561657, 5220915.383905141], [629185.8819716597, 5220915.444393815], [629186.1247365894, 5220915.530311887], [629186.5622503344, 5220915.711016376], [629186.6186441677, 5220915.731129918], [629186.651320991, 5220915.71149911], [629186.8604560232, 5220915.599016553], [629187.079319836, 5220915.506883938], [629187.3059377598, 5220915.435932519], [629187.5382651648, 5220915.386802445], [629187.7742059083, 5220915.359936987], [629188.0116312463, 5220915.355578533], [629188.2483990407, 5220915.373766408], [629188.4823730858, 5220915.414336515], [629188.7114423821, 5220915.476922813], [629188.9335401824, 5220915.560960628], [629189.3005873901, 5220915.720160725], [629189.3567849704, 5220915.741323663], [629189.3674008608, 5220915.736515991], [629189.5755495428, 5220915.630335135], [629189.816635195, 5220915.537298347], [629190.0660368828, 5220915.4696453065], [629190.3210898732, 5220915.428098853], [629190.5790690522, 5220915.413102889], [629190.837218041, 5220915.42481764], [629191.0927786459, 5220915.463117939], [629191.3430203294, 5220915.527594568], [629191.5852693839, 5220915.617558624], [629191.829125291, 5220915.722761382], [629191.8851983914, 5220915.7437525], [629191.9100303617, 5220915.729357056], [629192.1387865456, 5220915.612023842], [629192.3783833586, 5220915.5188045185], [629192.6262869602, 5220915.450684922], [629192.8798756616, 5220915.408385448], [629193.1364676518, 5220915.39235343], [629193.3933493586, 5220915.402758416], [629193.6478041459, 5220915.439490367], [629193.8971410436, 5220915.502160827], [629194.138723205, 5220915.590107027], [629194.4112911018, 5220915.705530359], [629194.6321156404, 5220915.812099903], [629194.8414385432, 5220915.939788848], [629195.0372462729, 5220916.0873689195], [629195.2176552989, 5220916.253420501], [629195.380930215, 5220916.436346294], [629195.5255004328, 5220916.634386686], [629195.6499752898, 5220916.845636667], [629195.753157427, 5220917.0680641625], [629195.8340543053, 5220917.29952958], [629195.8918877547, 5220917.537806386], [629195.9261014585, 5220917.780602529], [629195.9363663055, 5220918.025582482], [629195.9225835549, 5220918.270389712], [629195.884885787, 5220918.51266935], [629195.8236356276, 5220918.750090837], [629195.7394222594, 5220918.980370347], [629195.5342042956, 5220919.466228262], [629195.5140903126, 5220919.521234383], [629195.5668600474, 5220919.546643053], [629197.6390724782, 5220920.421909676], [629197.8589732429, 5220920.527721317], [629198.0675100238, 5220920.654468548], [629198.2626958007, 5220920.800943673], [629198.4426707671, 5220920.965751018], [629198.6057200509, 5220921.147320236], [629198.7502900545, 5220921.343921263], [629198.8750032583, 5220921.553680806], [629198.9786713462, 5220921.774600198], [629199.0603065279, 5220922.004574428], [629199.1191309512, 5220922.241412214], [629199.1545841143, 5220922.4828568725], [629199.1663282054, 5220922.726607823], [629199.1542513222, 5220922.970342511], [629199.1184685378, 5220923.211738539], [629199.0593208049, 5220923.4484957885], [629198.977371706, 5220923.678358345], [629196.0467220277, 5220930.781831047], [629196.027068587, 5220930.837003392], [629196.0800488776, 5220930.861970026], [629196.8300901974, 5220931.1714114], [629197.0404343602, 5220931.269861633], [629197.240734989, 5220931.387406405], [629197.4292635017, 5220931.523031311], [629197.6043929086, 5220931.675565917], [629197.7646118539, 5220931.843693859], [629197.9085376579, 5220932.025964202], [629198.0349282498, 5220932.220803966], [629198.1426928865, 5220932.426531695], [629198.1569337484, 5220932.457093257], [629198.2112237146, 5220932.483152147], [629200.6787762963, 5220933.521847858], [629200.7338069679, 5220933.541894521], [629200.7591510566, 5220933.4890937405], [629201.4384464825, 5220931.875341836], [629201.5457373067, 5220931.652087155], [629201.6745941906, 5220931.440545486], [629201.823752193, 5220931.242793459], [629201.9917470842, 5220931.060772333], [629202.1769297194, 5220930.896268943], [629202.3774822283, 5220930.750898159], [629202.5914358599, 5220930.626087032], [629202.8166903092, 5220930.523060788], [629203.0510343355, 5220930.442830799], [629203.2921674687, 5220930.386184652], [629203.5377225926, 5220930.353678423], [629203.7852891821, 5220930.345631214], [629204.0324369661, 5220930.36212202], [629204.2767397849, 5220930.402988957], [629204.5157994066, 5220930.46783085], [629204.7472690698, 5220930.55601117], [629207.1157852772, 5220931.595437329], [629207.1705066627, 5220931.616313509], [629207.1966459503, 5220931.563901845], [629207.7509405816, 5220930.300843565], [629207.8601339913, 5220930.081833094], [629207.9902172098, 5220929.874547921], [629208.1399437527, 5220929.6809742935], [629208.3078789092, 5220929.5029670745], [629208.4924134904, 5220929.342231966], [629208.6917792477, 5220929.200309164], [629208.9040658176, 5220929.078558603], [629209.1272390262, 5220928.978146922], [629209.3591603821, 5220928.900036285], [629209.597607567, 5220928.844975165], [629209.840295731, 5220928.81349117], [629210.0848993859, 5220928.8058859855], [629210.3290746893, 5220928.822232485], [629210.5704819032, 5220928.862374034], [629210.8068078138, 5220928.925925988], [629211.0357878977, 5220929.012279378], [629212.9505206776, 5220929.843556894], [629213.2186788573, 5220929.979696997], [629213.2898634551, 5220930.027373989], [629213.2903363465, 5220930.026606399], [629213.394650532, 5220930.090871525], [629213.4496063185, 5220930.117688422], [629215.8789409589, 5220931.15883184], [629216.0903387782, 5220931.2614461435], [629216.2911682084, 5220931.38345546], [629216.4796549219, 5220931.523781838], [629216.6541336394, 5220931.681185492], [629216.8130628417, 5220931.854275763], [629216.9550383898, 5220932.041523399], [629217.0788059301, 5220932.241274066], [629217.1832719767, 5220932.45176297], [629217.2675135722, 5220932.67113044], [629217.3307864427, 5220932.897438365], [629217.3415502285, 5220932.957064822], [629217.3602358097, 5220933.036956302], [629217.413952664, 5220933.063400959], [629219.8580868558, 5220934.120990973], [629220.0772110156, 5220934.228803736], [629220.2847706543, 5220934.357481573], [629220.4787851883, 5220934.5057966085], [629220.6574032848, 5220934.672333585], [629220.8189205274, 5220934.855503369], [629220.9617956799, 5220935.053558109], [629221.0846653938, 5220935.264607919], [629221.1863572169, 5220935.486638914], [629221.2659007815, 5220935.717532419], [629221.3225370642, 5220935.955085193], [629221.3557256279, 5220936.197030452], [629221.3651497794, 5220936.441059497], [629221.3507195913, 5220936.684843743], [629221.3125727597, 5220936.926056945], [629221.2510732911, 5220937.1623973865], [629221.1668080279, 5220937.391609853], [629220.8751095684, 5220938.079326176], [629220.8549129245, 5220938.13430199], [629220.9076443953, 5220938.159789952], [629221.0633406669, 5220938.225829337], [629221.2755848435, 5220938.327903809], [629221.4772819113, 5220938.449497729], [629221.6666418719, 5220938.589531988], [629221.8419842151, 5220938.746763826], [629222.0017528327, 5220938.919797861], [629222.1445298282, 5220939.1070984695], [629222.2690481008, 5220939.307003417], [629222.3742025897, 5220939.517738611], [629222.4590600821, 5220939.737433841], [629222.522867494, 5220939.964139383], [629222.5366460155, 5220940.023727076], [629222.5902960524, 5220940.050306997], [629223.2131800266, 5220940.321697668], [629223.4456016094, 5220940.43768354], [629223.6647337492, 5220940.5771597745], [629223.8682107825, 5220940.738620642], [629224.0538360521, 5220940.920323074], [629224.2196056213, 5220941.120305485], [629224.3637299079, 5220941.336408943], [629224.4846530033, 5220941.566300482], [629224.5810694698, 5220941.807498284], [629224.6048671316, 5220941.877360817], [629224.6587526879, 5220941.903863337], [629227.1162473096, 5220942.966136663], [629227.1724710974, 5220942.987229859], [629227.2009283735, 5220942.9742997], [629227.4432286507, 5220942.879093815], [629227.6941158725, 5220942.809601462], [629227.9508694743, 5220942.766576203], [629228.2107052784, 5220942.750484592], [629228.4708056842, 5220942.761501124], [629228.7283502216, 5220942.799506338], [629228.980546136, 5220942.864088114], [629229.2246586722, 5220942.954546141], [629229.9967996485, 5220943.287357064], [629230.0540751036, 5220943.308776811], [629230.121368942, 5220943.326656762], [629230.4528163521, 5220943.44012016], [629230.7304509348, 5220943.5574846435], [629230.9619010783, 5220943.669691178], [629231.1805970235, 5220943.805085266], [629231.3842237606, 5220943.962233691], [629231.5706257959, 5220944.139472954], [629231.7378299673, 5220944.334926888], [629231.8840663327, 5220944.546526512], [629232.0077869045, 5220944.772031935], [629232.1076820367, 5220945.009056064], [629232.1490707113, 5220945.123363007], [629232.203312873, 5220945.14869831], [629232.7892551197, 5220945.388100047], [629232.9991766425, 5220945.485436466], [629233.1991995806, 5220945.601764658], [629233.387610412, 5220945.736088083], [629233.5627950911, 5220945.887256043], [629233.723252876, 5220946.053973539], [629233.8676091846, 5220946.234812363], [629233.9946273701, 5220946.428223336], [629234.089296165, 5220946.606351826], [629234.0960382788, 5220946.617589672], [629234.1727751321, 5220946.663540236], [629234.3706398982, 5220946.795189886], [629234.5551096222, 5220946.9450331945], [629234.7245172262, 5220947.111716006], [629234.8773317507, 5220947.293731987], [629235.0121721901, 5220947.4894362325], [629235.1278199733, 5220947.697060139], [629235.2232299753, 5220947.91472738], [629235.2975399633, 5220948.140470866], [629235.3500783878, 5220948.372250524], [629235.3803704517, 5220948.60797173], [629235.3881424019, 5220948.845504239], [629235.373324002, 5220949.082701438], [629235.3360491679, 5220949.317419743], [629235.2766547574, 5220949.547537974], [629235.1956775258, 5220949.77097652], [629234.6915644393, 5220950.979317454], [629234.6716932817, 5220951.034411756], [629234.7245745818, 5220951.059587418], [629236.1822135174, 5220951.667706238], [629236.4371016216, 5220951.79144101], [629236.6763519873, 5220951.943222109], [629236.8968915585, 5220952.121099981], [629236.9402831048, 5220952.160357748], [629236.995314749, 5220952.186326079], [629238.4643597798, 5220952.793298648], [629238.6622053247, 5220952.885347489], [629238.8512704662, 5220952.994298034], [629239.0301148046, 5220953.119320238], [629239.197375808, 5220953.259461615], [629239.2900019903, 5220953.344217837], [629239.3427110593, 5220953.369077117], [629239.434139424, 5220953.406831309], [629239.6548562896, 5220953.510856255], [629239.8643810537, 5220953.635902236], [629240.0607177959, 5220953.780778073], [629240.2419962242, 5220953.944103684], [629240.4064894911, 5220954.124323243], [629240.5526306437, 5220954.319719988], [629240.6790275502, 5220954.52843258], [629240.7844761612, 5220954.748472837], [629240.8679719797, 5220954.977744668], [629240.9287196293, 5220955.214064043], [629240.9661404318, 5220955.455179798], [629240.9798779188, 5220955.698795081], [629240.9698012278, 5220955.942589224], [629240.9360063488, 5220956.184239862], [629240.8788152097, 5220956.421445042], [629240.79877261, 5220956.651945164], [629240.4268960488, 5220957.574826726], [629240.4076135259, 5220957.630402932], [629240.4707175802, 5220957.667402986], [629240.5460648038, 5220957.706640561], [629240.7471662671, 5220957.83727011], [629240.934826802, 5220957.9865664635], [629241.1073197551, 5220958.1531559555], [629241.2630580292, 5220958.335505805], [629241.4006086856, 5220958.531938221], [629241.5187061288, 5220958.740645844], [629241.6162637514, 5220958.959708364], [629241.6923839315, 5220959.187110201], [629241.7463662918, 5220959.4207590455], [629241.777714144, 5220959.658505107], [629241.7861390582, 5220959.898160899], [629241.7715635173, 5220960.137521362], [629241.73412163, 5220960.374384155], [629241.6741578968, 5220960.606569917], [629241.5922240407, 5220960.831942322], [629241.3574188048, 5220961.392501563], [629241.3374687681, 5220961.447567353], [629241.390313963, 5220961.472818719], [629243.8596860402, 5220962.507181282], [629243.9152181355, 5220962.52730026], [629243.9780323068, 5220962.443304805], [629244.0024476977, 5220962.407182917], [629244.1639499727, 5220962.213588718], [629244.3441293432, 5220962.03724504], [629244.5411534079, 5220961.879945273], [629244.7530184574, 5220961.743289137], [629244.9775698514, 5220961.628666407], [629245.2125239309, 5220961.537242783], [629245.455491243, 5220961.469948029], [629245.7040008416, 5220961.427466526], [629245.9555254155, 5220961.410230304], [629246.2075069924, 5220961.418414655], [629246.4573829516, 5220961.451936343], [629246.702612087, 5220961.510454458], [629246.9407004495, 5220961.593373879], [629246.977847701, 5220961.608451788], [629247.0331314236, 5220961.627789693], [629247.0577949678, 5220961.574667614], [629249.2491318646, 5220956.175899058], [629249.2684697717, 5220956.120615328], [629249.2186131984, 5220956.097467895], [629249.0065430758, 5220955.9863693], [629248.8060723598, 5220955.855494831], [629248.6190394997, 5220955.706044692], [629248.4471597105, 5220955.539389441], [629248.2920092435, 5220955.357057416], [629248.1550109313, 5220955.160720722], [629248.037421139, 5220954.952179898], [629247.9403182426, 5220954.7333474], [629247.8645927402, 5220954.5062300665], [629247.8109390846, 5220954.272910715], [629247.7798493153, 5220954.035529037], [629247.7716085461, 5220953.79626198], [629247.7862923503, 5220953.557303782], [629247.8237660676, 5220953.320845846], [629247.8836860394, 5220953.08905665], [629247.9655027596, 5220952.864061852], [629249.262581197, 5220949.767498432], [629249.2825312318, 5220949.712432647], [629249.174311527, 5220949.660721315], [629249.1753299602, 5220949.658589973], [629249.0554818321, 5220949.601384822], [629248.8472097799, 5220949.475786785], [629248.652127626, 5220949.330545372], [629248.4720816942, 5220949.167035199], [629248.3087759998, 5220948.986803778], [629248.1637561235, 5220948.791556884], [629248.0383945822, 5220948.583142396], [629247.9338778402, 5220948.363532822], [629247.8511950789, 5220948.134806619], [629247.7911288365, 5220947.899128531], [629247.7542475996, 5220947.658729095], [629247.7409004252, 5220947.415883532], [629247.7512136353, 5220947.172890214], [629247.7850896221, 5220946.932048913], [629247.8422077721, 5220946.695639033], [629247.9220274993, 5220946.465898036], [629249.2581039516, 5220943.150173274], [629249.277301912, 5220943.094840795], [629249.1683877235, 5220943.044608659], [629249.1695823338, 5220943.042018484], [629249.0534648494, 5220942.98842645], [629248.8407713394, 5220942.863487502], [629248.6414258775, 5220942.718195875], [629248.4573692359, 5220942.553966089], [629248.2903933394, 5220942.372397039], [629248.1421238186, 5220942.175256431], [629248.014004185, 5220941.964463572], [629247.9072817757, 5220941.742070682], [629247.8229956104, 5220941.5102429185], [629247.7619662761, 5220941.2712372895], [629247.7247879374, 5220941.02738069], [629247.7118225524, 5220940.78104724], [629247.7231963483, 5220940.534635173], [629247.7587985931, 5220940.290543489], [629247.8182826733, 5220940.051148597], [629247.9010694682, 5220939.81878118], [629249.2555903487, 5220936.538572445], [629249.2752613075, 5220936.483406343], [629249.2222889317, 5220936.45842288], [629249.1711367362, 5220936.437300225], [629248.9492113201, 5220936.332631392], [629248.7386154723, 5220936.206711404], [629248.5413778691, 5220936.0607532505], [629248.3593985068, 5220935.896162951], [629248.1944303986, 5220935.714526012], [629248.0480626879, 5220935.517592144], [629247.9217053393, 5220935.307258422], [629247.8165755575, 5220935.085550993], [629247.733686061, 5220934.854605575], [629247.6738353272, 5220934.616646872], [629247.6375999, 5220934.373967148], [629247.6253288366, 5220934.128904144], [629247.6371403445, 5220933.883818561], [629247.672920643, 5220933.641071317], [629247.7323250594, 5220933.403000802], [629247.8147813488, 5220933.171900358], [629249.2404703952, 5220929.721330233], [629249.2601525453, 5220929.666168127], [629249.2118948636, 5220929.643396294], [629249.0015509322, 5220929.531590064], [629248.8028032412, 5220929.400271528], [629248.617456267, 5220929.2506329585], [629248.4471928182, 5220929.0840329565], [629248.2935587558, 5220928.901984124], [629248.1579489595, 5220928.706139324], [629248.041594662, 5220928.498276678], [629247.9455522711, 5220928.280283418], [629247.8706937779, 5220928.0541387545], [629247.81769884, 5220927.8218959095], [629247.787048611, 5220927.585663469], [629247.7790213712, 5220927.3475862425], [629247.7936900018, 5220927.109825788], [629247.830921323, 5220926.874540788], [629247.890377303, 5220926.64386745], [629247.9715181269, 5220926.41990011], [629249.2509355615, 5220923.353182545], [629249.2708942458, 5220923.297845568], [629249.2192439836, 5220923.2667088825], [629249.1038550021, 5220923.204425691], [629248.8944904769, 5220923.06235576], [629248.7005581849, 5220922.899851495], [629248.5240445316, 5220922.718577393], [629248.3667575074, 5220922.520390205], [629248.2303081687, 5220922.307319917], [629248.1160941358, 5220922.081548961], [629248.0252852779, 5220921.84538986], [629247.9588117298, 5220921.601261539], [629247.9173543657, 5220921.351664551], [629247.9013378242, 5220921.099155461], [629247.910926159, 5220920.846320666], [629247.9460211591, 5220920.595749897], [629248.006263354, 5220920.350009693], [629248.0910356963, 5220920.111617118], [629249.245193843, 5220917.321924041], [629249.264901777, 5220917.26677114], [629249.1615099306, 5220917.217923492], [629248.9502028496, 5220917.105414507], [629248.7506257361, 5220916.973210384], [629248.5646085994, 5220916.82252336], [629248.3938571111, 5220916.65473515], [629248.2399369653, 5220916.471384276], [629248.1042595226, 5220916.274151961], [629247.9880688682, 5220916.064846715], [629247.8924304042, 5220915.8453877475], [629247.8182210814, 5220915.617787372], [629247.766121357, 5220915.384132557], [629247.736608956, 5220915.146565782], [629247.7299544903, 5220914.9072654005], [629247.7462189776, 5220914.668425662], [629247.7852532818, 5220914.432236591], [629247.8466994804, 5220914.200863907], [629247.9299941468, 5220913.976429166], [629249.2469530939, 5220910.8897183705], [629249.2672360283, 5220910.834882867], [629249.230914888, 5220910.81709725], [629249.010675222, 5220910.695136892], [629248.8038182587, 5220910.551644605], [629248.6124416877, 5220910.388075514], [629248.4384862159, 5220910.206088334], [629248.2837158864, 5220910.007528558], [629248.14970019, 5220909.794409735], [629248.03779815, 5220909.568893055], [629247.9491445394, 5220909.333265432], [629247.8846383747, 5220909.089916311], [629247.8449337982, 5220908.841313443], [629247.830433445, 5220908.589977852], [629247.8412843602, 5220908.338458276], [629247.8773765068, 5220908.089305318], [629247.9383438827, 5220907.845045581], [629248.0235682313, 5220907.608156051], [629249.2431506697, 5220904.688788812], [629249.2630481593, 5220904.633704019], [629249.15477917, 5220904.582095959], [629249.1560105836, 5220904.579512566], [629249.0412734097, 5220904.524794694], [629248.8304842915, 5220904.397422441], [629248.63325068, 5220904.24992788], [629248.4514867116, 5220904.083742432], [629248.2869563906, 5220903.900478915], [629248.1412564707, 5220903.701915886], [629248.0158009576, 5220903.489980384], [629247.9118073869, 5220903.266729224], [629247.830285008, 5220903.034329041], [629247.7720249887, 5220902.795035261], [629247.7375927379, 5220902.551170209], [629247.7273224177, 5220902.305100577], [629247.7413137009, 5220902.059214451], [629247.779430803, 5220901.815898134], [629247.8413038009, 5220901.577512994], [629247.9263322221, 5220901.346372537], [629249.244514834, 5220898.243960847], [629249.2647456875, 5220898.188997604], [629249.2120300707, 5220898.163476824], [629249.08253017, 5220898.108453657], [629248.8611865505, 5220898.001263893], [629248.6514457293, 5220897.872844925], [629248.4553374151, 5220897.724439493], [629248.2747593917, 5220897.5574837485], [629248.1114591529, 5220897.373593358], [629247.9670169915, 5220897.174547873], [629247.8428307064, 5220896.962273499], [629247.7401020761, 5220896.7388244625], [629247.6598252284, 5220896.50636313], [629247.6027770203, 5220896.267139083], [629247.56950952, 5220896.023467342], [629247.5603446645, 5220895.777705978], [629247.5753711441, 5220895.532233274], [629247.6144435443, 5220895.289424726], [629247.6771837528, 5220895.051630046], [629247.7629846184, 5220894.821150428], [629249.2572075877, 5220891.3412679965], [629249.2776474301, 5220891.286382136], [629249.225029312, 5220891.260660961], [629249.1496915672, 5220891.228311768], [629248.930455583, 5220891.121216243], [629248.7227036397, 5220890.993259227], [629248.528414661, 5220890.845659562], [629248.3494393312, 5220890.679823199], [629248.1874824651, 5220890.497329798], [629248.0440867698, 5220890.299917684], [629247.9206181492, 5220890.089467291], [629247.8182526939, 5220889.867983247], [629247.7379654775, 5220889.637575281], [629247.6805212694, 5220889.400438124], [629247.64646725, 5220889.158830608], [629247.6361277978, 5220888.915054145], [629247.6496014005, 5220888.6714308085], [629247.6867597164, 5220888.430281213], [629247.7472487969, 5220888.193902409], [629247.8304924584, 5220887.964546002], [629249.2523985488, 5220884.572885764], [629249.2723654119, 5220884.517826074], [629249.2195279591, 5220884.4925585715], [629249.1818953602, 5220884.476781631], [629248.9607788603, 5220884.371054399], [629248.7510777275, 5220884.244183641], [629248.5548074669, 5220884.097388754], [629248.3738544948, 5220883.932080629], [629248.2099580083, 5220883.749848098], [629248.064693269, 5220883.552442652], [629247.9394564629, 5220883.341761622], [629247.8354512813, 5220883.119829929], [629247.753677351, 5220882.88878063], [629247.6949206279, 5220882.650834414], [629247.6597458413, 5220882.4082782585], [629247.6484910676, 5220882.163443449], [629247.66126448, 5220881.91868317], [629247.6979433091, 5220881.676349892], [629247.7581750229, 5220881.438772758], [629247.8413807153, 5220881.208235197], [629249.2458356528, 5220877.8433952425], [629249.2658036167, 5220877.788061611], [629249.2378506024, 5220877.77120411], [629249.0907489897, 5220877.692297206], [629248.8917458092, 5220877.559612143], [629248.7063331588, 5220877.408517004], [629248.5362081601, 5220877.240394796], [629248.3829280037, 5220877.056784378], [629248.2478956959, 5220876.859366376], [629248.1323472164, 5220876.649947798], [629248.037340205, 5220876.430445498], [629247.9637442817, 5220876.202868627], [629247.9122330855, 5220875.969300247], [629247.8832781095, 5220875.731878256], [629247.8771443848, 5220875.492775832], [629247.8938880548, 5220875.254181529], [629247.9333558609, 5220875.018279253], [629247.9951865459, 5220874.787228266], [629248.0788141604, 5220874.563143429], [629249.2375357746, 5220871.860587073], [629249.2579460099, 5220871.805690191], [629249.2053140266, 5220871.779997402], [629248.9448918107, 5220871.668341321], [629248.7254408649, 5220871.5612776205], [629248.5174810643, 5220871.433316397], [629248.3229962242, 5220871.285678324], [629248.1438416165, 5220871.119771784], [629247.9817262714, 5220870.9371794285], [629247.838196675, 5220870.739643081], [629247.7146220158, 5220870.529047124], [629247.6121811239, 5220870.30740052], [629247.5318512258, 5220870.076817648], [629247.4743986216, 5220869.839498133], [629247.4403713759, 5220869.597705867], [629247.4300940885, 5220869.353747405], [629247.443664799, 5220869.109949971], [629247.4809540506, 5220868.8686392475], [629247.5283734229, 5220868.683720148], [629231.2833869967, 5220861.026199693], [629203.5260130609, 5220855.538931355]]]]}}, {"type": "Feature", "properties": {"vineyard_id": "V03", "area_m2": 175.6}, "geometry": {"type": "Polygon", "coordinates": [[[629048.1450345621, 5220760.905939126], [629047.9440448137, 5220761.015708761], [629047.7183783815, 5220761.111588474], [629047.4844050881, 5220761.184901202], [629047.2443755042, 5220761.234941754], [629047.0005984554, 5220761.261228794], [629046.7554188141, 5220761.263509471], [629046.5111949439, 5220761.241761845], [629046.270276015, 5220761.196195106], [629046.0349794077, 5220761.127247557], [629045.8075684212, 5220761.035582399], [629045.5902305043, 5220760.922081351], [629045.385056213, 5220760.787836172], [629045.194019103, 5220760.634138154], [629045.0189567447, 5220760.462465708], [629044.8615530496, 5220760.274470137], [629044.7233220714, 5220760.071959755], [629044.6055934427, 5220759.856882495], [629044.5094995862, 5220759.631307167], [629044.4359648211, 5220759.397403562], [629044.3856964724, 5220759.157421581], [629044.3591780675, 5220758.913669592], [629044.3567635822, 5220758.678139553], [629044.3564947475, 5220758.673616596], [629044.3551732354, 5220758.665297832], [629044.309022293, 5220758.445893667], [629044.2823407423, 5220758.205497844], [629044.2798644543, 5220758.025429853], [629041.4074603947, 5220755.884777229], [629041.3524765722, 5220755.874612567], [629041.1133346696, 5220755.805212202], [629040.8822829478, 5220755.712366297], [629040.6616136342, 5220755.596995961], [629040.4535159542, 5220755.460245766], [629040.2600544121, 5220755.303472389], [629040.0831483089, 5220755.128231152], [629039.9245527023, 5220754.936260598], [629039.7858409941, 5220754.729465234], [629039.7385214189, 5220754.6410042355], [629038.504303801, 5220753.721206349], [629037.3897812206, 5220752.975834014], [629037.3395580701, 5220752.945702953], [629037.3046493672, 5220752.992730909], [629032.0768459206, 5220760.809636252], [629032.0612502317, 5220760.83424138], [629029.4903983267, 5220764.6781830955], [629029.4602664218, 5220764.728405733], [629029.5072937829, 5220764.763315225], [629031.7327062186, 5220766.251684775], [629031.7829288568, 5220766.281816681], [629031.8178383501, 5220766.234789319], [629033.8297495611, 5220763.226576587], [629033.9789296758, 5220763.0260016695], [629034.1473940755, 5220762.841326955], [629034.3334585209, 5220762.674398746], [629034.5352628137, 5220762.526885928], [629034.7507893953, 5220762.400263272], [629034.9778835169, 5220762.295796703], [629035.2142747823, 5220762.214530634], [629035.457599846, 5220762.157277531], [629035.7054260409, 5220762.124609789], [629035.9552757, 5220762.116854006], [629036.204650926, 5220762.134087722], [629036.451058565, 5220762.17613864], [629036.692035132, 5220762.242586353], [629036.9251714392, 5220762.332766542], [629037.1481366829, 5220762.445777623], [629037.358701746, 5220762.580489755], [629037.5547614828, 5220762.735556141], [629037.5996704977, 5220762.774880156], [629037.6494027766, 5220762.810460825], [629039.9005972263, 5220764.259539177], [629039.9513410149, 5220764.288784895], [629039.9781567445, 5220764.251303662], [629040.1262248507, 5220764.0639456], [629040.2914937396, 5220763.891569843], [629040.4724554397, 5220763.735749207], [629040.6674587926, 5220763.597905457], [629040.8747245185, 5220763.479296325], [629041.0923614522, 5220763.381004045], [629041.318383797, 5220763.303925469], [629041.5507292454, 5220763.248763889], [629041.7872777956, 5220763.21602262], [629042.0258710949, 5220763.2060004035], [629042.2643321338, 5220763.218788687], [629042.5004851096, 5220763.2542707855], [629042.7321752793, 5220763.312122947], [629042.9572886196, 5220763.391817308], [629043.1737711172, 5220763.49262671], [629043.3796475091, 5220763.613631332], [629043.4059295515, 5220763.630818404], [629043.6045378448, 5220763.775098482], [629043.7880384072, 5220763.938161472], [629043.9546619416, 5220764.118435132], [629044.1028018772, 5220764.314181281], [629044.2310298606, 5220764.523512548], [629044.3381095281, 5220764.744410578], [629044.423008426, 5220764.9747454915], [629044.4849079662, 5220765.212296416], [629044.5232113182, 5220765.454772906], [629044.5375491643, 5220765.699837023], [629044.52778326, 5220765.945125878], [629044.4940077674, 5220766.188274414], [629044.4365483471, 5220766.426938216], [629044.3559590182, 5220766.658816105], [629044.2530168166, 5220766.881672332], [629044.1287143022, 5220767.093358137], [629042.0626452076, 5220770.246348336], [629042.0328565479, 5220770.297074725], [629042.1221024005, 5220770.37651514], [629042.2934366758, 5220770.544434951], [629042.4478869992, 5220770.7280039955], [629042.5840311304, 5220770.925531898], [629042.7006153997, 5220771.135199741], [629042.7965662526, 5220771.3550768215], [629042.8710001354, 5220771.583138422], [629042.923231631, 5220771.817284461], [629042.9527797712, 5220772.055358827], [629042.9593724647, 5220772.295169238], [629042.9429490034, 5220772.534507423], [629042.9036606211, 5220772.771169459], [629042.841869101, 5220773.00297607], [629042.758143444, 5220773.227792686], [629042.6532546293, 5220773.443549107], [629042.5281685152, 5220773.648258561], [629042.0837441712, 5220774.302778819], [629042.0532606706, 5220774.352788834], [629042.1000419621, 5220774.388027382], [629044.3149580378, 5220775.891972617], [629044.3649680461, 5220775.922456115], [629044.4002065985, 5220775.875674818], [629052.4077273307, 5220764.082701264], [629048.1450345621, 5220760.905939126]]]}}, {"type": "Feature", "properties": {"vineyard_id": "V04", "area_m2": 12750.0}, "geometry": {"type": "MultiPolygon", "coordinates": [[[[629103.2145185999, 5220658.476263825], [629103.1638603464, 5220658.446359454], [629103.1347492911, 5220658.4789137915], [629103.0347193063, 5220658.602258793], [629102.922366326, 5220658.71553429], [629104.2934790279, 5220659.186803105], [629103.2145185999, 5220658.476263825]]], [[[629026.312719351, 5220740.8378318045], [629026.5414545378, 5220741.008157312], [629026.7493033806, 5220741.203424878], [629026.7858350846, 5220741.2465807535], [629028.1425209084, 5220742.257647793], [629028.6803448347, 5220742.61139105], [629028.9095723499, 5220742.7816812815], [629029.1178850709, 5220742.977001088], [629029.1352422037, 5220742.997471091], [629030.5164211363, 5220744.026791564], [629031.0935469704, 5220744.405761643], [629031.268169682, 5220744.531506912], [629031.431332107, 5220744.671802981], [629031.5643789145, 5220744.807779727], [629032.9633444716, 5220745.850355641], [629033.4526022808, 5220746.172182046], [629033.6278672926, 5220746.298651141], [629033.7915540464, 5220746.439785484], [629033.8906916191, 5220746.541459003], [629035.2873702687, 5220747.582330606], [629035.9057586172, 5220747.991141804], [629036.0798492996, 5220748.117314774], [629036.2424550697, 5220748.257979437], [629036.3702202423, 5220748.389322097], [629037.7377975528, 5220749.408505993], [629038.363305827, 5220749.822475982], [629038.5395507755, 5220749.950497845], [629038.7039822305, 5220750.09337603], [629038.825434767, 5220750.219065164], [629040.1992492814, 5220751.2428973215], [629041.2850670845, 5220751.96939277], [629041.3368410153, 5220752.000468564], [629041.3409491029, 5220752.000269302], [629041.6009674484, 5220752.001195161], [629041.8594832321, 5220752.029123404], [629042.1136999172, 5220752.083751916], [629042.3608674732, 5220752.164489742], [629042.5983121244, 5220752.270463488], [629042.8234652746, 5220752.400526766], [629042.8591116925, 5220752.423670966], [629043.0481724378, 5220752.559334878], [629043.2238003511, 5220752.711989712], [629043.38447383, 5220752.880312899], [629043.5288008337, 5220753.062846124], [629043.6555309439, 5220753.2580079585], [629043.7635661981, 5220753.464107561], [629043.851970602, 5220753.679359329], [629043.9199782385, 5220753.901898367], [629043.9477402951, 5220754.036451764], [629045.1402131965, 5220754.925139495], [629045.7646739195, 5220755.333726855], [629045.9391284582, 5220755.458891603], [629046.1021998413, 5220755.598563806], [629046.2526852391, 5220755.751713228], [629046.2580520818, 5220755.7582063945], [629047.6228770161, 5220756.775339087], [629048.2527009341, 5220757.187463294], [629048.4275303534, 5220757.31293066], [629048.5909223035, 5220757.4529679995], [629048.7416661835, 5220757.606537751], [629048.7471907696, 5220757.6132313665], [629054.1207947992, 5220761.617897606], [629054.3633534748, 5220761.5736091025], [629054.6162097462, 5220761.553567347], [629054.8697953698, 5220761.55925044], [629055.1214999161, 5220761.590599881], [629055.3687323196, 5220761.647292955], [629055.6089475518, 5220761.728746059], [629055.8396728189, 5220761.83412071], [629056.0585330181, 5220761.962332173], [629056.6217170572, 5220762.331856376], [629056.674300154, 5220762.362777972], [629056.7815536145, 5220762.40014383], [629056.7848198414, 5220762.401099694], [629056.7883897318, 5220762.402525454], [629056.7898605044, 5220762.403037854], [629056.7898375656, 5220762.403103696], [629057.0059342877, 5220762.489409413], [629057.2176449602, 5220762.598353418], [629057.4180315512, 5220762.726943538], [629057.6052764677, 5220762.874013405], [629057.7776813174, 5220763.038229034], [629057.9336823135, 5220763.218100917], [629058.0718644595, 5220763.411997536], [629058.1909743836, 5220763.618160169], [629058.2899317072, 5220763.834718828], [629058.3678388447, 5220764.059709234], [629058.4239891443, 5220764.291090626], [629058.4578732988, 5220764.5267642755], [629058.4691839641, 5220764.76459252], [629058.4648494206, 5220764.85529448], [629061.1360816298, 5220766.846024237], [629061.3515608066, 5220766.809667949], [629061.59077094, 5220766.792610971], [629061.8305148103, 5220766.798552773], [629062.0685862973, 5220766.827438678], [629062.3027946698, 5220766.879002877], [629062.5309847451, 5220766.952770878], [629062.7510567207, 5220767.048063867], [629062.9609854969, 5220767.164004961], [629063.1588393113, 5220767.299527272], [629063.3427975156, 5220767.453383722], [629063.5111673283, 5220767.624158529], [629063.6623994125, 5220767.810280223], [629063.7951021321, 5220768.010036116], [629063.9080543584, 5220768.221588055], [629064.0002167063, 5220768.442989342], [629064.0423872322, 5220768.559794524], [629064.0899675521, 5220768.594387852], [629066.3300324535, 5220770.060612151], [629066.3823890304, 5220770.09132229], [629066.4284258783, 5220770.097705574], [629066.672153998, 5220770.143925624], [629066.9101014908, 5220770.214073184], [629067.1399254422, 5220770.307457555], [629067.3593629252, 5220770.423159243], [629067.5662532813, 5220770.560039007], [629067.7585593957, 5220770.716749082], [629067.934387755, 5220770.8917464465], [629068.0920070916, 5220771.083308014], [629068.2298654303, 5220771.289547603], [629068.3466053696, 5220771.508434505], [629068.4410774469, 5220771.737813484], [629068.4823694304, 5220771.854154117], [629068.5299883466, 5220771.889273919], [629070.7600116563, 5220773.3707260825], [629070.8107536916, 5220773.40095573], [629070.8837393977, 5220773.334449335], [629071.07392353, 5220773.177592986], [629071.2786317128, 5220773.040230406], [629071.4958733987, 5220772.923697286], [629071.7235361673, 5220772.8291267725], [629071.9594062654, 5220772.757438453], [629072.2011901328, 5220772.709329411], [629072.446536705, 5220772.685267454], [629072.6930602745, 5220772.685486553], [629072.9383636886, 5220772.70998458], [629073.1800616597, 5220772.758523318], [629073.4158039583, 5220772.830630787], [629073.643298267, 5220772.925605824], [629073.8603324709, 5220773.0425249105], [629074.0647961665, 5220773.180251144], [629074.2547011845, 5220773.337445299], [629074.4282009213, 5220773.512578848], [629074.5836082953, 5220773.70394882], [629074.6348225395, 5220773.773788061], [629074.6835020871, 5220773.81030025], [629076.9014979184, 5220775.309699753], [629076.9938099604, 5220775.365709025], [629077.1273075672, 5220775.4379945025], [629077.3305659745, 5220775.575401711], [629077.5193768888, 5220775.732070661], [629077.691921843, 5220775.906492449], [629077.8465390296, 5220776.096987192], [629077.9817393067, 5220776.301720204], [629078.0962205392, 5220776.51871967], [629078.1888801408, 5220776.745895636], [629078.2588256921, 5220776.981060134], [629078.3053835371, 5220777.221948258], [629078.3281052696, 5220777.466239977], [629078.3267720533, 5220777.71158248], [629078.3013967284, 5220777.955612835], [629078.2522236886, 5220778.195980747], [629078.1797265274, 5220778.430371197], [629078.0846034759, 5220778.656526732], [629078.0589812393, 5220778.709945478], [629078.1060393351, 5220778.7452451475], [629079.2127360714, 5220779.493469385], [629080.7151188911, 5220780.3630187595], [629080.7544194141, 5220780.374593052], [629080.9616543542, 5220780.4562963], [629081.1607937885, 5220780.5561222825], [629081.3502566534, 5220780.673278435], [629081.907139271, 5220781.05293651], [629083.1330049481, 5220781.762443248], [629088.2507292286, 5220774.25576322], [629088.4014748827, 5220774.056776154], [629088.5713142451, 5220773.873815242], [629088.7585538104, 5220773.7087048255], [629088.9613265725, 5220773.563091257], [629089.1776106401, 5220773.43842648], [629089.4052493979, 5220773.335953555], [629089.6419730105, 5220773.256694261], [629089.8854210555, 5220773.20143891], [629090.1331660597, 5220773.170738465], [629090.3827377041, 5220773.164899047], [629090.6316474555, 5220773.183978882], [629090.8774133809, 5220773.22778772], [629091.1175848951, 5220773.295888735], [629091.3497671959, 5220773.387602876], [629091.571645143, 5220773.502015642], [629091.7810063435, 5220773.637986198], [629091.9757632116, 5220773.794158753], [629092.1539737843, 5220773.968976076], [629092.3138610852, 5220774.160695025], [629092.4538308434, 5220774.367403929], [629092.5724873904, 5220774.58704165], [629092.6275047368, 5220774.718849868], [629092.6504708695, 5220774.767175012], [629092.6704657879, 5220774.781946711], [629092.8239412738, 5220774.883729783], [629093.0084151792, 5220775.03307973], [629093.1778942571, 5220775.199250939], [629093.3308508629, 5220775.380745581], [629093.4659062817, 5220775.575927708], [629093.5818431559, 5220775.783037992], [629093.6776164578, 5220776.00020959], [629093.7523629094, 5220776.22548497], [629093.8054087637, 5220776.456833551], [629093.836275878, 5220776.692170012], [629093.8446860233, 5220776.929373085], [629093.8305633925, 5220777.166304678], [629093.7940352837, 5220777.400829146], [629093.7354309527, 5220777.630832539], [629093.6552786452, 5220777.854241662], [629093.129613348, 5220779.12598988], [629093.1099233862, 5220779.181149201], [629093.1628871437, 5220779.206150907], [629093.671476783, 5220779.416371704], [629093.8926388896, 5220779.520729103], [629094.1025470102, 5220779.646195135], [629094.2991926381, 5220779.791569278], [629094.4806941692, 5220779.955460517], [629094.6453149054, 5220780.136300661], [629094.7914796728, 5220780.332359338], [629094.9177898931, 5220780.541760561], [629095.0230369669, 5220780.762500674], [629095.1062138372, 5220780.992467525], [629095.1665246257, 5220781.229460675], [629095.2033922485, 5220781.471212454], [629095.2164639377, 5220781.71540966], [629095.2056146167, 5220781.9597156895], [629095.1709480974, 5220782.201792902], [629095.1127960864, 5220782.43932498], [629095.0317150112, 5220782.670039096], [629093.1291295264, 5220787.339940939], [629093.1097195888, 5220787.395199416], [629093.1628094785, 5220787.41993217], [629095.0533471156, 5220788.190164519], [629095.2643933876, 5220788.287826689], [629095.4654520014, 5220788.404676432], [629095.6547832877, 5220788.539702698], [629095.830749048, 5220788.691737167], [629095.9918267305, 5220788.859464352], [629096.1366226025, 5220789.041432986], [629096.2638838105, 5220789.2360685775], [629096.2715322161, 5220789.249046445], [629096.3200163561, 5220789.285565096], [629097.4106642832, 5220790.026069255], [629098.9970520835, 5220790.9442390455], [629099.1030464348, 5220791.011664337], [629099.2030272804, 5220791.087722228], [629099.2962933783, 5220791.171879268], [629099.9114193622, 5220791.775536809], [629100.020877577, 5220791.857906906], [629100.1905767956, 5220792.011864526], [629100.3454675381, 5220792.18071248], [629100.4079891234, 5220792.2628484955], [629101.9382329809, 5220793.764562401], [629102.1035409159, 5220793.87836749], [629102.2861171502, 5220794.0168085005], [629102.4552515668, 5220794.171383867], [629102.6095234366, 5220794.340795156], [629102.7476368761, 5220794.523619314], [629102.803556965, 5220794.613753236], [629104.2675011165, 5220796.050403531], [629104.3036445773, 5220796.0780074], [629104.471611538, 5220796.232470001], [629104.6201600858, 5220796.396487506], [629106.2039520629, 5220797.950751177], [629106.3560743874, 5220798.067170899], [629106.5237833268, 5220798.221684444], [629106.6767153511, 5220798.390836801], [629106.7446919887, 5220798.481409517], [629108.2627163909, 5220799.971131788], [629109.3560914417, 5220800.732367938], [629109.4057416684, 5220800.763433994], [629109.4415247064, 5220800.717067851], [629130.7596426813, 5220770.097531049], [629132.6615238793, 5220764.903252221], [629132.5370094178, 5220764.7866885], [629132.3781546641, 5220764.606371887], [629132.2373465316, 5220764.411636211], [629132.1158860633, 5220764.204280795], [629132.0148955327, 5220763.986221568], [629131.9353080749, 5220763.759473358], [629131.8778590639, 5220763.526131282], [629131.8430793188, 5220763.288351377], [629131.8312901983, 5220763.048330689], [629131.8426006318, 5220762.808286969], [629131.8769061129, 5220762.570438176], [629131.933889665, 5220762.336981995], [629132.0130247698, 5220762.1100755185], [629132.1135802328, 5220761.891815323], [629132.234626939, 5220761.684218097], [629135.9154401767, 5220756.0163940145], [629147.2776837307, 5220724.984665434], [629147.3263544055, 5220724.867373692], [629154.0678289845, 5220710.385321078], [629152.9421559194, 5220709.941537424], [629152.8862109021, 5220709.922596981], [629152.8527972905, 5220709.969305178], [629152.7895711781, 5220710.067794763], [629152.641529482, 5220710.255998831], [629152.4761612184, 5220710.429176349], [629152.2949834657, 5220710.5857385965], [629152.0996583374, 5220710.72424928], [629151.8919777344, 5220710.843437713], [629151.6738469056, 5220710.942210466], [629151.4472669697, 5220711.019661405], [629151.2143165574, 5220711.075080001], [629150.9771327411, 5220711.107957845], [629150.7378914309, 5220711.117993318], [629150.4987874114, 5220711.105094356], [629150.2620142085, 5220711.069379293], [629150.0297439649, 5220711.011175778], [629149.8041075134, 5220710.931017765], [629147.6376460436, 5220710.0423680665], [629147.4184335459, 5220709.939787784], [629147.2101675281, 5220709.816490989], [629147.0147999207, 5220709.673633257], [629146.8341617661, 5220709.512553492], [629146.6699460581, 5220709.33476138], [629146.5236918745, 5220709.141923243], [629146.3967699524, 5220708.935846414], [629146.2903698412, 5220708.718462307], [629146.2054887541, 5220708.491808309], [629146.1429222215, 5220708.258008689], [629146.1032566353, 5220708.0192546835], [629146.0868637529, 5220707.777783968], [629146.0938972135, 5220707.535859673], [629146.1242910972, 5220707.2957491875], [629146.1777605435, 5220707.059702896], [629146.2538044214, 5220706.829933093], [629146.3517100252, 5220706.608593249], [629146.4705597549, 5220706.397757826], [629146.7655763138, 5220705.9290043125], [629146.7785513712, 5220705.907219182], [629151.8522834935, 5220697.844990174], [629151.8809705848, 5220697.794010769], [629151.8329897283, 5220697.760423827], [629151.6437746618, 5220697.64136191], [629151.4490052559, 5220697.505477729], [629151.268008315, 5220697.351725528], [629151.1024171448, 5220697.181492756], [629150.9537260305, 5220696.996315585], [629150.8232767518, 5220696.797865043], [629150.7122464753, 5220696.587931936], [629150.6216371317, 5220696.368410686], [629150.5522663743, 5220696.141282242], [629150.5047602011, 5220695.908596197], [629150.4795473046, 5220695.672452296], [629150.4768552046, 5220695.434981489], [629150.4967081945, 5220695.198326696], [629150.5056712743, 5220695.130407796], [629150.4573235667, 5220695.095739665], [629148.2076764356, 5220693.644260336], [629148.1547287153, 5220693.613669101], [629148.0554942802, 5220693.568669539], [629148.0274212628, 5220693.55755513], [629147.8078695887, 5220693.444420574], [629147.6005528097, 5220693.310174092], [629147.4074944158, 5220693.156125977], [629147.2305787301, 5220692.983779797], [629147.0715325167, 5220692.79481772], [629146.9319081269, 5220692.591084082], [629146.8130683474, 5220692.374567404], [629146.7161730995, 5220692.1473809695], [629146.6421681175, 5220691.911742204], [629146.5917757179, 5220691.669951031], [629146.5654877498, 5220691.424367425], [629146.5635607935, 5220691.177388373], [629146.586013657, 5220690.9314244855], [629146.6326271918, 5220690.688876462], [629146.7029464322, 5220690.452111664], [629146.7397295948, 5220690.347502024], [629146.6920962277, 5220690.312578541], [629146.2588742487, 5220690.026537619], [629146.0615674213, 5220689.881920649], [629145.8793393432, 5220689.718712255], [629145.7139348568, 5220689.538475166], [629145.5669377182, 5220689.342935162], [629145.439755432, 5220689.133964546], [629145.3336057749, 5220688.913564223], [629145.2495051348, 5220688.683844536], [629145.1882587795, 5220688.447005062], [629145.1504531458, 5220688.205313551], [629145.1364502246, 5220687.961084212], [629145.1463840943, 5220687.7166555505], [629145.1801596377, 5220687.474367985], [629145.2374534525, 5220687.236541428], [629145.3177169474, 5220687.005453082], [629145.4201815958, 5220686.783315629], [629145.5438662936, 5220686.572256045], [629146.2605442194, 5220685.476032293], [629143.7878285559, 5220684.141358302], [629143.6005246437, 5220684.427856589], [629143.4570103615, 5220684.625560784], [629143.2948846023, 5220684.808313447], [629143.115695558, 5220684.974369414], [629142.9211543637, 5220685.122142962], [629142.7131187568, 5220685.250222952], [629142.4935753375, 5220685.357386309], [629142.2646205978, 5220685.442609691], [629142.0284409017, 5220685.505079275], [629141.7872916063, 5220685.544198517], [629141.5434755253, 5220685.559593855], [629141.2993209385, 5220685.551118274], [629141.0571593578, 5220685.518852711], [629140.8193032636, 5220685.463105278], [629140.5880240217, 5220685.384408328], [629140.3655301932, 5220685.2835133625], [629140.1539464446, 5220685.161383861], [629139.569728205, 5220684.784955489], [629139.5181968659, 5220684.755225042], [629139.5124788209, 5220684.758783197], [629139.3068496593, 5220684.873670132], [629139.0913207128, 5220684.968694515], [629138.86780527, 5220685.043012795], [629138.6382875174, 5220685.095965237], [629138.4048049245, 5220685.127081773], [629138.169430158, 5220685.136086176], [629137.9342526814, 5220685.122898512], [629137.7013602072, 5220685.08763585], [629137.4728201628, 5220685.030611222], [629137.250661339, 5220684.952330848], [629137.0368558791, 5220684.8534896355], [629136.8333017724, 5220684.734965015], [629136.451205327, 5220684.48766813], [629136.3995655606, 5220684.45773496], [629136.3725368337, 5220684.471006116], [629136.1574957399, 5220684.564347246], [629135.9346570721, 5220684.637135751], [629135.7059802143, 5220684.688731615], [629135.4734758852, 5220684.718681164], [629135.2391884578, 5220684.726721055], [629135.0051779835, 5220684.712780596], [629134.7735020786, 5220684.676982362], [629134.5461978317, 5220684.6196411215], [629134.3252638924, 5220684.541261068], [629134.112642897, 5220684.442531383], [629133.9102043873, 5220684.32432018], [629133.3894439009, 5220683.986528224], [629133.3369607147, 5220683.956034975], [629133.3298681324, 5220683.955081439], [629133.0608591018, 5220683.903781038], [629132.7990752254, 5220683.823364673], [629132.5476578083, 5220683.714797311], [629132.3096237627, 5220683.579381718], [629131.277941724, 5220682.9151467765], [629131.0961627944, 5220682.786301959], [629130.9265776009, 5220682.641784043], [629130.770533181, 5220682.482740951], [629130.6292690161, 5220682.310435983], [629130.5039071856, 5220682.126237782], [629130.464349617, 5220682.062149595], [629130.4151288224, 5220682.026630061], [629128.169871186, 5220680.5683699455], [629128.1181191986, 5220680.538260935], [629128.0678696657, 5220680.556982918], [629127.833426029, 5220680.631418475], [629127.59280229, 5220680.682454611], [629127.3483278586, 5220680.709597261], [629127.1023694223, 5220680.712583663], [629126.8573080347, 5220680.691384906], [629126.6155160652, 5220680.646206211], [629126.3793342331, 5220680.577484939], [629126.1510489476, 5220680.485886362], [629125.9328701734, 5220680.372297219], [629125.7269100371, 5220680.237817134], [629125.5351623804, 5220680.083747971], [629125.3594834575, 5220679.9115812285], [629125.2015739661, 5220679.722983605], [629125.1869257194, 5220679.703628515], [629125.1376999969, 5220679.667856093], [629122.8973000061, 5220678.20214391], [629122.8449363932, 5220678.171445732], [629122.7928653245, 5220678.164237898], [629122.5231807829, 5220678.111664648], [629122.2608943043, 5220678.029814164], [629122.0091740447, 5220677.919675117], [629121.7710605314, 5220677.782577877], [629120.553375218, 5220676.989326371], [629120.5008204028, 5220676.958653438], [629120.4161715914, 5220676.938495966], [629120.2077652776, 5220676.879216034], [629120.005274617, 5220676.802113282], [629119.8102206321, 5220676.707766873], [629119.6240684844, 5220676.596885495], [629117.6482001129, 5220675.300769891], [629117.5957429191, 5220675.269930296], [629117.538426922, 5220675.256089212], [629117.3768055339, 5220675.224469166], [629117.1171221271, 5220675.143554559], [629116.8677660787, 5220675.034907393], [629116.6316890718, 5220674.899813751], [629114.8935417868, 5220673.775420875], [629114.8408890525, 5220673.744916352], [629114.8263958334, 5220673.741514066], [629114.618928629, 5220673.683271669], [629114.4172476573, 5220673.607379618], [629114.2228513215, 5220673.514401759], [629114.0371839026, 5220673.405028877], [629112.3244696923, 5220672.293988471], [629112.2719875799, 5220672.263493361], [629112.2626288497, 5220672.262234824], [629112.0433820795, 5220672.22273588], [629111.8285220717, 5220672.163875963], [629111.6197549631, 5220672.08612246], [629111.4187385087, 5220671.990092788], [629111.2270689178, 5220671.876549489], [629109.6498295526, 5220670.844598713], [629109.5974671971, 5220670.813898433], [629109.5351205848, 5220670.805265664], [629109.2659272508, 5220670.7528050905], [629109.0041001713, 5220670.671173337], [629108.7527903684, 5220670.561352821], [629108.5150222918, 5220670.424665204], [629106.9628152731, 5220669.415186623], [629106.9102369662, 5220669.384554004], [629106.9067696332, 5220669.383731135], [629106.6987177475, 5220669.324743351], [629106.4965419556, 5220669.247996397], [629106.3017550225, 5220669.154064526], [629106.1158144264, 5220669.043650575], [629104.3896435257, 5220667.9148831405], [629104.3371419605, 5220667.88411915], [629104.312974399, 5220667.878319825], [629104.0829225102, 5220667.811306948], [629103.8603427833, 5220667.722577796], [629103.6472799099, 5220667.612947466], [629103.4456911572, 5220667.483423059], [629103.2574283873, 5220667.335194429], [629103.0842210449, 5220667.169623255], [629102.927660271, 5220666.988230528], [629102.7891842852, 5220666.792682584], [629102.6700651745, 5220666.584775791], [629102.571397207, 5220666.36642005], [629102.4940867797, 5220666.139621252], [629102.4388440922, 5220665.906462844], [629102.4061766223, 5220665.669086701], [629102.3963844643, 5220665.429673437], [629102.4095575724, 5220665.190422384], [629102.445574934, 5220664.953531382], [629102.5041056814, 5220664.721176591], [629102.5846121316, 5220664.495492501], [629102.6863547254, 5220664.278552321], [629102.808398821, 5220664.0723489355], [629104.0025233504, 5220662.259059862], [629094.3818234608, 5220658.952303366], [629094.3339284525, 5220658.963619361], [629094.0965535119, 5220658.996136388], [629093.8571559322, 5220659.005780985], [629093.6179345024, 5220658.992464569], [629093.3810863935, 5220658.956309449], [629093.1487869784, 5220658.897647697], [629092.923169852, 5220658.817018101], [629092.706307234, 5220658.71516122], [629092.5001909373, 5220658.593012574], [629092.344928362, 5220658.4906419795], [629092.2940818794, 5220658.460588336], [629092.2559844198, 5220658.495546081], [629092.1679987342, 5220658.584910094], [629091.986334544, 5220658.737385798], [629091.7910389279, 5220658.871960466], [629091.5838695689, 5220658.987422907], [629091.3666910152, 5220659.082733948], [629091.1414578985, 5220659.157035777], [629090.9101973431, 5220659.2096596705], [629090.6749907202, 5220659.240132007], [629090.4379549169, 5220659.2481785305], [629090.2012232821, 5220659.233726824], [629089.9669264284, 5220659.196906952], [629089.7371730539, 5220659.138050299], [629089.5140309656, 5220659.057686581], [629089.2995084679, 5220658.956539081], [629089.095536288, 5220658.835518139], [629088.5724534494, 5220658.490603924], [629088.5216079926, 5220658.460548552], [629088.4796422224, 5220658.499053177], [629088.2834930574, 5220658.661425554], [629088.0718444922, 5220658.803002983], [629087.8468922296, 5220658.922316701], [629087.6109699884, 5220659.018128912], [629087.3665252934, 5220659.089445633], [629087.1160940838, 5220659.1355270045], [629086.862274404, 5220659.155894966], [629086.6076994521, 5220659.150338212], [629086.3550102613, 5220659.118914393], [629086.1068283012, 5220659.0619495055], [629085.8657282825, 5220658.980034522], [629085.6342114453, 5220658.87401925], [629085.4146796119, 5220658.745003523], [629085.0294516683, 5220658.491365486], [629084.9780485504, 5220658.461027712], [629084.9633934124, 5220658.468081126], [629084.7370655781, 5220658.563615643], [629084.5024540307, 5220658.63647547], [629084.2618242219, 5220658.685957059], [629084.0174997167, 5220658.7115826085], [629083.7718397569, 5220658.713104671], [629083.5272164793, 5220658.69050855], [629083.2859920108, 5220658.644012438], [629083.0504956588, 5220658.57406531], [629082.8230014183, 5220658.481342589], [629082.6057060153, 5220658.36673962], [629082.4007076932, 5220658.231363032], [629082.2099859533, 5220658.076520045], [629082.035382439, 5220657.903705852], [629081.941371868, 5220657.790319069], [629081.9083756325, 5220657.75427384], [629081.8591997032, 5220657.718178745], [629079.6258002901, 5220656.241821251], [629079.5751941018, 5220656.21182885], [629079.5115836775, 5220656.2827147655], [629079.3327134945, 5220656.462755679], [629079.1365115223, 5220656.623734122], [629078.9249997172, 5220656.763991134], [629078.7003578104, 5220656.882081297], [629078.4649008455, 5220656.976787637], [629078.2210553207, 5220657.047134157], [629077.9713341816, 5220657.0923959045], [629077.7183109256, 5220657.112106434], [629077.4645930799, 5220657.106062618], [629077.2127953292, 5220657.074326743], [629076.9655125714, 5220657.017225862], [629076.7252931749, 5220656.935348425], [629076.4946127166, 5220656.8295382215], [629076.2758484703, 5220656.700885676], [629075.8170468454, 5220656.398720926], [629075.7651894338, 5220656.36810599], [629075.7055022868, 5220656.377366075], [629075.6062030896, 5220656.3980873935], [629075.3759237857, 5220656.424217325], [629075.1442142555, 5220656.428910382], [629074.9130657675, 5220656.412126234], [629074.6844647685, 5220656.37400912], [629074.4603758127, 5220656.314886611], [629074.2427246787, 5220656.235266795], [629074.0333818196, 5220656.135833911], [629073.8341462892, 5220656.017442465], [629072.8871491223, 5220655.393565668], [629072.8367183029, 5220655.363783499], [629072.8021364587, 5220655.411052318], [629072.2038264235, 5220656.319241098], [629072.0591138274, 5220656.517063686], [629071.895725274, 5220656.699764786], [629071.7152312676, 5220656.865588262], [629071.5193667314, 5220657.012940205], [629071.3100143314, 5220657.140404255], [629071.0891863798, 5220657.246755218], [629070.8590054931, 5220657.33097084], [629070.6216841887, 5220657.392241633], [629070.3795036186, 5220657.429978657], [629070.1347916422, 5220657.443819181], [629069.8899004508, 5220657.433630168], [629069.6471839589, 5220657.3995095575], [629069.4089751772, 5220657.341785318], [629069.1775637879, 5220657.2610123], [629068.9551741363, 5220657.157966901], [629068.74394385, 5220657.0336396], [629068.1410400155, 5220656.637751993], [629068.0884677385, 5220656.606811995], [629068.0228841631, 5220656.583937699], [629067.9127100705, 5220656.55133799], [629067.6801591164, 5220656.456228664], [629067.4583289074, 5220656.3382579535], [629067.2494599542, 5220656.198617376], [629067.0556618578, 5220656.03871732], [629066.8788920017, 5220655.860172793], [629066.720935782, 5220655.664787116], [629066.5833885748, 5220655.454533707], [629066.4676396232, 5220655.23153615], [629066.3748580051, 5220654.9980467465], [629066.3059808257, 5220654.756423767], [629066.2617037524, 5220654.509107631], [629066.242473989, 5220654.258596261], [629066.2484857583, 5220654.007419852], [629066.2796783407, 5220653.758115313], [629066.3357366874, 5220653.51320065], [629066.4160946027, 5220653.275149531], [629066.5199404621, 5220653.046366298], [629066.6462254103, 5220652.829161689], [629068.822439292, 5220649.485049003], [629068.8519373699, 5220649.434451495], [629068.804474812, 5220649.40013603], [629066.5605251883, 5220647.9398639705], [629066.5099276721, 5220647.910365888], [629066.4756122088, 5220647.957828443], [629059.9440305015, 5220657.99468439], [629059.8031004728, 5220658.189978861], [629059.6440327598, 5220658.370806587], [629059.4683035414, 5220658.53548945], [629059.2775436187, 5220658.682499162], [629059.0735232804, 5220658.810471444], [629058.8581358746, 5220658.918218691], [629058.633380238, 5220659.004740984], [629058.4013421459, 5220659.069235383], [629058.1641749567, 5220659.111103365], [629057.9240796275, 5220659.129956389], [629057.6832842892, 5220659.125619493], [629057.444023569, 5220659.098132927], [629057.2085178525, 5220659.047751769], [629056.9789526778, 5220658.974943568], [629056.7574584542, 5220658.880383997], [629056.5460906907, 5220658.764950587], [629056.3468109207, 5220658.629714583], [629056.161468499, 5220658.475931], [629056.1061374926, 5220658.425328461], [629056.057185314, 5220658.388681919], [629053.8378146846, 5220656.891318081], [629053.7877144067, 5220656.860983167], [629053.7526148804, 5220656.907868853], [629052.7393900561, 5220658.409655766], [629052.7290982439, 5220658.4257429615], [629042.5459454892, 5220673.509215014], [629042.3798764047, 5220673.728201085], [629042.1907732772, 5220673.927634902], [629042.046344478, 5220674.049778112], [629042.011356315, 5220674.082058825], [629041.9754536131, 5220674.131375382], [629033.6111627885, 5220686.892775418], [629033.4667213513, 5220687.091176582], [629033.3035234242, 5220687.274459933], [629033.1231416182, 5220687.440859315], [629032.9273141312, 5220687.588771267], [629032.7179279991, 5220687.716770478], [629032.4970009121, 5220687.823623519], [629032.2666617711, 5220687.908300732], [629032.029130174, 5220687.969986149], [629031.7866950264, 5220688.008085356], [629031.541692486, 5220688.022231219], [629031.2964834501, 5220688.012287429], [629031.0534308059, 5220687.978349803], [629030.8148766613, 5220687.920745373], [629030.5831197754, 5220687.840029228], [629030.3603934078, 5220687.736979164], [629030.1488437979, 5220687.612588197], [629029.9782646577, 5220687.5006714985], [629029.9277778548, 5220687.470984325], [629029.8932850662, 5220687.51831816], [629029.5798837106, 5220687.995992488], [629029.4377226724, 5220688.191381903], [629029.2773626687, 5220688.372134368], [629029.1003017643, 5220688.536561314], [629028.9081940422, 5220688.683126682], [629028.7028341504, 5220688.810461278], [629028.4861405377, 5220688.917375554], [629028.260137531, 5220689.002870731], [629028.0269364244, 5220689.066148122], [629027.788715756, 5220689.106616597], [629027.547700956, 5220689.123898103], [629027.3061435571, 5220689.1178312], [629027.0663001607, 5220689.088472564], [629026.8304113566, 5220689.036096458], [629026.6006807908, 5220688.961192177], [629026.37925458, 5220688.864459465], [629026.1682012626, 5220688.74680199], [629025.9694924743, 5220688.609318893], [629025.8797633712, 5220688.533441801], [629025.7825212857, 5220688.459192289], [629023.5774787132, 5220686.94080771], [629023.5276689391, 5220686.909998117], [629023.4921254878, 5220686.956548179], [629022.3842382489, 5220688.565454487], [629022.3534286551, 5220688.615264261], [629022.3999787101, 5220688.6508077085], [629022.8250731566, 5220688.943526252], [629023.01760041, 5220689.090334411], [629023.1950237287, 5220689.255077681], [629023.355679041, 5220689.436210916], [629023.4980595451, 5220689.632035254], [629023.6208298395, 5220689.840714034], [629023.7228384495, 5220690.0602900395], [629023.8031286261, 5220690.288703845], [629023.8609473195, 5220690.523813133], [629023.8957522425, 5220690.76341279], [629023.9072169561, 5220691.005255589], [629023.8952339317, 5220691.24707326], [629023.8599155593, 5220691.486597771], [629023.8015930933, 5220691.721582597], [629023.7208135462, 5220691.949823793], [629023.6183345574, 5220692.169180661], [629023.4951172876, 5220692.377595832], [629012.1670314498, 5220709.578734124], [629012.1360969075, 5220709.631135373], [629012.1139515707, 5220709.722116902], [629012.1040744387, 5220709.7737087095], [629012.0355163376, 5220710.006590361], [629011.9446940817, 5220710.23172453], [629011.8324640748, 5220710.4469883265], [629011.6998845846, 5220710.65035193], [629011.5482057631, 5220710.839897734], [629011.3788578585, 5220711.013838424], [629011.1934377286, 5220711.170533836], [629011.1405685209, 5220711.207053096], [629011.0708674123, 5220711.26049164], [629011.035402999, 5220711.309939711], [629004.4194583785, 5220721.561807507], [629004.39015362, 5220721.6125172265], [629004.4872178092, 5220721.682132169], [629004.6749665752, 5220721.830910058], [629004.8476138739, 5220721.996974411], [629005.0035745418, 5220722.178800508], [629005.1414166237, 5220722.374718909], [629005.2598745208, 5220722.582930787], [629005.3578606105, 5220722.801524441], [629005.4344752319, 5220723.028492851], [629005.489014947, 5220723.261752103], [629005.5209789985, 5220723.499160525], [629005.5300739083, 5220723.738538348], [629005.5162161711, 5220723.977687721], [629005.479533022, 5220724.21441289], [629005.420361268, 5220724.446540362], [629005.3392441951, 5220724.671938853], [629005.2369265809, 5220724.888538865], [629005.1143478559, 5220725.094351682], [629004.3317700833, 5220726.275647877], [629004.3018588516, 5220726.326002249], [629004.3490389441, 5220726.360705044], [629005.5833645237, 5220727.178413395], [629005.7678476743, 5220727.313148777], [629005.9392615497, 5220727.46416182], [629006.0364999644, 5220727.567049657], [629009.7609278534, 5220729.962600673], [629009.782656719, 5220729.96682765], [629010.0164030904, 5220730.03651362], [629010.2422461227, 5220730.12864627], [629010.4580360249, 5220730.2423485955], [629010.6617187017, 5220730.376538266], [629010.8513553056, 5220730.529937937], [629011.0251406936, 5220730.701087402], [629011.1596294416, 5220730.862245158], [629016.8139934501, 5220734.499130568], [629016.9940745592, 5220734.599518005], [629018.225749476, 5220735.407171664], [629019.3340850853, 5220736.120052829], [629019.3672643055, 5220736.114837403], [629019.6115593623, 5220736.08865811], [629019.8572443885, 5220736.086584949], [629020.1019464432, 5220736.108637943], [629020.3433020791, 5220736.154604095], [629020.5789801704, 5220736.224039443], [629020.8067044276, 5220736.316273346], [629021.024275383, 5220736.430414966], [629021.2295916344, 5220736.56536187], [629021.420670141, 5220736.719810679], [629021.5956653771, 5220736.892269652], [629021.7528871568, 5220737.081073101], [629021.8908169583, 5220737.284397472], [629022.008122591, 5220737.500278965], [629022.1036710619, 5220737.726632493], [629022.1521179575, 5220737.882633427], [629022.1659140062, 5220737.920412822], [629022.2146483772, 5220737.956066787], [629023.2896765075, 5220738.664288168], [629023.4736737475, 5220738.782635143], [629023.557537986, 5220738.840753527], [629023.8522202364, 5220739.034888234], [629024.0264929162, 5220739.160766745], [629024.189306725, 5220739.301152037], [629024.2264266758, 5220739.33918743], [629025.6581016699, 5220740.406139979], [629026.312719351, 5220740.8378318045]]]]}}, {"type": "Feature", "properties": {"vineyard_id": "V05", "area_m2": 2087.9}, "geometry": {"type": "MultiPolygon", "coordinates": [[[[629355.3252054225, 5220597.378609139], [629355.3866678664, 5220597.616288102], [629355.4245223016, 5220597.85884936], [629355.4384036966, 5220598.103953885], [629355.4281781929, 5220598.34923813], [629355.3939443951, 5220598.592336811], [629355.3360324209, 5220598.8309057215], [629355.2550007168, 5220599.0626443345], [629355.1516306739, 5220599.285317988], [629355.0269190924, 5220599.496779434], [629354.8820685694, 5220599.694989544], [629354.7184759025, 5220599.878036973], [629354.5377186203, 5220600.044156589], [629354.3415397702, 5220600.191746496], [629354.1318311103, 5220600.31938348], [629353.9106148671, 5220600.4258367345], [629353.6800242347, 5220600.510079728], [629353.4241159186, 5220600.58956454], [629353.3691032666, 5220600.609660642], [629353.3837104174, 5220600.6663781535], [629355.7855253023, 5220608.399231643], [629355.7962931647, 5220608.431116363], [629371.6748007489, 5220659.556650267], [629371.6948934956, 5220659.611655769], [629371.7516111762, 5220659.597049296], [629372.6322279477, 5220659.323542314], [629372.8845397898, 5220659.25937244], [629373.1421569494, 5220659.2217900315], [629373.4022856595, 5220659.211202655], [629373.6621049164, 5220659.227725129], [629373.918797072, 5220659.271178271], [629374.169578391, 5220659.341090848], [629374.4117292385, 5220659.436704682], [629374.6426235744, 5220659.556982877], [629374.7213741674, 5220659.603371857], [629374.7795118947, 5220659.5883372], [629375.7005310971, 5220659.301263941], [629375.9512188213, 5220659.2371531725], [629376.2071904911, 5220659.19929779], [629376.4657039526, 5220659.1881033275], [629376.7239898223, 5220659.203689708], [629376.9792811549, 5220659.24588996], [629377.2288430849, 5220659.314252002], [629377.4700021241, 5220659.408043492], [629377.7001748023, 5220659.526259666], [629377.7438403061, 5220659.554744213], [629377.8366735579, 5220659.609338329], [629377.8948003971, 5220659.594261616], [629379.3062954389, 5220659.153190969], [629379.5340491135, 5220659.093633728], [629379.7663950172, 5220659.055763127], [629380.0012729367, 5220659.0399149675], [629380.2366002077, 5220659.046229773], [629380.4702901813, 5220659.0746515505], [629380.7002707268, 5220659.124928284], [629380.9245026046, 5220659.19661417], [629381.1409975489, 5220659.289073569], [629381.3478358972, 5220659.401486642], [629381.5431836124, 5220659.532856621], [629381.642348503, 5220659.606554479], [629381.6990800848, 5220659.591949165], [629384.0487092595, 5220658.862389709], [629384.2770666237, 5220658.803140546], [629384.5099921657, 5220658.765680688], [629384.7454116351, 5220658.750343722], [629384.9812285725, 5220658.757266228], [629385.2153429793, 5220658.78638656], [629385.4456700177, 5220658.837445392], [629385.6701585777, 5220658.909988038], [629385.8868095422, 5220659.003368489], [629386.093693589, 5220659.1167551745], [629386.2889683729, 5220659.24913836], [629386.4708949312, 5220659.399339147], [629386.6378531704, 5220659.566019966], [629386.6749029394, 5220659.606675494], [629386.7325732157, 5220659.592063166], [629388.8287679956, 5220658.949963343], [629389.0772224283, 5220658.887583643], [629389.3307559782, 5220658.850956176], [629389.5867067119, 5220658.840465508], [629389.8423873174, 5220658.856221782], [629390.0951133188, 5220658.898059569], [629390.3422312617, 5220658.9655396], [629390.5811465724, 5220659.057953379], [629390.8093507994, 5220659.174330623], [629391.0244479508, 5220659.313449449], [629391.2241796495, 5220659.473849202], [629391.3075606381, 5220659.5561905615], [629391.3602791623, 5220659.603579119], [629391.4181183869, 5220659.588838556], [629391.8753260222, 5220659.448094001], [629392.1296899421, 5220659.384185983], [629392.3893493608, 5220659.3472776525], [629392.6514465606, 5220659.337775209], [629392.9130969946, 5220659.355783233], [629393.1714210329, 5220659.401103537], [629393.4235756544, 5220659.473237339], [629393.6667857367, 5220659.571390762], [629393.735427097, 5220659.603376178], [629393.793757803, 5220659.588409728], [629396.351242187, 5220658.796590274], [629396.4062729735, 5220658.776543867], [629396.3917170565, 5220658.719813184], [629395.309563346, 5220655.2245830465], [629395.2483630453, 5220654.985834903], [629395.2109689942, 5220654.742220786], [629395.1977446399, 5220654.496108476], [629395.2049652704, 5220654.335563736], [629395.1043269486, 5220654.20103679], [629394.9778172788, 5220653.992150393], [629394.8722916488, 5220653.771917415], [629394.7887569962, 5220653.542439343], [629394.2200299057, 5220651.7055172445], [629394.1588346859, 5220651.466793958], [629394.1214407714, 5220651.223205458], [629394.1082115332, 5220650.977118787], [629394.1138029607, 5220650.852699565], [629394.0351746863, 5220650.747613729], [629393.9086189121, 5220650.538681136], [629393.8030574975, 5220650.318395005], [629393.7194982448, 5220650.08885842], [629393.0262760903, 5220647.849831799], [629392.9650538771, 5220647.610976439], [629392.9276592458, 5220647.367251831], [629392.9144559718, 5220647.121028932], [629392.9196296411, 5220647.006387984], [629392.8464466806, 5220646.908542587], [629392.7199854391, 5220646.699704726], [629392.6144973978, 5220646.479527591], [629392.530988587, 5220646.250110991], [629390.6788373558, 5220640.267878764], [629390.617794931, 5220640.029902392], [629390.5804054802, 5220639.787083611], [629390.5670300892, 5220639.541767427], [629390.5777979301, 5220639.296322962], [629390.6126050131, 5220639.0531205805], [629390.6711151913, 5220638.814508991], [629390.7527634067, 5220638.582792569], [629390.8567611477, 5220638.360209098], [629390.9821040633, 5220638.148908163], [629391.1275816633, 5220637.950930389], [629391.291789008, 5220637.76818773], [629391.4731402766, 5220637.602445011], [629391.6698840823, 5220637.455302881], [629391.8801203856, 5220637.328182355], [629392.1018188442, 5220637.222311089], [629392.3328384213, 5220637.138711529], [629394.0721071776, 5220636.6043949565], [629394.1271817802, 5220636.584469256], [629394.1127502853, 5220636.5277068], [629385.2332728117, 5220607.623872427], [629385.2355982531, 5220607.623158034], [629385.2247737845, 5220607.587943036], [629385.2231414506, 5220607.588445072], [629383.928682712, 5220603.379604945], [629383.9087394268, 5220603.324536711], [629383.8519815719, 5220603.338986335], [629381.293018427, 5220604.126013665], [629381.2360931856, 5220604.146629477], [629381.1915041953, 5220604.196208228], [629381.0143936473, 5220604.374273399], [629380.8203110952, 5220604.533670118], [629380.6112152312, 5220604.672789746], [629380.3892162624, 5220604.790228279], [629380.1565546148, 5220604.884800521], [629379.9155783228, 5220604.955552042], [629379.6687193329, 5220605.001768817], [629379.4184689596, 5220605.022984422], [629379.167352744, 5220605.018984746], [629378.9179049649, 5220604.989810158], [629378.6726430632, 5220604.935755085], [629378.4340422361, 5220604.857365058], [629378.2045104563, 5220604.755431191], [629377.9863641715, 5220604.630982207], [629377.7818049263, 5220604.485274052], [629377.592897144, 5220604.319777221], [629377.4215472926, 5220604.136161919], [629377.2694846445, 5220603.936281199], [629377.1382438244, 5220603.722152269], [629377.029149322, 5220603.495936132], [629376.9433021252, 5220603.259915773], [629371.943603034, 5220587.016798884], [629371.923647321, 5220586.961735152], [629371.8668927322, 5220586.976197584], [629369.3081072766, 5220587.763802414], [629369.2528009926, 5220587.78384603], [629369.2550598347, 5220587.79865762], [629369.295494484, 5220587.99618031], [629369.3208355758, 5220588.232709475], [629369.3235809474, 5220588.470576412], [629369.3037057417, 5220588.707627446], [629369.2613899113, 5220588.941716292], [629369.1970165885, 5220589.17072348], [629369.1111686169, 5220589.392575554], [629369.0046232736, 5220589.6052638395], [629368.8783452327, 5220589.806862633], [629368.7334778297, 5220589.995546634], [629368.571332711, 5220590.169607478], [629368.3933779569, 5220590.327469197], [629368.2012247903, 5220590.467702494], [629367.9966129878, 5220590.589037679], [629367.7813951285, 5220590.690376171], [629367.5575198191, 5220590.770800439], [629365.9576782221, 5220591.2609347915], [629365.7204450199, 5220591.321085449], [629365.4784671436, 5220591.357751529], [629365.23406362, 5220591.370581633], [629364.9895767223, 5220591.359452806], [629364.7473495228, 5220591.324471701], [629364.5097034374, 5220591.265973563], [629364.2789159787, 5220591.184519019], [629364.0571989284, 5220591.080888697], [629363.8466771411, 5220590.956075753], [629363.6493681798, 5220590.811276348], [629363.4671629808, 5220590.647878186], [629363.3018077314, 5220590.467447215], [629363.1548871355, 5220590.271712617], [629363.0278092257, 5220590.062550243], [629362.9217918699, 5220589.841964627], [629362.8378510993, 5220589.612069779], [629359.8452093573, 5220579.975885269], [629359.8251150531, 5220579.920871959], [629359.7683970673, 5220579.935477255], [629357.2116029348, 5220580.729522744], [629357.1565896285, 5220580.749617047], [629357.171194925, 5220580.806335036], [629357.2555301561, 5220581.077891045], [629357.3166543181, 5220581.315204743], [629357.354250426, 5220581.557362724], [629357.3679572326, 5220581.802038179], [629357.3576430343, 5220582.046880111], [629357.3234069363, 5220582.289535926], [629357.2655779008, 5220582.5276740305], [629357.1847115856, 5220582.759006246], [629357.0815850056, 5220582.981309785], [629356.9571890662, 5220583.192448613], [629356.8127190423, 5220583.390393976], [629356.6495630933, 5220583.57324389], [629356.4692889247, 5220583.739241417], [629356.2736287249, 5220583.886791546], [629356.0644625209, 5220584.014476525], [629355.8438001138, 5220584.121069474], [629355.6137617677, 5220584.205546181], [629354.4498154841, 5220584.569309921], [629354.3929842991, 5220584.590183577], [629354.3691585937, 5220584.616918285], [629354.2758746224, 5220584.7333693085], [629354.1176418364, 5220584.897648256], [629353.9450950468, 5220585.0468219565], [629353.7596705382, 5220585.1796486825], [629353.5629117899, 5220585.295022779], [629353.3564566275, 5220585.391983871], [629353.1420235902, 5220585.469724851], [629351.8070209135, 5220585.885866162], [629351.752028768, 5220585.906018271], [629351.7666936691, 5220585.962720881], [629355.3252054225, 5220597.378609139]]], [[[629398.1717349008, 5220646.310734434], [629398.3385280139, 5220646.479737598], [629398.4885350569, 5220646.66380253], [629398.6204027979, 5220646.861268758], [629398.7329416417, 5220647.070354913], [629398.8251363619, 5220647.289174806], [629398.8961552585, 5220647.515754436], [629398.9453576616, 5220647.748049798], [629398.97229971, 5220647.983965331], [629398.9767383564, 5220648.221372808], [629398.9586335593, 5220648.458130551], [629398.9181486442, 5220648.692102736], [629398.8556488303, 5220648.921178674], [629398.7716979363, 5220649.143291842], [629398.6670532934, 5220649.356438531], [629398.6082764677, 5220649.463041033], [629398.649142981, 5220649.504454828], [629399.1471158037, 5220649.961860797], [629399.3136177486, 5220650.130005322], [629399.4634761985, 5220650.313138947], [629399.5953485301, 5220650.509620924], [629399.7080532628, 5220650.717690918], [629399.8005806435, 5220650.935484772], [629399.8721016939, 5220651.161051211], [629399.9219756371, 5220651.3923693225], [629399.9497556386, 5220651.627366664], [629399.9551928099, 5220651.86393783], [629399.9382384376, 5220652.099963312], [629399.8990444208, 5220652.333328494], [629399.8379619096, 5220652.561942592], [629399.7555381588, 5220652.7837573895], [629399.6910666511, 5220652.917065273], [629399.6752709098, 5220652.954463811], [629399.716900345, 5220652.9966747295], [629401.6880996526, 5220654.808325268], [629401.7331147837, 5220654.845793706], [629401.7748150536, 5220654.804667885], [629402.5717570464, 5220653.937540661], [629402.609225475, 5220653.89252554], [629402.5680996627, 5220653.850825279], [629402.1348251402, 5220653.452619974], [629401.9625816382, 5220653.27797366], [629401.8082824813, 5220653.087288241], [629401.6734131175, 5220652.8823994575], [629401.5592719433, 5220652.665279787], [629401.466957803, 5220652.438019455], [629401.397359411, 5220652.202806313], [629401.3511467956, 5220651.96190477], [629401.3287648485, 5220651.717634004], [629401.3304290423, 5220651.472345623], [629401.3561233558, 5220651.228401037], [629401.4056004279, 5220650.988148715], [629401.4783839398, 5220650.753901582], [629401.5737731998, 5220650.527914751], [629401.6908498893, 5220650.312363812], [629401.8284869032, 5220650.109323886], [629401.9853592013, 5220649.920749654], [629402.5840752897, 5220649.268934067], [629402.7618867949, 5220649.093771401], [629402.9562783628, 5220648.937212116], [629403.1653123323, 5220648.80081677], [629403.3869050901, 5220648.685944924], [629403.6188478388, 5220648.593741603], [629403.8588286143, 5220648.525125871], [629404.1044553309, 5220648.480781681], [629404.353279625, 5220648.461151045], [629404.6028212599, 5220648.466429638], [629404.8505928492, 5220648.496564845], [629405.0941246495, 5220648.551256282], [629405.3309891792, 5220648.629958796], [629405.5588254145, 5220648.731887895], [629405.7753623243, 5220648.856027566], [629405.978441507, 5220649.001140406], [629406.1660387055, 5220649.165779959], [629406.3362839841, 5220649.348305126], [629406.4874803681, 5220649.546896527], [629406.6181207588, 5220649.759574639], [629406.7269029559, 5220649.984219525], [629406.8127426378, 5220650.218591964], [629408.1297981184, 5220654.4591431385], [629408.1498935757, 5220654.514156028], [629408.2066112519, 5220654.4995495435], [629410.7633887489, 5220653.705450457], [629410.8184016276, 5220653.685355002], [629410.8037951421, 5220653.628637318], [629402.9403828058, 5220628.310643571], [629402.9331405006, 5220628.289199591], [629396.5276794414, 5220607.668276449], [629396.5075857923, 5220607.613277063], [629396.4508688349, 5220607.627886392], [629393.8941311694, 5220608.422113608], [629393.8391192801, 5220608.4422118245], [629393.8537286083, 5220608.498928777], [629400.254763822, 5220629.104830379], [629400.2618948156, 5220629.125945147], [629403.3296656434, 5220639.004055859], [629403.3912895449, 5220639.243803328], [629403.428901576, 5220639.488469813], [629403.4421329799, 5220639.735656553], [629403.4308540333, 5220639.982940073], [629403.3951753174, 5220640.227895954], [629403.335446634, 5220640.468122594], [629403.2522535761, 5220640.701264759], [629403.1464117863, 5220640.925036673], [629403.0189589607, 5220641.1372444285], [629402.8711446741, 5220641.335807494], [629402.7044181302, 5220641.518779114], [629402.5204139518, 5220641.6843653945], [629402.320936156, 5220641.830942893], [629402.107940466, 5220641.957074532], [629401.8835151381, 5220642.061523689], [629401.6498604865, 5220642.143266321], [629401.4092673121, 5220642.201501006], [629401.1640944427, 5220642.235656801], [629400.9167456061, 5220642.245398831], [629400.6696458638, 5220642.230631586], [629400.5486336747, 5220642.217361869], [629400.506291502, 5220642.2590185], [629397.4569602123, 5220645.568747593], [629397.4194366331, 5220645.613716763], [629397.4605113048, 5220645.655467399], [629398.1717349008, 5220646.310734434]]]]}}, {"type": "Feature", "properties": {"vineyard_id": "V06", "area_m2": 3006.2}, "geometry": {"type": "Polygon", "coordinates": [[[629219.7747061788, 5220562.084792013], [629219.7570698735, 5220561.961620897], [629219.7462665138, 5220561.716542319], [629219.7595349384, 5220561.471584831], [629219.7967473876, 5220561.229107088], [629219.8575455493, 5220560.99144387], [629219.9413440075, 5220560.760883594], [629220.047335881, 5220560.53964629], [629220.1745005914, 5220560.329862214], [629220.2214498343, 5220560.267212138], [629220.7523541715, 5220558.107223906], [629220.1273078524, 5220556.923835815], [629220.0965201419, 5220556.871890064], [629220.0669893447, 5220556.857744308], [629219.8502063558, 5220556.740427748], [629219.6460300192, 5220556.60233335], [629219.4564451915, 5220556.444803567], [629219.2832948812, 5220556.269369792], [629219.1282623321, 5220556.077737466], [629218.9928546598, 5220555.871769504], [629218.8783882012, 5220555.653468177], [629218.7859757175, 5220555.424955656], [629218.7165155769, 5220555.188453376], [629218.6706830213, 5220554.946260445], [629218.6489236021, 5220554.700731288], [629218.6514488489, 5220554.454252764], [629218.6782342129, 5220554.209220963], [629218.729019306, 5220553.968017908], [629218.8033104319, 5220553.732988403], [629218.900385385, 5220553.506417238], [629219.0193004722, 5220553.290506976], [629219.1588996857, 5220553.087356541], [629219.3178259416, 5220552.898940818], [629219.4945342724, 5220552.72709145], [629219.6873068454, 5220552.573479034], [629219.778054845, 5220552.508211966], [629219.7536841433, 5220552.454671338], [629219.6565731142, 5220552.266414546], [629219.5602734227, 5220552.056452841], [629219.483763917, 5220551.838499075], [629219.4276977746, 5220551.6144139655], [629219.3925536439, 5220551.386110573], [629219.3786315576, 5220551.155537973], [629219.3860503716, 5220550.92466461], [629219.4147467497, 5220550.695461498], [629219.4644757049, 5220550.469885392], [629219.4822358199, 5220550.403972472], [629219.4574592513, 5220550.349085426], [629219.3723052022, 5220550.182732799], [629219.268894511, 5220549.952819625], [629219.1891644441, 5220549.713660776], [629219.1339257456, 5220549.467688166], [629219.1037401166, 5220549.217402995], [629219.098914503, 5220548.965350318], [629219.1194979749, 5220548.71409316], [629219.1652812266, 5220548.466186458], [629219.235798706, 5220548.2241510805], [629219.330333348, 5220547.990448192], [629219.4479238664, 5220547.7674542265], [629219.5873745286, 5220547.557436723], [629219.7472673146, 5220547.36253127], [629219.9259763362, 5220547.184719784], [629220.0045905961, 5220547.120887216], [629220.0606461827, 5220547.070749139], [629220.0357447685, 5220547.017190705], [629218.7892552331, 5220544.647809297], [629218.7594762505, 5220544.5973765915], [629218.7063675522, 5220544.622068905], [629197.9335480576, 5220555.550280816], [629197.8917136538, 5220555.57360474], [629196.2044852783, 5220556.460222395], [629196.1525928017, 5220556.490863585], [629196.1286360314, 5220556.516949046], [629195.9977503623, 5220556.672797627], [629195.8035396413, 5220556.859073027], [629195.5904322094, 5220557.023394515], [629195.3608972599, 5220557.16385816], [629144.9885666328, 5220584.376581404], [629144.9384650682, 5220584.406914212], [629144.9637409985, 5220584.459747649], [629144.9842420958, 5220584.49769637], [629145.0857989973, 5220584.708770742], [629145.1671554177, 5220584.928423484], [629145.2275971622, 5220585.154726356], [629145.2665936376, 5220585.385692738], [629145.2838025098, 5220585.619295069], [629145.279072709, 5220585.8534826515], [629145.2524457562, 5220586.086199647], [629145.2041553986, 5220586.315403128], [629145.1346255576, 5220586.539081012], [629145.0444666072, 5220586.755269721], [629144.9397176012, 5220586.952205577], [629144.9381208152, 5220586.955619255], [629144.9639503665, 5220587.009634569], [629144.9716252125, 5220587.023847195], [629145.0731773782, 5220587.235016864], [629145.1545127885, 5220587.454766772], [629145.214916922, 5220587.681166445], [629145.2538591358, 5220587.912226989], [629145.2709973273, 5220588.145918567], [629145.2661809397, 5220588.380188227], [629145.2394522844, 5220588.612977939], [629145.1910461694, 5220588.842242675], [629145.1213878362, 5220589.065968372], [629145.0310892245, 5220589.282189629], [629144.9599633297, 5220589.415740716], [629144.9437947512, 5220589.4502573935], [629144.9695947501, 5220589.504286824], [629144.9865453071, 5220589.535717741], [629145.0880744833, 5220589.7471613195], [629145.1693404855, 5220589.967189494], [629145.2296279573, 5220590.193865432], [629145.2684062094, 5220590.425193787], [629145.2853338904, 5220590.659138255], [629145.2802619917, 5220590.893639505], [629145.2532351596, 5220591.126633305], [629145.2044913017, 5220591.356068692], [629145.1344594932, 5220591.579926027], [629145.0437561997, 5220591.796234772], [629144.9541462744, 5220591.963868778], [629144.9457556212, 5220591.981707223], [629144.9714696466, 5220592.035777622], [629145.0246755669, 5220592.134812516], [629145.134562711, 5220592.36729416], [629145.2199877359, 5220592.609833773], [629145.2800468734, 5220592.859865369], [629145.3141047179, 5220593.114743697], [629145.3218009492, 5220593.3717722315], [629145.3030541434, 5220593.628231695], [629145.2580626357, 5220593.881408833], [629145.1873024208, 5220594.128625116], [629145.0915221183, 5220594.367265081], [629144.9717350514, 5220594.594803995], [629144.9384240037, 5220594.650878645], [629144.9566377249, 5220594.722398355], [629144.9808854404, 5220594.80076832], [629145.0292184282, 5220595.033117558], [629145.0553017628, 5220595.269002924], [629145.0589003927, 5220595.506298723], [629145.0399818887, 5220595.742866549], [629144.998716736, 5220595.976574558], [629144.9354767977, 5220596.205316675], [629144.8508319648, 5220596.4270315785], [629144.7455450188, 5220596.639721271], [629144.6205647594, 5220596.841469086], [629144.4770174536, 5220597.030456961], [629144.3161966866, 5220597.2049818225], [629144.139551704, 5220597.363470927], [629143.948674353, 5220597.504496042], [629143.7452847359, 5220597.62678631], [629143.0553939623, 5220597.998196947], [629143.0052485302, 5220598.028457126], [629143.0304478955, 5220598.081327129], [629144.2995521023, 5220600.438672866], [629144.3311460132, 5220600.491028482], [629144.3623242563, 5220600.532805828], [629144.4513746131, 5220600.640631058], [629144.5880510726, 5220600.843721391], [629144.7042096857, 5220601.059205299], [629144.7987367023, 5220601.285016683], [629144.8707257804, 5220601.518990422], [629144.9194866754, 5220601.7588831335], [629144.944551859, 5220602.002394683], [629144.9456810019, 5220602.247190236], [629144.944765152, 5220602.2678194465], [629144.9709088386, 5220602.322427157], [629146.051416864, 5220604.3211619565], [629146.1532652309, 5220604.532753593], [629146.2348111805, 5220604.752967964], [629146.2953352283, 5220604.979862102], [629146.3343033672, 5220605.21143411], [629146.3513717788, 5220605.445640814], [629146.3463898677, 5220605.680415794], [629146.3194015896, 5220605.9136876175], [629146.2706450635, 5220606.143398113], [629146.2005504712, 5220606.367520532], [629146.1097362613, 5220606.58407743], [629146.0233584626, 5220606.745612321], [629146.0134901586, 5220606.766581883], [629146.0391939038, 5220606.820657175], [629147.3058060996, 5220609.179342831], [629147.3360132735, 5220609.229520226], [629147.3889098667, 5220609.204376755], [629148.9239334076, 5220608.380070416], [629149.1529206313, 5220608.271675201], [629149.3917025857, 5220608.187012048], [629149.6378270884, 5220608.126950409], [629149.888766552, 5220608.092107091], [629150.1419439419, 5220608.082839917], [629150.3947592408, 5220608.099244059], [629150.6446161502, 5220608.141151053], [629150.8889487524, 5220608.208130533], [629151.1252478624, 5220608.299494649], [629151.3510867953, 5220608.414305136], [629151.5641462874, 5220608.551382938], [629151.7622383141, 5220608.709320332], [629151.9433285601, 5220608.8864953695], [629152.1055573104, 5220609.081088545], [629152.1662969177, 5220609.171109655], [629152.2094802237, 5220609.228982952], [629152.2625851489, 5220609.203676877], [629153.5708253265, 5220608.499506909], [629153.7852371633, 5220608.396929843], [629154.0084213682, 5220608.315178386], [629154.2383605528, 5220608.254991497], [629154.4729762695, 5220608.216913213], [629154.7101477991, 5220608.201287729], [629154.94773132, 5220608.208256286], [629155.1835792868, 5220608.237755892], [629155.4155598416, 5220608.289519899], [629155.6415760848, 5220608.363080405], [629155.8595850286, 5220608.457772488], [629156.0676160646, 5220608.572740215], [629156.2637887755, 5220608.706944379], [629156.446329933, 5220608.859171893], [629156.6135895259, 5220609.028046755], [629156.7640556749, 5220609.2120424835], [629156.7781454374, 5220609.231048606], [629156.8313289953, 5220609.205908219], [629158.2265323978, 5220608.460530279], [629158.4561897396, 5220608.352445865], [629158.6956228904, 5220608.26820513], [629158.9423637833, 5220608.208676422], [629159.1938690236, 5220608.174473363], [629159.4475461062, 5220608.165948515], [629159.7007801381, 5220608.183189752], [629159.950960794, 5220608.226019352], [629160.195509222, 5220608.29399583], [629160.4319046275, 5220608.386418487], [629160.6577102564, 5220608.502334634], [629160.8705985141, 5220608.640549412], [629161.0683749574, 5220608.79963811], [629161.249000915, 5220608.977960847], [629161.4106145022, 5220609.173679481], [629161.4525274298, 5220609.230036776], [629161.5056724793, 5220609.204815077], [629163.0519361093, 5220608.375691925], [629163.2809980984, 5220608.267433423], [629163.5198409072, 5220608.18291472], [629163.7660115511, 5220608.12300385], [629164.0169817869, 5220608.088316114], [629164.2701740781, 5220608.079207764], [629164.5229880668, 5220608.095772347], [629164.7728272807, 5220608.137839739], [629165.0171257992, 5220608.204977896], [629165.2533746064, 5220608.29649729], [629165.4791473588, 5220608.41145799], [629165.6921253053, 5220608.548679317], [629165.8901211013, 5220608.706751969], [629166.0711012728, 5220608.884052493], [629166.2332071016, 5220609.078759962], [629166.2975191715, 5220609.174212638], [629166.3386603309, 5220609.229425894], [629166.3917821194, 5220609.204155248], [629171.4958388418, 5220606.461248137], [629171.7186845731, 5220606.355314709], [629171.9508875131, 5220606.271864691], [629172.1901857413, 5220606.211710979], [629172.4342482203, 5220606.175439539], [629172.6806975042, 5220606.163403698], [629172.9271328965, 5220606.175720696], [629173.171153836, 5220606.212270554], [629173.4103832812, 5220606.272697234], [629173.642490865, 5220606.35641211], [629173.8652155956, 5220606.462599705], [629174.0763878806, 5220606.590225631], [629174.2739506619, 5220606.738046667], [629174.4559794529, 5220606.904622867], [629174.6207010862, 5220607.088331589], [629174.7665109859, 5220607.287383301], [629174.8919887973, 5220607.499839013], [629175.7780320942, 5220609.184802564], [629175.807802022, 5220609.235240612], [629175.8609151581, 5220609.210557829], [629185.6955523589, 5220604.038983425], [629185.9219989121, 5220603.93398417], [629186.1577870875, 5220603.852088983], [629186.4005664395, 5220603.794114235], [629186.6479168315, 5220603.760637844], [629186.8973725607, 5220603.751993518], [629187.1464469372, 5220603.768267429], [629187.3926570726, 5220603.80929735], [629187.6335486308, 5220603.874674276], [629187.8667202932, 5220603.9637465], [629188.0898476972, 5220604.075626108], [629188.3007066059, 5220604.209197833], [629188.4971950803, 5220604.363130172], [629188.6773544325, 5220604.535888653], [629188.8393887511, 5220604.725751142], [629188.981682803, 5220604.9308250025], [629189.1028181355, 5220605.149065962], [629189.2015872158, 5220605.378298494], [629189.2770054679, 5220605.616237504], [629189.3283210881, 5220605.8605111055], [629189.3550225383, 5220606.108684266], [629189.3568436464, 5220606.358283082], [629189.3337662586, 5220606.606819436], [629189.3196396771, 5220606.679306616], [629189.3069256712, 5220606.766840218], [629189.3329081538, 5220606.821348524], [629190.6020918447, 5220609.1786514735], [629190.6329322841, 5220609.229754585], [629190.6842660778, 5220609.232120884], [629190.8090443389, 5220609.231495718], [629191.0435260087, 5220609.252465154], [629191.2749956165, 5220609.29539756], [629191.5014006239, 5220609.359912236], [629191.7207334031, 5220609.445437103], [629191.9310490381, 5220609.551213776], [629192.130482572, 5220609.676304288], [629192.3172655442, 5220609.8195994105], [629192.4897416717, 5220609.979828485], [629192.6463815363, 5220610.155570692], [629192.7857961465, 5220610.345267654], [629192.9067492547, 5220610.547237247], [629193.0354272256, 5220610.787046193], [629193.0656182863, 5220610.8372333], [629193.1185229545, 5220610.812106822], [629196.0214854323, 5220609.254419639], [629196.051711653, 5220609.237230851], [629197.4425708426, 5220608.490788183], [629197.4507348448, 5220608.486152597], [629197.8282653817, 5220608.284357524], [629198.064467085, 5220608.173541668], [629198.3109317085, 5220608.087946178], [629198.5649749022, 5220608.028503312], [629198.8238297738, 5220607.995860487], [629199.0846770252, 5220607.990373231], [629199.3446756584, 5220608.012101306], [629199.6009939183, 5220608.0608080635], [629200.6527637306, 5220608.31818292], [629200.710972204, 5220608.329432076], [629200.7729836041, 5220608.235522197], [629200.7813862262, 5220608.221329435], [629200.9265586137, 5220608.023377518], [629201.0904449369, 5220607.840617413], [629201.2714650698, 5220607.674811217], [629201.4678736893, 5220607.527557567], [629201.6777771026, 5220607.400276224], [629201.8991515053, 5220607.294194383], [629202.1298624948, 5220607.210334842], [629202.3676856484, 5220607.149506142], [629202.6103279713, 5220607.112294769], [629202.8554500038, 5220607.099059498], [629203.1006883779, 5220607.10992794], [629203.343678604, 5220607.144795306], [629203.5820778683, 5220607.203325418], [629203.8135876209, 5220607.284953952], [629204.0359757382, 5220607.388893879], [629204.2470980433, 5220607.5141430525], [629204.44491898, 5220607.65949387], [629204.449397222, 5220607.663135972], [629204.5263133508, 5220607.686096446], [629204.7645931056, 5220607.770565916], [629204.9931236116, 5220607.878668371], [629205.209567922, 5220608.009298357], [629205.4117126832, 5220608.161120057], [629205.5974907682, 5220608.3325809445], [629205.7650024152, 5220608.521927667], [629205.9125346546, 5220608.727223968], [629206.0385788257, 5220608.946370494], [629206.1418460042, 5220609.177126258], [629206.2212801826, 5220609.417131558], [629206.2760690693, 5220609.663932107], [629206.3056523944, 5220609.915004129], [629206.3097276398, 5220610.1677801665], [629206.2882531319, 5220610.41967534], [629206.2414484686, 5220610.668113776], [629206.2284647477, 5220610.721915883], [629206.2175354118, 5220610.779455386], [629206.2737265918, 5220610.795971954], [629207.716394654, 5220611.144121874], [629219.7747061788, 5220562.084792013]]]}}, {"type": "Feature", "properties": {"vineyard_id": "V07", "area_m2": 191.8}, "geometry": {"type": "Polygon", "coordinates": [[[629227.360817768, 5220555.619786599], [629228.6241822325, 5220557.980213402], [629228.6543203149, 5220558.03043233], [629228.7072514748, 5220558.005361687], [629233.6596072125, 5220555.354726536], [629233.8797160281, 5220555.250378502], [629234.1089352156, 5220555.167946911], [629234.3450886082, 5220555.108214356], [629234.5859342071, 5220555.071747926], [629234.8291854664, 5220555.058893828], [629235.0725330014, 5220555.069774096], [629235.3136665133, 5220555.104285434], [629235.5502967228, 5220555.162100198], [629235.7801771043, 5220555.242669505], [629236.0011252137, 5220555.345228444], [629236.2110434085, 5220555.468803338], [629236.4079387623, 5220555.612220989], [629236.5899419851, 5220555.774119815], [629236.7553251701, 5220555.952962778], [629236.9025181986, 5220556.147051971], [629237.0301236457, 5220556.3545447495], [629237.9198593603, 5220557.973065435], [629237.9505579366, 5220558.022943714], [629238.0032050128, 5220557.997281891], [629244.1806429131, 5220554.601411096], [629244.2305211881, 5220554.570712523], [629244.2048593623, 5220554.51806544], [629243.3807925206, 5220553.019003181], [629243.2726089509, 5220552.796859444], [629243.1868823871, 5220552.565121488], [629243.1244502272, 5220552.326052982], [629243.0859223239, 5220552.08198921], [629243.0716750269, 5220551.835314244], [629243.0818475075, 5220551.588437665], [629243.1163403983, 5220551.343771025], [629243.1748167645, 5220551.103704286], [629243.2567053945, 5220550.87058248], [629243.3612063803, 5220550.646682796], [629243.4872989306, 5220550.434192342], [629243.6337513429, 5220550.235186775], [629243.7991330342, 5220550.051610032], [629243.9818285157, 5220549.885255334], [629244.1800531734, 5220549.737747675], [629244.3918707008, 5220549.610527946], [629248.5765339413, 5220547.370782647], [629248.6267528761, 5220547.340644562], [629248.6016822337, 5220547.287713405], [629248.4334529501, 5220546.973399585], [629248.327579422, 5220546.749612691], [629248.2443587945, 5220546.516451577], [629248.1846071592, 5220546.276202706], [629248.1489104627, 5220546.031222045], [629248.1376187596, 5220545.783911967], [629248.1508427806, 5220545.53669768], [629248.188452846, 5220545.292003461], [629248.2500801379, 5220545.052228869], [629248.3351203165, 5220544.819725222], [629248.4427394469, 5220544.596772535], [629248.5718821767, 5220544.385557163], [629248.6290762187, 5220544.309984875], [629248.6716154392, 5220544.247699379], [629248.6323072272, 5220544.150006003], [629248.5481888532, 5220543.904988502], [629248.4898771906, 5220543.652581635], [629248.4579983619, 5220543.395495625], [629248.4528946666, 5220543.136490936], [629248.4746209056, 5220542.878348636], [629248.5229437931, 5220542.623840532], [629248.5973444614, 5220542.375699409], [629248.6387027722, 5220542.259937436], [629248.6131441024, 5220542.20673201], [629247.336855897, 5220539.85326799], [629247.3064429068, 5220539.80321507], [629247.2536500148, 5220539.828575568], [629228.8340483167, 5220549.817562104], [629228.7839953977, 5220549.847975094], [629228.8093558977, 5220549.90076799], [629229.659635247, 5220551.468675495], [629229.7662010659, 5220551.690610751], [629229.8504210062, 5220551.92195148], [629229.9114783157, 5220552.160454176], [629229.9487808703, 5220552.403805879], [629229.9619669154, 5220552.649646599], [629229.9509085749, 5220552.895592212], [629229.9157130907, 5220553.139257575], [629229.8567217834, 5220553.37827966], [629229.7745067413, 5220553.610340467], [629229.6698652733, 5220553.833189507], [629229.5438121762, 5220554.044665624], [629229.3975698932, 5220554.242717956], [629229.2325566594, 5220554.425425821], [629229.0503727476, 5220554.591017348], [629228.8527849491, 5220554.737886655], [629228.6417094397, 5220554.864609426], [629227.3859660572, 5220555.536717353], [629227.335747124, 5220555.566855438], [629227.360817768, 5220555.619786599]]]}}, {"type": "Feature", "properties": {"vineyard_id": "V08", "area_m2": 1605.7}, "geometry": {"type": "Polygon", "coordinates": [[[629448.4640321609, 5220541.031530164], [629450.6034551115, 5220541.570785421], [629450.8461026505, 5220541.645233327], [629451.079951123, 5220541.743900498], [629451.3025901943, 5220541.865769948], [629451.5117250674, 5220542.009585537], [629451.7052001369, 5220542.1738649225], [629451.8810212064, 5220542.356914835], [629452.0373760442, 5220542.5568485325], [629452.1726530617, 5220542.7716052495], [629452.2854579247, 5220542.998971433], [629452.3746279252, 5220543.236603565], [629452.4392439657, 5220543.482052309], [629452.4786400322, 5220543.732787766], [629452.4924100599, 5220543.986225539], [629452.4804121174, 5220544.239753384], [629452.4705217362, 5220544.340277167], [629452.4897918942, 5220544.403779059], [629452.5184602988, 5220544.48302396], [629452.5762210328, 5220544.703915805], [629452.6135884164, 5220544.929156093], [629452.6302507785, 5220545.156866161], [629452.6260691433, 5220545.385146741], [629452.6010783883, 5220545.612093808], [629452.5554869547, 5220545.83581446], [629452.5081445265, 5220546.023796994], [629452.4400656014, 5220546.248845709], [629452.3511457427, 5220546.466503519], [629452.2421714521, 5220546.674845228], [629452.1141066147, 5220546.87202804], [629451.9680839723, 5220547.056307859], [629451.805395105, 5220547.226054719], [629451.6274790065, 5220547.379767195], [629451.4359093565, 5220547.516085694], [629451.2323806009, 5220547.633804467], [629451.1231955492, 5220547.690278187], [629451.1056107063, 5220547.746625167], [629450.4343892953, 5220550.338374826], [629450.4225052119, 5220550.39572475], [629450.4784141273, 5220550.41317288], [629452.4298665259, 5220550.918567616], [629468.4425110547, 5220555.069935543], [629468.6821199883, 5220555.145084418], [629468.9129812061, 5220555.24389177], [629469.1327654182, 5220555.3653606735], [629469.339255097, 5220555.508265561], [629469.5303668511, 5220555.671164585], [629469.7041724457, 5220555.852414164], [629469.8589182575, 5220556.050185568], [629469.9930429683, 5220556.26248337], [629470.1051933178, 5220556.487165575], [629470.1942377575, 5220556.721965239], [629470.2592778675, 5220556.964513334], [629470.2996574213, 5220557.212362655], [629470.3148976741, 5220557.461844799], [629470.3716589084, 5220557.478397882], [629473.1697800432, 5220558.147357433], [629473.2280475575, 5220558.158296731], [629473.2778812342, 5220558.081948435], [629473.4182742264, 5220557.887854403], [629473.5765992166, 5220557.708088214], [629473.7514025867, 5220557.54430034], [629473.9410794269, 5220557.397994558], [629474.1438882704, 5220557.270514134], [629474.3579670828, 5220557.163029496], [629474.5813503572, 5220557.076527483], [629474.8119871605, 5220557.0118022915], [629475.0477599633, 5220556.969448178], [629475.2865040812, 5220556.949854004], [629475.5260275499, 5220556.953199671], [629475.764131249, 5220556.979454459], [629475.9986290942, 5220557.028377318], [629480.3462457105, 5220558.1552196955], [629480.3457569524, 5220558.157105437], [629480.3927709673, 5220558.16930061], [629480.3932169812, 5220558.167582546], [629482.2213144569, 5220558.642161494], [629482.2797537934, 5220558.654306667], [629482.3631509782, 5220558.572324979], [629482.5541589533, 5220558.402846456], [629482.7614589195, 5220558.253736628], [629482.9828880911, 5220558.126551179], [629483.2161362707, 5220558.0226170495], [629483.4587699511, 5220557.943018597], [629483.7082577056, 5220557.888586282], [629483.9619965976, 5220557.859888002], [629484.2173393383, 5220557.857223173], [629484.4716219055, 5220557.880619595], [629484.7221913381, 5220557.92983317], [629485.5758394947, 5220558.143293475], [629485.6332870331, 5220558.154696313], [629485.6502658085, 5220558.098643067], [629485.872566517, 5220557.209641289], [629485.9437778553, 5220556.974590748], [629486.0377091345, 5220556.747661846], [629486.1534538082, 5220556.531044712], [629486.2898948047, 5220556.326829957], [629486.4457153088, 5220556.136988491], [629486.6194114703, 5220555.963352506], [629486.809306918, 5220555.807597793], [629487.0135689387, 5220555.671227566], [629487.230226165, 5220555.555557959], [629487.4571876011, 5220555.461705318], [629487.6922628038, 5220555.39057543], [629487.9331830223, 5220555.342854783], [629488.1776230945, 5220555.319003937], [629488.4232238879, 5220555.31925308], [629488.6676150674, 5220555.3435998075], [629488.9084379724, 5220555.391809145], [629499.8905934145, 5220558.157608149], [629499.890181859, 5220558.1592423115], [629499.9403210941, 5220558.171866474], [629499.9407535493, 5220558.170148469], [629503.5162385568, 5220559.070167391], [629503.5736681853, 5220559.081660084], [629503.5907346288, 5220559.02563347], [629504.2442653711, 5220556.429366531], [629504.2561456214, 5220556.370000261], [629504.2260036143, 5220556.27021909], [629504.1621414515, 5220556.008683465], [629504.1267729467, 5220555.741797107], [629504.1203082572, 5220555.472655012], [629504.1428223518, 5220555.204378337], [629504.1940541419, 5220554.940078199], [629504.3051278016, 5220554.496455421], [629504.3169021262, 5220554.437230339], [629504.2830290862, 5220554.355477161], [629504.205340983, 5220554.140725392], [629504.1475738599, 5220553.919780324], [629504.1102097607, 5220553.694485655], [629504.093560474, 5220553.46672138], [629504.0977649314, 5220553.238388102], [629504.1227880483, 5220553.011391169], [629504.168421017, 5220552.787624783], [629504.2971117112, 5220552.2769537615], [629504.3089765232, 5220552.21774674], [629504.3028439664, 5220552.202881511], [629504.2149185489, 5220551.952934082], [629504.1539403101, 5220551.695084802], [629504.1205942022, 5220551.4322300255], [629504.1152547932, 5220551.16732233], [629504.1379820593, 5220550.903337353], [629504.1885207109, 5220550.643240369], [629504.2871053467, 5220550.248824717], [629504.2988558423, 5220550.189594907], [629504.2715111176, 5220550.123672944], [629504.2387597136, 5220550.055053901], [629504.1591266424, 5220549.839044578], [629504.0997020325, 5220549.616625673], [629504.0609898184, 5220549.389683351], [629504.0433182886, 5220549.160142133], [629504.046837302, 5220548.929948584], [629504.0715170163, 5220548.701054798], [629504.1171481418, 5220548.475401849], [629504.2979561823, 5220547.754037685], [629504.309776562, 5220547.694659466], [629504.2991204201, 5220547.659511776], [629504.233780256, 5220547.47443663], [629504.1724183434, 5220547.215936371], [629504.1388358226, 5220546.952383942], [629504.1334119756, 5220546.686755912], [629504.1562080593, 5220546.422052291], [629504.2069666145, 5220546.161262649], [629504.3002024466, 5220545.7889741175], [629504.3119801771, 5220545.729749707], [629504.2922418163, 5220545.682103081], [629504.204035826, 5220545.43257992], [629504.1427020474, 5220545.175130366], [629504.1089278315, 5220544.912639592], [629504.1030916773, 5220544.64804926], [629504.1252589889, 5220544.384324564], [629504.1751813433, 5220544.124420999], [629504.3067371048, 5220543.593111165], [629504.3183252367, 5220543.534016481], [629504.2906551753, 5220543.48258546], [629504.1910795697, 5220543.275152708], [629504.1109971743, 5220543.059443511], [629504.0510863652, 5220542.837285138], [629504.0118546463, 5220542.610559489], [629503.9936343485, 5220542.381187152], [629503.9965798159, 5220542.151111139], [629504.0206660974, 5220541.922280418], [629504.0656891585, 5220541.696633411], [629504.2970657476, 5220540.76319258], [629504.3087310938, 5220540.703783712], [629504.307528465, 5220540.699853994], [629504.2329178296, 5220540.4950794475], [629504.1745917891, 5220540.273958306], [629504.1367153706, 5220540.048432558], [629504.1196055025, 5220539.820389275], [629504.1234053505, 5220539.591736597], [629504.1480831197, 5220539.36438776], [629504.1934323204, 5220539.14024509], [629504.3026874982, 5220538.703970366], [629504.314464545, 5220538.644745829], [629504.2800342696, 5220538.561636949], [629504.2024546888, 5220538.347198896], [629504.1447376858, 5220538.126583808], [629504.1073634868, 5220537.901627281], [629504.090643059, 5220537.674201036], [629504.0947155223, 5220537.446197341], [629504.1195469922, 5220537.219513271], [629504.1649308623, 5220536.996034918], [629504.2984636138, 5220536.464164976], [629504.3102760594, 5220536.404947488], [629504.2740341614, 5220536.3173175575], [629504.185832396, 5220536.067259874], [629504.1246112646, 5220535.809266911], [629504.0910594647, 5220535.546240918], [629504.0855544322, 5220535.281140765], [629504.1081580949, 5220535.016948656], [629504.1586161766, 5220534.756636578], [629504.3040679402, 5220534.173690512], [629504.3157939264, 5220534.114455843], [629504.2991717368, 5220534.0744303], [629504.2213498967, 5220533.859875089], [629504.1634193484, 5220533.639116784], [629504.12586291, 5220533.41399528], [629504.1089935926, 5220533.186386837], [629504.1129519925, 5220532.958188439], [629504.137705119, 5220532.731301991], [629504.1830466684, 5220532.507618462], [629504.3080454597, 5220532.009060063], [629504.3194841869, 5220531.951619656], [629504.2634415579, 5220531.934605864], [629453.1999996497, 5220519.131956163], [629453.1425592508, 5220519.120517437], [629453.1255454601, 5220519.176560061], [629452.4744545401, 5220521.773439937], [629452.462661167, 5220521.832661225], [629452.4932675216, 5220521.906597443], [629452.5815877162, 5220522.156755433], [629452.6429021327, 5220522.414863976], [629452.6765203266, 5220522.678016582], [629452.682063733, 5220522.943249965], [629452.6594699292, 5220523.207577408], [629452.6089933376, 5220523.468022394], [629452.4759320599, 5220524.001309488], [629452.4642060738, 5220524.0605441565], [629452.496271349, 5220524.1377560105], [629452.574127429, 5220524.352421028], [629452.6320718986, 5220524.573294469], [629452.6696213373, 5220524.798533627], [629452.6864624771, 5220525.026259371], [629452.682454815, 5220525.254571826], [629452.6576317865, 5220525.481566223], [629452.6122004855, 5220525.705348786], [629452.5472655001, 5220525.963989206], [629452.4709797389, 5220526.212384236], [629452.3693232101, 5220526.451519258], [629452.2433941232, 5220526.678810864], [629452.0945529073, 5220526.891803589], [629451.9244075145, 5220527.088196445], [629451.7347960491, 5220527.265867773], [629451.5277669096, 5220527.422898165], [629451.30555666, 5220527.5575912], [629451.2997226616, 5220527.560725035], [629450.9841614043, 5220530.867027558], [629450.9592444012, 5220531.053552258], [629450.9203677273, 5220531.237674296], [629450.4581563728, 5220533.080594884], [629450.5686770455, 5220533.1079562185], [629450.7958354062, 5220533.175772583], [629451.0155489314, 5220533.264800372], [629451.2258419577, 5220533.374239045], [629451.4248235311, 5220533.503104532], [629451.6107044095, 5220533.650238073], [629451.7818131532, 5220533.814316646], [629451.9366111524, 5220533.993864857], [629452.0737064643, 5220534.187268206], [629452.1918663281, 5220534.392787613], [629452.2900282509, 5220534.608575048], [629452.3673095609, 5220534.832690151], [629452.4230153447, 5220535.063117679], [629452.4566446961, 5220535.2977856295], [629452.4678952202, 5220535.534583868], [629452.4678994806, 5220535.630410805], [629452.4752044727, 5220535.704545844], [629452.4872462155, 5220535.943642329], [629452.4763631724, 5220536.182794358], [629452.4426551404, 5220536.419808917], [629452.38643122, 5220536.6525126], [629452.3082069813, 5220536.878771525], [629452.208699736, 5220537.096510913], [629452.0888219597, 5220537.303734106], [629451.9496729245, 5220537.498540879], [629451.7925286188, 5220537.679144866], [629451.6188300468, 5220537.843889939], [629451.4301700144, 5220537.991265395], [629451.2282785226, 5220538.11991981], [629451.0150069047, 5220538.22867343], [629450.792310849, 5220538.316528992], [629450.5622324651, 5220538.382680864], [629450.3268815584, 5220538.426522438], [629450.0884162828, 5220538.447651691], [629449.849023351, 5220538.445874866], [629449.6108979819, 5220538.421208258], [629449.3762237715, 5220538.373878057], [629449.1451866211, 5220538.3156436635], [629448.4640321609, 5220541.031530164]]]}}, {"type": "Feature", "properties": {"vineyard_id": "V09", "area_m2": 3072.8}, "geometry": {"type": "Polygon", "coordinates": [[[629232.6170522884, 5220504.328308275], [629232.0506691848, 5220503.286412324], [629232.0193465288, 5220503.234979285], [629231.9908270033, 5220503.2250010315], [629231.7631754801, 5220503.132559779], [629231.5456977424, 5220503.018218034], [629231.3404944721, 5220502.883080256], [629231.1495477884, 5220502.728451782], [629230.9747021019, 5220502.555826213], [629230.8176462988, 5220502.366870991], [629230.6798974277, 5220502.16341129], [629230.5627860456, 5220501.947412389], [629230.4674433662, 5220501.720960685], [629230.3947903325, 5220501.48624354], [629230.3455287218, 5220501.245528159], [629230.3201343666, 5220501.001139682], [629230.3188525585, 5220500.755438729], [629230.3416956788, 5220500.5107986], [629230.388443079, 5220500.269582345], [629230.4586432122, 5220500.034119943], [629230.5516179944, 5220499.806685797], [629230.6664693549, 5220499.58947676], [629230.8020879101, 5220499.384590916], [629230.9571636805, 5220499.194007321], [629231.130198743, 5220499.019566878], [629231.3195217007, 5220498.862954558], [629231.5233038275, 5220498.725683127], [629231.635278243, 5220498.658007184], [629231.6180117426, 5220498.591132319], [629231.5914819841, 5220498.506379264], [629231.5423799816, 5220498.27417622], [629231.5155186305, 5220498.0383633105], [629231.5111400235, 5220497.801065842], [629231.5292836236, 5220497.564422502], [629231.5697859082, 5220497.330566081], [629231.6322818432, 5220497.101604253], [629231.7162081727, 5220496.879600578], [629231.8208084954, 5220496.666555904], [629231.9451400818, 5220496.464390335], [629232.0880823709, 5220496.274925925], [629232.2483470694, 5220496.099870257], [629232.4244897624, 5220495.9408010505], [629232.6149229321, 5220495.799151948], [629232.817930265, 5220495.676199585], [629234.6676897903, 5220494.672669562], [629235.0500034203, 5220492.872506304], [629234.4116584226, 5220491.6958751], [629234.3802938493, 5220491.644275605], [629234.2864692098, 5220491.600610511], [629234.2613796939, 5220491.590429588], [629234.0484162288, 5220491.47911419], [629233.8471238775, 5220491.347866544], [629233.6593624055, 5220491.197899263], [629233.4868665657, 5220491.030597917], [629233.3312300689, 5220490.847508223], [629233.1938908611, 5220490.6503217695], [629233.0761178369, 5220490.440860389], [629232.9789991163, 5220490.2210593205], [629232.9034319918, 5220489.992949336], [629232.8501146378, 5220489.758637972], [629232.81953966, 5220489.520290063], [629232.8119895448, 5220489.280107734], [629232.8275340486, 5220489.040310062], [629232.8660295537, 5220488.8031125665], [629232.9271203952, 5220488.570706748], [629233.010242147, 5220488.345239833], [629233.1146268364, 5220488.12879494], [629233.2393100399, 5220487.92337183], [629233.3831397933, 5220487.7308684345], [629233.544787235, 5220487.553063316], [629233.7227588834, 5220487.391599241], [629233.9154104354, 5220487.247967995], [629234.1209619588, 5220487.123496606], [629236.2713999082, 5220485.958710183], [629236.4442298358, 5220484.271078116], [629236.0827705176, 5220483.603749051], [629235.9767065163, 5220483.382687772], [629235.8928072574, 5220483.15229989], [629235.8318797533, 5220482.914801468], [629235.794510055, 5220482.67247696], [629235.7810576151, 5220482.427657245], [629235.7916518303, 5220482.182697199], [629235.8261907967, 5220481.9399530515], [629235.8843422899, 5220481.701759716], [629235.9655469611, 5220481.470408332], [629236.0690237163, 5220481.248124229], [629236.1937772309, 5220481.037045518], [629236.3386075225, 5220480.83920253], [629236.5021214938, 5220480.656498281], [629236.6827463324, 5220480.490690172], [629236.8437731244, 5220480.369658522], [629237.3341786084, 5220475.58099702], [629237.0231204005, 5220475.011823694], [629236.9158124867, 5220474.790182505], [629236.8308304406, 5220474.559059471], [629236.7689987894, 5220474.320697033], [629236.7309174464, 5220474.077407871], [629236.716955891, 5220473.831552466], [629236.7272495832, 5220473.5855161995], [629236.76169865, 5220473.341686203], [629236.8199688537, 5220473.102428208], [629236.9014948354, 5220472.870063582], [629237.0054855997, 5220472.646846813], [629237.1309321902, 5220472.434943633], [629237.2766174778, 5220472.236410003], [629237.4411279698, 5220472.053172171], [629237.6228675249, 5220471.887007979], [629237.7199112051, 5220471.814434662], [629237.8958386627, 5220470.096556149], [629237.6110093025, 5220469.568051237], [629237.5054069413, 5220469.3467592], [629237.4219905284, 5220469.116186595], [629237.36156249, 5220468.878551419], [629237.3247041149, 5220468.636139611], [629237.3117699632, 5220468.391283057], [629237.3228844553, 5220468.14633716], [629237.3579406751, 5220467.903658183], [629237.4166013985, 5220467.665580583], [629237.498302337, 5220467.434394551], [629237.6022575668, 5220467.21232399], [629237.7274670879, 5220467.0015051095], [629237.8727264444, 5220466.803965889], [629238.0366383103, 5220466.62160656], [629238.2176259317, 5220466.456181335], [629238.2728826939, 5220466.414835012], [629238.4500290962, 5220464.685053872], [629237.8138645686, 5220463.507180897], [629237.783537025, 5220463.457076162], [629237.7307009349, 5220463.482346549], [629231.9158286537, 5220466.622936032], [629231.6918935332, 5220466.729883894], [629231.4584585832, 5220466.814103297], [629231.2178239702, 5220466.874764376], [629230.9723608033, 5220466.911269406], [629230.7244877697, 5220466.923258681], [629230.4766473024, 5220466.910614064], [629230.2312815138, 5220466.87346015], [629229.9908081318, 5220466.812163037], [629229.7575966764, 5220466.72732672], [629229.533945112, 5220466.61978714], [629229.3220572041, 5220466.490603944], [629229.1240208038, 5220466.341050048], [629228.9417872758, 5220466.172599092], [629228.7771522702, 5220465.986910917], [629228.6317380285, 5220465.785815213], [629228.5069773997, 5220465.571293492], [629228.4040997208, 5220465.345459555], [629228.3241187035, 5220465.1105386745], [629228.2678224462, 5220464.8688456565], [629228.2357656677, 5220464.622762039], [629228.2282642416, 5220464.374712625], [629228.2453920835, 5220464.127141583], [629228.2869804234, 5220463.882488373], [629228.3382934721, 5220463.695397308], [629228.3440254995, 5220463.669663294], [629228.3204126, 5220463.60876308], [629228.2442356312, 5220463.38017635], [629228.1904176577, 5220463.145317989], [629228.1594585822, 5220462.906369544], [629228.1516459765, 5220462.665550551], [629228.1670524101, 5220462.425097926], [629228.2055347762, 5220462.187245173], [629228.2667356209, 5220461.954201657], [629228.3500864634, 5220461.728132064], [629228.4548130769, 5220461.511136304], [629228.5799426797, 5220461.305229999], [629228.7243129715, 5220461.112325767], [629228.8865829295, 5220460.934215452], [629229.0652452653, 5220460.772553478], [629229.258640425, 5220460.628841489], [629229.4649720052, 5220460.50441439], [629238.4203420319, 5220455.676447213], [629238.4704698109, 5220455.646157781], [629238.445239609, 5220455.593302491], [629237.1747603917, 5220453.23669751], [629237.1437045226, 5220453.18530131], [629237.1254186761, 5220453.180790324], [629236.901954698, 5220453.114470702], [629236.6856389149, 5220453.027626453], [629236.4783518703, 5220452.921012556], [629236.2818956166, 5220452.795555863], [629236.0979780479, 5220452.65234703], [629235.9281980539, 5220452.492631047], [629235.7740316185, 5220452.317796405], [629235.6368189895, 5220452.129363032], [629235.5177530263, 5220451.928969075], [629234.2856240079, 5220449.61605513], [629234.2555840651, 5220449.565777438], [629234.2026040333, 5220449.590744658], [629227.5115011793, 5220453.155210172], [629227.4759536781, 5220453.175272104], [629225.9292603962, 5220453.99837828], [629225.7001286275, 5220454.10580646], [629225.4613101748, 5220454.189519827], [629225.2152521509, 5220454.248660592], [629224.9644758507, 5220454.2826227555], [629224.711550916, 5220454.291058314], [629224.4590690051, 5220454.273880832], [629224.2096172366, 5220454.231266321], [629223.9657516805, 5220454.163651442], [629223.7299711658, 5220454.0717290295], [629223.5046916761, 5220453.956440986], [629223.2922215939, 5220453.8189686425], [629223.0947380469, 5220453.660720641], [629222.9142645992, 5220453.48331851], [629222.7526505174, 5220453.288580045], [629222.6806507511, 5220453.192294751], [629222.627687966, 5220453.217653502], [629219.5681610489, 5220454.871778157], [629219.5178486123, 5220454.902260752], [629219.5415292946, 5220454.967463611], [629219.6120805616, 5220455.194958547], [629219.6606620116, 5220455.428135025], [629219.6868326694, 5220455.664876496], [629219.6903549833, 5220455.903034051], [629219.6711969812, 5220456.140445925], [629219.6295325607, 5220456.374957127], [629219.5657399108, 5220456.604438989], [629219.4803980795, 5220456.8268085], [629219.3742817169, 5220457.040047204], [629219.248354044, 5220457.242219528], [629219.1037581103, 5220457.431490348], [629218.9418064168, 5220457.606141647], [629218.7639690039, 5220457.764588111], [629218.5718601067, 5220457.905391516], [629218.3672235032, 5220458.027273787], [629216.9908735161, 5220458.760564291], [629216.9405972672, 5220458.790606662], [629216.9655670422, 5220458.8435854865], [629217.0869000359, 5220459.071321512], [629217.1906411335, 5220459.291175388], [629217.2725383928, 5220459.520065713], [629217.3318174203, 5220459.755828176], [629217.3679176933, 5220459.996233485], [629217.3804978593, 5220460.239008445], [629217.3694389644, 5220460.481857458], [629217.3348455781, 5220460.722484222], [629217.2770448037, 5220460.958613451], [629217.1965831865, 5220461.188012383], [629217.0942215452, 5220461.408511899], [629216.9709277774, 5220461.618027027], [629216.8278677086, 5220461.814576661], [629216.6663940678, 5220461.996302294], [629216.4880336965, 5220462.161485586], [629216.2944731116, 5220462.308564619], [629216.0875425582, 5220462.436148663], [629209.7153063453, 5220465.949356132], [629209.6648556824, 5220465.980492942], [629209.6810468452, 5220466.080661981], [629209.7077788408, 5220466.316872491], [629209.7119547586, 5220466.554554139], [629209.6935368417, 5220466.791557904], [629209.6526916174, 5220467.025740894], [629209.5897883921, 5220467.254985715], [629209.5053959114, 5220467.477219632], [629209.4002772185, 5220467.690433292], [629209.2753827549, 5220467.892698903], [629209.1318417661, 5220468.08218766], [629208.9709520927, 5220468.257186281], [629208.7941684346, 5220468.416112498], [629208.6030891993, 5220468.557529366], [629208.3994420487, 5220468.680158246], [629207.7346579744, 5220469.038552783], [629207.6845301895, 5220469.06884222], [629207.7097603924, 5220469.121697511], [629207.8144877991, 5220469.315955807], [629207.9188039509, 5220469.534091775], [629208.0015591424, 5220469.761284949], [629208.0619792463, 5220469.995410067], [629208.0994990674, 5220470.234277024], [629208.1137676291, 5220470.475651355], [629208.1046514575, 5220470.7172751445], [629208.0722358288, 5220470.956888139], [629208.0168239729, 5220471.192248897], [629207.9389342357, 5220471.421155753], [629207.839295231, 5220471.641467415], [629207.7188390244, 5220471.851122995], [629207.5786924147, 5220472.048161285], [629207.4201663927, 5220472.230739105], [629207.2447438784, 5220472.397148544], [629207.0540658487, 5220472.545832938], [629206.8499159868, 5220472.675401429], [629205.1711827628, 5220473.63023138], [629205.121755399, 5220473.6616508225], [629205.1602342187, 5220473.7377669895], [629205.2614696181, 5220473.965572767], [629205.339514353, 5220474.202328121], [629205.3935924205, 5220474.445678981], [629205.4231661196, 5220474.6932056965], [629205.4279413975, 5220474.942447096], [629205.4078707733, 5220475.190924959], [629205.3631538104, 5220475.436168658], [629205.2942351317, 5220475.67573972], [629205.2017999995, 5220475.90725608], [629205.086767501, 5220476.128415757], [629204.9502814102, 5220476.337019749], [629204.7936988159, 5220476.530993896], [629204.6185766268, 5220476.708409501], [629204.426656092, 5220476.867502514], [629204.2198454875, 5220477.006691064], [629199.1022537792, 5220480.0918349475], [629199.0536392018, 5220480.124497913], [629199.081379817, 5220480.176079913], [629199.6293508115, 5220481.085046212], [629199.7487216899, 5220481.3077979265], [629199.8449938496, 5220481.54146308], [629199.9171835011, 5220481.783653888], [629199.9645529499, 5220482.031895439], [629199.9866181356, 5220482.283650996], [629199.9831535774, 5220482.536347909], [629199.9541946794, 5220482.787403909], [629199.9000373675, 5220483.034253496], [629199.8212350666, 5220483.274374153], [629199.7185930446, 5220483.505312128], [629199.5931601836, 5220483.724707502], [629199.4462182616, 5220483.93031831], [629199.2792688543, 5220484.120043449], [629199.0940179903, 5220484.291944148], [629198.8923587182, 5220484.444263781], [629198.6763517612, 5220484.575445821], [629196.1886989259, 5220485.919017262], [629196.1385941833, 5220485.949344811], [629196.1638645715, 5220486.002180902], [629197.0656719694, 5220487.671897645], [629197.168605902, 5220487.88628502], [629197.2507031228, 5220488.10948311], [629197.31122072, 5220488.339472157], [629197.3496110591, 5220488.574170948], [629197.3655267392, 5220488.811455655], [629197.3588237365, 5220489.049179046], [629197.3295627078, 5220489.285189922], [629197.2780084412, 5220489.517352577], [629197.2046274602, 5220489.743566133], [629197.1100838021, 5220489.961783542], [629196.9952330091, 5220490.170030118], [629196.861114386, 5220490.366421401], [629196.7089415955, 5220490.5491802115], [629196.5400916759, 5220490.716652734], [629196.3560925797, 5220490.86732348], [629196.1586093465, 5220490.999829003], [629196.1397019383, 5220491.011250099], [629196.1649247665, 5220491.064108907], [629197.2433722086, 5220493.065183413], [629197.3486759112, 5220493.285761793], [629197.4319361312, 5220493.5155691635], [629197.4923569848, 5220493.752408798], [629197.5293609094, 5220493.994016747], [629197.5425941851, 5220494.238083484], [629197.531930315, 5220494.482275977], [629197.4974712349, 5220494.724259991], [629197.4395463389, 5220494.961722406], [629197.3587093306, 5220495.192393318], [629197.2557329299, 5220495.414067747], [629197.1316014878, 5220495.62462671], [629196.987501575, 5220495.822057474], [629196.8248106417, 5220496.004472802], [629196.6450838487, 5220496.170128987], [629196.4500392028, 5220496.317442522], [629196.2415411343, 5220496.445005241], [629196.187463027, 5220496.4745594], [629196.137509061, 5220496.505134653], [629196.1630407452, 5220496.557844985], [629196.2367433968, 5220496.692705864], [629196.3395568033, 5220496.903831239], [629196.4221072065, 5220497.123671979], [629196.4836662543, 5220497.350288403], [629196.5236908037, 5220497.581681048], [629196.5418277129, 5220497.815808305], [629196.537916958, 5220498.050604443], [629196.5119930439, 5220498.283997825], [629196.4642847006, 5220498.513929194], [629196.3952128645, 5220498.738369836], [629196.3053869652, 5220498.955339483], [629196.1955995475, 5220499.162923787], [629196.1354524608, 5220499.2647670815], [629196.1613222143, 5220499.318557566], [629197.1511548688, 5220501.141826142], [629197.2543587795, 5220501.355537566], [629197.3368328217, 5220501.578072177], [629197.3978337579, 5220501.80742454], [629197.4368118609, 5220502.041527782], [629197.4534158687, 5220502.278272216], [629197.4474961497, 5220502.515524355], [629197.419106051, 5220502.751146133], [629197.368501418, 5220502.983014181], [629197.2961382885, 5220503.209038953], [629197.2026687829, 5220503.427183566], [629197.088935228, 5220503.635482147], [629196.9559625653, 5220503.832057556], [629196.804949115, 5220504.015138298], [629196.6372557773, 5220504.183074491], [629196.4543937669, 5220504.33435273], [629196.4064696942, 5220504.37030863], [629196.41168992, 5220504.404206387], [629196.4376135343, 5220504.658189374], [629196.4374988052, 5220504.913491897], [629196.4113469295, 5220505.167451482], [629196.3594306372, 5220505.417419661], [629196.2822913477, 5220505.6607895885], [629196.180733524, 5220505.895023232], [629196.0558162823, 5220506.11767784], [629195.9088423473, 5220506.326431412], [629195.7413444667, 5220506.519106921], [629195.5550694258, 5220506.69369501], [629195.3519598318, 5220506.848374952], [629195.1341338543, 5220506.981533635], [629191.9284618407, 5220508.722864057], [629191.7117512905, 5220508.827405431], [629191.485994658, 5220508.910629853], [629191.2532830765, 5220508.971766433], [629191.0157721017, 5220509.010248875], [629190.7756617452, 5220509.025720727], [629190.5351760958, 5220509.018038675], [629190.2965427185, 5220508.9872738775], [629190.0619720215, 5220508.933711302], [629189.8336367809, 5220508.857847085], [629189.6136520152, 5220508.760383941], [629189.4040553947, 5220508.64222465], [629189.2067883661, 5220508.504463694], [629189.02367817, 5220508.348377123], [629188.8564209158, 5220508.175410732], [629188.7065658701, 5220507.98716667], [629188.5755011068, 5220507.785388601], [629188.4644406498, 5220507.571945549], [629188.3744132274, 5220507.34881459], [629188.3062527437, 5220507.118062537], [629188.260590554, 5220506.881826795], [629188.2565172648, 5220506.853495684], [629188.2307460755, 5220506.798371431], [629186.9792539249, 5220504.431628569], [629186.9493684669, 5220504.3812588835], [629186.8963120517, 5220504.406063336], [629182.0973191503, 5220506.943686684], [629182.0469494663, 5220506.973572141], [629182.0717539247, 5220507.026628569], [629183.3232460753, 5220509.393371431], [629183.3542962917, 5220509.445704229], [629183.4259720604, 5220509.511252826], [629183.471029074, 5220509.548640177], [629183.6465571147, 5220509.726752546], [629183.8034132358, 5220509.921509487], [629183.9400280205, 5220510.130962368], [629184.055034575, 5220510.353015519], [629184.1472822065, 5220510.585447193], [629184.2158479348, 5220510.825931808], [629184.2600457288, 5220511.072063204], [629184.2794333692, 5220511.321378724], [629184.2738168738, 5220511.571383852], [629184.2432524381, 5220511.819577172], [629184.1880458734, 5220512.063475397], [629184.1087495467, 5220512.300638214], [629184.0061568537, 5220512.5286927], [629183.8812942817, 5220512.7453570645], [629183.7354111375, 5220512.948463484], [629183.5699670487, 5220513.135979783], [629183.3866173592, 5220513.306029776], [629183.1871965665, 5220513.456912037], [629182.9736999669, 5220513.587116918], [629169.5056716264, 5220520.902989334], [629169.4554195123, 5220520.933571263], [629169.494934702, 5220521.041706897], [629169.5039546757, 5220521.0631562695], [629169.5777859646, 5220521.304243041], [629169.6269577738, 5220521.551540482], [629169.6509699364, 5220521.802533125], [629169.6495782052, 5220522.054667918], [629169.6227967363, 5220522.305380191], [629169.5708979463, 5220522.552119743], [629169.4944097404, 5220522.792376783], [629169.3941101431, 5220523.023707459], [629169.2710193839, 5220523.243758716], [629169.1263895205, 5220523.450292232], [629168.9616917019, 5220523.641207186], [629168.7786012053, 5220523.814561623], [629168.5789803945, 5220523.9685922135], [629168.3648597773, 5220524.101732185], [629168.1384173505, 5220524.212627263], [629168.0226499328, 5220524.262249401], [629167.9784791037, 5220524.2998965485], [629165.9553761663, 5220526.203289254], [629165.9140985596, 5220526.246132446], [629165.9407636556, 5220526.328486563], [629166.0052835842, 5220526.567568756], [629166.045833999, 5220526.811861162], [629166.0620170312, 5220527.058966858], [629166.0536738981, 5220527.306461319], [629166.0208864599, 5220527.551916203], [629165.9639764169, 5220527.79292318], [629165.8835021534, 5220528.0271175625], [629165.7802532588, 5220528.252201507], [629165.6552427798, 5220528.465966555], [629165.5096972818, 5220528.666315312], [629165.3450448131, 5220528.851282013], [629165.1629008943, 5220529.019051822], [629164.9650526666, 5220529.167978631], [629164.7534413572, 5220529.296601218], [629154.8194363805, 5220534.679873234], [629154.7693740992, 5220534.710270806], [629154.7947183391, 5220534.763071511], [629155.7122056972, 5220536.4561540745], [629155.8211427039, 5220536.683943652], [629155.9065468523, 5220536.921559927], [629155.9675469471, 5220537.16657901], [629156.0035207347, 5220537.416501497], [629156.014101252, 5220537.668777964], [629155.9991805683, 5220537.920834973], [629155.9589108876, 5220538.170101328], [629155.893702995, 5220538.414034298], [629155.8042220672, 5220538.650145556], [629155.6913808862, 5220538.876026566], [629155.5563305292, 5220539.089373148], [629155.4004486252, 5220539.288008982], [629155.2253253037, 5220539.469907815], [629154.0990097531, 5220540.527313764], [629154.0576864467, 5220540.570112881], [629154.0843935777, 5220540.652898186], [629154.1487454136, 5220540.892452005], [629154.189041546, 5220541.137203742], [629154.2048852851, 5220541.3847439755], [629154.1961206598, 5220541.632635832], [629154.1628339522, 5220541.878438977], [629154.1053528483, 5220542.119733638], [629154.0242432121, 5220542.354144427], [629153.9203035153, 5220542.579363721], [629153.7945569769, 5220542.793174383], [629153.6482414897, 5220542.993471586], [629153.4827974347, 5220543.178283533], [629153.2998535013, 5220543.345790871], [629153.1012106537, 5220543.4943446], [629152.8888244017, 5220543.622482303], [629144.9911935432, 5220547.867810963], [629144.9410289391, 5220547.898039371], [629144.9661948005, 5220547.950925326], [629145.020494721, 5220548.051940056], [629145.1303691575, 5220548.28423351], [629145.2158179142, 5220548.526578616], [629145.2759382062, 5220548.776414945], [629145.3100948491, 5220549.03110292], [629145.3179269703, 5220549.287951705], [629145.2993518218, 5220549.544247637], [629145.2545656541, 5220549.797282891], [629145.184041643, 5220550.044384094], [629145.0885248907, 5220550.282940567], [629144.9690245526, 5220550.510431907], [629144.9374558919, 5220550.563686973], [629144.9632380542, 5220550.617519502], [629145.0523631724, 5220550.782326914], [629145.1570717907, 5220551.000590325], [629145.2401793993, 5220551.22795773], [629145.300906744, 5220551.462297229], [629145.3386844178, 5220551.70141155], [629145.3531582002, 5220551.94305865], [629145.3441923786, 5220552.184972737], [629145.3118710206, 5220552.424885515], [629145.2564971857, 5220552.660547455], [629145.178590084, 5220552.8897488825], [629145.0788802074, 5220553.110340704], [629144.9583024806, 5220553.320254551], [629144.8377544812, 5220553.489731941], [629144.8299671408, 5220553.501920813], [629144.868366203, 5220553.546799509], [629144.8707358724, 5220553.54930857], [629145.0330183646, 5220553.739325201], [629145.1755210985, 5220553.944593071], [629145.2968203713, 5220554.163061407], [629145.3957043171, 5220554.392547556], [629145.4711850154, 5220554.630758789], [629145.5225083603, 5220554.875315208], [629145.5491615955, 5220555.123773519], [629145.5508784361, 5220555.37365145], [629145.5379897582, 5220555.511653672], [629145.535480853, 5220555.567434771], [629145.5615928215, 5220555.622057654], [629146.8334071796, 5220557.977942347], [629146.8637250161, 5220558.028052961], [629146.9165660025, 5220558.002792813], [629197.4171273158, 5220530.740278994], [629197.4485118436, 5220530.7223331295], [629201.3387160077, 5220528.62349749], [629201.3886080652, 5220528.593315166], [629201.3633504609, 5220528.540472964], [629200.2688842228, 5220526.512871007], [629200.1632543914, 5220526.2919302955], [629200.0797480871, 5220526.061714838], [629200.0191666024, 5220525.82443369], [629199.9820912526, 5220525.582363704], [629199.9688777978, 5220525.337827685], [629199.9796530289, 5220525.093172103], [629200.014313551, 5220524.8507445725], [629200.0725267761, 5220524.612871328], [629200.1537341136, 5220524.381834907], [629200.2571563309, 5220524.15985224], [629200.3818010305, 5220523.949053382], [629200.5264721724, 5220523.751461074], [629200.6897815512, 5220523.56897133], [629200.8701621165, 5220523.40333525], [629201.0658830097, 5220523.256142207], [629201.2750661726, 5220523.128804609], [629231.2490532799, 5220506.838642445], [629231.2537479821, 5220506.835940281], [629232.1928291029, 5220506.325807009], [629232.6170522884, 5220504.328308275]]]}}, {"type": "Feature", "properties": {"vineyard_id": "V10", "area_m2": 483.4}, "geometry": {"type": "Polygon", "coordinates": [[[629453.0786258848, 5220508.80443805], [629503.583781549, 5220521.415924752], [629503.6412328485, 5220521.427308687], [629503.6581931771, 5220521.371249858], [629504.3068068232, 5220518.77375014], [629504.3185437046, 5220518.714517628], [629504.2850104679, 5220518.633729035], [629504.2434560145, 5220518.545235957], [629504.1573324308, 5220518.296905926], [629504.0977572023, 5220518.040906183], [629504.0653888503, 5220517.780066452], [629504.0605851621, 5220517.517269952], [629504.0833992359, 5220517.255421534], [629504.1335788935, 5220516.99741557], [629504.3042830861, 5220516.31374421], [629504.3160188842, 5220516.254511486], [629504.3022316501, 5220516.221296865], [629504.223999554, 5220516.005296889], [629504.1659255404, 5220515.783027548], [629504.128499998, 5220515.556365731], [629504.1120389558, 5220515.327225414], [629504.1166814137, 5220515.0975415055], [629504.1423881704, 5220514.8692535], [629504.1889421524, 5220514.644289109], [629504.3112096738, 5220514.165493345], [629504.3231947856, 5220514.106651235], [629504.2732263723, 5220514.031120919], [629504.1537362762, 5220513.830780154], [629504.0534392783, 5220513.6201743195], [629503.9732085931, 5220513.401137011], [629503.9137427321, 5220513.175575231], [629503.8755594224, 5220512.945452785], [629503.8589910987, 5220512.712773186], [629503.8641820098, 5220512.47956221], [629503.8910869621, 5220512.247850257], [629503.9394717132, 5220512.019654681], [629504.3209506478, 5220510.559863994], [629504.3332991444, 5220510.500923508], [629504.3132656749, 5220510.462508725], [629504.2054805827, 5220510.226765121], [629504.1226853676, 5220509.98112794], [629504.0657701466, 5220509.728237983], [629504.0353468055, 5220509.470814027], [629504.0317424202, 5220509.211623593], [629504.054995741, 5220508.9534531925], [629504.1048567755, 5220508.699078371], [629504.297746417, 5220507.928985127], [629504.3091719158, 5220507.871542084], [629504.2531253793, 5220507.854541201], [629489.9196903377, 5220504.26436408], [629489.8619942795, 5220504.252888256], [629489.8574597635, 5220504.263835874], [629489.7870795917, 5220504.461298404], [629489.6855718541, 5220504.677965547], [629489.5638162878, 5220504.883936549], [629489.4229281439, 5220505.077324766], [629489.2641979235, 5220505.25635881], [629489.0890795563, 5220505.419398771], [629488.8991770841, 5220505.564951245], [629488.6962299668, 5220505.691683006], [629488.4820971505, 5220505.798433221], [629488.2587400394, 5220505.884224086], [629488.0282045301, 5220505.948269777], [629487.7926022714, 5220505.989983651], [629487.5540913224, 5220506.0089836195], [629487.314856385, 5220506.005095647], [629487.0770887928, 5220505.978355345], [629486.8429664387, 5220505.929007651], [629480.4983450294, 5220504.271003229], [629480.4410212996, 5220504.258993455], [629480.4234506483, 5220504.314863992], [629480.1487372264, 5220505.366099221], [629480.0754373161, 5220505.5993179595], [629479.9797094709, 5220505.824262478], [629479.8624690613, 5220506.03878181], [629479.7248371653, 5220506.240824672], [629479.5681298494, 5220506.428459088], [629479.3938455826, 5220506.599890857], [629479.2036509091, 5220506.753480711], [629478.9993645117, 5220506.88775999], [629478.7829398211, 5220507.001444687], [629478.5564463373, 5220507.093447724], [629478.3220498401, 5220507.162889348], [629478.0819916799, 5220507.209105543], [629477.8385673446, 5220507.2316543795], [629477.5941045108, 5220507.230320241], [629477.3509407853, 5220507.2051158855], [629477.1114013521, 5220507.156282322], [629465.8233578573, 5220504.273714845], [629465.7657151246, 5220504.2619740255], [629465.7396003561, 5220504.324212089], [629465.6996565353, 5220504.433756164], [629465.5896054185, 5220504.661146059], [629465.4571681091, 5220504.876268747], [629465.3036968963, 5220505.07692766], [629465.1307588415, 5220505.261073911], [629464.9401197785, 5220505.42682722], [629464.7337262818, 5220505.57249512], [629464.513685791, 5220505.696590222], [629464.2822450929, 5220505.797845422], [629464.0417673787, 5220505.875226824], [629463.7947081148, 5220505.927944301], [629463.5435899706, 5220505.955459567], [629463.2909770595, 5220505.957491669], [629463.0394487581, 5220505.93401986], [629462.7915733681, 5220505.885283803], [629456.3786938938, 5220504.284067959], [629456.3212423894, 5220504.272685074], [629456.3198058883, 5220504.277433442], [629456.2402455584, 5220504.501402338], [629456.139775666, 5220504.7168036215], [629456.0193043286, 5220504.921690344], [629455.8799204513, 5220505.114210595], [629455.7228838842, 5220505.292624241], [629455.5496140345, 5220505.455318652], [629455.3616770374, 5220505.600823282], [629455.1607716002, 5220505.727822958], [629454.9487136481, 5220505.835169766], [629454.7274199105, 5220505.921893431], [629454.4988905966, 5220505.987210082], [629454.2651913153, 5220506.030529343], [629454.0284344062, 5220506.051459661], [629453.7907598449, 5220506.049811855], [629453.5543159023, 5220506.025600819], [629453.3420849318, 5220505.983209082], [629453.0786258848, 5220508.80443805]]]}}, {"type": "Feature", "properties": {"vineyard_id": "V11", "area_m2": 59.1}, "geometry": {"type": "MultiPolygon", "coordinates": [[[[629552.9493988124, 5220291.172047714], [629553.0461078004, 5220290.938775189], [629553.1658561825, 5220290.716448798], [629553.3074221669, 5220290.507336935], [629556.2687730918, 5220286.576411784], [629556.3016763931, 5220286.527959556], [629556.2566825692, 5220286.49046555], [629554.1183174272, 5220284.879534447], [629554.0698652097, 5220284.846631153], [629554.0323711976, 5220284.8916249825], [629550.4487269082, 5220289.648588216], [629550.4158236069, 5220289.697040443], [629550.4608174309, 5220289.73453445], [629552.5991825728, 5220291.345465553], [629552.6867545957, 5220291.404934617], [629552.8121223217, 5220291.481128119], [629552.8572120789, 5220291.514809055], [629552.8767159393, 5220291.413886295], [629552.9493988124, 5220291.172047714]]], [[[629551.2141232016, 5220302.520544351], [629551.2629832734, 5220302.553729877], [629551.3169134568, 5220302.510150196], [629551.5078388397, 5220302.370272378], [629551.7111363697, 5220302.249076586], [629551.9249839053, 5220302.147649089], [629552.1474647463, 5220302.066898974], [629552.3765848125, 5220302.007549998], [629552.6102905173, 5220301.970134104], [629552.8464871731, 5220301.954986644], [629553.0830577658, 5220301.9622433875], [629553.3178819303, 5220301.991839291], [629553.5488549541, 5220302.0435090875], [629553.7739066425, 5220302.116789667], [629553.9910198731, 5220302.211024219], [629554.1982486756, 5220302.325368126], [629554.393735673, 5220302.458796532], [629556.5311763423, 5220304.071137098], [629556.5796078744, 5220304.104070823], [629556.617130145, 5220304.059100558], [629558.393212861, 5220301.704590904], [629558.4261465938, 5220301.656159358], [629558.3811763325, 5220301.618637091], [629556.2895358729, 5220300.040845103], [629556.1012124884, 5220299.883716591], [629555.9291921034, 5220299.70889081], [629555.7751303819, 5220299.518050425], [629555.6405101385, 5220299.313032239], [629555.5266270677, 5220299.095809513], [629555.4345772726, 5220298.868472974], [629555.3652467148, 5220298.633210694], [629555.319302688, 5220298.392287028], [629555.2971873947, 5220298.14802082], [629555.2991136903, 5220297.902763086], [629555.3250630348, 5220297.658874386], [629555.3747856704, 5220297.418702102], [629555.4478030263, 5220297.184557847], [629555.5434123243, 5220296.958695215], [629555.6606933429, 5220296.74328809], [629555.7985172747, 5220296.540409727], [629556.2686304509, 5220295.916584778], [629556.3015415013, 5220295.868137819], [629556.2565536711, 5220295.830636608], [629554.1184463204, 5220294.219363385], [629554.026927485, 5220294.15719269], [629553.8934484532, 5220294.075527789], [629553.8606776386, 5220294.050609225], [629553.8266671172, 5220294.205427609], [629553.7535086168, 5220294.432483435], [629553.6590420993, 5220294.6515327245], [629553.5441276862, 5220294.860581025], [629553.4098116782, 5220295.057724942], [629549.7494338539, 5220299.914927692], [629549.7480652463, 5220299.913896312], [629549.7061659159, 5220299.969500357], [629549.7068611435, 5220299.970024185], [629549.0637926038, 5220300.823508534], [629549.0308857389, 5220300.871958325], [629549.075876806, 5220300.909455654], [629551.2141232016, 5220302.520544351]]]]}}, {"type": "Feature", "properties": {"vineyard_id": "V12", "area_m2": 13839.0}, "geometry": {"type": "MultiPolygon", "coordinates": [[[[629521.9373124578, 5220250.802938238], [629522.0895608066, 5220250.618859474], [629522.258683263, 5220250.450152196], [629522.4431356833, 5220250.298356756], [629522.6412339568, 5220250.1648590965], [629522.8511693808, 5220250.0508780945], [629523.0710251764, 5220249.9574544355], [629523.2987939878, 5220249.885441107], [629523.5323962112, 5220249.8354956135], [629523.7696989813, 5220249.808073975], [629524.0085356463, 5220249.80342656], [629524.2467255489, 5220249.821595801], [629524.4820939371, 5220249.862415805], [629524.7124918203, 5220249.925513876], [629524.9358155903, 5220250.010313903], [629525.1500262277, 5220250.116041638], [629525.3531679192, 5220250.24173175], [629525.5433859144, 5220250.386236646], [629525.6476411475, 5220250.482440882], [629525.7309379779, 5220250.551874464], [629526.043136387, 5220250.78714146], [629526.2311991343, 5220250.943870817], [629526.4030310813, 5220251.118242462], [629526.5569845195, 5220251.308584332], [629526.6915831786, 5220251.513071224], [629526.8055363826, 5220251.729742302], [629526.8977514262, 5220251.956519889], [629526.967344053, 5220252.1912294], [629527.0136469342, 5220252.43162019], [629527.0362160683, 5220252.675387133], [629527.0348350385, 5220252.920192732], [629527.0095170874, 5220253.163689528], [629526.9605049905, 5220253.403542614], [629526.8882687285, 5220253.63745202], [629526.7935009798, 5220253.863174776], [629526.6771104791, 5220254.078546408], [629526.5402133028, 5220254.281501702], [629526.3433450857, 5220254.544595393], [629526.3105989039, 5220254.593153951], [629526.3557139438, 5220254.630502015], [629528.4992860466, 5220256.234497977], [629528.5486110176, 5220256.267761001], [629528.6249942709, 5220256.227351156], [629528.8491971851, 5220256.122595273], [629529.0826584822, 5220256.040518695], [629529.3230905873, 5220255.981925651], [629529.5681376217, 5220255.947390267], [629529.8153984878, 5220255.937250938], [629530.0624503952, 5220255.951607015], [629530.3068726012, 5220255.990317828], [629530.5462701302, 5220256.05300407], [629530.7782972411, 5220256.139051509], [629531.0006804119, 5220256.247617006], [629531.2112406169, 5220256.377636782], [629531.2570881248, 5220256.409184669], [629531.3643438503, 5220256.468410217], [629531.3637180841, 5220256.469543462], [629531.4294150642, 5220256.50257585], [629531.6774555631, 5220256.666847112], [629533.5501056799, 5220258.074238745], [629533.5990062222, 5220258.107364604], [629533.6752999034, 5220258.0455594305], [629533.6974146926, 5220258.025706664], [629533.8882872505, 5220257.884608641], [629534.0916809437, 5220257.762248555], [629534.305762268, 5220257.659729427], [629534.528601375, 5220257.57797542], [629534.7581894685, 5220257.517723512], [629534.9924569137, 5220257.479516846], [629535.2292918931, 5220257.46369984], [629535.4665594441, 5220257.470415076], [629535.7021207047, 5220257.499602019], [629535.9338521943, 5220257.550997562], [629536.1596649563, 5220257.624138396], [629536.3775233881, 5220257.7183651915], [629536.5854635927, 5220257.832828532], [629536.7816110809, 5220257.966496584], [629537.0291586164, 5220258.152997329], [629537.0789763824, 5220258.186830115], [629537.1873629326, 5220258.176978827], [629537.4301675644, 5220258.166770586], [629537.6728161722, 5220258.1801851485], [629537.91301589, 5220258.217095757], [629538.148496992, 5220258.277153629], [629538.3770343399, 5220258.35979126], [629538.5964684096, 5220258.464227779], [629538.8047256967, 5220258.589476331], [629538.9998383097, 5220258.734353402], [629540.2271862506, 5220259.741823547], [629540.2752733073, 5220259.777495021], [629540.3422910918, 5220259.760715281], [629540.5879116871, 5220259.712142208], [629540.8371590052, 5220259.688381007], [629541.0875330429, 5220259.689670008], [629541.3365224956, 5220259.715996281], [629541.5816299466, 5220259.76709577], [629541.8203969162, 5220259.842455935], [629542.0504285216, 5220259.941320897], [629542.2694174969, 5220260.062699021], [629542.4751673365, 5220260.205372858], [629542.6656143261, 5220260.367911359], [629542.8388482422, 5220260.548684229], [629542.9931315118, 5220260.745878278], [629543.1269166415, 5220260.9575156085], [629543.2325928514, 5220261.16893189], [629543.2358086432, 5220261.174659362], [629543.2797194715, 5220261.2167862635], [629544.2902849417, 5220262.095247693], [629545.9121930643, 5220262.629742989], [629545.9931846706, 5220262.58853152], [629546.2138084956, 5220262.50148767], [629546.4416880064, 5220262.43574246], [629546.6747722327, 5220262.3918876145], [629546.9109633601, 5220262.370317835], [629547.1481356118, 5220262.371227258], [629547.3841543804, 5220262.394607697], [629547.6168954403, 5220262.44024872], [629547.8442640657, 5220262.50773955], [629548.0642138845, 5220262.596472753], [629548.2747652953, 5220262.705649708], [629548.4740232847, 5220262.834287796], [629548.6601944828, 5220262.981229244], [629549.0277418884, 5220263.30075818], [629549.0737746942, 5220263.336969037], [629549.1143231865, 5220263.29470718], [629549.2042088812, 5220263.191313558], [629549.3785752776, 5220263.010029826], [629549.5702753747, 5220262.847184795], [629549.7773686333, 5220262.70442691], [629549.9977586918, 5220262.583201279], [629550.2292145884, 5220262.484735044], [629550.4693933437, 5220262.410024957], [629550.7158636788, 5220262.359827293], [629550.9661306266, 5220262.334650193], [629551.2176607875, 5220262.334748519], [629551.4679079748, 5220262.360121275], [629551.7143389891, 5220262.410511619], [629551.9544592611, 5220262.48540946], [629552.1858381039, 5220262.584056622], [629552.4061333184, 5220262.705454522], [629552.6131149027, 5220262.848374273], [629553.2243854973, 5220263.317561536], [629553.2744161966, 5220263.352199172], [629553.3045831778, 5220263.361896885], [629553.4772230514, 5220263.408120373], [629553.7053336808, 5220263.493749871], [629553.9240252886, 5220263.601178223], [629554.1312205885, 5220263.729385002], [629554.3249514948, 5220263.877152407], [629554.5033778162, 5220264.043076842], [629554.6648047343, 5220264.22558224], [629554.8076989036, 5220264.422935037], [629554.9307030153, 5220264.633260638], [629555.0326486903, 5220264.8545612255], [629555.1125675774, 5220265.084734729], [629555.1473227354, 5220265.203170375], [629555.1929224358, 5220265.2408917295], [629556.2625646802, 5220266.040679075], [629557.7353017261, 5220266.526015459], [629557.7586788516, 5220266.505151966], [629557.9622897372, 5220266.357333008], [629558.1797276807, 5220266.2307289895], [629558.4087901983, 5220266.126622314], [629558.6471570573, 5220266.046067503], [629558.8924137793, 5220265.989880519], [629559.1420760968, 5220265.958630493], [629559.3936151167, 5220265.952633965], [629559.6444829366, 5220265.971951674], [629559.8921384524, 5220266.016387948], [629560.1340730985, 5220266.085492679], [629560.3678362577, 5220266.178565889], [629560.5910600834, 5220266.294664814], [629560.8014834849, 5220266.43261346], [629561.1736524646, 5220266.704325958], [629561.2238314955, 5220266.737312338], [629561.2432372309, 5220266.733300622], [629561.4289782993, 5220266.6849190835], [629561.6619386708, 5220266.647231937], [629561.897414679, 5220266.631678633], [629562.1333081063, 5220266.638397761], [629562.3675170157, 5220266.667329448], [629562.5979544797, 5220266.718215899], [629562.8225671771, 5220266.790603687], [629563.0393536881, 5220266.883847799], [629563.2463823284, 5220266.997117379], [629563.4418083619, 5220267.129403135], [629563.8193861429, 5220267.411864206], [629563.869030896, 5220267.445333867], [629563.9193888245, 5220267.430285323], [629564.1456647214, 5220267.374015456], [629564.3761988733, 5220267.33907144], [629564.6089859254, 5220267.325757244], [629564.8420009256, 5220267.334188685], [629565.0732169384, 5220267.36429242], [629565.3006226777, 5220267.415806586], [629565.5222400016, 5220267.4882830735], [629565.7361411203, 5220267.581091429], [629565.9404653652, 5220267.6934243385], [629566.133435374, 5220267.824304647], [629566.6416070086, 5220268.204737199], [629566.6915275874, 5220268.238418092], [629566.7654278218, 5220268.231474271], [629566.8381764734, 5220268.220826117], [629567.070398449, 5220268.208672714], [629567.3027450736, 5220268.218148854], [629567.5332060932, 5220268.249172546], [629567.7597875686, 5220268.301475378], [629567.9805291258, 5220268.374604825], [629568.1935209173, 5220268.467928176], [629568.3969201471, 5220268.580638001], [629568.5889670129, 5220268.711759137], [629569.2642279017, 5220269.220405375], [629569.3132753295, 5220269.253708836], [629569.3646531506, 5220269.219930012], [629569.5848505597, 5220269.090758387], [629569.8170731156, 5220268.98471645], [629570.0588993053, 5220268.902909961], [629570.3078074732, 5220268.846191959], [629570.5612021164, 5220268.815153876], [629570.8164409485, 5220268.8101193635], [629571.0708624531, 5220268.831140918], [629571.3218136365, 5220268.8779993355], [629571.5666776916, 5220268.9502059985], [629571.8029012857, 5220269.047007969], [629572.0280211846, 5220269.167395837], [629572.2396899385, 5220269.310114253], [629572.5477474047, 5220269.541550129], [629572.6316315663, 5220269.59835278], [629572.7004432095, 5220269.639062906], [629572.8529231418, 5220269.745314048], [629574.804080087, 5220271.215601584], [629574.853454363, 5220271.249140216], [629574.9154400892, 5220271.224017323], [629575.1471366737, 5220271.14310811], [629575.3856498905, 5220271.085306265], [629575.6286812506, 5220271.051168809], [629575.8738887246, 5220271.041024714], [629576.1189093124, 5220271.054971738], [629576.361381815, 5220271.092875477], [629576.5989695888, 5220271.154370661], [629576.8293830624, 5220271.238864679], [629577.0504018022, 5220271.345543283], [629577.2598959084, 5220271.47337844], [629577.4558465416, 5220271.6211382365], [629577.5761997964, 5220271.721527165], [629579.7138002119, 5220273.333472841], [629579.7628299561, 5220273.366802336], [629579.769467612, 5220273.362443392], [629579.9435223477, 5220273.23502978], [629580.1468173239, 5220273.113936861], [629580.360650363, 5220273.012606837], [629580.583105783, 5220272.9319475], [629580.8121906559, 5220272.87268146], [629581.0458526617, 5220272.835339668], [629581.2819984754, 5220272.820256661], [629581.5185125198, 5220272.827567562], [629581.7532759187, 5220272.857206877], [629581.9841854798, 5220272.908909073], [629582.2091725362, 5220272.982210962], [629582.4262214797, 5220273.076455848], [629582.6333878175, 5220273.190799414], [629582.8288155934, 5220273.324217279], [629583.1761011094, 5220273.586236818], [629583.2251226121, 5220273.6195784155], [629583.3063254415, 5220273.566281283], [629583.5095525858, 5220273.44622285], [629583.7231967425, 5220273.345866117], [629583.9453533919, 5220273.266105709], [629584.1740421301, 5220273.207652645], [629584.4072243235, 5220273.171028004], [629584.6428212812, 5220273.156558272], [629584.8787327866, 5220273.164372441], [629585.1128558188, 5220273.194400852], [629585.3431033003, 5220273.246375815], [629585.5674227019, 5220273.319834005], [629585.7838143398, 5220273.414120583], [629585.9903492022, 5220273.528395034], [629586.1851861448, 5220273.661638666], [629586.4205491121, 5220273.839467905], [629586.470455808, 5220273.873461536], [629586.5544516597, 5220273.874209931], [629586.8194741394, 5220273.89067341], [629587.0812555501, 5220273.9351532245], [629587.336842664, 5220274.007147585], [629587.583352133, 5220274.105844306], [629587.8180030164, 5220274.23012996], [629588.038148153, 5220274.378602448], [629589.1084976377, 5220275.186373912], [629589.1581471981, 5220275.220151996], [629589.2621477004, 5220275.200366691], [629589.5203717693, 5220275.165070276], [629589.7808672903, 5220275.15684895], [629590.0408031769, 5220275.175792063], [629590.2973544248, 5220275.221693738], [629590.5477328143, 5220275.2940551145], [629590.7892172128, 5220275.392089761], [629591.0191831482, 5220275.5147322295], [629591.2351313321, 5220275.660649633], [629591.7660836927, 5220276.061259897], [629591.8157368436, 5220276.095032675], [629591.824863905, 5220276.093295312], [629592.0568890763, 5220276.03786661], [629592.3134650267, 5220276.004078969], [629592.5721591759, 5220275.996996584], [629592.8301994473, 5220276.016695348], [629593.0848207716, 5220276.062964173], [629593.333294715, 5220276.135307262], [629593.5729587175, 5220276.232949409], [629593.801244623, 5220276.354844315], [629594.0157061992, 5220276.499685799], [629594.7965639975, 5220277.088122915], [629594.8468995682, 5220277.122315996], [629594.9110913266, 5220277.142325935], [629595.1135366212, 5220277.215128632], [629595.3089730658, 5220277.305067089], [629595.4959533572, 5220277.411475269], [629595.673092814, 5220277.5335651655], [629597.008487463, 5220278.54138741], [629597.0573213459, 5220278.574611466], [629597.1023901124, 5220278.538251209], [629597.2052901796, 5220278.446862796], [629597.4113076982, 5220278.298353599], [629597.6313291753, 5220278.171512167], [629597.8630840526, 5220278.067647465], [629598.1041806865, 5220277.987831348], [629598.3521310292, 5220277.932887494], [629598.6043763047, 5220277.903382909], [629598.8583134142, 5220277.899622072], [629599.1113217999, 5220277.921643793], [629599.3607904884, 5220277.969220813], [629599.6041450346, 5220278.041862154], [629599.8388740895, 5220278.138818176], [629600.0625553171, 5220278.2590883225], [629600.2728803916, 5220278.401431438], [629600.3215663166, 5220278.438119852], [629600.3713801933, 5220278.471958337], [629600.3906991447, 5220278.470204663], [629600.6223521556, 5220278.459974186], [629600.8539566005, 5220278.471250765], [629601.0835200223, 5220278.503937391], [629601.3090675226, 5220278.557752864], [629601.5286587512, 5220278.632234221], [629601.7404045986, 5220278.7267407095], [629601.9424834485, 5220278.840459303], [629602.1331568479, 5220278.9724117], [629602.8567396564, 5220279.524485257], [629602.9069940418, 5220279.5590630565], [629602.9888722886, 5220279.5942917345], [629603.1801525198, 5220279.686404949], [629603.3629276803, 5220279.794415188], [629603.5358796546, 5220279.917543518], [629605.0615564364, 5220281.104457783], [629605.1112359139, 5220281.139332911], [629605.1629616772, 5220281.150865569], [629605.327558708, 5220281.179873046], [629605.5832360181, 5220281.253653421], [629605.8296225349, 5220281.354192542], [629606.063926623, 5220281.48035127], [629606.2834935448, 5220281.630700189], [629606.4425249802, 5220281.752519134], [629607.9261860753, 5220282.117836317], [629607.9532460308, 5220282.082510255], [629608.1116557898, 5220281.895469643], [629608.2876201941, 5220281.724840306], [629608.4794477945, 5220281.572262411], [629608.6852946565, 5220281.439202606], [629608.9031820867, 5220281.326939923], [629609.1310156517, 5220281.236553481], [629609.3666053121, 5220281.1689121155], [629609.6076864726, 5220281.124666028], [629609.8519417515, 5220281.104240529], [629610.0970232562, 5220281.107831961], [629610.3405751516, 5220281.1354057975], [629610.5802563062, 5220281.18669699], [629610.8137627958, 5220281.261212504], [629611.0388500497, 5220281.35823606], [629611.2533544269, 5220281.476835024], [629611.4552140138, 5220281.61586937], [629611.6438846508, 5220281.7599503305], [629611.6938748672, 5220281.794378569], [629611.7204634603, 5220281.800056912], [629611.9348941714, 5220281.855892465], [629612.1435386536, 5220281.930495542], [629612.3447578578, 5220282.02328008], [629612.536971066, 5220282.1335171955], [629612.7186683085, 5220282.2603408955], [629613.9701479244, 5220283.219067252], [629614.019406759, 5220283.2531023435], [629614.0978676068, 5220283.230629689], [629614.3499730116, 5220283.172351125], [629614.6067519061, 5220283.140443045], [629614.8654535298, 5220283.135247267], [629615.1233065249, 5220283.156819451], [629615.3775486248, 5220283.204928502], [629615.6254562445, 5220283.279059052], [629615.8643736577, 5220283.378416969], [629616.0917414465, 5220283.501937877], [629616.3051239186, 5220283.648298551], [629616.8182422104, 5220284.040790909], [629616.8672125468, 5220284.074573849], [629616.909626918, 5220284.0527060125], [629617.123858742, 5220283.954739997], [629617.3463603432, 5220283.8773730025], [629617.5751561705, 5220283.821291954], [629617.8082147873, 5220283.786994788], [629618.0434669085, 5220283.774786021], [629618.2788237731, 5220283.784774051], [629618.5121956904, 5220283.8168701995], [629618.7415105936, 5220283.870789488], [629618.9647324372, 5220283.946053178], [629619.179879275, 5220284.041993017], [629619.3850408575, 5220284.157757172], [629619.5783955922, 5220284.292317795], [629619.9015004388, 5220284.540562952], [629619.9508567052, 5220284.574768153], [629619.9906746772, 5220284.567548501], [629620.1321601265, 5220284.534291001], [629620.3632437342, 5220284.502310516], [629620.5963022427, 5220284.492009219], [629620.829306276, 5220284.503476807], [629621.0602269326, 5220284.536613426], [629621.2870534519, 5220284.591130536], [629621.5078107234, 5220284.666553425], [629621.7205764853, 5220284.762225342], [629621.9234980623, 5220284.877313216], [629622.114808498, 5220285.01081491], [629622.6808290292, 5220285.446436082], [629622.7301571366, 5220285.480681884], [629622.8212484397, 5220285.464242939], [629623.0796886304, 5220285.431396412], [629623.3401438, 5220285.425623095], [629623.5997856042, 5220285.446985681], [629623.8557945312, 5220285.495252189], [629624.1053905197, 5220285.569898482], [629624.3458631479, 5220285.670113958], [629624.5746010665, 5220285.794810354], [629624.7891203567, 5220285.942633562], [629625.3786935471, 5220286.395962224], [629625.4215002197, 5220286.425652228], [629625.4348828236, 5220286.4289473845], [629625.4390516113, 5220286.428193134], [629625.6975925764, 5220286.3952225465], [629625.9581611558, 5220286.389348398], [629626.2179252616, 5220286.4106345335], [629626.4740615492, 5220286.458849598], [629626.7237861045, 5220286.533469547], [629626.9643847016, 5220286.633683344], [629627.1932423034, 5220286.75840178], [629627.4078714851, 5220286.906269304], [629627.4241008363, 5220286.918746249], [629628.9451033986, 5220287.293257903], [629629.133089255, 5220287.290439688], [629629.3894276171, 5220287.31305291], [629629.6420834123, 5220287.361897183], [629629.8883796729, 5220287.436454984], [629630.1257068127, 5220287.535936353], [629630.2857918084, 5220287.623371373], [629631.6713622672, 5220287.964536008], [629631.8353435363, 5220287.910710507], [629632.0850043467, 5220287.856216649], [629632.3389237665, 5220287.82749333], [629632.5944488418, 5220287.824840655], [629632.8489098423, 5220287.848286336], [629633.0996481555, 5220287.897585414], [629633.3440440635, 5220287.972222811], [629633.5795441137, 5220288.071418713], [629633.803687798, 5220288.194136722], [629634.0141332594, 5220288.339094676], [629634.3571591832, 5220288.602204845], [629634.4066827665, 5220288.63646679], [629634.4650589329, 5220288.631669122], [629634.5694957486, 5220288.617611677], [629634.8011057491, 5220288.608100397], [629635.0326010869, 5220288.620082273], [629635.2619915075, 5220288.653454293], [629635.487304853, 5220288.707929545], [629635.706604018, 5220288.783039684], [629635.918003603, 5220288.87813896], [629636.1196861244, 5220288.992409768], [629636.269487602, 5220289.096717878], [629645.6958916273, 5220291.417751551], [629653.5510974511, 5220278.793270899], [629653.6845305004, 5220278.599743118], [629661.4349314058, 5220268.418544161], [629661.4888088998, 5220268.350266553], [629693.0732825486, 5220229.725131602], [629693.0292589992, 5220229.686570956], [629692.8630027309, 5220229.5096378885], [629692.7146931657, 5220229.317412162], [629692.5857290752, 5220229.11170674], [629692.4773267757, 5220228.89446172], [629692.3905086562, 5220228.667726035], [629692.3260935358, 5220228.433638126], [629692.2846889417, 5220228.194405776], [629692.2666853783, 5220227.952285293], [629692.2722526451, 5220227.709560216], [629692.3013382349, 5220227.468519793], [629692.3536678288, 5220227.2314373795], [629692.4287478839, 5220227.000549003], [629692.5258702874, 5220226.778032271], [629692.644119036, 5220226.565985836], [629692.7823788745, 5220226.3664096], [629702.388393922, 5220213.845883986], [629702.421721947, 5220213.797722922], [629702.3770595129, 5220213.759834774], [629700.2529404903, 5220212.130165227], [629700.2037062595, 5220212.096094558], [629700.1762994413, 5220212.103922963], [629700.0133847067, 5220212.159616625], [629699.7849485434, 5220212.214406811], [629699.5523781524, 5220212.247513583], [629699.3177270388, 5220212.258644621], [629699.0830670797, 5220212.247701644], [629698.8504702304, 5220212.214781271], [629698.6219902299, 5220212.16017418], [629698.3996444667, 5220212.084362526], [629698.1853961666, 5220211.9880157], [629697.9811370579, 5220211.871984404], [629697.7886706681, 5220211.737293149], [629697.2830300196, 5220211.346801066], [629697.2163449767, 5220211.3003407745], [629697.1024216072, 5220211.230866007], [629696.9509846893, 5220211.122254058], [629695.1645533972, 5220209.737332264], [629695.1163492284, 5220209.7036144985], [629695.0733665496, 5220209.744801807], [629694.8819030061, 5220209.910507741], [629694.6746595317, 5220210.055996186], [629694.4537621705, 5220210.1797746215], [629694.2214770379, 5220210.280573244], [629693.9801870724, 5220210.357357994], [629693.7323675904, 5220210.40934116], [629693.4805608926, 5220210.435989465], [629693.227350183, 5220210.43702953], [629692.975333069, 5220210.412450688], [629692.7270949135, 5220210.362505085], [629692.485182312, 5220210.287705095], [629692.2520769682, 5220210.188818069], [629692.0301702353, 5220210.0668584565], [629691.8217385833, 5220209.923077402], [629691.5930184298, 5220209.747563653], [629691.5444527497, 5220209.713948758], [629691.4639619779, 5220209.77782695], [629691.2641094516, 5220209.920999771], [629691.0511609765, 5220210.043851047], [629690.8271758321, 5220210.145192766], [629690.594320026, 5220210.224044921], [629690.3548453479, 5220210.2796449885], [629690.1110675943, 5220210.311455296], [629689.8653441733, 5220210.31916823], [629689.620051309, 5220210.302709202], [629689.3775610612, 5220210.2622373765], [629689.1402183877, 5220210.19814413], [629688.910318468, 5220210.111049264], [629688.6900845071, 5220210.0017950125], [629688.4816462378, 5220209.8714379], [629688.2870193244, 5220209.721238521], [629688.229811817, 5220209.667338224], [629688.1194991842, 5220209.5731611], [629686.0005008136, 5220207.936838898], [629685.9508239488, 5220207.902231049], [629685.9496708116, 5220207.902094803], [629685.7262238099, 5220207.887523861], [629685.5006640289, 5220207.851935145], [629685.2792924539, 5220207.795913747], [629685.0639559886, 5220207.719927049], [629684.8564511859, 5220207.624609012], [629684.658509259, 5220207.510754873], [629684.4717816382, 5220207.379314518], [629683.546702, 5220206.662785746], [629683.4977770208, 5220206.628595007], [629683.3887691606, 5220206.671101104], [629683.3638885267, 5220206.682179375], [629683.1213337356, 5220206.761687316], [629682.871935938, 5220206.816047946], [629682.6182950295, 5220206.84469457], [629682.3630551392, 5220206.847328556], [629682.1088770648, 5220206.823922445], [629681.858410535, 5220206.774720239], [629681.6142665871, 5220206.700234857], [629681.3789903467, 5220206.601242786], [629681.155034497, 5220206.4787759865], [629680.9447337091, 5220206.334111139], [629680.4347860041, 5220205.943518983], [629680.3856769064, 5220205.90959324], [629680.2926045392, 5220205.9464664105], [629680.0709958787, 5220206.022455736], [629679.8432471147, 5220206.0773672685], [629679.6113582377, 5220206.110718801], [629679.3773655947, 5220206.122217453], [629679.1433240072, 5220206.11176225], [629678.9112887264, 5220206.0794450035], [629678.6832973849, 5220206.0255495105], [629678.4613521034, 5220205.950549057], [629678.2474019085, 5220205.855102265], [629678.0433256178, 5220205.740047306], [629677.8509153401, 5220205.606394543], [629677.4650729758, 5220205.310644481], [629677.4159758267, 5220205.276701422], [629677.4118567526, 5220205.278331627], [629677.1894301272, 5220205.3544728765], [629676.9608346585, 5220205.409383761], [629676.728091902, 5220205.442578684], [629676.4932600893, 5220205.453764088], [629676.2584159261, 5220205.4428410595], [629676.0256362273, 5220205.409906194], [629675.7969795513, 5220205.355250745], [629675.5744679946, 5220205.279358053], [629675.3600693105, 5220205.182899265], [629675.1556795068, 5220205.066727402], [629674.9631060791, 5220204.931869816], [629674.5808207612, 5220204.636424721], [629674.5318590387, 5220204.6022866415], [629674.4827709502, 5220204.621488722], [629674.2386124865, 5220204.702776192], [629673.9873913598, 5220204.758534183], [629673.7317693483, 5220204.788171919], [629673.4744548597, 5220204.791375378], [629673.2181742341, 5220204.768110617], [629672.9656428574, 5220204.718624136], [629672.7195363904, 5220204.643440261], [629672.4824624202, 5220204.5433555925], [629672.2569328314, 5220204.419430564], [629672.0453371911, 5220204.272978206], [629671.5649680564, 5220203.902529268], [629671.5153993288, 5220203.868044694], [629671.4203401584, 5220203.866259245], [629671.1565654413, 5220203.847315234], [629670.8962676353, 5220203.800613745], [629670.6423594094, 5220203.726677354], [629670.3976819349, 5220203.626333394], [629670.164973093, 5220203.500704688], [629669.946836839, 5220203.35119699], [629669.1273984083, 5220202.723372262], [629669.0770915, 5220202.6886087805], [629669.0286814978, 5220202.661751967], [629668.8200416173, 5220202.532208761], [629668.6251186099, 5220202.382819795], [629668.4457934682, 5220202.215026662], [629668.2837966667, 5220202.030448553], [629668.1406914627, 5220201.830866634], [629668.0178588108, 5220201.618206855], [629667.9164840373, 5220201.394521368], [629667.8375454012, 5220201.16196872], [629667.7818046545, 5220200.92279303], [629667.7497996915, 5220200.679302323], [629667.7418393575, 5220200.433846267], [629667.7580004693, 5220200.188793497], [629667.7706259252, 5220200.112560897], [629661.3843797182, 5220198.099925729], [629661.175908975, 5220198.142233996], [629660.9231469083, 5220198.16723348], [629660.6691527478, 5220198.166456941], [629660.4165482674, 5220198.139912393], [629660.1679408964, 5220198.087873833], [629659.9258968052, 5220198.010878414], [629659.6929144172, 5220197.909720896], [629659.4713986189, 5220197.785445445], [629659.2636359365, 5220197.639334856], [629659.2105622607, 5220197.597826024], [629659.1623079563, 5220197.563765663], [629659.1410119813, 5220197.58034926], [629658.9923910652, 5220197.70789303], [629658.784911912, 5220197.8523074975], [629658.5639094659, 5220197.975030991], [629658.3316433667, 5220198.074808727], [629658.0904884195, 5220198.150620525], [629657.8429103136, 5220198.201691248], [629657.5914404119, 5220198.227498724], [629657.3386498687, 5220198.227779083], [629657.0871233416, 5220198.20252946], [629656.8394325641, 5220198.152008019], [629656.5981100509, 5220198.076731317], [629656.3656232045, 5220197.97746902], [629656.1443490873, 5220197.855236036], [629655.9365501166, 5220197.711282137], [629655.7895682596, 5220197.598047947], [629655.7412619488, 5220197.564476685], [629655.6918528882, 5220197.612110527], [629655.6132776595, 5220197.695434088], [629655.4222267786, 5220197.86084495], [629655.2154530851, 5220198.006123413], [629654.9950693492, 5220198.129785053], [629654.763327406, 5220198.230566322], [629654.522595146, 5220198.307437455], [629654.2753323212, 5220198.359613002], [629654.0240654112, 5220198.386559844], [629653.771361809, 5220198.3880026415], [629653.5198035869, 5220198.363926655], [629653.2719611143, 5220198.314577885], [629653.0303667936, 5220198.240460569], [629652.7974891852, 5220198.142332022], [629652.5757077837, 5220198.0211949], [629652.367288705, 5220197.878286959], [629652.0131458553, 5220197.6081648115], [629651.9643000446, 5220197.574566336], [629651.90248621, 5220197.614674904], [629651.6892191037, 5220197.7385531925], [629651.4647836199, 5220197.840814634], [629651.2313640971, 5220197.920463961], [629650.9912323119, 5220197.976725978], [629650.7467253685, 5220198.009053111], [629650.5002229529, 5220198.017130733], [629650.2541241721, 5220198.000880227], [629650.0108242047, 5220197.960459754], [629649.7726909893, 5220197.896262708], [629649.5420421793, 5220197.808913895], [629649.3211225847, 5220197.699263442], [629649.1120823257, 5220197.568378535], [629648.9169559053, 5220197.417533021], [629648.737642409, 5220197.24819502], [629648.5758870216, 5220197.062012627], [629648.5643207338, 5220197.04729165], [629648.5179997104, 5220197.007599211], [629646.4020002807, 5220195.367400782], [629646.3525173004, 5220195.332793289], [629646.3124668091, 5220195.331941594], [629646.0524707813, 5220195.312816837], [629645.795879982, 5220195.266720715], [629645.5454846283, 5220195.194154485], [629645.3040075672, 5220195.095907247], [629645.0740746661, 5220194.97304736], [629644.8581862594, 5220194.826910825], [629643.9795935545, 5220194.1628433075], [629643.9301149718, 5220194.129128477], [629643.9226237211, 5220194.131326793], [629643.6957755878, 5220194.186534345], [629643.4647665711, 5220194.220339429], [629643.2316113635, 5220194.23244722], [629642.9983433748, 5220194.222752122], [629642.7669969987, 5220194.19133869], [629642.5395898697, 5220194.138480889], [629642.3181052674, 5220194.064639705], [629642.1044748191, 5220193.970459129], [629641.9005616541, 5220193.8567605335], [629641.7081441546, 5220193.7245355155], [629641.133351486, 5220193.28868169], [629641.083779404, 5220193.254790018], [629640.994835894, 5220193.271499915], [629640.7630665986, 5220193.30389767], [629640.5292833607, 5220193.314481546], [629640.2955347431, 5220193.303158802], [629640.0638690053, 5220193.270028654], [629639.8363161553, 5220193.215381411], [629639.614870161, 5220193.1396959275], [629639.4014714784, 5220193.043635409], [629639.1979900474, 5220192.928041603], [629639.0062089064, 5220192.793927418], [629638.3301046555, 5220192.272352179], [629638.2811130546, 5220192.23825696], [629638.2400429863, 5220192.254364048], [629638.0870353079, 5220192.322837391], [629637.844299794, 5220192.402874903], [629637.5946608107, 5220192.457710211], [629637.3407276458, 5220192.486770164], [629637.0851544713, 5220192.4897510195], [629636.8306126005, 5220192.466621621], [629636.5797625678, 5220192.417623723], [629636.3352263188, 5220192.343269463], [629636.0995598065, 5220192.24433601], [629635.8752262753, 5220192.121857441], [629635.6645705143, 5220191.977113932], [629635.3044067605, 5220191.7015143605], [629635.2545779215, 5220191.667125697], [629635.2397668328, 5220191.665441867], [629635.0459597218, 5220191.653669643], [629634.8204618869, 5220191.619139161], [629634.5990505178, 5220191.564197071], [629634.3835692316, 5220191.489300855], [629634.1758122678, 5220191.395074152], [629633.9775095482, 5220191.2823015535], [629633.7903122724, 5220191.151922078], [629632.8525901228, 5220190.433122111], [629632.8034936887, 5220190.399178019], [629632.7746684988, 5220190.410585454], [629632.5987629143, 5220190.48995059], [629632.3561131817, 5220190.57076337], [629632.1064767567, 5220190.626362411], [629631.852466218, 5220190.65616584], [629631.5967399223, 5220190.659861748], [629631.341974182, 5220190.637411455], [629631.0908352572, 5220190.589049915], [629630.8459514511, 5220190.515283259], [629630.6098856041, 5220190.416883493], [629630.3851082717, 5220190.294880424], [629630.1739718689, 5220190.150550879], [629629.7606953947, 5220189.835856545], [629629.6161815709, 5220189.717014451], [629629.5710085777, 5220189.673813701], [629629.4880202201, 5220189.603581032], [629627.3619797706, 5220187.976418961], [629627.3133712544, 5220187.942866046], [629627.2621954085, 5220187.983586153], [629627.0554689327, 5220188.131557385], [629626.834783493, 5220188.257768551], [629626.6024211998, 5220188.360914497], [629626.3607849142, 5220188.43992859], [629626.1123733999, 5220188.493993746], [629625.8597554832, 5220188.522550875], [629625.6055434888, 5220188.525304669], [629625.3523662258, 5220188.502226649], [629625.1028418032, 5220188.453555466], [629624.859550556, 5220188.379794429], [629624.6250083618, 5220188.281706302], [629624.4016406239, 5220188.160305416], [629624.1917571907, 5220188.016847178], [629624.1096984493, 5220187.954408401], [629624.060328708, 5220187.920534411], [629623.965561117, 5220187.948012907], [629623.9412106952, 5220187.956445971], [629623.713003225, 5220188.012146155], [629623.4805752157, 5220188.046181145], [629623.2459787705, 5220188.058250444], [629623.0112851382, 5220188.048247493], [629622.7785664255, 5220188.016260607], [629622.5498773026, 5220187.962572199], [629622.3272368625, 5220187.887656284], [629622.1126107943, 5220187.792174291], [629621.9078940285, 5220187.676969231], [629621.7148940066, 5220187.543058247], [629621.2422449061, 5220187.181072663], [629621.1928360215, 5220187.146943505], [629621.0883309806, 5220187.166058252], [629620.8299946173, 5220187.199513356], [629620.5695794446, 5220187.205905415], [629620.3099128179, 5220187.185165029], [629620.0538139656, 5220187.13751738], [629619.8040633807, 5220187.063479781], [629619.5633726318, 5220186.963856069], [629619.3343549243, 5220186.839727868], [629619.1194967278, 5220186.692442852], [629618.409314934, 5220186.149134376], [629618.3600336502, 5220186.115131813], [629618.2721075849, 5220186.140378296], [629618.0446425775, 5220186.19431939], [629617.8131335672, 5220186.226777813], [629617.5796048675, 5220186.23746975], [629617.3460984521, 5220186.22630171], [629617.1146561002, 5220186.193371346], [629616.8873015426, 5220186.138966601], [629616.6660227665, 5220186.06356319], [629616.4527546325, 5220185.96782044], [629616.2493619561, 5220185.852575526], [629616.0576232021, 5220185.718836147], [629615.5115753226, 5220185.298688196], [629615.4621036659, 5220185.264351325], [629615.4424200564, 5220185.265939035], [629615.22594696, 5220185.2935858015], [629614.9679584947, 5220185.299715856], [629614.710712573, 5220185.279218011], [629614.4569502277, 5220185.232310678], [629614.2093753726, 5220185.159493668], [629613.970625992, 5220185.061542869], [629613.7432460324, 5220184.939501975], [629613.5296582952, 5220184.794671369], [629612.8723184931, 5220184.297545781], [629612.822703131, 5220184.263717502], [629612.7953185115, 5220184.268898523], [629612.628441521, 5220184.309470133], [629612.3976615414, 5220184.343209454], [629612.1647416484, 5220184.35529516], [629611.9317090928, 5220184.345622061], [629611.7005921057, 5220184.314274348], [629611.4734022458, 5220184.261524862], [629611.2521168914, 5220184.187832713], [629611.0386620305, 5220184.093839292], [629610.8348954967, 5220183.9803626845], [629610.6425908008, 5220183.8483905485], [629609.9803122809, 5220183.346893291], [629609.9304418653, 5220183.31284644], [629609.8653505275, 5220183.312197044], [629609.7534744728, 5220183.316592682], [629609.5093498542, 5220183.30227385], [629609.2677921226, 5220183.264172398], [629609.0311125743, 5220183.20265289], [629608.8015758295, 5220183.118303965], [629608.5813781641, 5220183.011932697], [629608.372626495, 5220182.884556879], [629608.1773182199, 5220182.737395281], [629607.9973221066, 5220182.571855987], [629607.8343604116, 5220182.389522929], [629607.6899924006, 5220182.192140722], [629607.5655994299, 5220181.981597977], [629607.4623717282, 5220181.759909231], [629607.4119313362, 5220181.6163714845], [629607.394863227, 5220181.574512954], [629607.3482754687, 5220181.535846757], [629606.2784402301, 5220180.733205405], [629604.7993115799, 5220180.26705577], [629604.7689270207, 5220180.294530006], [629604.5779354926, 5220180.436692153], [629604.3742864022, 5220180.560040797], [629604.1598268582, 5220180.663457158], [629603.9365020199, 5220180.746003245], [629603.7063374559, 5220180.80693036], [629603.4714207714, 5220180.845685891], [629603.2338826734, 5220180.861918324], [629602.9958776454, 5220180.855480428], [629602.759564406, 5220180.826430596], [629602.5270863291, 5220180.775032313], [629602.3005520033, 5220180.701751762], [629602.0820161075, 5220180.607253603], [629601.8734607741, 5220180.492394938], [629601.6767776115, 5220180.358217543], [629601.0313626771, 5220179.871311199], [629600.9827194059, 5220179.838230049], [629600.9024933807, 5220179.917154132], [629600.7130054735, 5220180.085538632], [629600.5074398702, 5220180.233868633], [629600.2879100814, 5220180.360619091], [629600.05667319, 5220180.464486828], [629599.8161066442, 5220180.544403933], [629599.5686838148, 5220180.599548744], [629599.3169485651, 5220180.6293542925], [629599.0634890961, 5220180.633514134], [629598.8109113367, 5220180.611985501], [629598.5618121498, 5220180.564989737], [629598.3187526345, 5220180.493010027], [629598.0842317924, 5220180.396786426], [629597.8606608361, 5220180.277308253], [629597.6503383971, 5220180.135803912], [629596.4911589928, 5220179.26740761], [629596.4411136623, 5220179.233618401], [629596.3453309014, 5220179.233156797], [629596.1161483893, 5220179.2215201715], [629595.888998391, 5220179.188917822], [629595.6657947828, 5220179.135624444], [629595.4484181901, 5220179.062089065], [629595.2387001426, 5220178.968931267], [629595.0384076417, 5220178.856935959], [629594.8492282731, 5220178.72704677], [629593.9573844085, 5220178.052458627], [629593.907771811, 5220178.0186263], [629593.9032705219, 5220178.019477539], [629593.6883391615, 5220178.071691735], [629593.4570701565, 5220178.1054149475], [629593.2236625532, 5220178.117394033], [629592.9901562447, 5220178.107524297], [629592.758591987, 5220178.075892], [629592.5309935627, 5220178.022773595], [629592.3093500951, 5220177.948633315], [629592.0955986634, 5220177.854119119], [629591.8916073731, 5220177.740057025], [629591.6991590301, 5220177.607443892], [629591.1794387207, 5220177.21224987], [629591.1300581181, 5220177.178391701], [629591.0604111444, 5220177.198610506], [629590.8334939016, 5220177.253142754], [629590.6024802881, 5220177.2862775], [629590.3693834562, 5220177.297725995], [629590.1362347126, 5220177.287388472], [629589.9050658159, 5220177.255355015], [629589.677891272, 5220177.20190478], [629589.4566907781, 5220177.127503553], [629589.2433919709, 5220177.032799699], [629589.0398536281, 5220176.91861851], [629588.8478494713, 5220176.785955007], [629588.490403839, 5220176.513482215], [629588.4406426401, 5220176.4792759465], [629588.3348018065, 5220176.477881248], [629588.3319639626, 5220176.477991744], [629588.3282776749, 5220176.477795278], [629588.3188975127, 5220176.477671673], [629588.3189024682, 5220176.477295613], [629588.1019649096, 5220176.465733615], [629587.8740701142, 5220176.432360146], [629587.6502139412, 5220176.378154611], [629587.4322964756, 5220176.3035771055], [629587.2221673948, 5220176.209260641], [629587.0216102685, 5220176.096005772], [629586.8323274201, 5220175.964773804], [629586.0012091616, 5220175.329926816], [629585.9520551858, 5220175.296066127], [629585.8444214336, 5220175.33887316], [629585.6011726795, 5220175.421413697], [629585.350738225, 5220175.478558083], [629585.0957619731, 5220175.509703029], [629584.8389357748, 5220175.514519728], [629584.582971012, 5220175.49295733], [629584.3305699723, 5220175.445243476], [629584.0843973199, 5220175.371881893], [629583.8470519644, 5220175.273647077], [629583.6210396232, 5220175.151576121], [629583.4087463681, 5220175.006957759], [629583.0413595095, 5220174.728012164], [629582.9916685482, 5220174.693993416], [629582.9390055226, 5220174.698581579], [629582.8218989805, 5220174.714916674], [629582.5898071154, 5220174.725513908], [629582.3577337221, 5220174.714519575], [629582.1276831327, 5220174.68202863], [629581.9016422087, 5220174.628321685], [629581.681563182, 5220174.553862588], [629581.4693467936, 5220174.459294412], [629581.266825878, 5220174.34543391], [629581.0757495329, 5220174.213264452], [629580.3381567167, 5220173.6506505655], [629580.2886812554, 5220173.616618011], [629580.2531023162, 5220173.623197527], [629580.0703143139, 5220173.665850365], [629579.8135094397, 5220173.698291205], [629579.554726697, 5220173.704004667], [629579.2967402847, 5220173.682929502], [629579.0423158645, 5220173.63529164], [629578.7941809131, 5220173.561601766], [629578.5549954829, 5220173.462649851], [629578.3273236859, 5220173.339496677], [629578.1136062054, 5220173.193462468], [629577.5528331262, 5220172.766074966], [629577.5033441049, 5220172.732062142], [629577.3839554964, 5220172.75418958], [629577.383939648, 5220172.75410407], [629577.3615625157, 5220172.759339196], [629577.10564906, 5220172.791906766], [629576.8477419326, 5220172.797928157], [629576.5905874256, 5220172.777339253], [629576.3369238165, 5220172.73035929], [629576.0894522105, 5220172.65748853], [629575.8508077781, 5220172.559502927], [629575.6235316946, 5220172.437445869], [629575.4100440812, 5220172.292617065], [629574.8049761574, 5220171.8348373445], [629574.7555135604, 5220171.801099074], [629574.6391582373, 5220171.8351837965], [629574.6390915557, 5220171.834956165], [629574.6233955738, 5220171.840365454], [629574.373932745, 5220171.898609297], [629574.1198192404, 5220171.931018789], [629573.8637232133, 5220171.937253634], [629573.608333633, 5220171.917248369], [629573.3563320513, 5220171.871213044], [629573.1103644463, 5220171.799631024], [629572.8730134404, 5220171.703253908], [629572.6467711831, 5220171.583093642], [629572.4340131836, 5220171.440411892], [629571.8528910168, 5220171.005933756], [629571.8035526623, 5220170.972690608], [629571.786207329, 5220170.981875937], [629571.5729171867, 5220171.082249458], [629571.351121403, 5220171.162087787], [629571.1227919209, 5220171.220681097], [629570.889958773, 5220171.257508447], [629570.6546920334, 5220171.272242413], [629570.4190834129, 5220171.264751996], [629570.1852276614, 5220171.2351037925], [629569.9552039448, 5220171.1835614], [629569.731057359, 5220171.110583071], [629569.5147807475, 5220171.0168176405], [629569.3082969834, 5220170.903098761], [629569.1134418733, 5220170.770437484], [629568.7377220596, 5220170.487825373], [629568.6877425439, 5220170.45393889], [629568.5659896289, 5220170.4531153105], [629568.5659937724, 5220170.452502761], [629568.5458017719, 5220170.453291265], [629568.2845869364, 5220170.436096991], [629568.0266021389, 5220170.391682155], [629567.7746760831, 5220170.320533749], [629567.5315710407, 5220170.223431886], [629567.2999525646, 5220170.101441252], [629567.0823602617, 5220169.955899426], [629566.7172716446, 5220169.6829900155], [629566.5465520244, 5220169.54321864], [629566.3888208185, 5220169.388939371], [629566.2453065948, 5220169.221353889], [629566.1533969505, 5220169.092583445], [629566.1361338884, 5220169.070968536], [629566.0894981864, 5220169.031646298], [629563.9605018132, 5220167.408353702], [629563.9290581639, 5220167.386733482], [629563.90492637, 5220167.37912831], [629563.8865912242, 5220167.39102989], [629563.6668775518, 5220167.518277544], [629563.4353903211, 5220167.622583466], [629563.1945172234, 5220167.7028717855], [629562.9467427614, 5220167.758314363], [629562.6946226222, 5220167.788339331], [629562.4407573165, 5220167.792636997], [629562.1877653558, 5220167.7711630305], [629561.9382562436, 5220167.724138928], [629561.694803559, 5220167.652049721], [629561.4599184118, 5220167.55563898], [629561.2360235413, 5220167.43590114], [629561.0254283269, 5220167.294071245], [629560.7290972412, 5220167.071822931], [629560.6805747624, 5220167.039023334], [629560.6431770653, 5220167.084097247], [629556.5804044964, 5220172.501127339], [629508.4084429968, 5220240.606314287], [629508.2740797463, 5220241.278130539], [629508.9358406311, 5220240.400202035], [629509.0884067968, 5220240.216719332], [629509.2577715007, 5220240.048618368], [629509.4423916993, 5220239.897430671], [629509.6405853597, 5220239.764533681], [629509.8505467841, 5220239.651138189], [629510.0703630616, 5220239.558277319], [629510.2980314958, 5220239.486797103], [629510.5314778509, 5220239.437348782], [629510.7685752499, 5220239.410382868], [629511.0071635522, 5220239.406145042], [629511.2450690337, 5220239.424673913], [629511.4801241911, 5220239.46580067], [629511.7101874903, 5220239.5291506145], [629511.9331628764, 5220239.614146582], [629512.147018871, 5220239.720014191], [629512.3498070807, 5220239.845788907], [629512.5396799478, 5220239.990324825], [629512.6838629594, 5220240.123607485], [629512.7466027274, 5220240.175993106], [629512.9327019416, 5220240.316474838], [629513.1283649078, 5220240.480512303], [629513.3062759446, 5220240.663651456], [629513.4645793034, 5220240.863982015], [629513.6016237593, 5220241.079414379], [629513.7159798335, 5220241.307701424], [629513.8064547046, 5220241.54646194], [629513.8721046504, 5220241.793205472], [629513.9122448916, 5220242.045358297], [629513.9264567349, 5220242.300290269], [629513.9145919399, 5220242.55534225], [629513.8767742653, 5220242.807853852], [629513.8133981788, 5220243.055191189], [629513.7926852703, 5220243.121696768], [629513.8382340104, 5220243.159645202], [629514.1263155198, 5220243.376623791], [629514.3150584924, 5220243.533894724], [629514.4874535089, 5220243.708931905], [629514.641835701, 5220243.900044948], [629514.776714155, 5220244.105388219], [629514.8907863108, 5220244.322978659], [629514.9829505406, 5220244.550714934], [629515.0523167878, 5220244.786397729], [629515.0982151625, 5220245.0277509885], [629515.1202024108, 5220245.272443892], [629515.1180661956, 5220245.518113371], [629515.0918271468, 5220245.762386924], [629515.0417386626, 5220246.00290553], [629514.9682844619, 5220246.237346433], [629514.8721739132, 5220246.4634455675], [629514.7543351838, 5220246.67901943], [629514.6159062762, 5220246.881986161], [629513.2355812194, 5220248.7063437095], [629513.2025773256, 5220248.754727474], [629513.2474931612, 5220248.792314884], [629514.3592390162, 5220249.6334716305], [629514.564561533, 5220249.8069400815], [629514.7500735691, 5220250.001449525], [629514.9136306458, 5220250.2147514755], [629515.0533420789, 5220250.444380208], [629515.1536159214, 5220250.65791693], [629515.161651348, 5220250.6732237935], [629515.2082834047, 5220250.712079626], [629515.9626290944, 5220251.2803137805], [629520.2065567456, 5220253.111851874], [629521.9373124578, 5220250.802938238]]], [[[629505.3760840698, 5220240.47105038], [629505.2924615527, 5220240.581988625], [629505.2928709302, 5220240.887116078], [629505.3760840698, 5220240.47105038]]]]}}, {"type": "Feature", "properties": {"vineyard_id": "V13", "area_m2": 557.0}, "geometry": {"type": "Polygon", "coordinates": [[[629505.2920094504, 5220240.245016537], [629505.4680123924, 5220240.011408768], [629505.5291289864, 5220239.705825797], [629505.5678631194, 5220239.553923823], [629505.6222390786, 5220239.4068939015], [629505.6916629688, 5220239.266341897], [629505.7753765407, 5220239.133802919], [629535.1914791412, 5220197.545519932], [629535.1757925167, 5220197.312708294], [629535.1824184693, 5220197.075022626], [629535.2115954449, 5220196.839041515], [629535.2630595044, 5220196.6068996815], [629535.3363450967, 5220196.380697112], [629535.4307892699, 5220196.162480067], [629535.5455376686, 5220195.95422257], [629535.6795522629, 5220195.757808546], [629548.1140488243, 5220179.275680035], [629557.4062537928, 5220166.138424735], [629555.6385430542, 5220164.773965083], [629555.3859428848, 5220164.694357757], [629554.1333350603, 5220166.317160088], [629553.9737994568, 5220166.504078004], [629553.7966832529, 5220166.674429893], [629553.6036978142, 5220166.826569751], [629553.3967078404, 5220166.959027544], [629553.1777133488, 5220167.070523412], [629552.9488303488, 5220167.159980039], [629552.7122703963, 5220167.226533063], [629552.4703192251, 5220167.26953942], [629552.2253146609, 5220167.288583567], [629551.9796240327, 5220167.283481493], [629551.7356212981, 5220167.254282494], [629551.4956641059, 5220167.201268705], [629551.2620710153, 5220167.124952363], [629551.037099093, 5220167.026070868], [629550.8229221046, 5220166.905579649], [629550.6216095113, 5220166.764642941], [629549.1199562907, 5220165.599312839], [629549.0719800043, 5220165.5657193735], [629549.033845806, 5220165.6101719], [629541.2090972255, 5220175.69320235], [629541.1752192873, 5220175.741584904], [629541.1829402248, 5220175.751422968], [629541.3273609359, 5220175.918230722], [629541.4712265405, 5220176.122495732], [629541.5939855514, 5220176.340100262], [629541.69441192, 5220176.568871001], [629541.7715026442, 5220176.8065231135], [629541.8244877845, 5220177.050683063], [629541.8528381553, 5220177.298912318], [629541.8562706087, 5220177.548731702], [629541.8347508635, 5220177.797646159], [629541.7884938468, 5220178.043169672], [629541.7179615477, 5220178.282850086], [629541.6238584034, 5220178.51429361], [629541.5071242637, 5220178.735188714], [629541.3689250038, 5220178.943329222], [629537.1052930213, 5220184.7164181825], [629537.0728522933, 5220184.765181326], [629537.1182008852, 5220184.802245471], [629537.2180223084, 5220184.87596715], [629537.4091672612, 5220185.032294714], [629537.5839578338, 5220185.206716489], [629537.740688778, 5220185.397530827], [629537.877831034, 5220185.60287615], [629537.9940466488, 5220185.82074912], [629538.0882018284, 5220186.049024179], [629538.1593779993, 5220186.285474285], [629538.2068807702, 5220186.527792644], [629538.2302467063, 5220186.773615208], [629538.2292478507, 5220187.020543746], [629538.2038939482, 5220187.266169232], [629538.1544323503, 5220187.5080953585], [629538.0813456019, 5220187.743961904], [629537.9853467338, 5220187.971467767], [629537.8673723065, 5220188.188393409], [629537.7285732727, 5220188.392622517], [629530.8184721544, 5220197.552074538], [629530.8107484638, 5220197.562849566], [629530.1724131057, 5220198.40848288], [629530.0149488797, 5220198.597048713], [629529.8397375692, 5220198.769249329], [629529.6484710721, 5220198.923421904], [629529.4429963209, 5220199.058077697], [629529.2252974472, 5220199.171916425], [629528.9974766229, 5220199.263838826], [629528.761733761, 5220199.332957266], [629528.520345272, 5220199.378604315], [629528.2756420827, 5220199.400339191], [629528.0299871273, 5220199.397952013], [629527.7857525309, 5220199.371465834], [629527.5452967033, 5220199.321136412], [629527.310941565, 5220199.247449745], [629527.0849501261, 5220199.151117376], [629526.8695046345, 5220199.033069522], [629526.6666855026, 5220198.894446092], [629524.9807934861, 5220197.616258189], [629524.9324424291, 5220197.583206401], [629524.8948105632, 5220197.628084992], [629505.2695610389, 5220223.513208301], [629505.2759963857, 5220228.309761005], [629505.3531548945, 5220228.291373549], [629505.6008555703, 5220228.257999995], [629505.8506507163, 5220228.249526274], [629506.1000436033, 5220228.266037083], [629506.3465415227, 5220228.307367395], [629506.5876807014, 5220228.373104108], [629506.8210509275, 5220228.462590177], [629507.0443196406, 5220228.574931178], [629507.2552552461, 5220228.709004252], [629507.4517494199, 5220228.863469324], [629507.6318381819, 5220229.036782499], [629507.7937215256, 5220229.227211494], [629507.9357814094, 5220229.43285295], [629508.0565979299, 5220229.651651458], [629508.1549635129, 5220229.881420105], [629508.2298949838, 5220230.119862327], [629508.2806433947, 5220230.364594871], [629508.3067015096, 5220230.613171606], [629508.307808875, 5220230.863107984], [629508.2839544227, 5220231.111905862], [629508.2353765803, 5220231.357078479], [629508.1625608887, 5220231.596175308], [629508.0662351485, 5220231.826806552], [629507.9473621458, 5220232.046667026], [629507.8071300291, 5220232.253559202], [629505.2857775973, 5220235.600136886], [629505.2920094504, 5220240.245016537]]]}}, {"type": "Feature", "properties": {"vineyard_id": "V14", "area_m2": 15491.7}, "geometry": {"type": "MultiPolygon", "coordinates": [[[[629627.8651002622, 5220078.908966106], [629627.8130012284, 5220078.936037114], [629627.7173673847, 5220078.992078223], [629627.5200768622, 5220079.083854606], [629628.3844497856, 5220079.299947836], [629627.9141777386, 5220078.942593196], [629627.8651002622, 5220078.908966106]]], [[[629759.6211413686, 5220149.194904269], [629759.2829713236, 5220148.929615952], [629759.0972632488, 5220148.768572011], [629758.9282682006, 5220148.590069031], [629758.7776199591, 5220148.395832713], [629758.6467749347, 5220148.18774086], [629758.5369980877, 5220147.967805224], [629758.4493506991, 5220147.738152061], [629758.3846801108, 5220147.50100157], [629758.3436115338, 5220147.258646434], [629758.3265420032, 5220147.01342965], [629758.3336365412, 5220146.767721881], [629758.3648265603, 5220146.523898538], [629758.419810527, 5220146.284316813], [629758.4980568774, 5220146.05129289], [629758.598809155, 5220145.827079557], [629758.7210933252, 5220145.6138444245], [629758.8637271906, 5220145.413648969], [629761.0408617163, 5220142.655608479], [629761.0748510715, 5220142.607911851], [629761.0307156525, 5220142.569411074], [629760.402837872, 5220142.0737786135], [629760.2210276768, 5220141.91545204], [629760.0553132012, 5220141.740349318], [629759.9072355167, 5220141.550098824], [629759.7781716809, 5220141.346469806], [629759.6693219304, 5220141.131355923], [629759.5816985202, 5220140.906757639], [629759.5161163096, 5220140.674763621], [629759.4731851841, 5220140.437531309], [629759.4533043843, 5220140.197266862], [629759.4566587928, 5220139.956204631], [629759.4832172154, 5220139.716586391], [629759.5327326701, 5220139.480640485], [629759.6047446852, 5220139.250561106], [629759.6985835806, 5220139.028487892], [629759.8133766957, 5220138.816486024], [629759.9480565053, 5220138.616527029], [629761.0896106741, 5220137.0864328835], [629761.1140732681, 5220137.051912087], [629768.7803840655, 5220126.778892821], [629768.8130311467, 5220126.730340203], [629768.767865819, 5220126.693052968], [629766.6221341793, 5220125.091947031], [629766.5735315488, 5220125.059266321], [629766.5362443113, 5220125.1044316515], [629765.2221582951, 5220126.865511838], [629765.0649682372, 5220127.055798553], [629764.8897808725, 5220127.22965808], [629764.6983037242, 5220127.385395841], [629764.4924030894, 5220127.521493881], [629764.2740858485, 5220127.636625677], [629764.0454799046, 5220127.729669057], [629763.8088134434, 5220127.799717142], [629763.5663932149, 5220127.846087185], [629763.32058205, 5220127.868327224], [629763.0737758309, 5220127.866220489], [629762.8283801383, 5220127.839787515], [629762.5867868045, 5220127.789285939], [629762.3513506012, 5220127.715207992], [629762.1243662871, 5220127.6182757], [629761.9080462422, 5220127.499433846], [629761.704498903, 5220127.359840763], [629761.6484202184, 5220127.317163803], [629761.649821073, 5220127.315323042], [629761.5397169557, 5220127.231495354], [629761.3593277243, 5220127.063675127], [629761.1963335553, 5220126.878913648], [629761.0523175496, 5220126.679005436], [629760.9286784807, 5220126.465892123], [629760.8266172085, 5220126.2416436], [629760.7471250158, 5220126.008437908], [629760.6909739805, 5220125.768540087], [629760.6587094764, 5220125.524280175], [629760.6506448765, 5220125.278030574], [629760.6668585093, 5220125.032183017], [629760.7071928979, 5220124.789125327], [629760.7712562894, 5220124.551218234], [629760.8584264603, 5220124.320772438], [629760.9678567593, 5220124.100026174], [629761.0563115688, 5220123.958567148], [629761.074552671, 5220123.925951736], [629761.029799053, 5220123.887772619], [629760.7191631763, 5220123.6480766935], [629760.5336238494, 5220123.489891441], [629760.3643759466, 5220123.31438485], [629760.213029284, 5220123.123226267], [629760.0810234083, 5220122.918233914], [629759.969613905, 5220122.701357594], [629759.879860455, 5220122.474660142], [629759.8126167562, 5220122.240297814], [629759.7685224027, 5220122.000499765], [629759.747996802, 5220121.757546857], [629759.7512351848, 5220121.513749956], [629759.7782067491, 5220121.271427958], [629759.8286549527, 5220121.03288573], [629759.9020999529, 5220120.800392186], [629759.9978431714, 5220120.576158709], [629760.1149739381, 5220120.362318115], [629760.2523781538, 5220120.160904368], [629761.0845212019, 5220119.060487205], [629761.1107005514, 5220119.024084684], [629762.0240982466, 5220117.818993255], [629762.0569355842, 5220117.770913179], [629762.0120414115, 5220117.733299907], [629761.059659298, 5220117.0118561415], [629760.8840494644, 5220116.86573423], [629760.7225116489, 5220116.704191787], [629760.5763947682, 5220116.528577767], [629760.4469189668, 5220116.340358631], [629760.3351654281, 5220116.141106094], [629760.2449993165, 5220115.939054217], [629760.2438135863, 5220115.936732617], [629760.1976200587, 5220115.897356445], [629759.1385357103, 5220115.080798537], [629757.2142558765, 5220114.599728578], [629756.9969859677, 5220114.646798938], [629756.7436545013, 5220114.675121855], [629756.4887557728, 5220114.677500458], [629756.2349398735, 5220114.65391002], [629755.9848456365, 5220114.604595802], [629755.7410732027, 5220114.530070504], [629755.5061569867, 5220114.43110894], [629755.2825393288, 5220114.30873998], [629755.072545102, 5220114.164235847], [629754.8789078151, 5220114.015891562], [629754.6495992611, 5220113.958564424], [629754.6357031368, 5220113.964068254], [629754.6356295499, 5220113.963882461], [629754.6202568827, 5220113.970822821], [629754.3774496216, 5220114.0517343655], [629754.1276423732, 5220114.107397484], [629753.8734531992, 5220114.137228808], [629753.6175460853, 5220114.1409156965], [629753.3626030217, 5220114.118419509], [629753.1112958952, 5220114.069976014], [629752.8662584865, 5220113.996092915], [629752.630058868, 5220113.897544528], [629752.4051724888, 5220113.775363677], [629752.1939562317, 5220113.630830854], [629751.6353188677, 5220113.2049943255], [629751.3055151585, 5220113.122543398], [629751.1707071773, 5220113.126965174], [629750.9104465969, 5220113.108290625], [629750.6535500316, 5220113.062590918], [629750.4028159812, 5220112.990363884], [629750.1609758144, 5220112.892396326], [629749.9627885468, 5220112.786861746], [629742.6031556731, 5220110.946953527], [629740.7623134905, 5220113.352416732], [629740.6038669393, 5220113.539661766], [629740.4278336013, 5220113.710478264], [629740.2359080721, 5220113.863221851], [629740.0299379348, 5220113.9964221325], [629739.8119059739, 5220114.108796846], [629739.5839110875, 5220114.19926421], [629739.3481480825, 5220114.266953335], [629739.1068865459, 5220114.311212608], [629738.862448997, 5220114.331615962], [629738.617188529, 5220114.327966986], [629738.3734661569, 5220114.300300805], [629738.1336280892, 5220114.24888375], [629737.8999831422, 5220114.174210791], [629737.674780513, 5220114.07700077], [629737.4601881291, 5220113.958189487], [629737.2582717772, 5220113.818920686], [629737.1541777509, 5220113.739313745], [629737.1048907215, 5220113.705319489], [629736.9883602462, 5220113.738800524], [629736.9882571349, 5220113.738441646], [629736.973136856, 5220113.743561497], [629736.7223321242, 5220113.800585297], [629736.466995777, 5220113.831538114], [629736.209830487, 5220113.83609232], [629735.9535582864, 5220113.814199711], [629735.7008917539, 5220113.7660920145], [629735.4545053032, 5220113.692278438], [629735.2170068749, 5220113.593540281], [629734.9909103318, 5220113.470922662], [629734.7786088509, 5220113.32572346], [629734.3329118682, 5220112.985971663], [629734.2838802901, 5220112.9522662265], [629734.0693236352, 5220113.050777411], [629733.8463128094, 5220113.128639097], [629733.616948895, 5220113.185105595], [629733.3832795165, 5220113.219672805], [629733.1473907343, 5220113.232032132], [629732.9113884228, 5220113.22207324], [629732.6773794701, 5220113.189885035], [629732.447452968, 5220113.135754876], [629732.2236615635, 5220113.060166002], [629732.0080031325, 5220112.963793227], [629731.802402945, 5220112.84749691], [629731.6086964767, 5220112.712315274], [629730.9346719818, 5220112.192913342], [629730.8855101628, 5220112.158738275], [629730.7963929407, 5220112.183989046], [629730.5445016979, 5220112.241484189], [629730.2880215907, 5220112.272674642], [629730.0296920273, 5220112.277227264], [629729.7722721695, 5220112.255093431], [629729.5185114628, 5220112.206509551], [629729.2711202702, 5220112.131994535], [629729.0327409231, 5220112.032344264], [629728.8059194995, 5220111.90862308], [629728.5930786293, 5220111.762152421], [629728.1929461805, 5220111.455157808], [629728.1437121901, 5220111.421086797], [629728.08868383, 5220111.436804524], [629727.8376138335, 5220111.49470872], [629727.5819173753, 5220111.52646341], [629727.3243105267, 5220111.531731291], [629727.0675296508, 5220111.510456404], [629726.8143023372, 5220111.462864737], [629726.5673184291, 5220111.38946182], [629726.3292014502, 5220111.291027358], [629726.1024807376, 5220111.168606944], [629725.8895645749, 5220111.02350096], [629725.641651861, 5220110.835127271], [629725.5922592654, 5220110.801286586], [629725.5240264563, 5220110.821121056], [629725.4452991635, 5220110.8484459575], [629725.2171571624, 5220110.904297292], [629724.9847805257, 5220110.938491487], [629724.7502204195, 5220110.950726712], [629724.5155472829, 5220110.940894969], [629724.282832553, 5220110.909083041], [629724.0541303803, 5220110.855571731], [629723.8314594966, 5220110.780833376], [629723.6167853962, 5220110.685527684], [629723.4120029866, 5220110.570495911], [629723.2189198623, 5220110.4367534295], [629722.9215968222, 5220110.209419575], [629722.8721607631, 5220110.1753297895], [629722.8644221609, 5220110.17675161], [629722.6295783897, 5220110.231275063], [629722.3729416075, 5220110.26342483], [629722.1143565964, 5220110.268887196], [629721.8565910864, 5220110.247603696], [629721.6024040367, 5220110.199802135], [629721.3545161046, 5220110.1259941505], [629721.1155805256, 5220110.026969736], [629720.888154715, 5220109.903788787], [629720.6746728948, 5220109.757769755], [629720.3506780249, 5220109.510622648], [629720.301501908, 5220109.476794102], [629720.1961090666, 5220109.518789746], [629719.9656655953, 5220109.597835854], [629719.7286224643, 5220109.654076717], [629719.4872307292, 5220109.686978249], [629719.2437827417, 5220109.696228005], [629719.156364889, 5220109.691019484], [629719.0790911927, 5220109.690240477], [629718.9998250442, 5220109.697241467], [629718.9331154458, 5220109.7065999], [629718.6989840812, 5220109.717281876], [629718.4648812794, 5220109.705991231], [629718.2328645829, 5220109.672827199], [629718.0049731996, 5220109.61808126], [629717.7832100795, 5220109.542234578], [629717.5695243112, 5220109.445953776], [629717.3657939909, 5220109.33008507], [629717.1738097157, 5220109.195646836], [629716.6831828931, 5220108.816603177], [629716.6336443124, 5220108.782075291], [629716.6334953253, 5220108.782072362], [629716.3693131657, 5220108.762844298], [629716.108648247, 5220108.715772733], [629715.8544267701, 5220108.641386091], [629715.6095026021, 5220108.540519427], [629715.3766252396, 5220108.414305061], [629715.1584089427, 5220108.264159866], [629714.0789470625, 5220107.433854943], [629714.0290768739, 5220107.399253074], [629713.9529835163, 5220107.38272545], [629713.6896592209, 5220107.310265032], [629713.435810346, 5220107.20951313], [629713.1944664341, 5220107.081672163], [629712.968507787, 5220106.928267838], [629711.7452124656, 5220105.996233308], [629711.6950584799, 5220105.961774449], [629711.6386548774, 5220105.943864349], [629711.4085658927, 5220105.858152347], [629711.1879945929, 5220105.750283027], [629710.9790686085, 5220105.621296898], [629710.783803239, 5220105.472438161], [629710.6040820138, 5220105.305142705], [629710.4416385236, 5220105.121024263], [629710.2980396979, 5220104.921858841], [629710.1746706908, 5220104.709567587], [629710.0727215195, 5220104.486198263], [629709.9931755854, 5220104.253905489], [629709.9368001885, 5220104.014929961], [629709.9041391258, 5220103.771576837], [629709.8955074459, 5220103.526193499], [629709.9010498073, 5220103.438464032], [629709.9021367792, 5220103.361070176], [629709.8563920136, 5220103.322440696], [629708.7619141861, 5220102.486643155], [629707.3234290907, 5220102.127021882], [629706.4579013356, 5220103.26043146], [629706.2990412681, 5220103.448488566], [629706.122455875, 5220103.620009979], [629705.9298573849, 5220103.773332573], [629705.723113294, 5220103.906969681], [629705.5042282591, 5220104.0196255185], [629705.2753246594, 5220104.1102077365], [629705.0386220174, 5220104.17783802], [629704.7964154774, 5220104.221860606], [629704.5510535514, 5220104.241848637], [629704.304915347, 5220104.237608302], [629704.0603874988, 5220104.209180717], [629703.819841027, 5220104.156841526], [629703.5856083471, 5220104.081098224], [629703.3599606537, 5220103.982685244], [629703.1450858992, 5220103.86255683], [629702.9430675774, 5220103.7218777845], [629702.832977232, 5220103.636869441], [629702.7838490949, 5220103.602645971], [629702.700796506, 5220103.626090029], [629702.4497812229, 5220103.683175157], [629702.1942264208, 5220103.714144938], [629701.9368416915, 5220103.718671005], [629701.6803560291, 5220103.696705371], [629701.4274888947, 5220103.648480932], [629701.1809213836, 5220103.574509], [629700.943267797, 5220103.475573885], [629700.7170479242, 5220103.3527245745], [629700.5046603248, 5220103.207263611], [629699.9059755816, 5220102.75023272], [629699.8566592026, 5220102.716281059], [629699.8526688652, 5220102.717431279], [629699.6416843612, 5220102.790119314], [629699.4132057884, 5220102.845478225], [629699.1805374408, 5220102.879130972], [629698.945736742, 5220102.890779971], [629698.7108799715, 5220102.880322215], [629698.4780439043, 5220102.847850178], [629698.2492874472, 5220102.793651003], [629698.0266334319, 5220102.718203956], [629697.812050728, 5220102.622176197], [629697.6074368325, 5220102.506416874], [629697.4146010911, 5220102.371949613], [629696.9391842937, 5220102.006046606], [629696.8897172138, 5220101.971703127], [629696.8537802886, 5220101.9745970275], [629696.6648593915, 5220101.998603361], [629696.4043653032, 5220102.004367228], [629696.1446861065, 5220101.982987166], [629695.888642557, 5220101.934695419], [629695.6390159182, 5220101.86001655], [629695.3985177502, 5220101.759761758], [629695.1697604553, 5220101.635020056], [629694.955228901, 5220101.4871464465], [629694.3789209505, 5220101.043888859], [629694.3286790723, 5220101.009031476], [629694.2844629211, 5220100.984393197], [629694.0707514804, 5220100.850762786], [629693.8715817393, 5220100.696292463], [629693.6889782075, 5220100.5225523785], [629693.5247970037, 5220100.331308559], [629693.3807069884, 5220100.124504946], [629693.2581727998, 5220099.904243648], [629693.1584399671, 5220099.672763566], [629693.0825222492, 5220099.432417634], [629693.0311913305, 5220099.18564891], [629693.0049689768, 5220098.934965733], [629693.0041217316, 5220098.682916237], [629693.0170800053, 5220098.550434611], [629682.9336577225, 5220096.02957904], [629682.7839618331, 5220096.023024715], [629682.5502697581, 5220095.99052899], [629682.3206818235, 5220095.936147573], [629682.0972429403, 5220095.860364835], [629681.8960395778, 5220095.770174503], [629680.6770041137, 5220095.465415638], [629680.6535786286, 5220095.482263404], [629680.4484013745, 5220095.60204822], [629680.2327799181, 5220095.701815426], [629680.008661618, 5220095.780663987], [629679.7780705713, 5220095.83788179], [629679.5430893325, 5220095.87295208], [629679.305840106, 5220095.885558126], [629679.068465579, 5220095.875586075], [629678.8331095704, 5220095.843125991], [629678.6018976691, 5220095.788471032], [629678.3769180371, 5220095.712114807], [629678.1602025502, 5220095.614746919], [629677.9537084477, 5220095.497246734], [629677.7593006558, 5220095.36067544], [629677.544941323, 5220095.194332123], [629677.4967531007, 5220095.160591566], [629677.4364691977, 5220095.21830278], [629677.2448542508, 5220095.38397514], [629677.0374581552, 5220095.52940718], [629676.8164100766, 5220095.653105869], [629676.5839793339, 5220095.753801295], [629676.3425521029, 5220095.830459698], [629676.0946069185, 5220095.882294091], [629675.8426892307, 5220095.9087723335], [629675.5893852713, 5220095.909622595], [629675.3372955043, 5220095.884836145], [629675.0890079282, 5220095.834667446], [629674.8470715077, 5220095.75963154], [629674.6139700055, 5220095.660498758], [629674.3920964834, 5220095.538286815], [629674.1837287345, 5220095.394250361], [629673.9363271481, 5220095.204010843], [629673.886326739, 5220095.169329504], [629673.861309771, 5220095.161263227], [629673.6005749716, 5220095.0607866375], [629673.3526814956, 5220094.931840893], [629673.120726154, 5220094.776036848], [629671.7672305317, 5220093.752662109], [629671.7182434127, 5220093.719269991], [629671.7029901018, 5220093.729258955], [629671.499198733, 5220093.849340153], [629671.284970736, 5220093.949623657], [629671.0622238943, 5220094.029211724], [629670.8329522522, 5220094.087391876], [629670.599208265, 5220094.12364328], [629670.3630844242, 5220094.137641411], [629670.126694526, 5220094.129260958], [629669.8921547489, 5220094.098576942], [629669.6615647083, 5220094.045864049], [629669.4369886616, 5220093.971594169], [629669.2204370287, 5220093.876432169], [629669.013848394, 5220093.761229947], [629668.8190721528, 5220093.627018801], [629667.734879728, 5220092.801670222], [629667.6865935128, 5220092.768523789], [629667.6488738044, 5220092.813328584], [629667.0958910924, 5220093.539736411], [629666.941091659, 5220093.723964844], [629666.7692974572, 5220093.892457373], [629666.5821000705, 5220094.043653004], [629666.3812337848, 5220094.176150987], [629666.1685595211, 5220094.288723798], [629665.9460475952, 5220094.380328509], [629665.7157594637, 5220094.45011645], [629665.4798286257, 5220094.497441072], [629665.2404408569, 5220094.521863938], [629664.9998139598, 5220094.523158783], [629664.7601772167, 5220094.50131361], [629664.5237507367, 5220094.456530803], [629664.2927248874, 5220094.389225253], [629664.0692400024, 5220094.3000205085], [629663.8553665522, 5220094.189743006], [629663.6530859626, 5220094.059414408], [629663.4642722573, 5220093.910242142], [629663.2906746964, 5220093.743608211], [629663.1339015708, 5220093.56105639], [629662.9954053012, 5220093.364277927], [629662.8764689832, 5220093.155095872], [629662.7781944997, 5220092.935448185], [629662.701492312, 5220092.7073697895], [629662.6549495503, 5220092.506899668], [629662.6505454638, 5220092.491477016], [629662.6045011089, 5220092.45241088], [629661.4494137375, 5220091.5660716295], [629661.279943534, 5220091.423679589], [629661.1237326029, 5220091.266855523], [629660.9820055286, 5220091.096828821], [629660.8558733526, 5220090.914932375], [629660.8220741746, 5220090.855589317], [629660.7849974233, 5220090.797950621], [629660.7386387879, 5220090.758533446], [629660.2035709536, 5220090.347057347], [629624.6361965624, 5220081.45521375], [629624.5007698234, 5220081.4144855], [629621.7053849711, 5220080.427879082], [629606.391372866, 5220102.078723782], [629606.3690900431, 5220102.277122947], [629606.3189756866, 5220102.5138060665], [629606.2462184721, 5220102.744536938], [629606.1514997607, 5220102.967154802], [629606.0357065793, 5220103.179574873], [629605.8999233143, 5220103.379807869], [629605.3590275481, 5220104.099804227], [629605.2525188323, 5220104.23198488], [629605.2464201044, 5220104.239048625], [629601.1922231874, 5220109.429245742], [629562.6973081991, 5220163.8530910695], [629577.7249512288, 5220168.589075539], [629577.7714450238, 5220168.586464274], [629578.0057775845, 5220168.595309696], [629578.2382504838, 5220168.626072362], [629578.4668183326, 5220168.678481608], [629578.6894700998, 5220168.752076316], [629578.9042468064, 5220168.846208971], [629579.1092587615, 5220168.960051356], [629579.2856897466, 5220169.080944648], [629589.1524528714, 5220172.190469996], [629589.338432293, 5220172.198703888], [629589.5700069335, 5220172.230817132], [629589.7975691541, 5220172.284422266], [629590.0191288567, 5220172.3590504965], [629590.232748437, 5220172.454049178], [629590.4365597294, 5220172.56858752], [629590.5070093458, 5220172.617360522], [629591.7711703603, 5220173.015762781], [629591.8708797478, 5220173.013614051], [629592.1286877182, 5220173.034794088], [629592.3829270443, 5220173.082500572], [629592.6308757976, 5220173.156222749], [629592.8698793973, 5220173.255171336], [629593.0973790309, 5220173.3782869745], [629593.2478752984, 5220173.481148579], [629594.6166591035, 5220173.912522869], [629594.7307767265, 5220173.921354315], [629594.9867961084, 5220173.968311945], [629595.2365454326, 5220174.0416346425], [629595.4773173786, 5220174.140527578], [629595.6709786179, 5220174.244793262], [629602.7377353441, 5220176.471892351], [629602.9525595814, 5220176.430295424], [629603.1969186222, 5220176.407490093], [629603.4423362791, 5220176.408754064], [629603.6864474553, 5220176.434075154], [629603.9268996445, 5220176.483209345], [629604.1613756024, 5220176.555683127], [629604.3876156774, 5220176.650798069], [629604.603439588, 5220176.767637547], [629604.8067674327, 5220176.905075575], [629605.3101045298, 5220177.282578398], [629658.2774778042, 5220193.975326339], [629658.3198737054, 5220193.950985281], [629658.5441103244, 5220193.850095834], [629658.7771733241, 5220193.771722496], [629659.0168081188, 5220193.71662343], [629659.2606965489, 5220193.685331648], [629659.5064793061, 5220193.678149859], [629659.7517787575, 5220193.695147538], [629659.9942219451, 5220193.736160252], [629660.2314635414, 5220193.800791257], [629660.4612085383, 5220193.888415331], [629660.6812344472, 5220193.9981848225], [629660.8894127992, 5220194.129037853], [629661.0837297357, 5220194.279708588], [629661.1281174673, 5220194.321723797], [629661.2448966649, 5220194.421889676], [629661.2660854767, 5220194.438330393], [629661.4461155181, 5220194.592217786], [629661.6107755211, 5220194.762450652], [629661.7585877044, 5220194.947501196], [629661.8614911049, 5220195.104833561], [629706.0769132461, 5220209.0393908415], [629709.8847750381, 5220204.077479708], [629709.8962331789, 5220204.061765576], [629713.3351001048, 5220199.581019445], [629713.4942791262, 5220199.393489472], [629713.671116651, 5220199.2225101115], [629713.863900738, 5220199.069736593], [629714.0707650689, 5220198.936647899], [629714.2897070165, 5220198.824532445], [629714.518607032, 5220198.734475602], [629714.7552491634, 5220198.667349203], [629714.9973425085, 5220198.6238030875], [629715.2425433926, 5220198.604258822], [629715.4884780571, 5220198.608905611], [629715.73276564, 5220198.637698469], [629715.9730412244, 5220198.690358656], [629716.2069787331, 5220198.766376378], [629716.432313447, 5220198.8650157135], [629716.6468639293, 5220198.98532175], [629716.8485531445, 5220199.126129819], [629716.9560765022, 5220199.209354558], [629717.0040950635, 5220199.242887574], [629717.0421732498, 5220199.198387048], [629733.2348943241, 5220178.277976121], [629733.3950999439, 5220178.090827025], [629733.5729473481, 5220177.920354371], [629733.7667095498, 5220177.768213535], [629733.9745050211, 5220177.635881879], [629734.1943159641, 5220177.524644412], [629734.4240079046, 5220177.435581304], [629734.661350419, 5220177.369557402], [629734.904038793, 5220177.327213831], [629735.149716401, 5220177.30896177], [629735.3959975906, 5220177.314978452], [629735.6404908483, 5220177.345205456], [629735.8808220223, 5220177.399349261], [629735.937409032, 5220177.418112312], [629745.524848064, 5220164.940982567], [629745.6451114669, 5220164.796108277], [629759.6211413686, 5220149.194904269]]], [[[629560.947868398, 5220166.447207009], [629560.8780165281, 5220166.425193087], [629559.8935890192, 5220167.816969911], [629560.947868398, 5220166.447207009]]], [[[629554.1260517358, 5220170.775951781], [629554.6168186662, 5220170.082108879], [629554.1355000479, 5220170.707457719], [629554.1020976148, 5220170.755567197], [629554.1260517358, 5220170.775951781]]], [[[629664.1899248093, 5220199.234553107], [629664.3823054897, 5220199.096209074], [629664.4395579768, 5220199.062769786], [629663.6215494456, 5220198.804973158], [629664.1394965502, 5220199.202416837], [629664.1880628435, 5220199.236030835], [629664.1899248093, 5220199.234553107]]]]}}, {"type": "Feature", "properties": {"vineyard_id": "V15", "area_m2": 219.2}, "geometry": {"type": "Polygon", "coordinates": [[[629829.3242312751, 5220146.348952501], [629831.3907687247, 5220148.051047499], [629831.438324694, 5220148.086448083], [629831.5204924071, 5220148.037396168], [629831.7340707523, 5220147.923540257], [629831.9576579337, 5220147.8308706805], [629832.1891583535, 5220147.760255995], [629832.4264022462, 5220147.712358046], [629832.6671660149, 5220147.687625764], [629832.909193072, 5220147.686290953], [629833.1502149899, 5220147.708366125], [629833.3879727615, 5220147.753644377], [629833.6202379735, 5220147.821701334], [629833.8448336923, 5220147.911899123], [629834.0596548673, 5220148.023392356], [629834.1409495194, 5220148.070714731], [629834.2272336575, 5220148.017485047], [629834.2533178787, 5220147.999538889], [629834.4644888459, 5220147.882518443], [629834.6859627054, 5220147.786412815], [629834.915674011, 5220147.712118276], [629835.1514804948, 5220147.660327693], [629835.3911830459, 5220147.631524061], [629835.6325462188, 5220147.625975998], [629835.8733190815, 5220147.643735245], [629836.1112562069, 5220147.684636182], [629836.3441386138, 5220147.74829737], [629836.569794461, 5220147.83412511], [629836.7861193013, 5220147.9413189795], [629836.933382416, 5220148.032963331], [629836.9614399899, 5220148.048539807], [629836.9865599914, 5220148.041354474], [629837.14944427, 5220147.985449183], [629837.3736075461, 5220147.930992429], [629837.6018360707, 5220147.897429757], [629837.8321866253, 5220147.88504693], [629838.062697924, 5220147.893949382], [629838.2914073117, 5220147.924061313], [629838.5163674757, 5220147.97512634], [629838.735663026, 5220148.046709677], [629838.8280584853, 5220148.081664113], [629838.9249032405, 5220148.012514754], [629839.1318537827, 5220147.879613121], [629839.3508618585, 5220147.767689782], [629839.5798077718, 5220147.677828001], [629839.8164756428, 5220147.610897516], [629840.058574853, 5220147.567546122], [629840.3037622162, 5220147.548193399], [629840.5496646574, 5220147.553026656], [629840.7939021805, 5220147.581999114], [629841.0341109034, 5220147.634830358], [629841.2679659374, 5220147.711009057], [629841.4932038884, 5220147.809797904], [629841.7076447642, 5220147.9302407615], [629841.9092130733, 5220148.071171907], [629841.9552910543, 5220148.106887548], [629841.9955361064, 5220148.064336633], [629850.8356706989, 5220137.747542787], [629850.8715512435, 5220137.701252058], [629850.8290003287, 5220137.661007006], [629849.0647116863, 5220136.149243827], [629848.881429502, 5220135.975386554], [629848.7166288102, 5220135.7839199975], [629848.5719923895, 5220135.57679922], [629848.4489971219, 5220135.356139132], [629848.348898911, 5220135.124192891], [629848.2727198591, 5220134.8833289], [629848.2212378301, 5220134.636006617], [629848.1949785065, 5220134.384751451], [629848.1942100222, 5220134.132128967], [629848.2189402243, 5220133.880718689], [629848.2689165926, 5220133.633087768], [629848.3436288188, 5220133.391764761], [629848.442314017, 5220133.159213816], [629848.563964513, 5220132.937809509], [629848.7073381348, 5220132.729812598], [629850.638729648, 5220130.210483822], [629850.6720397196, 5220130.162310337], [629850.6273631699, 5220130.124438843], [629850.1971536097, 5220129.7946275445], [629850.0205213971, 5220129.645769453], [629849.8583825319, 5220129.481243897], [629849.7121212306, 5220129.30245547], [629849.5829861591, 5220129.1109305285], [629849.4720797731, 5220128.908304164], [629849.4685519408, 5220128.901085724], [629849.423059126, 5220128.860902029], [629847.3319408671, 5220127.189097966], [629847.2844556397, 5220127.154813885], [629847.2456822817, 5220127.198710027], [629843.6601590551, 5220131.683537677], [629843.5020370119, 5220131.862996378], [629843.3274889792, 5220132.026523105], [629843.1381126442, 5220132.172621051], [629842.9356414216, 5220132.29995294], [629842.7219285875, 5220132.407353268], [629842.4989303154, 5220132.493838971], [629842.2686877712, 5220132.558618418], [629842.0333084296, 5220132.601098667], [629841.7949467838, 5220132.620890884], [629841.555784625, 5220132.617813904], [629841.3180110716, 5220132.591895893], [629841.0838025317, 5220132.543374085], [629840.8553027819, 5220132.472692614], [629840.801025197, 5220132.450018897], [629840.7202332078, 5220132.420949615], [629840.6803417905, 5220132.464806722], [629829.3158770475, 5220146.26256302], [629829.2809047302, 5220146.309543671], [629829.3242312751, 5220146.348952501]]]}}, {"type": "Feature", "properties": {"vineyard_id": "V16", "area_m2": 18433.1}, "geometry": {"type": "MultiPolygon", "coordinates": [[[[629666.5188264394, 5220088.726136818], [629666.7735276823, 5220088.7240207475], [629667.0271222946, 5220088.747831952], [629667.2769778752, 5220088.797323262], [629667.5205008349, 5220088.871980941], [629667.7551633198, 5220088.9710300155], [629667.9785294505, 5220089.093442321], [629668.1882806082, 5220089.237947174], [629668.2133503584, 5220089.25717298], [629668.6207316448, 5220089.359018302], [629668.6565775345, 5220089.327667528], [629668.8632464287, 5220089.180999743], [629669.0837019993, 5220089.056008495], [629669.3156788991, 5220088.953978163], [629669.5567933898, 5220088.875957185], [629669.8045678384, 5220088.822747286], [629670.056456175, 5220088.794895237], [629670.3098700568, 5220088.792687241], [629670.5622054646, 5220088.816145984], [629670.8108694616, 5220088.865030413], [629671.0533068376, 5220088.9388382], [629671.287026365, 5220089.036810917], [629671.5096263995, 5220089.157941818], [629671.7188195573, 5220089.300986194], [629673.0427205032, 5220090.308405276], [629673.2515945463, 5220090.48626214], [629673.2891510801, 5220090.5261231605], [629727.8674990871, 5220104.170710162], [629733.4009768014, 5220096.915297522], [629733.4352855843, 5220096.865413642], [629733.4395187768, 5220096.827639003], [629733.4787386995, 5220096.585616798], [629733.5414770046, 5220096.348600227], [629733.6271302706, 5220096.118868932], [629733.7348746783, 5220095.898632485], [629733.8636739341, 5220095.690009137], [629734.0122892375, 5220095.49500544], [629734.1792911959, 5220095.315496956], [629734.3630735724, 5220095.15321021], [629734.5618687348, 5220095.0097060865], [629734.773764657, 5220094.88636482], [629734.9967233088, 5220094.784372714], [629735.2286002577, 5220094.704710739], [629735.4671652947, 5220094.648145085], [629735.7101238839, 5220094.615219808], [629735.9551392322, 5220094.606251585], [629736.1998547644, 5220094.621326673], [629736.4419167887, 5220094.660300078], [629736.6789971354, 5220094.722796951], [629736.9088155484, 5220094.808216194], [629737.1291616178, 5220094.915736237], [629737.3379160393, 5220095.044322944], [629737.4804794047, 5220095.1527433125], [629737.4806179242, 5220095.152561159], [629739.6605311015, 5220096.810289811], [629739.7092431491, 5220096.843692248], [629739.711354592, 5220096.842001504], [629739.9034526073, 5220096.702611606], [629740.1079032434, 5220096.582066474], [629740.3228637888, 5220096.481452581], [629740.5463968061, 5220096.40167676], [629740.7764875945, 5220096.343458029], [629741.0110623476, 5220096.3073211135], [629741.2480068454, 5220096.293591714], [629741.4851855094, 5220096.302393576], [629741.7204606506, 5220096.333647366], [629741.9517117364, 5220096.387071394], [629742.1768545028, 5220096.462184151], [629742.3938597401, 5220096.558308645], [629742.6007715822, 5220096.674578507], [629742.7957251346, 5220096.8099458], [629742.802073656, 5220096.814816346], [629742.8502352909, 5220096.848143531], [629742.8881226667, 5220096.803480436], [629744.0276897309, 5220095.3181099435], [629744.191056378, 5220095.1260576425], [629744.3729368765, 5220094.951437391], [629744.5714812038, 5220094.796025366], [629744.7846698384, 5220094.66140236], [629745.0103343023, 5220094.54893771], [629745.2461792179, 5220094.459775367], [629745.4898056559, 5220094.394822257], [629745.7387355356, 5220094.354739061], [629745.9904368324, 5220094.3399334885], [629746.2423493312, 5220094.350556139], [629746.4919106687, 5220094.3864989625], [629746.7365823971, 5220094.447396359], [629746.9738758038, 5220094.532628906], [629747.2013772256, 5220094.641329645], [629747.4167726, 5220094.772392914], [629747.6178710031, 5220094.924485583], [629747.8026269345, 5220095.096060621], [629747.8539036838, 5220095.148738233], [629747.9006460193, 5220095.188164591], [629750.0293539797, 5220096.811835408], [629750.0808193412, 5220096.8472357495], [629750.2882794422, 5220096.975480987], [629750.4841786176, 5220097.1251218235], [629750.6643879816, 5220097.2933284], [629750.8271553552, 5220097.4784652395], [629750.9708981483, 5220097.678732253], [629751.0395981603, 5220097.797641964], [629751.0690394932, 5220097.843297674], [629751.1154425164, 5220097.882662601], [629752.3520120352, 5220098.831390053], [629752.5389088416, 5220098.989922838], [629752.7093851427, 5220099.165993538], [629752.861802646, 5220099.357910096], [629752.9946966058, 5220099.563828176], [629753.1067898993, 5220099.781768887], [629753.1970052996, 5220100.009637802], [629753.264475829, 5220100.245245077], [629753.3085530893, 5220100.486326505], [629753.3288134942, 5220100.730565275], [629753.3250623395, 5220100.975614227], [629753.297335674, 5220101.219118421], [629753.2458999536, 5220101.458737759], [629753.1712494801, 5220101.692169477], [629753.0741016512, 5220101.917170277], [629752.9553900663, 5220102.131577879], [629752.8162555542, 5220102.333331808], [629748.0376048312, 5220108.583407766], [629748.0043571893, 5220108.631624356], [629748.0490827675, 5220108.669437956], [629749.1114513497, 5220109.481698228], [629750.5923642834, 5220109.851926462], [629755.9836775111, 5220102.800539127], [629756.1429424937, 5220102.612258962], [629756.3199824634, 5220102.440586005], [629756.5130747573, 5220102.287190696], [629756.7203405179, 5220102.153565626], [629756.9397629744, 5220102.041011015], [629757.1692070672, 5220101.950622059], [629757.4064402226, 5220101.883278278], [629757.6491540762, 5220101.839634949], [629757.8949869348, 5220101.820116738], [629758.141546756, 5220101.824913563], [629758.3864344236, 5220101.853978752], [629758.6272670923, 5220101.907029488], [629758.8617013736, 5220101.983549568], [629759.0874561371, 5220102.082794426], [629759.3023347075, 5220102.203798371], [629759.5042462391, 5220102.345383993], [629761.1167754985, 5220103.599176145], [629761.1647203282, 5220103.632814472], [629761.2028961014, 5220103.588397632], [629766.1157902834, 5220097.269817947], [629766.2753157947, 5220097.084170254], [629766.4522314561, 5220096.915012625], [629766.644841327, 5220096.763966631], [629766.8512990196, 5220096.632480222], [629767.0696253992, 5220096.521813846], [629767.2977275555, 5220096.433028369], [629767.5334188666, 5220096.366974901], [629767.7744399594, 5220096.324286642], [629768.0184803691, 5220096.305372807], [629768.2632006869, 5220096.310414707], [629768.5062549864, 5220096.33936401], [629768.7453133122, 5220096.391943204], [629768.9780840144, 5220096.467648256], [629769.2023357177, 5220096.565753445], [629769.4159187109, 5220096.685318322], [629769.5565490633, 5220096.783249606], [629769.5568820257, 5220096.782771354], [629769.6553157393, 5220096.851301438], [629769.6933301301, 5220096.806746416], [629780.140840036, 5220083.268918185], [629780.1743042218, 5220083.220851645], [629780.1087409192, 5220083.164912968], [629779.9350622115, 5220083.001805543], [629779.7776994589, 5220082.822905322], [629779.6380819763, 5220082.62983724], [629779.5174779001, 5220082.424354924], [629779.4169826688, 5220082.208324755], [629779.3375090737, 5220081.98370892], [629779.2797789682, 5220081.752547591], [629779.2443167107, 5220081.516940389], [629779.2314444027, 5220081.279027318], [629779.2412789625, 5220081.040969327], [629779.2737310632, 5220080.804928682], [629779.3285059449, 5220080.573049321], [629779.4051060908, 5220080.347437391], [629779.5028357472, 5220080.130142109], [629779.6208072422, 5220079.923137153], [629779.7579490488, 5220079.728302735], [629788.2233542288, 5220068.843275301], [629788.3781002606, 5220068.662720773], [629788.5493007911, 5220068.4976854725], [629788.7354068996, 5220068.3496625405], [629788.9347348091, 5220068.219991201], [629789.1454811195, 5220068.109844641], [629789.3657391241, 5220068.020219402], [629789.5935160598, 5220067.951926361], [629789.8267511366, 5220067.90558339], [629790.0633341828, 5220067.881609774], [629790.3011247361, 5220067.880222413], [629790.5379714093, 5220067.901433857], [629790.771731355, 5220067.945052199], [629791.0002896527, 5220068.010682805], [629791.2215784434, 5220068.09773189], [629791.278462435, 5220068.123295736], [629791.3172698431, 5220068.078769669], [629798.8637604732, 5220058.510146259], [629798.8977290529, 5220058.462434822], [629798.8535768673, 5220058.423953277], [629797.8688204554, 5220057.647304984], [629797.6886816046, 5220057.490724276], [629797.5242956695, 5220057.317678652], [629797.3771609954, 5220057.129745389], [629797.2486186859, 5220056.928637463], [629797.139840379, 5220056.716187931], [629797.0518175677, 5220056.49433323], [629796.9853525624, 5220056.265095522], [629796.941051179, 5220056.030564264], [629796.9193172154, 5220055.792877162], [629796.9203487729, 5220055.554200687], [629796.9441364488, 5220055.31671033], [629796.9904634231, 5220055.082570766], [629797.0589074346, 5220054.853916134], [629797.1488446295, 5220054.632830574], [629797.259455248, 5220054.421329239], [629797.3897310959, 5220054.221339922], [629797.5384847345, 5220054.034685486], [629797.5467885385, 5220054.025229828], [629797.7141187555, 5220053.852244828], [629797.8973073723, 5220053.69615145], [629798.094656649, 5220053.5583963245], [629798.3043376091, 5220053.440256124], [629798.5244069895, 5220053.3428257415], [629798.75282525, 5220053.26700813], [629798.9874754755, 5220053.213505949], [629799.226182995, 5220053.182815039], [629799.4667355355, 5220053.175219835], [629799.7069037247, 5220053.190790728], [629799.9444617528, 5220053.229383411], [629800.1772079996, 5220053.290640217], [629800.294456627, 5220053.327618301], [629800.3314231759, 5220053.282822023], [629806.0237132212, 5220045.650881661], [629806.0265229144, 5220045.64691628], [629807.5339414068, 5220043.627093363], [629807.690716482, 5220043.43729196], [629807.8653986847, 5220043.26382979], [629808.0562942126, 5220043.108388823], [629808.2615520508, 5220042.9724762915], [629808.4791819212, 5220042.857410067], [629808.7070735802, 5220042.764305887], [629808.9430172809, 5220042.694066535], [629809.1847252002, 5220042.647373084], [629809.429853622, 5220042.624678297], [629809.6760256637, 5220042.626202234], [629809.9208543233, 5220042.651930118], [629810.1619656245, 5220042.701612478], [629810.3970216368, 5220042.774767571], [629810.6237431442, 5220042.8706860505], [629810.8399317464, 5220042.9884378435], [629811.0434911747, 5220043.126881174], [629812.2684821147, 5220044.051394488], [629812.318792993, 5220044.085623903], [629812.397927501, 5220044.110354509], [629812.4328995117, 5220044.119245792], [629812.6415692167, 5220044.192461989], [629812.8429524205, 5220044.28383191], [629813.0354733826, 5220044.392640625], [629813.2176257067, 5220044.51803675], [629814.6454647847, 5220045.597079525], [629814.6938672472, 5220045.630055962], [629814.7314291666, 5220045.585118825], [629816.0714464268, 5220043.8119462915], [629816.2331694309, 5220043.618975482], [629816.41348193, 5220043.44324994], [629816.6105550634, 5220043.286552004], [629816.8223899711, 5220043.150471016], [629817.0468380691, 5220043.03638721], [629817.2816228408, 5220042.945457708], [629817.5243629275, 5220042.878604783], [629817.7725962823, 5220042.8365065055], [629818.0238051411, 5220042.819589868], [629818.2754415602, 5220042.828026451], [629818.5249532594, 5220042.861730684], [629818.7698095088, 5220042.920360714], [629819.0075267976, 5220043.003321874], [629819.2356940233, 5220043.109772709], [629819.4519969476, 5220043.238633519], [629819.6542416682, 5220043.388597303], [629819.8403768714, 5220043.558143018], [629820.0085146381, 5220043.745551008], [629820.1569495923, 5220043.948920445], [629820.1602730053, 5220043.953991708], [629820.2069649218, 5220043.993013499], [629822.3430350771, 5220045.606986499], [629822.3914404132, 5220045.639958722], [629822.4289984166, 5220045.595018314], [629823.1475850595, 5220044.643979182], [629823.3045318336, 5220044.4561400395], [629823.4790957567, 5220044.284549626], [629823.669603366, 5220044.130852899], [629823.874228354, 5220043.996523276], [629824.0910090765, 5220043.882848513], [629824.3178673576, 5220043.790918359], [629824.5526284133, 5220043.721614102], [629824.7930416985, 5220043.675600132], [629825.0368024836, 5220043.653317562], [629825.2815739474, 5220043.654980006], [629825.5250095802, 5220043.680571525], [629825.7647756782, 5220043.729846787], [629825.9985737158, 5220043.802333412], [629826.2241623802, 5220043.897336505], [629826.4393790583, 5220044.013945316], [629826.642160568, 5220044.15104197], [629828.5784304, 5220045.603140198], [629828.6269540157, 5220045.635938129], [629828.6643501619, 5220045.590862928], [629863.4482076701, 5219999.209059959], [629863.4810056014, 5219999.160536344], [629863.4359304038, 5219999.1231402], [629861.6732560138, 5219997.801229216], [629861.4896872034, 5219997.649373426], [629861.321406644, 5219997.480733744], [629861.1699425296, 5219997.296841625], [629861.0366703413, 5219997.099367037], [629860.922800354, 5219996.890103292], [629860.8293666476, 5219996.670950761], [629860.757217715, 5219996.44389962], [629860.7070087573, 5219996.211011772], [629860.6791957335, 5219995.974402126], [629860.6740312203, 5219995.736219387], [629860.6915621175, 5219995.498626549], [629860.7316292233, 5219995.263781246], [629860.793868679, 5219995.033816163], [629860.8777152736, 5219994.810819666], [629860.9824075772, 5219994.596816838], [629861.1069948544, 5219994.393751086], [629861.1271341683, 5219994.364185282], [629861.2797075582, 5219994.162866108], [629861.4518176344, 5219993.977971081], [629861.5081567832, 5219993.928546808], [629861.2721535586, 5219993.944788531], [629861.0337377056, 5219993.938415341], [629860.797014105, 5219993.909352073], [629860.5641372348, 5219993.857863241], [629860.3372265628, 5219993.784417456], [629860.1183472568, 5219993.6896831645], [629859.9094913896, 5219993.574522567], [629859.712559808, 5219993.4399837665], [629858.8794649269, 5219992.810513503], [629858.8290489829, 5219992.776171717], [629858.7396646881, 5219992.73820919], [629858.6960647113, 5219992.722190465], [629858.4770893644, 5219992.61658177], [629858.2694071382, 5219992.490203401], [629858.0749819886, 5219992.344250462], [629857.8956525057, 5219992.180103163], [629857.7331145266, 5219991.999313771], [629857.5889050987, 5219991.8035919275], [629857.464387945, 5219991.594788485], [629857.3607405673, 5219991.374878003], [629857.2789431115, 5219991.145940074], [629857.219769099, 5219990.910139659], [629857.1837781114, 5219990.6697066175], [629857.1713104988, 5219990.426914612], [629857.182484162, 5219990.184059617], [629857.2171934368, 5219989.943438202], [629857.2751100933, 5219989.707325814], [629857.3556864401, 5219989.477955259], [629857.4581605034, 5219989.2574955905], [629857.5815632328, 5219989.048031595], [629857.7247276652, 5219988.8515440775], [629863.0353091753, 5219982.2617714], [629863.2163198243, 5219982.060513152], [629863.4180284514, 5219981.880004516], [629863.5139659937, 5219981.803083632], [629863.5527757847, 5219981.756790097], [629892.7085048418, 5219943.292589809], [629892.7368673382, 5219943.253199016], [629894.3164660804, 5219941.169167464], [629894.349364621, 5219941.121006451], [629894.3044736043, 5219941.083389414], [629892.9126986029, 5219940.028915177], [629892.7423401957, 5219939.88754676], [629892.5851556031, 5219939.7316621225], [629892.4423773286, 5219939.562483576], [629892.3151249142, 5219939.381337671], [629892.2043961615, 5219939.189644792], [629892.1700571467, 5219939.123608935], [629892.1235765456, 5219939.084572068], [629889.991423454, 5219937.465427932], [629889.943098154, 5219937.432338517], [629889.9054313608, 5219937.477187793], [629886.8104829385, 5219941.552738389], [629886.7880108922, 5219941.583629627], [629886.7703170768, 5219941.606548997], [629886.6117583109, 5219941.792402169], [629886.4358167478, 5219941.96189214], [629886.2441724824, 5219942.113400421], [629886.0386555576, 5219942.245480236], [629885.8212284885, 5219942.356870332], [629885.5939675223, 5219942.446507026], [629885.3590428112, 5219942.513534364], [629885.1186976904, 5219942.55731229], [629884.8752272553, 5219942.577422761], [629884.6309564451, 5219942.57367374], [629884.3882178424, 5219942.546101025], [629884.1493293982, 5219942.494967914], [629883.9165722976, 5219942.420762685], [629883.6921691769, 5219942.324193937], [629883.4782628984, 5219942.206183819], [629883.2768960885, 5219942.067859231], [629882.6874705803, 5219941.61905088], [629882.6389754122, 5219941.585753015], [629882.6266040549, 5219941.597815452], [629882.4490136968, 5219941.755239049], [629882.2572964665, 5219941.895114093], [629882.0531799827, 5219942.01618013], [629881.8385035968, 5219942.117346199], [629881.6152018189, 5219942.197700665], [629881.3852868845, 5219942.25651943], [629881.1508306223, 5219942.293272463], [629880.9139457844, 5219942.30762857], [629880.6767670073, 5219942.299458385], [629880.4414315763, 5219942.2688355325], [629880.2100601656, 5219942.216035963], [629879.984737729, 5219942.141535468], [629879.7674947105, 5219942.046005393], [629879.5602887489, 5219941.930306587], [629879.364987036, 5219941.795481645], [629879.1357152802, 5219941.620573801], [629879.0872506846, 5219941.58723144], [629879.0189914643, 5219941.653664094], [629878.8412310607, 5219941.810945249], [629878.6493562191, 5219941.950659843], [629878.4450964571, 5219942.071548521], [629878.2302929274, 5219942.172521617], [629878.0068818214, 5219942.252668984], [629877.7768769178, 5219942.31126819], [629877.5423514299, 5219942.347791036], [629877.3054193191, 5219942.361908311], [629877.0682162388, 5219942.353492767], [629876.8328802856, 5219942.322620258], [629876.6015327257, 5219942.269569064], [629876.3762588752, 5219942.194817375], [629876.1590893029, 5219942.099038987], [629875.9519815275, 5219941.983097226], [629875.7568023726, 5219941.848037165], [629875.4316213463, 5219941.599387484], [629875.3834063396, 5219941.566137558], [629875.3780334567, 5219941.572491942], [629875.2051921583, 5219941.757097422], [629875.014585118, 5219941.923296862], [629874.8081627277, 5219942.069389622], [629874.5880372103, 5219942.193880803], [629874.3564610061, 5219942.295496547], [629874.1158037251, 5219942.373197066], [629873.8685278995, 5219942.426187289], [629873.6171637862, 5219942.453924992], [629873.3642834751, 5219942.456126347], [629873.1124745713, 5219942.43276883], [629872.8643137162, 5219942.384091447], [629872.6223402226, 5219942.31059229], [629872.389030091, 5219942.213023442], [629872.1667706738, 5219942.092383278], [629871.9578362467, 5219941.949906252], [629871.501102386, 5219941.603350914], [629871.4508800115, 5219941.568991785], [629871.4269261066, 5219941.561437959], [629871.1923199077, 5219941.47432133], [629870.9675989125, 5219941.364185733], [629870.7550149829, 5219941.232134801], [629870.5566983585, 5219941.07949178], [629870.3746363107, 5219940.907786258], [629870.2106532288, 5219940.718738845], [629870.066392338, 5219940.514243928], [629869.9432992334, 5219940.296350691], [629869.8426073942, 5219940.067242574], [629869.7653258231, 5219939.829215403], [629869.7122289353, 5219939.584654375], [629869.6838487991, 5219939.336010165], [629869.6804698033, 5219939.08577436], [629869.7021258075, 5219938.836454499], [629869.7485998038, 5219938.590548942], [629869.8194260899, 5219938.350521834], [629869.9138949369, 5219938.118778414], [629870.031059701, 5219937.897640915], [629870.1697463089, 5219937.689325288], [629870.3285650241, 5219937.495919002], [629870.3431246221, 5219937.479896112], [629870.5028706745, 5219937.319349627], [629870.6764906159, 5219937.173918919], [629870.8625595416, 5219937.044797542], [629871.059550377, 5219936.9330452], [629871.2054098805, 5219936.866960912], [629871.2319684754, 5219936.853192723], [629871.2710638068, 5219936.806761272], [629872.8401316991, 5219934.745939859], [629872.9789809545, 5219934.579126695], [629876.424857995, 5219930.786926563], [629876.4632248433, 5219930.740297921], [629876.4708138279, 5219930.664241062], [629876.4740574014, 5219930.596246136], [629876.5065161211, 5219930.366659585], [629876.5601059891, 5219930.141067744], [629876.6343660165, 5219929.921411192], [629876.728657406, 5219929.70957945], [629876.8421690472, 5219929.507394732], [629876.9739244939, 5219929.316596265], [629885.8654958869, 5219917.638363083], [629885.9086350391, 5219917.58331865], [629904.1422912332, 5219894.976215614], [629904.3035778806, 5219894.794993131], [629904.4816702751, 5219894.630256766], [629904.6748913571, 5219894.483557808], [629904.8814216031, 5219894.35627769], [629905.0993161601, 5219894.249614984], [629905.3265231596, 5219894.16457411], [629905.5609030398, 5219894.10195588], [629905.8002486933, 5219894.062349959], [629906.0423062511, 5219894.046129306], [629906.2847963069, 5219894.053446668], [629906.5254353811, 5219894.08423314], [629906.761957425, 5219894.138198811], [629906.992135159, 5219894.214835497], [629907.2138010464, 5219894.313421527], [629907.4248677047, 5219894.433028536], [629907.6233475627, 5219894.572530209], [629907.7190404409, 5219894.646978353], [629907.7669756556, 5219894.680630397], [629907.8051641274, 5219894.636224481], [629909.7999792212, 5219892.072163261], [629909.800767082, 5219892.072776209], [629909.8557230675, 5219892.002111946], [629909.8552843677, 5219892.001770892], [629914.6912542989, 5219885.781239027], [629914.6946021128, 5219885.776708069], [629948.9120420135, 5219841.774703975], [629949.0834194934, 5219841.576667057], [629949.2745740599, 5219841.39764529], [629949.4834079412, 5219841.239603298], [629949.7076293486, 5219841.104275467], [629949.9447776276, 5219840.993146915], [629950.1922502614, 5219840.90743719], [629950.3826004451, 5219840.863147993], [629950.4157655364, 5219840.853812821], [629950.4948869918, 5219840.761269611], [629950.4961095797, 5219840.762314884], [629950.5945972663, 5219840.647131202], [629950.7717304915, 5219840.477043512], [629950.9646965418, 5219840.3251550505], [629951.1716334951, 5219840.192931381], [629951.3905446253, 5219840.081648326], [629951.6193176676, 5219839.99237965], [629951.8557451998, 5219839.925986703], [629952.0975459423, 5219839.883110108], [629952.3423867691, 5219839.864163579], [629952.587905221, 5219839.869329933], [629952.8317323001, 5219839.898559317], [629953.0715153287, 5219839.951569699], [629953.3049406498, 5219840.027849584], [629953.5297559518, 5219840.126662951], [629953.7437920009, 5219840.247056352], [629953.9449835717, 5219840.387868118], [629954.5026818643, 5219840.820509108], [629954.5506638031, 5219840.854094494], [629954.5887905201, 5219840.809635544], [629957.2562782929, 5219837.37109548], [629957.4148154816, 5219837.186100065], [629957.5906068692, 5219837.01741476], [629957.7819829339, 5219836.8666416], [629957.9871261438, 5219836.735212503], [629958.2040882179, 5219836.624375675], [629958.4308086295, 5219836.535183753], [629958.6651341751, 5219836.4684838075], [629958.904839424, 5219836.424909299], [629959.1476478534, 5219836.404874065], [629959.3912534692, 5219836.40856838], [629959.6333427062, 5219836.435957162], [629959.8716164007, 5219836.486780292], [629960.1038116255, 5219836.560555095], [629960.3277231819, 5219836.656580919], [629960.5412245429, 5219836.77394579], [629960.7422880485, 5219836.911535073], [629960.9290041635, 5219837.0680420585], [629961.0995996122, 5219837.241980372], [629961.2524542197, 5219837.431698091], [629961.3861162992, 5219837.635393433], [629961.4993164385, 5219837.851131869], [629961.5909795559, 5219838.076864491], [629961.6602351108, 5219838.31044748], [629961.7064253712, 5219838.549662453], [629961.7291116599, 5219838.792237547], [629961.7280785216, 5219839.035868984], [629961.7243121701, 5219839.10688368], [629961.7864994286, 5219839.211560302], [629961.7864254356, 5219839.211604261], [629961.7899224249, 5219839.216891645], [629961.9060919523, 5219839.437583219], [629961.9996946736, 5219839.668751255], [629962.0697990523, 5219839.908095161], [629962.1157074084, 5219840.153232985], [629962.1369628608, 5219840.401725109], [629962.1333538749, 5219840.651098534], [629962.1049163674, 5219840.898871491], [629962.0519333491, 5219841.142578137], [629961.9749321077, 5219841.3797931], [629961.8746789616, 5219841.608155611], [629961.7521716319, 5219841.8253930025], [629961.6086293142, 5219842.029343322], [629923.8711371984, 5219890.335702932], [629923.8649761311, 5219890.343993999], [629923.0448125355, 5219891.391982581], [629923.0112603257, 5219891.439516236], [629923.0555682842, 5219891.477818314], [629925.1644317152, 5219893.1271816855], [629925.2122805803, 5219893.160956389], [629925.2505826576, 5219893.116648431], [629926.0600689725, 5219892.081645401], [629926.0686093157, 5219892.070148894], [629965.8504787413, 5219841.147730091], [629965.8847534248, 5219841.099115378], [629965.880348814, 5219841.090354024], [629965.7679343228, 5219840.891093297], [629965.6669352844, 5219840.660566361], [629965.5896263636, 5219840.421052677], [629965.536791083, 5219840.174979705], [629965.508964926, 5219839.924841385], [629965.5064299091, 5219839.673172859], [629965.5292117249, 5219839.422524773], [629965.5770794805, 5219839.1754374355], [629965.6495480385, 5219838.934415067], [629965.7458829331, 5219838.701900417], [629965.8387918622, 5219838.529173873], [629965.8500633906, 5219838.505580686], [629965.8064546563, 5219838.4657452125], [629963.7435453366, 5219836.759254781], [629963.6957424737, 5219836.723512005], [629963.6273885443, 5219836.747669201], [629963.5351769945, 5219836.785408519], [629963.2984844872, 5219836.855947536], [629963.05598684, 5219836.902787551], [629962.8100507947, 5219836.925471412], [629962.5630766518, 5219836.923777728], [629962.3174748428, 5219836.897723029], [629962.0756424061, 5219836.847561605], [629961.8399395912, 5219836.773783024], [629961.6126668236, 5219836.677107356], [629961.3960422524, 5219836.558478138], [629961.1921801025, 5219836.419053177], [629961.0030700385, 5219836.26019324], [629960.8305577475, 5219836.083448777], [629960.6763269246, 5219835.890544787], [629960.5418828402, 5219835.683363987], [629960.4285376491, 5219835.46392843], [629960.337397584, 5219835.234379777], [629960.2693521588, 5219834.996958387], [629960.225065487, 5219834.753981461], [629960.2049698, 5219834.507820418], [629960.2092612289, 5219834.260877754], [629960.2378978899, 5219834.015563592], [629960.2906002934, 5219833.774272166], [629960.3668540716, 5219833.539358443], [629960.4659149986, 5219833.313115148], [629960.586816254, 5219833.097750382], [629960.7283778591, 5219832.8953660745], [629965.8682964003, 5219826.269725272], [629965.8945805817, 5219826.234090563], [629967.3761472969, 5219824.32644416], [629967.4094799769, 5219824.278842232], [629967.3650281652, 5219824.240707186], [629966.965112895, 5219823.930348231], [629966.7814859517, 5219823.773041462], [629966.6139143825, 5219823.598731268], [629966.4639656991, 5219823.4090482], [629966.3330425642, 5219823.205766604], [629966.2223696699, 5219822.990788037], [629966.132982282, 5219822.766123466], [629966.0657165552, 5219822.533874471], [629966.0212017125, 5219822.296213571], [629965.9998541584, 5219822.055363917], [629966.0018735838, 5219821.813578483], [629966.0272410983, 5219821.573118999], [629966.0757194074, 5219821.336234791], [629966.1468550309, 5219821.105141742], [629966.2399825461, 5219820.882001562], [629966.3542308117, 5219820.668901566], [629966.488531117, 5219820.467835154], [629985.0037037542, 5219795.457321145], [629985.0361999444, 5219795.408594946], [629985.0078773462, 5219795.385392621], [629984.8278148554, 5219795.222652594], [629984.6643815674, 5219795.043219103], [629984.5191178559, 5219794.848783325], [629984.3933928446, 5219794.641177837], [629984.288391503, 5219794.422359337], [629984.2051034785, 5219794.194390211], [629984.1443137681, 5219793.959419089], [629984.1065953205, 5219793.719660594], [629984.0923036354, 5219793.477374472], [629984.1015734132, 5219793.234844291], [629984.1343172855, 5219792.994355921], [629984.1902266382, 5219792.758175986], [629984.2687745206, 5219792.528530504], [629984.369220612, 5219792.307583904], [629984.4906181985, 5219792.097418628], [629984.631823097, 5219791.900015502], [629985.1922076915, 5219791.191943878], [629985.2262570896, 5219791.144290101], [629985.1821701891, 5219791.105733761], [629984.8362815902, 5219790.83198936], [629984.6522478164, 5219790.671100068], [629984.4848064594, 5219790.493006872], [629984.3355583599, 5219790.299412454], [629984.2059304201, 5219790.092167691], [629984.097161962, 5219789.873253971], [629984.010292878, 5219789.644764242], [629983.9461536894, 5219789.4088830035], [629983.9053576057, 5219789.1678654235], [629983.8882946622, 5219788.924015776], [629983.8951279911, 5219788.679665414], [629983.9257922616, 5219788.437150473], [629983.9799943046, 5219788.198789543], [629984.0572159156, 5219787.9668614995], [629984.1567188093, 5219787.743583716], [629984.2775516775, 5219787.531090865], [629984.4185592845, 5219787.331414504], [630005.5374340868, 5219760.330868739], [630005.5712104148, 5219760.283021017], [630005.5269037521, 5219760.244717435], [630005.1001309971, 5219759.910910835], [630004.9083184852, 5219759.744509219], [630004.7343755191, 5219759.559508188], [630004.5800966765, 5219759.357816404], [630004.4470736593, 5219759.14151473], [630004.3366788721, 5219758.912834761], [630004.250051263, 5219758.674135799], [630004.188084573, 5219758.427880512], [630004.1514181155, 5219758.176609526], [630004.1404301797, 5219757.9229152175], [630004.1552341287, 5219757.66941496], [630004.1956772297, 5219757.418724129], [630004.2613422292, 5219757.173429113], [630004.3515516584, 5219756.936060632], [630004.4615255115, 5219756.716744154], [630004.4623640025, 5219756.714853513], [630004.4176473174, 5219756.676265896], [630002.3073526808, 5219755.028734102], [630002.259474509, 5219754.995000953], [630002.2212109083, 5219755.039342158], [630001.0325080118, 5219756.56193089], [630000.8722446467, 5219756.747651893], [630000.6945511231, 5219756.916772112], [630000.5011383208, 5219757.067663215], [630000.2938684688, 5219757.198872382], [630000.0747372156, 5219757.309136297], [629999.8458544145, 5219757.3973933095], [629999.6094238089, 5219757.462793659], [629999.3677218144, 5219757.504707653], [629999.1230756014, 5219757.522731733], [629998.8778406876, 5219757.516692358], [629998.6343782591, 5219757.486647678], [629998.3950324357, 5219757.432886968], [629998.1621077018, 5219757.355927854], [629997.9378467177, 5219757.256511316], [629997.724408727, 5219757.135594563], [629997.5238487667, 5219756.994341813], [629997.2221990791, 5219756.758930889], [629997.172830007, 5219756.724161083], [629997.1311178422, 5219756.723137004], [629996.9481913276, 5219756.726988347], [629996.6863528618, 5219756.7049145065], [629996.4282776281, 5219756.655479595], [629996.3936854913, 5219756.64499031], [629983.0691095757, 5219772.565262833], [629884.0405346614, 5219891.203456542], [629884.0087712043, 5219891.289217133], [629883.9079168431, 5219891.499128416], [629883.7879674028, 5219891.698744249], [629883.6499637443, 5219891.886332465], [629874.1032887761, 5219903.671063902], [629874.0686996339, 5219903.718327376], [629874.1123451903, 5219903.75738259], [629874.7732275224, 5219904.292755743], [629874.9546840594, 5219904.455002048], [629875.1195020146, 5219904.634125972], [629875.2661189047, 5219904.82842941], [629875.3931447935, 5219905.036070356], [629875.4993754689, 5219905.25508036], [629875.5838038583, 5219905.483383198], [629875.6456295758, 5219905.718814545], [629875.6842665105, 5219905.9591425], [629875.6993483821, 5219906.20208874], [629875.6907322136, 5219906.445350123], [629875.6584996866, 5219906.686620516], [629875.6029563675, 5219906.9236126635], [629875.5246288099, 5219907.154079868], [629875.4242595631, 5219907.375837287], [629875.3028001331, 5219907.586782648], [629875.1614019618, 5219907.784916178], [629873.7318978418, 5219909.594722093], [629873.5718956841, 5219909.77817141], [629873.3948109224, 5219909.945190359], [629873.2023224434, 5219910.094195485], [629872.9962551713, 5219910.223774116], [629872.7785627673, 5219910.332697757], [629872.5513091064, 5219910.419933734], [629872.3166487115, 5219910.484654992], [629872.0768063258, 5219910.526247927], [629871.8340558221, 5219910.54431821], [629871.5906986436, 5219910.538694521], [629871.3490419855, 5219910.509430178], [629871.1113769208, 5219910.456802626], [629870.8799566794, 5219910.381310812], [629870.6569752861, 5219910.283670449], [629870.4445467592, 5219910.164807237], [629870.244685069, 5219910.025848081], [629869.6894256822, 5219909.598233059], [629869.6413253772, 5219909.564817413], [629869.6033559835, 5219909.609410795], [629861.3282479483, 5219920.354663355], [629861.2948322995, 5219920.402763665], [629861.3394256931, 5219920.440733069], [629861.7129059054, 5219920.728356751], [629861.9011018386, 5219920.888722295], [629862.0725363053, 5219921.066893674], [629862.2255324073, 5219921.261128094], [629862.3585936024, 5219921.469525635], [629862.4704183433, 5219921.690047843], [629862.5599128082, 5219921.920537665], [629862.6262016008, 5219922.158740547], [629862.6686363124, 5219922.402326491], [629862.686801865, 5219922.648912843], [629862.680520571, 5219922.896087605], [629862.6498538712, 5219923.141433015], [629862.5951017343, 5219923.382549211], [629862.5167997219, 5219923.6170777], [629862.4157137509, 5219923.842724423], [629862.2928326008, 5219924.0572822], [629862.149358242, 5219924.25865232], [629861.314303517, 5219925.31586297], [629861.2888164661, 5219925.349805003], [629856.7520771973, 5219931.091383225], [629856.718064989, 5219931.139063557], [629856.7621819521, 5219931.177585481], [629858.8628180424, 5219932.837414515], [629858.9119766669, 5219932.872481246], [629859.02431183, 5219932.875916769], [629859.2691643969, 5219932.895477767], [629859.5109154937, 5219932.938972817], [629859.7472313362, 5219933.00598203], [629859.9758306101, 5219933.095858524], [629860.1945064946, 5219933.207734659], [629860.4011479655, 5219933.3405304225], [629860.5937601752, 5219933.492963847], [629860.7704837096, 5219933.66356339], [629860.929612539, 5219933.850682144], [629861.0696104867, 5219934.052513724], [629861.1891260594, 5219934.267109716], [629861.2870054935, 5219934.492398484], [629861.3623038938, 5219934.726205163], [629861.4142943546, 5219934.966272661], [629861.4344187016, 5219935.087784795], [629861.4790971233, 5219935.126504539], [629863.5790538104, 5219936.773124965], [629863.7617370748, 5219936.931203675], [629863.9283096249, 5219937.10617693], [629864.0772160181, 5219937.296410837], [629864.207065777, 5219937.5001290105], [629864.3166463741, 5219937.715429142], [629864.4049345533, 5219937.940300775], [629864.471105886, 5219938.172644074], [629864.5145424692, 5219938.410289434], [629864.5348386948, 5219938.651017739], [629864.5318050385, 5219938.892581087], [629864.5054698281, 5219939.132723775], [629864.45607898, 5219939.369203368], [629864.3840937024, 5219939.599811637], [629864.2901861888, 5219939.822395178], [629864.1752333406, 5219940.034875521], [629864.0403085795, 5219940.235268543], [629863.8866718231, 5219940.421702984], [629863.3708977612, 5219940.989314202], [629863.2020392376, 5219941.158183152], [629863.0178385264, 5219941.310170063], [629862.8199764201, 5219941.443888087], [629862.6102583684, 5219941.558117076], [629862.390598004, 5219941.651814714], [629862.1629996811, 5219941.724126031], [629861.929540186, 5219941.774391199], [629861.6923497871, 5219941.802151563], [629861.4535927965, 5219941.807153813], [629861.2154478208, 5219941.789352304], [629860.9800878827, 5219941.748909473], [629860.7496605914, 5219941.686194352], [629860.526268547, 5219941.601779201], [629860.4674628405, 5219941.5762852365], [629860.3864789, 5219941.654659727], [629860.208356365, 5219941.811376623], [629860.0161802047, 5219941.950502993], [629859.8116811675, 5219942.070785855], [629859.5967009822, 5219942.171141936], [629859.3731757717, 5219942.250667426], [629859.1431186154, 5219942.308646111], [629858.90860142, 5219942.344555834], [629858.6717362596, 5219942.358073191], [629858.4346563539, 5219942.349076442], [629858.1994968569, 5219942.317646613], [629857.9683756271, 5219942.264066763], [629857.7433741543, 5219942.188819435], [629857.5265188136, 5219942.09258231], [629857.319762615, 5219941.976222103], [629857.1249676157, 5219941.8407867635], [629856.8109141679, 5219941.599548189], [629856.7610214014, 5219941.564978911], [629856.7125003338, 5219941.554473226], [629856.598032265, 5219941.535981252], [629856.3795828462, 5219941.480112098], [629856.1670557697, 5219941.404787782], [629855.9621798669, 5219941.310621039], [629855.7666217299, 5219941.198377884], [629855.581972154, 5219941.068971373], [629854.2145371075, 5219940.015588394], [629854.1652243633, 5219939.981320485], [629854.1579491057, 5219939.982630058], [629853.9489340056, 5219940.031487957], [629853.7179745631, 5219940.063175148], [629853.4850676726, 5219940.07321121], [629853.2522385559, 5219940.0615088735], [629853.0215117591, 5219940.028169896], [629852.7948935472, 5219939.973484174], [629852.5743544595, 5219939.897927222], [629852.3618121749, 5219939.8021560395], [629852.1591148367, 5219939.6870033955], [629851.9680249823, 5219939.553470592], [629851.9175042206, 5219939.514539002], [629851.7528492854, 5219939.375960639], [629851.6007227395, 5219939.223734739], [629851.4622519069, 5219939.058989363], [629851.3384629162, 5219938.882945345], [629851.3109318236, 5219938.839973677], [629851.2646453168, 5219938.800471824], [629849.1453546874, 5219937.164528179], [629849.0972923827, 5219937.131057879], [629849.0592723301, 5219937.175608078], [629848.6812819133, 5219937.665277482], [629848.5217005335, 5219937.852232683], [629848.3445311511, 5219938.022613063], [629848.1514864544, 5219938.174771563], [629847.9444325976, 5219938.307237274], [629847.725371161, 5219938.4187296545], [629847.4964198013, 5219938.508170914], [629847.2597917808, 5219938.574696428], [629847.017774572, 5219938.617663097], [629846.7727077439, 5219938.6366555635], [629846.5269603465, 5219938.63149023], [629846.2829080086, 5219938.602217028], [629846.0429099728, 5219938.54911894], [629845.8092862894, 5219938.472709265], [629845.5842953877, 5219938.373726648], [629845.3701122446, 5219938.253127954], [629845.1688073584, 5219938.112079002], [629845.0777876828, 5219938.041385981], [629845.0298249627, 5219938.007773152], [629844.9916728183, 5219938.052210285], [629842.2830762907, 5219941.539620737], [629842.2800373633, 5219941.54373731], [629810.1321266915, 5219982.917581601], [629810.0985155089, 5219982.965522387], [629810.1429453234, 5219983.003683066], [629810.3871942683, 5219983.193461134], [629810.5729497233, 5219983.352974294], [629810.7422105841, 5219983.529893197], [629810.8933533131, 5219983.722520851], [629811.0249281605, 5219983.929009583], [629811.1356730702, 5219984.147378771], [629811.2245257851, 5219984.375533833], [629811.2906340365, 5219984.611286323], [629811.333363719, 5219984.85237492], [629811.3523049727, 5219985.096487119], [629811.3472761145, 5219985.341281416], [629811.3183253808, 5219985.584409761], [629811.2657304648, 5219985.823540086], [629811.1899958532, 5219986.056378669], [629811.0918479867, 5219986.280692141], [629810.9722282924, 5219986.494328903], [629810.8322841533, 5219986.6952397665], [629810.3366069652, 5219987.337359909], [629810.1206252292, 5219987.582253987], [629810.0524945754, 5219987.650017597], [629810.0135740853, 5219987.697182005], [629806.2471384362, 5219992.747068859], [629806.2248364234, 5219992.778563145], [629805.6003826462, 5219993.6162689915], [629805.444883065, 5219993.8048761785], [629805.2717073121, 5219993.977395596], [629805.0825110254, 5219994.132177882], [629804.8791030057, 5219994.267743248], [629804.6634279246, 5219994.382795627], [629804.4375477323, 5219994.47623507], [629804.203621944, 5219994.547168253], [629803.9638869949, 5219994.594917023], [629803.7206348581, 5219994.619024879], [629803.4761911327, 5219994.619261342], [629803.2328928099, 5219994.595624149], [629802.9930659301, 5219994.548339283], [629802.7590033456, 5219994.477858808], [629802.532942799, 5219994.384856549], [629802.3170455303, 5219994.27022165], [629802.1133756138, 5219994.1350500705], [629800.3396811682, 5219992.828628065], [629800.2908764216, 5219992.796249939], [629800.2538705111, 5219992.841646056], [629799.4844786252, 5219993.886228978], [629799.3284804259, 5219994.077481301], [629799.1543845865, 5219994.252419942], [629798.963887856, 5219994.409339937], [629798.7588468271, 5219994.546711936], [629798.5412598427, 5219994.6631971], [629798.3132475191, 5219994.75766016], [629798.0770320784, 5219994.829180471], [629797.8349156912, 5219994.877060993], [629797.5892580387, 5219994.900835079], [629797.4834205956, 5219994.900593196], [629781.070803896, 5220014.563233004], [629780.8047763668, 5220014.851881753], [629780.511737308, 5220015.113065322], [629780.1945088458, 5220015.3442683695], [629779.8561460639, 5220015.543264285], [629779.4999075807, 5220015.708136627], [629779.1292241674, 5220015.837297588], [629778.7476657083, 5220015.929503275], [629778.3589068196, 5220015.983865697], [629777.9666914621, 5220015.999861315], [629777.5747968839, 5220015.977336082], [629777.1869972443, 5220015.916506928], [629776.8070272655, 5220015.817959672], [629776.4385462664, 5220015.682643376], [629776.0851029203, 5220015.511861213], [629775.7501010799, 5220015.307257905], [629775.4367669959, 5220015.070803896], [629775.1481182472, 5220014.804776367], [629774.8869346785, 5220014.5117373075], [629774.6557316307, 5220014.194508846], [629774.4567357155, 5220013.856146064], [629774.2918633723, 5220013.49990758], [629774.1627024119, 5220013.129224167], [629774.0704967249, 5220012.747665708], [629774.0161343026, 5220012.3589068195], [629774.0001386848, 5220011.966691462], [629774.0226639179, 5220011.574796884], [629774.0834930717, 5220011.186997244], [629774.1820403283, 5220010.807027265], [629774.3173566236, 5220010.438546266], [629774.4881387877, 5220010.08510292], [629774.6927420951, 5220009.75010108], [629774.929196104, 5220009.436766996], [629788.0080058256, 5219993.768093964], [629787.9151945772, 5219993.780402661], [629787.663662626, 5219993.788239705], [629787.4126171413, 5219993.770749525], [629787.1646019066, 5219993.728109344], [629786.9221300002, 5219993.660751223], [629786.6876583317, 5219993.569357687], [629786.4635627457, 5219993.454854804], [629786.2521139486, 5219993.318402805], [629785.5881932168, 5219992.840977666], [629785.5390222305, 5219992.809158524], [629785.5025366993, 5219992.854973924], [629769.2580974671, 5220015.444944808], [629780.4031984517, 5220018.555205548], [629780.5428715615, 5220018.601682987], [629780.6773165214, 5220018.661626984], [629780.805238553, 5220018.734460245], [629780.9254056971, 5220018.819481345], [629781.0366606783, 5220018.915871484], [629781.1379320507, 5220019.0227023745], [629781.2282445153, 5220019.138945175], [629781.3067283138, 5220019.263480405], [629781.3726276043, 5220019.39510872], [629781.4253077407, 5220019.53256247], [629781.4642613842, 5220019.674517898], [629781.4891133903, 5220019.819607897], [629781.4996244204, 5220019.966435171], [629781.4956932475, 5220020.113585692], [629781.4773577311, 5220020.259642321], [629781.444794452, 5220020.403198452], [629781.3983170126, 5220020.542871562], [629781.338373016, 5220020.677316521], [629781.2655397556, 5220020.805238553], [629781.1805186555, 5220020.925405697], [629781.0841285154, 5220021.036660679], [629780.977297625, 5220021.137932051], [629780.8610548244, 5220021.228244515], [629780.736519595, 5220021.306728314], [629780.6048912794, 5220021.372627605], [629780.46743753, 5220021.42530774], [629780.3254821018, 5220021.464261385], [629780.1803921029, 5220021.48911339], [629780.0335648294, 5220021.49962442], [629779.8864143083, 5220021.495693248], [629779.7403576795, 5220021.477357731], [629779.5968015483, 5220021.444794452], [629767.3697943616, 5220018.0326064], [629767.2441664189, 5220018.1615918465], [629767.0544892311, 5220018.321158924], [629766.8499430842, 5220018.461158786], [629766.6325387188, 5220018.5802152], [629766.404413275, 5220018.677157809], [629766.1678092838, 5220018.751033644], [629765.9250526228, 5220018.801116487], [629765.6785296513, 5220018.826914011], [629765.430663753, 5220018.8281726185], [629765.1838915125, 5220018.804879937], [629764.9406387636, 5220018.757264942], [629764.7032967426, 5220018.685795698], [629764.474198582, 5220018.591174767], [629764.2555963749, 5220018.474332298], [629764.0496390364, 5220018.336416881], [629763.8810090058, 5220018.210957151], [629763.8314303668, 5220018.177721354], [629763.8021679244, 5220018.189790514], [629763.5691167741, 5220018.272674927], [629763.3290157333, 5220018.332123683], [629763.0842152052, 5220018.367554825], [629762.8371115975, 5220018.37862151], [629762.5901238635, 5220018.365215404], [629762.3456698221, 5220018.327467742], [629762.1061424889, 5220018.2657480445], [629761.8738866515, 5220018.180660498], [629761.6511759146, 5220018.073038047], [629761.4401904441, 5220017.943934229], [629761.2429956247, 5220017.794612872], [629761.1228606328, 5220017.683346401], [629761.0437110906, 5220017.616894862], [629758.9112889147, 5220015.998105142], [629758.8625488407, 5220015.96474362], [629758.8515830245, 5220015.973539649], [629758.6458983786, 5220016.122025926], [629758.4262247805, 5220016.248903261], [629758.1948241423, 5220016.352865238], [629757.9540791259, 5220016.43284139], [629757.7064686096, 5220016.48800823], [629757.4545421634, 5220016.51779772], [629757.2008937974, 5220016.5219031265], [629756.9481352515, 5220016.500282177], [629756.6988691036, 5220016.453157498], [629756.4556619712, 5220016.381014315], [629756.2210180843, 5220016.284595466], [629755.9973534996, 5220016.164893747], [629755.7869712232, 5220016.0231416905], [629755.5117340505, 5220015.816640558], [629755.4614524229, 5220015.782639355], [629755.439681038, 5220015.778183336], [629755.2647752715, 5220015.751921238], [629755.0446974615, 5220015.6981369415], [629754.8303923524, 5220015.624650117], [629754.6236198861, 5220015.532064263], [629754.426078144, 5220015.421139725], [629754.2393894021, 5220015.2927874485], [629752.9599205639, 5220014.324910835], [629752.9104556415, 5220014.291175969], [629752.8176016813, 5220014.318383224], [629752.7512697498, 5220014.341230199], [629752.5005863006, 5220014.399584495], [629752.2452315617, 5220014.431854808], [629751.9879121879, 5220014.437699083], [629751.731355658, 5220014.417055374], [629751.4782813654, 5220014.370142497], [629751.2313717926, 5220014.297457707], [629750.9932440792, 5220014.199771435], [629750.7664222806, 5220014.078119113], [629750.553310614, 5220013.933790207], [629750.2017450591, 5220013.668304594], [629750.1522519158, 5220013.634611134], [629750.1170517395, 5220013.644957178], [629749.971575507, 5220013.69595703], [629749.7442661955, 5220013.752418466], [629749.5126705767, 5220013.7873596465], [629749.2788214085, 5220013.8004738875], [629749.0447712289, 5220013.791646082], [629748.8125743398, 5220013.760953714], [629748.5842687767, 5220013.708666177], [629748.3618584202, 5220013.635242406], [629748.1472954074, 5220013.541326857], [629747.9424629981, 5220013.427743845], [629747.7491590442, 5220013.295490307], [629747.1768218735, 5220012.863202865], [629747.1269097492, 5220012.829217219], [629747.1049179004, 5220012.82902479], [629746.9241047336, 5220012.836875386], [629746.6942887693, 5220012.825679815], [629746.4664754319, 5220012.793402864], [629746.2425944179, 5220012.740317934], [629746.0245421146, 5220012.666874682], [629745.8141655374, 5220012.57369521], [629745.613246684, 5220012.461568796], [629745.4234874406, 5220012.33144521], [629744.5620095115, 5220011.680454499], [629744.5301548565, 5220011.658753514], [629744.508047857, 5220011.652584119], [629744.4654162182, 5220011.694456693], [629744.2754407943, 5220011.862971305], [629744.0693502033, 5220012.011344162], [629743.8492708986, 5220012.138044342], [629743.6174736704, 5220012.241764549], [629743.3763502149, 5220012.321434591], [629743.128388457, 5220012.376232427], [629742.8761468794, 5220012.405592651], [629742.6222281242, 5220012.409212323], [629742.3692521389, 5220012.387054094], [629742.1198291432, 5220012.339346595], [629741.8765326971, 5220012.266582074], [629741.6418731463, 5220012.169511318], [629741.4182717209, 5220012.049135911], [629741.2080355521, 5220011.906697891], [629740.988837961, 5220011.741343968], [629740.9387738165, 5220011.70729876], [629740.9011124221, 5220011.703279273], [629740.7566161242, 5220011.695501627], [629740.5309677065, 5220011.662546153], [629740.3092610135, 5220011.609166251], [629740.0933407609, 5220011.535806069], [629739.8850035183, 5220011.443076003], [629739.6859827606, 5220011.331747617], [629739.4979344447, 5220011.202747219], [629738.3268249854, 5220010.318198768], [629738.2868055037, 5220010.290948892], [629738.0852950799, 5220010.138271926], [629737.9002350626, 5220009.966023567], [629737.7335180002, 5220009.775965345], [629737.7211193485, 5220009.758557558], [629737.440949671, 5220009.680370672], [629715.2103789343, 5220031.910941409], [629709.0813843026, 5220040.045126503], [629708.9318212401, 5220040.225387685], [629708.7660442048, 5220040.3908602735], [629708.5855084062, 5220040.540091733], [629708.3917986079, 5220040.671772094], [629708.1866152163, 5220040.784745449], [629707.9717593543, 5220040.878020107], [629707.7491170509, 5220040.950777292], [629707.5206426852, 5220041.002378332], [629707.288341831, 5220041.03237027], [629707.0542536512, 5220041.040489832], [629707.047147197, 5220041.040403194], [629707.008602545, 5220041.086219449], [629704.840652268, 5220043.936084188], [629704.815711015, 5220043.970582142], [629702.9485303871, 5220046.423054641], [629702.7938628172, 5220046.607120586], [629702.6222295961, 5220046.775478438], [629702.4352180519, 5220046.926571162], [629702.2345577367, 5220047.059001396], [629702.022104432, 5220047.171544377], [629701.7998229852, 5220047.263159263], [629701.5697691379, 5220047.3329987675], [629701.3340705138, 5220047.380416987], [629701.0949069416, 5220047.404975383], [629700.8544902952, 5220047.406446828], [629700.6150440372, 5220047.384817713], [629700.378782656, 5220047.340288074], [629700.1478911849, 5220047.273269736], [629699.924504994, 5220047.184382511], [629699.7106900422, 5220047.074448461], [629699.50842377, 5220046.944484296], [629699.319576811, 5220046.7956919735], [629699.1458956925, 5220046.629447581], [629698.988986682, 5220046.447288608], [629698.8755992204, 5220046.286723903], [629692.5665581636, 5220044.884714779], [629689.6860197223, 5220048.63007191], [629689.5270780927, 5220048.816983566], [629689.3505802223, 5220048.987415107], [629689.1582260939, 5220049.139724982], [629688.9518684132, 5220049.272446179], [629688.733494765, 5220049.384300362], [629688.5052084686, 5220049.474210181], [629688.2692083196, 5220049.541309646], [629688.0277674112, 5220049.584952474], [629687.7832112408, 5220049.604718305], [629687.5378953113, 5220049.600416763], [629687.294182443, 5220049.572089277], [629687.0544200164, 5220049.5200086925], [629686.820917362, 5220049.444676634], [629686.595923518, 5220049.346818682], [629686.3816055678, 5220049.227377379], [629686.1800277673, 5220049.087503154], [629685.996481616, 5220048.946309999], [629685.9462423294, 5220048.911448882], [629685.8694747933, 5220048.868664728], [629685.6614727799, 5220048.738984304], [629685.4671699487, 5220048.5895578675], [629685.2884341518, 5220048.42182187], [629685.1269835932, 5220048.237388773], [629684.984370313, 5220048.03803155], [629684.8619652662, 5220047.825666642], [629684.7609451442, 5220047.602335531], [629684.6822810632, 5220047.370185122], [629684.6267292285, 5220047.131447099], [629684.5948236653, 5220046.888416474], [629684.5868710849, 5220046.6434295215], [629684.6029479359, 5220046.398841327], [629684.6428996704, 5220046.15700314], [629684.7063422283, 5220045.920239774], [629684.7926657303, 5220045.690827256], [629684.7971506665, 5220045.680478198], [629684.7521077696, 5220045.642271882], [629682.6278922383, 5220044.012728123], [629682.5793213528, 5220043.97912075], [629682.5029713834, 5220044.039732038], [629682.4794715545, 5220044.060411966], [629682.2871506151, 5220044.199650883], [629682.0824879477, 5220044.320017043], [629681.8673296033, 5220044.420424744], [629681.6436163042, 5220044.499968314], [629681.4133659378, 5220044.557930271], [629681.1786553557, 5220044.593787801], [629680.9416016409, 5220044.607217469], [629680.7043430107, 5220044.59809814], [629680.4690195314, 5220044.566512071], [629680.2377538137, 5220044.512744166], [629680.0126318679, 5220044.437279412], [629679.7956842874, 5220044.340798495], [629679.5888679333, 5220044.224171675], [629679.3940482829, 5220044.088450919], [629679.2967010934, 5220044.013524778], [629679.2483796863, 5220043.979975231], [629679.1945909875, 5220044.031878035], [629679.0031932283, 5220044.1986534605], [629678.7958687759, 5220044.345158466], [629678.5747554655, 5220044.469882357], [629678.3421333167, 5220044.571539039], [629678.1004010227, 5220044.649080274], [629677.8520512165, 5220044.701706492], [629677.5996447678, 5220044.728875036], [629677.3457843768, 5220044.730305756], [629677.0930877358, 5220044.7059839], [629676.8441605371, 5220044.656160263], [629676.6015696044, 5220044.581348604], [629676.3678164242, 5220044.482320345], [629676.145311353, 5220044.360096623], [629675.9363487611, 5220044.215937751], [629675.6581553334, 5220044.002385274], [629675.609595302, 5220043.968762224], [629675.586659277, 5220043.986958179], [629675.4570209474, 5220044.100946695], [629675.2642780958, 5220044.2403218895], [629675.0591621508, 5220044.360749049], [629674.8435298302, 5220044.461138064], [629674.6193330466, 5220044.540580207], [629674.388601238, 5220044.598356363], [629674.1534229984, 5220044.633943544], [629673.9159271703, 5220044.647019611], [629673.6782635759, 5220044.637466198], [629673.4425835554, 5220044.605369785], [629673.2110204938, 5220044.551020908], [629672.9856705094, 5220044.474911537], [629672.7685734794, 5220044.377730616], [629672.5616945747, 5220044.260357832], [629672.3669064716, 5220044.123855646], [629672.2140372143, 5220044.005498554], [629672.1660233025, 5220043.971958871], [629672.1642154681, 5220043.974071025], [629671.9918612158, 5220044.156109313], [629671.802142588, 5220044.319971355], [629671.5969672108, 5220044.464009513], [629671.3783981283, 5220044.58677548], [629671.148633059, 5220044.687034841], [629670.9099822971, 5220044.763779485], [629670.6648454827, 5220044.816237741], [629670.4156874735, 5220044.843882143], [629670.1650135601, 5220044.846434723], [629669.915344276, 5220044.823869815], [629669.6691900528, 5220044.776414311], [629669.4290259781, 5220044.704545376], [629669.1972669086, 5220044.608985655], [629668.9762431883, 5220044.490696005], [629668.7681772166, 5220044.350865829], [629668.330294063, 5220044.023563433], [629668.2803483538, 5220043.989919845], [629668.2504566867, 5220043.9927510545], [629667.9886892596, 5220044.003754437], [629667.7272077539, 5220043.987302005], [629667.4688840007, 5220043.943574453], [629667.2165551493, 5220043.873052037], [629666.9729925077, 5220043.776509301], [629666.7408711056, 5220043.655006564], [629666.5227403137, 5220043.509878283], [629665.700890794, 5220042.898616056], [629665.6503411975, 5220042.864740202], [629665.5450136164, 5220042.832632684], [629665.4847250227, 5220042.817176781], [629665.2354286081, 5220042.724063706], [629664.9974421569, 5220042.604978878], [629664.7734622933, 5220042.461271649], [629663.233405765, 5220041.353182197], [629663.1831479435, 5220041.320640358], [629663.1363814425, 5220041.335567273], [629663.0075563508, 5220041.383905646], [629662.7750765337, 5220041.446407072], [629662.5376630243, 5220041.486258284], [629662.2975172456, 5220041.503089762], [629662.0568659562, 5220041.4967454355], [629661.8179406013, 5220041.467284132], [629661.5829566229, 5220041.414979031], [629661.3540929162, 5220041.340315135], [629661.1334716262, 5220041.243984766], [629660.9231384697, 5220041.12688115], [629660.7250437664, 5220040.990090134], [629660.3188762334, 5220040.679708142], [629660.2698900546, 5220040.645948191], [629660.239251009, 5220040.661763156], [629660.0158803881, 5220040.763500982], [629659.783609804, 5220040.842844509], [629659.5446781601, 5220040.899028928], [629659.3013885668, 5220040.931512667], [629659.0560861421, 5220040.939982608], [629658.8111354058, 5220040.924357108], [629658.5688974878, 5220040.884786783], [629658.3317073687, 5220040.821653062], [629658.101851372, 5220040.7355645], [629657.8815451267, 5220040.627350926], [629657.6729122091, 5220040.49805543], [629657.4779636745, 5220040.348924319], [629657.4506930191, 5220040.325855227], [629655.3243069799, 5220038.699144772], [629655.276099564, 5220038.66588384], [629655.2382736398, 5220038.710598984], [629651.4256719123, 5220043.694315085], [629651.2675303448, 5220043.881293188], [629651.0918540613, 5220044.051902126], [629650.9003286987, 5220044.204504884], [629650.6947919679, 5220044.337637219], [629650.4772160206, 5220044.450021708], [629650.2496885265, 5220044.540580008], [629650.0143926417, 5220044.608443201], [629649.7735860607, 5220044.652960128], [629649.5295793545, 5220044.673703646], [629649.2847137989, 5220044.670474718], [629649.041338911, 5220044.643304325], [629648.8017899048, 5220044.592453171], [629648.5683652841, 5220044.518409179], [629648.3433047888, 5220044.42188281], [629648.1287679037, 5220044.3038002495], [629647.9268131383, 5220044.165294513], [629647.741958192, 5220044.024724264], [629647.693654742, 5220043.991602946], [629647.6559583426, 5220044.036427348], [629644.645642238, 5220047.995101566], [629625.3822172374, 5220075.229598981], [629626.6455418067, 5220076.190275734], [629626.6950675116, 5220076.2242351435], [629626.7392785496, 5220076.215991734], [629626.8721216489, 5220076.184082779], [629627.10357498, 5220076.150952307], [629627.3371111965, 5220076.1395897195], [629627.5706875743, 5220076.150094405], [629627.8022610391, 5220076.182374478], [629628.0298060353, 5220076.236147589], [629628.2513322443, 5220076.310943387], [629628.464901993, 5220076.406107641], [629628.6686472035, 5220076.5208079545], [629628.8607857316, 5220076.654041054], [629629.3631625092, 5220077.038395096], [629629.4129942851, 5220077.07277952], [629629.5149943904, 5220077.08436682], [629629.7794889901, 5220077.128894189], [629630.0376910573, 5220077.201501161], [629630.2866285798, 5220077.301351998], [629630.5234361839, 5220077.427297377], [629630.7453881165, 5220077.577887614], [629631.7383171701, 5220078.332413507], [629631.7870410036, 5220078.365798736], [629631.8658195158, 5220078.302670954], [629631.8955496348, 5220078.276355055], [629632.0946804654, 5220078.132318499], [629632.3069915487, 5220078.008529884], [629632.5304311237, 5220077.906185496], [629632.7628398836, 5220077.826274386], [629633.0019718447, 5220077.769568808], [629633.2455160501, 5220077.736616763], [629633.4911189039, 5220077.7277366975], [629633.7364069147, 5220077.743014427], [629633.9790096345, 5220077.782302308], [629634.2165825653, 5220077.845220666], [629634.4468298169, 5220077.931161462], [629634.6675262941, 5220078.039294169], [629634.8765391995, 5220078.1685738], [629635.0718486452, 5220078.317751002], [629635.1951205186, 5220078.432733308], [629635.2713922318, 5220078.497187195], [629637.3986077689, 5220080.122812805], [629637.4479067175, 5220080.156789739], [629637.5505692573, 5220080.127254147], [629637.8022787374, 5220080.068736517], [629638.0586842598, 5220080.036515661], [629638.3170461016, 5220080.030935863], [629638.5746036365, 5220080.052056744], [629638.8286048325, 5220080.099652625], [629639.0763356574, 5220080.173214938], [629639.3151490783, 5220080.271957661], [629639.5424933463, 5220080.394825717], [629639.7559392613, 5220080.540506247], [629640.2226713538, 5220080.895762659], [629640.2720356659, 5220080.929644583], [629640.3632918093, 5220080.903200141], [629640.4318555066, 5220080.879803217], [629640.6821012938, 5220080.822239622], [629640.9369317486, 5220080.790649104], [629641.1936584499, 5220080.78536494], [629641.449572971, 5220080.806442876], [629641.7019754538, 5220080.853660545], [629641.9482030916, 5220080.926519806], [629642.1856582216, 5220081.024252005], [629642.411835729, 5220081.145826084], [629642.6243494765, 5220081.289959455], [629643.2028077672, 5220081.727287223], [629643.2528358365, 5220081.761385429], [629643.3378794736, 5220081.770552974], [629643.603578, 5220081.813771448], [629643.8630893975, 5220081.8853073], [629644.1134048476, 5220081.98433113], [629644.351622151, 5220082.109694839], [629644.5749793767, 5220082.259944942], [629645.6538722479, 5220083.073377294], [629645.7032378869, 5220083.106928671], [629645.7321586425, 5220083.095215735], [629645.8832700299, 5220083.024830874], [629646.1049999837, 5220082.9459649855], [629646.3331633441, 5220082.888297996], [629646.5657382549, 5220082.852340917], [629646.8006637677, 5220082.838412381], [629647.0358581041, 5220082.846635813], [629647.2692371035, 5220082.876938343], [629647.498732692, 5220082.929051448], [629647.722311208, 5220083.002513328], [629647.937991424, 5220083.096673007], [629648.1438621025, 5220083.210696094], [629648.338098933, 5220083.343572181], [629648.7330413688, 5220083.641978145], [629648.7826718146, 5220083.675784305], [629648.7894394208, 5220083.674500786], [629648.999512603, 5220083.6233439585], [629649.2306393016, 5220083.589499506], [629649.4639159438, 5220083.577374907], [629649.6973059312, 5220083.587076012], [629649.928771676, 5220083.618518128], [629650.15629239, 5220083.671426752], [629650.377881726, 5220083.74533997], [629650.5916051209, 5220083.8396124905], [629650.7955966839, 5220083.953421277], [629650.9880754873, 5220084.085772733], [629651.5888880887, 5220084.541661661], [629651.6372261171, 5220084.57473247], [629651.6748756404, 5220084.529868704], [629652.7293032475, 5220083.140246465], [629652.8919280809, 5220082.947027332], [629653.0732170558, 5220082.771201346], [629653.2713201406, 5220082.614562789], [629653.4842157181, 5220082.478710137], [629653.7097312157, 5220082.365029752], [629653.9455652758, 5220082.274681726], [629654.1893112414, 5220082.20858805], [629654.4384817152, 5220082.167423201], [629654.6905339435, 5220082.151607261], [629654.9428957651, 5220082.1613016315], [629655.1929918587, 5220082.196407381], [629655.4382700253, 5220082.256566261], [629655.6762272316, 5220082.341164356], [629655.904435154, 5220082.449338354], [629656.1205649594, 5220082.579984353], [629656.3224110698, 5220082.731769127], [629656.4622065466, 5220082.860917689], [629656.5336108415, 5220082.9208397735], [629656.6452508277, 5220083.0055505335], [629656.8276100664, 5220083.158114491], [629656.9946514581, 5220083.327312088], [629657.1448641295, 5220083.511612946], [629657.2768894213, 5220083.709350084], [629657.3895331775, 5220083.918734986], [629657.4817765459, 5220084.137873787], [629657.552785194, 5220084.364784397], [629657.6019168556, 5220084.597414432], [629657.6287271392, 5220084.833659775], [629657.6329735486, 5220085.0713836085], [629657.6146176754, 5220085.308435744], [629657.5738255467, 5220085.542672068], [629657.5109661232, 5220085.771973935], [629657.4335890646, 5220085.975871329], [629657.4313212611, 5220085.9829002], [629657.4764816165, 5220086.021309999], [629658.5388681042, 5220086.838552416], [629666.2310844526, 5220088.761606503], [629666.2656624545, 5220088.754158197], [629666.5188264394, 5220088.726136818]], [[629738.3453084484, 5220093.196158552], [629738.1074271309, 5220093.15953394], [629737.874170128, 5220093.100203898], [629737.6476994104, 5220093.018718333], [629737.4301140495, 5220092.915832502], [629737.2234307616, 5220092.792500017], [629737.0295652158, 5220092.649863999], [629736.8503142785, 5220092.489246489], [629736.6873393586, 5220092.312136187], [629736.5421510092, 5220092.120174664], [629736.416094926, 5220091.915141137], [629736.3103394749, 5220091.698935985], [629736.2258648634, 5220091.47356313], [629736.1634540545, 5220091.24111147], [629736.1236855106, 5220091.003735511], [629736.1069278311, 5220090.763635399], [629736.1133363364, 5220090.523036533], [629736.142851629, 5220090.284168932], [629736.1952001423, 5220090.049246569], [629736.2698966782, 5220089.820446852], [629736.3662489024, 5220089.599890436], [629736.4833637628, 5220089.389621578], [629736.6201557661, 5220089.1915891785], [629761.0674974299, 5220057.208969962], [629761.1007395842, 5220057.160749596], [629761.0560097115, 5220057.122941088], [629759.7887400668, 5220056.1542470055], [629759.6012462873, 5220055.995754581], [629759.4302022208, 5220055.8196361745], [629759.277257382, 5220055.627590237], [629759.143886741, 5220055.421468821], [629759.0313764978, 5220055.203259722], [629758.9408116791, 5220054.975067304], [629758.873065674, 5220054.739092211], [629758.8287918116, 5220054.497610139], [629758.8084170604, 5220054.252949894], [629758.8121379103, 5220054.007470932], [629758.8399184784, 5220053.763540601], [629758.8914908541, 5220053.52351132], [629758.9663576838, 5220053.289697883], [629759.0637969666, 5220053.064355139], [629759.182869017, 5220052.84965625], [629759.3224255282, 5220052.647671731], [629760.3420801352, 5220051.316720257], [629760.5135719052, 5220051.115817938], [629760.7053035422, 5220050.934130987], [629760.9151346716, 5220050.773687646], [629761.1407228672, 5220050.636279005], [629761.1703357024, 5220050.620322221], [629761.2086843478, 5220050.573272186], [629763.3946450066, 5220047.6050147675], [629763.5502476795, 5220047.414175513], [629763.7238693302, 5220047.239569285], [629763.9138256396, 5220047.082889953], [629764.1182738243, 5220046.945657476], [629764.335230514, 5220046.829203161], [629764.5625909924, 5220046.734656741], [629764.798149615, 5220046.662935419], [629765.0396212063, 5220046.61473497], [629765.2846632288, 5220046.590522991], [629765.5308985077, 5220046.590534365], [629765.7759382925, 5220046.614768981], [629766.01740543, 5220046.662991737], [629766.2529574258, 5220046.73473482], [629766.4803091689, 5220046.829302244], [629766.6972550995, 5220046.9457766], [629766.9016906056, 5220047.0830279635], [629768.3532947691, 5220048.164977785], [629768.4019149116, 5220048.19763244], [629768.4391779321, 5220048.152447134], [629770.2537850753, 5220045.717869088], [629770.4093548843, 5220045.52916479], [629770.5826182805, 5220045.356563883], [629770.7719171671, 5220045.201718124], [629770.9754399908, 5220045.066109356], [629771.1912390778, 5220044.951035328], [629771.4172492734, 5220044.857597278], [629771.6513077038, 5220044.7866893895], [629771.891174476, 5220044.738990235], [629772.1345541116, 5220044.714956288], [629772.3791175153, 5220044.714817548], [629772.622524263, 5220044.738575344], [629772.8624449997, 5220044.786002316], [629773.0965837311, 5220044.856644599], [629773.3226997952, 5220044.9498261595], [629773.5386293054, 5220045.064655269], [629773.7423058589, 5220045.200033033], [629774.2772538123, 5220045.594638492], [629774.3262503751, 5220045.627194094], [629774.3956938172, 5220045.5573907625], [629774.5835901266, 5220045.3867861265], [629774.7878152193, 5220045.236110725], [629775.0062644017, 5220045.106917383], [629775.2366863904, 5220045.000537534], [629775.4767065127, 5220044.918067505], [629775.7238511803, 5220044.860357209], [629775.975573381, 5220044.828001396], [629776.2292789276, 5220044.821333515], [629776.4823531929, 5220044.840422287], [629776.7321880559, 5220044.885070984], [629776.9762087797, 5220044.954819471], [629777.2119005468, 5220045.048948934], [629777.4368343756, 5220045.1664893], [629777.6486921533, 5220045.306229226], [629778.0385884837, 5220045.592825955], [629778.0876397189, 5220045.625299122], [629778.1424100182, 5220045.570059513], [629778.3172827495, 5220045.409681237], [629778.5065724853, 5220045.266604128], [629778.7085740534, 5220045.142117061], [629778.92146777, 5220045.037341449], [629779.1433358317, 5220044.9532211395], [629779.3721795921, 5220044.89051391], [629779.6059375657, 5220044.849784644], [629779.8425039983, 5220044.831400241], [629780.0797478368, 5220044.835526314], [629780.3155319252, 5220044.862125692], [629780.547732258, 5220044.910958763], [629780.7742571126, 5220044.981585625], [629780.993065893, 5220045.073370051], [629781.2021875114, 5220045.185485224], [629781.3997381442, 5220045.316921181], [629781.7755498702, 5220045.593558163], [629781.824777402, 5220045.626196141], [629781.85237217, 5220045.603383562], [629781.9691924807, 5220045.496391938], [629782.1585792041, 5220045.353443464], [629782.3606651209, 5220045.229093636], [629782.5736297894, 5220045.1244626315], [629782.7955547693, 5220045.040492991], [629783.0244409039, 5220044.977941135], [629783.2582263284, 5220044.937370547], [629783.4948050437, 5220044.919146698], [629783.7320458886, 5220044.923433751], [629783.9678117366, 5220044.9501930885], [629784.1999787489, 5220044.999183656], [629784.4264555058, 5220045.069964132], [629784.6452018465, 5220045.1618969105], [629784.8542472483, 5220045.274153835], [629785.0517085769, 5220045.405723669], [629785.3075114379, 5220045.594289118], [629785.3567168163, 5220045.62696047], [629785.4154911696, 5220045.57843881], [629785.4710666096, 5220045.527612954], [629785.6607439389, 5220045.384686081], [629785.8631280058, 5220045.260403058], [629786.0763923154, 5220045.155885526], [629786.2986121805, 5220045.072076744], [629786.5277820905, 5220045.009733078], [629786.7618338115, 5220044.969417173], [629786.9986550518, 5220044.951492876], [629787.2361085251, 5220044.9561219495], [629787.4720512392, 5220044.98326262], [629787.7043538365, 5220045.032669943], [629787.9309198108, 5220045.103898024], [629788.1497044286, 5220045.196304038], [629788.3587331821, 5220045.309054029], [629788.5561196093, 5220045.441130442], [629788.7659256748, 5220045.596435845], [629788.8146531845, 5220045.628930071], [629788.8517670779, 5220045.583622183], [629805.5589349442, 5220023.013479255], [629805.7147134554, 5220022.823343977], [629805.8884106261, 5220022.649425429], [629806.0783473363, 5220022.493404871], [629806.2826874793, 5220022.3567905435], [629806.4994557115, 5220022.24090309], [629806.7265565476, 5220022.146862786], [629806.9617946177, 5220022.075578715], [629807.2028958898, 5220022.027739975], [629807.4475296524, 5220022.003809019], [629807.693331046, 5220022.004017188], [629807.9379239236, 5220022.028362469], [629808.1789438206, 5220022.076609517], [629808.4140608127, 5220022.1482919315], [629808.6410020379, 5220022.242716762], [629808.8575736694, 5220022.358971211], [629809.0616821226, 5220022.495931453], [629809.4660575421, 5220022.7971251365], [629809.516708367, 5220022.831119514], [629809.5787495457, 5220022.856967122], [629809.7950934818, 5220022.9595198855], [629810.0006353279, 5220023.082297398], [629810.1934899604, 5220023.224173606], [629810.3718886164, 5220023.383847297], [629810.5341951156, 5220023.559854025], [629810.6789208668, 5220023.750579547], [629810.8047385202, 5220023.954274628], [629810.9104941414, 5220024.169071082], [629810.9952177946, 5220024.392998907], [629811.0581324381, 5220024.624004351], [629811.0986610515, 5220024.859968754], [629811.1164319271, 5220025.098727971], [629811.1112820797, 5220025.3380922275], [629811.0832587412, 5220025.575866196], [629811.032618927, 5220025.809869139], [629810.9598270793, 5220026.037954901], [629810.8655508073, 5220026.258031598], [629810.7506547644, 5220026.4680808], [629810.6161927172, 5220026.666176044], [629810.1174806996, 5220027.330102009], [629810.084645222, 5220027.378600232], [629810.1296914546, 5220027.41603124], [629810.3034214885, 5220027.546529609], [629810.492644736, 5220027.703809829], [629810.6654904921, 5220027.878929359], [629810.8202844345, 5220028.070191851], [629810.9555271048, 5220028.275744582], [629811.0699084344, 5220028.493596404], [629811.1623204341, 5220028.721637031], [629811.2318679272, 5220028.957657478], [629811.2778772211, 5220029.199371462], [629811.2999026328, 5220029.444437548], [629811.2977308066, 5220029.6904818285], [629811.2713827806, 5220029.935120923], [629811.2211137828, 5220030.175985062], [629811.147410759, 5220030.4107410405], [629811.0509876556, 5220030.637114825], [629810.9327785042, 5220030.852913577], [629810.793928373, 5220031.0560468985], [629810.12157198, 5220031.94264835], [629810.0883688908, 5220031.991208477], [629810.1120584585, 5220032.015409986], [629810.2740870876, 5220032.197975979], [629810.4175390659, 5220032.395473191], [629810.5410468115, 5220032.606018804], [629810.6434328782, 5220032.827605609], [629810.7237211808, 5220033.058121134], [629810.7811463006, 5220033.295367786], [629810.8151607821, 5220033.537083805], [629810.8254403522, 5220033.780964819], [629810.8118870122, 5220034.024685819], [629810.7746299709, 5220034.265923318], [629810.7140244141, 5220034.502377511], [629810.6306481173, 5220034.731794188], [629810.5252959384, 5220034.951986234], [629810.3989722396, 5220035.160854474], [629810.2528813127, 5220035.356407688], [629810.0884158977, 5220035.536781594], [629810.0525259783, 5220035.572475477], [629810.0136037132, 5220035.6196384225], [629803.7917297626, 5220043.961024546], [629803.7887814933, 5220043.965186229], [629799.6993433003, 5220049.446985818], [629799.5388704002, 5220049.640904908], [629799.3597113324, 5220049.817704777], [629799.1636822303, 5220049.9755932065], [629798.9527702382, 5220050.112969684], [629798.7291133679, 5220050.228441627], [629798.4949788263, 5220050.320838496], [629798.2527400319, 5220050.389223667], [629798.0048525563, 5220050.43290392], [629797.7538292311, 5220050.451436468], [629797.5022146767, 5220050.4446334485], [629797.2525595062, 5220050.412563822], [629797.0696717427, 5220050.370034753], [629797.0390963301, 5220050.364449823], [629796.9975574886, 5220050.4073122265], [629794.839120936, 5220052.865154117], [629794.6632381028, 5220053.046131005], [629794.4700058819, 5220053.208453872], [629794.2613933065, 5220053.350468653], [629794.039526136, 5220053.4707282195], [629793.806665193, 5220053.568007127], [629793.5651833273, 5220053.641314107], [629793.3175412354, 5220053.68990216], [629793.0662623862, 5220053.713276176], [629792.8139073076, 5220053.711197973], [629792.5630474938, 5220053.68368873], [629792.3162392025, 5220053.631028764], [629792.0759974066, 5220053.553754679], [629791.8447701663, 5220053.452653898], [629791.6249136835, 5220053.328756635], [629791.4186682922, 5220053.183325403], [629791.33382953, 5220053.116845918], [629791.2860118431, 5220053.083027086], [629791.2476689058, 5220053.127299692], [629766.5283757545, 5220084.6731852945], [629766.4931521963, 5220084.7229891755], [629766.4516533255, 5220084.816111076], [629766.3382513623, 5220085.039699275], [629766.2030261639, 5220085.250805489], [629766.0473375911, 5220085.447306777], [629765.8727512903, 5220085.62722707], [629765.6810229487, 5220085.788757039], [629765.474080638, 5220085.930272296], [629765.2540054261, 5220086.050349726], [629765.0230104487, 5220086.147781797], [629764.7834186538, 5220086.221588706], [629764.5376394411, 5220086.271028231], [629764.2881444327, 5220086.295603194], [629764.0374426179, 5220086.295066464], [629763.7880551219, 5220086.269423437], [629763.5424898526, 5220086.218931987], [629763.3032162806, 5220086.14409987], [629763.0726406059, 5220086.045679617], [629762.8530815593, 5220085.9246609695], [629762.6467470863, 5220085.782260923], [629761.232784515, 5220084.697868575], [629761.1846170679, 5220084.66454977], [629761.1467374673, 5220084.709219461], [629758.8955789214, 5220087.644553644], [629758.8817167039, 5220087.663568488], [629755.2912782088, 5220092.340532797], [629755.1328453921, 5220092.527219152], [629754.9569101417, 5220092.697511666], [629754.7651601064, 5220092.8497768175], [629754.5594346366, 5220092.982554014], [629754.3417071418, 5220093.0945695955], [629754.1140661602, 5220093.18474906], [629753.878695324, 5220093.252227369], [629753.6378524142, 5220093.296357237], [629753.3938477017, 5220093.316715353], [629753.1490217877, 5220093.313106433], [629752.9057231497, 5220093.285565095], [629752.6662856156, 5220093.234355527], [629752.4330059757, 5220093.1599689545], [629752.208121951, 5220093.063118926], [629751.993790728, 5220092.944734471], [629751.7920682663, 5220092.805951183], [629750.4806460204, 5220091.8056645915], [629750.430895039, 5220091.771443483], [629750.405178868, 5220091.771096938], [629750.1581208218, 5220091.755510409], [629749.9138154458, 5220091.715566683], [629749.6746581295, 5220091.6516574025], [629749.442993786, 5220091.564409194], [629749.2210938609, 5220091.454677515], [629749.0111340606, 5220091.3235382745], [629748.8151730195, 5220091.17227728], [629748.6351321161, 5220091.00237763], [629748.4727766331, 5220090.815505173], [629748.3296984495, 5220090.613492175], [629748.2073004325, 5220090.398319352], [629748.1067826821, 5220090.172096454], [629748.0615818142, 5220090.055072291], [629748.0170736482, 5220090.0173163405], [629745.892926347, 5220088.387683655], [629745.844764709, 5220088.354356469], [629745.8068773346, 5220088.399019563], [629742.4904873429, 5220092.721773343], [629742.3263123769, 5220092.91468372], [629742.1434585558, 5220093.089990062], [629741.9438032126, 5220093.245892522], [629741.7293961798, 5220093.380790473], [629741.5024387427, 5220093.4932989385], [629741.2652610401, 5220093.58226281], [629741.0202981406, 5220093.64676871], [629740.7700650424, 5220093.686154363], [629740.5171308521, 5220093.700015404], [629740.2640924078, 5220093.688209523], [629740.0135476181, 5220093.650857931], [629739.7680687896, 5220093.588344109], [629739.5301762176, 5220093.501309879], [629739.30231231, 5220093.390648807], [629739.0868165123, 5220093.257497036], [629738.979188818, 5220093.183207153], [629738.8995182139, 5220093.1900879005], [629738.8261022741, 5220093.200147238], [629738.5856092485, 5220093.209738272], [629738.3453084484, 5220093.196158552]]], [[[629863.5399659202, 5219993.295760186], [629863.7880395695, 5219993.343378604], [629864.0300416216, 5219993.415787554], [629864.263501408, 5219993.5122477915], [629864.4860354706, 5219993.631774526], [629864.6953718949, 5219993.773147475], [629865.535080471, 5219994.404272293], [629865.5837829444, 5219994.437266205], [629865.6351582222, 5219994.386543161], [629865.6923280269, 5219994.324097179], [629865.8693579494, 5219994.164368515], [629866.0607995423, 5219994.022231412], [629866.2649113658, 5219993.898978814], [629866.4798367262, 5219993.795731882], [629866.7036205647, 5219993.7134297965], [629866.9342272417, 5219993.652821216], [629867.1695590542, 5219993.614457463], [629867.4074753171, 5219993.598687511], [629867.6458118361, 5219993.605654812], [629867.8824005937, 5219993.635295987], [629868.1150894713, 5219993.687341408], [629868.341761825, 5219993.761317644], [629868.5603557403, 5219993.856551776], [629868.7688827873, 5219993.972177509], [629868.9654461093, 5219994.10714306], [629869.3636466183, 5219994.409479762], [629869.4119747942, 5219994.4425650025], [629869.4496377008, 5219994.397712469], [629908.2304139248, 5219943.320470846], [629908.2634991605, 5219943.272142676], [629908.2186466254, 5219943.234479767], [629906.0863533692, 5219941.615520228], [629906.0380252057, 5219941.582434997], [629905.9608967175, 5219941.674286857], [629905.9606266448, 5219941.674060076], [629905.8475881651, 5219941.8087185845], [629905.6727869796, 5219941.97978203], [629905.482107022, 5219942.132946354], [629905.2773732722, 5219942.266745638], [629905.0605452175, 5219942.379899301], [629904.8336980984, 5219942.471324358], [629904.5990030473, 5219942.540145791], [629904.3587063083, 5219942.585704915], [629904.1151077386, 5219942.60756569], [629903.870538797, 5219942.605518886], [629903.6273402296, 5219942.579584094], [629903.3878396668, 5219942.530009534], [629903.1543293458, 5219942.457269679], [629902.9290441716, 5219942.362060714], [629902.7141403274, 5219942.245293876], [629902.5116746373, 5219942.10808673], [629901.8599195328, 5219941.618227709], [629901.8114306363, 5219941.585378486], [629901.7739868468, 5219941.63041411], [629863.3827331344, 5219992.709795024], [629863.2894331665, 5219992.847515554], [629863.1463985747, 5219993.038365867], [629862.9858284062, 5219993.214717668], [629862.9006391929, 5219993.291999637], [629863.0357705813, 5219993.276581489], [629863.288353329, 5219993.273418451], [629863.5399659202, 5219993.295760186]]], [[[629736.1615769324, 5220006.756196655], [629736.2848442937, 5220006.681458262], [629736.4147167283, 5220006.618897726], [629736.5499947532, 5220006.569092848], [629736.6894289606, 5220006.532503619], [629736.8317315564, 5220006.509467971], [629736.9755882551, 5220006.500198658], [629737.1196704169, 5220006.50478129], [629737.2626473204, 5220006.523173543], [629737.4031984517, 5220006.555205548], [629737.7487709299, 5220006.651644379], [629746.8961940829, 5219994.511507614], [629746.929101677, 5219994.463058304], [629746.88411118, 5219994.425560312], [629744.745888828, 5219992.8144396935], [629744.6974395186, 5219992.7815320995], [629744.6599415176, 5219992.826522608], [629728.1782852105, 5220014.700394446], [629735.9393398282, 5220006.939339829], [629736.0460531234, 5220006.842422634], [629736.1615769324, 5220006.756196655]]], [[[629698.5169585233, 5220100.169732921], [629698.7069680339, 5220100.125145343], [629698.9379843503, 5220100.093255916], [629699.1509770498, 5220100.083908872], [629698.008886547, 5220099.798386246], [629698.4511784238, 5220100.138481894], [629698.5005211888, 5220100.172706578], [629698.5169585233, 5220100.169732921]]], [[[629701.1332654309, 5220100.944018712], [629701.1824455456, 5220100.978167448], [629701.2014841009, 5220100.972761985], [629701.4528015284, 5220100.915227042], [629701.7087080869, 5220100.88388135], [629701.9664821295, 5220100.879058282], [629702.2233821481, 5220100.900809132], [629702.4766759301, 5220100.9489025725], [629702.7236696163, 5220101.022827116], [629702.961736351, 5220101.121796549], [629703.1883442196, 5220101.244758303], [629703.4010831759, 5220101.390404641], [629703.9766038781, 5220101.829663198], [629704.0259235689, 5220101.863610028], [629704.0834912737, 5220101.847009968], [629704.1851305194, 5220101.811990968], [629704.4139882085, 5220101.756572172], [629704.6470447775, 5220101.722931119], [629704.8822326573, 5220101.711366257], [629705.1174653706, 5220101.721980182], [629705.3506560426, 5220101.754678735], [629705.5797359142, 5220101.809171828], [629705.802672696, 5220101.884976025], [629706.0174885965, 5220101.981418825], [629706.2222778694, 5220102.097644633], [629706.4152237196, 5220102.232622349], [629706.969518407, 5220102.66063619], [629707.0184942959, 5220102.694753989], [629707.0933537178, 5220102.665435], [629707.1841688456, 5220102.624862978], [629707.4278080467, 5220102.544792859], [629707.6783683639, 5220102.490104544], [629707.9332130497, 5220102.461373542], [629708.1896602699, 5220102.458902202], [629708.4450113266, 5220102.482716528], [629708.696579057, 5220102.532565914], [629708.941716112, 5220102.607925775], [629709.1778428147, 5220102.708003068], [629709.4024743083, 5220102.831744639], [629709.6132467045, 5220102.977848305], [629709.8595955785, 5220103.168036254], [629709.909011331, 5220103.20245355], [629710.0302251397, 5220103.192874659], [629710.0302767311, 5220103.19352751], [629710.0468997807, 5220103.191439915], [629710.3072514407, 5220103.186044612], [629710.5667519296, 5220103.20776079], [629710.822585684, 5220103.256352829], [629711.0719769242, 5220103.331293508], [629711.3122197712, 5220103.431769728], [629711.5407076058, 5220103.556691325], [629711.7549613499, 5220103.70470291], [629712.7377529248, 5220104.462184116], [629712.7871963191, 5220104.496561663], [629712.8393636212, 5220104.492396949], [629712.9956995196, 5220104.4725895235], [629713.2545847358, 5220104.466789534], [629713.5126811413, 5220104.487800022], [629713.767219663, 5220104.535395567], [629714.0154694003, 5220104.609065526], [629714.2547669237, 5220104.708019507], [629714.4825448504, 5220104.831195849], [629714.6963593895, 5220104.977273013], [629715.4497103492, 5220105.551367962], [629715.4989026495, 5220105.585172972], [629715.5637579842, 5220105.559294247], [629715.6431840938, 5220105.52280883], [629715.8660104565, 5220105.444947707], [629716.0951867345, 5220105.38844836], [629716.3286699973, 5220105.353814439], [629716.5643789213, 5220105.341354678], [629716.8002123426, 5220105.351180146], [629717.034067988, 5220105.383203258], [629717.263861214, 5220105.43713855], [629717.487543591, 5220105.512505231], [629717.7031211624, 5220105.608631467], [629717.9086722201, 5220105.724660366], [629718.1023644345, 5220105.859557617], [629718.4586350792, 5220106.133538269], [629718.5073476306, 5220106.167329663], [629718.5871824047, 5220106.115975544], [629718.6281823001, 5220106.086654712], [629718.8402600428, 5220105.964418866], [629719.0632753309, 5220105.863509241], [629719.2950901232, 5220105.784893256], [629719.5334820179, 5220105.729324599], [629719.7761655587, 5220105.697336005], [629720.0208141456, 5220105.689234149], [629720.2650823393, 5220105.705096702], [629720.5066283479, 5220105.744771591], [629720.7431364766, 5220105.807878454], [629720.9723393288, 5220105.893812288], [629721.1920395433, 5220106.001749245], [629721.4001308604, 5220106.130654539], [629721.5946183146, 5220106.279292358], [629721.7736373603, 5220106.446237716], [629721.935471747, 5220106.629890111], [629722.078569973, 5220106.828488875], [629722.1641903773, 5220106.975824228], [629722.184088721, 5220107.0064874105], [629722.2306046933, 5220107.045718782], [629724.3593953084, 5220108.669281219], [629724.4076518859, 5220108.702470786], [629724.4454116148, 5220108.657699716], [629725.8867413043, 5220106.767849935], [629700.3466817552, 5220100.382835048], [629700.4976453763, 5220100.468479763], [629700.6888784143, 5220100.601954102], [629701.1332654309, 5220100.944018712]]]]}}, {"type": "Feature", "properties": {"vineyard_id": "V17", "area_m2": 439.0}, "geometry": {"type": "MultiPolygon", "coordinates": [[[[629976.9325876911, 5219767.432709264], [629992.3325876911, 5219749.032709263], [629992.5989966162, 5219748.744412486], [629992.892380735, 5219748.483616579], [629993.2099145983, 5219748.2528331475], [629993.548540181, 5219748.0542847635], [629993.9049963341, 5219747.889883555], [629993.9722538488, 5219747.866548013], [629993.9678433059, 5219747.824160477], [629993.9656212162, 5219747.588645736], [629993.9855722229, 5219747.353967044], [629994.0101762561, 5219747.2180283405], [629994.0159258116, 5219747.17335654], [629993.9709361608, 5219747.1341316495], [629991.8690638312, 5219745.475868343], [629991.8213581708, 5219745.441891675], [629991.7828691351, 5219745.486037325], [629963.738894852, 5219781.032173648], [629963.7049181825, 5219781.079879309], [629963.749063842, 5219781.118368353], [629963.8362994526, 5219781.187192519], [629964.0210051434, 5219781.348211291], [629964.1890603348, 5219781.526538771], [629964.3388505346, 5219781.72046178], [629964.4689367205, 5219781.928117315], [629964.5780691653, 5219782.1475104485], [629964.6005833339, 5219782.2066892255], [629976.929196104, 5219767.436766996], [629976.9325876911, 5219767.432709264]]], [[[629958.2020034319, 5219789.515826792], [629957.977762387, 5219789.415099227], [629957.7644979914, 5219789.292835633], [629957.5642722587, 5219789.150218157], [629956.0791825638, 5219787.9782178905], [629956.031481759, 5219787.944234385], [629955.9929863996, 5219787.988374528], [629938.0179444664, 5219810.765288739], [629937.8599915965, 5219810.946751957], [629937.6853278535, 5219811.112192537], [629937.4955707078, 5219811.260078418], [629937.2924774017, 5219811.389040108], [629937.0779286771, 5219811.497883358], [629936.8539113584, 5219811.585600228], [629936.6224999537, 5219811.651378417], [629936.3858374442, 5219811.694608789], [629936.1461154385, 5219811.714891007], [629935.9055538778, 5219811.71203725], [629935.6663804781, 5219811.686073945], [629935.4308100999, 5219811.637241524], [629935.2010242386, 5219811.565992199], [629934.9791508217, 5219811.472985773], [629934.7672445038, 5219811.3590835305], [629934.5672676396, 5219811.225340261], [629934.3810721108, 5219811.072994491], [629934.2103821781, 5219810.903457017], [629934.056778512, 5219810.718297836], [629933.9216835565, 5219810.519231613], [629933.8063483561, 5219810.308101795], [629933.71184097, 5219810.086863547], [629933.6390365823, 5219809.857565641], [629933.5886093966, 5219809.622331487], [629933.5651659815, 5219809.419206794], [629933.5624569604, 5219809.402932328], [629933.5171286344, 5219809.363286293], [629931.4178713737, 5219807.701713713], [629931.370219292, 5219807.667661925], [629931.3316607497, 5219807.711746891], [629912.5403381957, 5219831.453003093], [629912.5062864082, 5219831.500655173], [629912.5503713659, 5219831.539213707], [629914.6496286265, 5219833.200786287], [629914.6984864793, 5219833.2356997095], [629914.7501835753, 5219833.227094295], [629914.9988305138, 5219833.198406985], [629915.2490997991, 5219833.194726409], [629915.4984828015, 5219833.21608946], [629915.744479775, 5219833.262282001], [629915.9846249144, 5219833.33284101], [629916.2165110717, 5219833.427059224], [629916.4378138845, 5219833.543992226], [629916.646315075, 5219833.68246791], [629916.8399246851, 5219833.841098238], [629917.0167020261, 5219834.01829314], [629917.174875131, 5219834.212276466], [629917.3128585166, 5219834.42110378], [629917.4292690757, 5219834.642681856], [629917.5229399415, 5219834.874789655], [629917.5929321831, 5219835.115100595], [629917.6385442178, 5219835.361205866], [629917.6593188432, 5219835.610638576], [629917.6550478202, 5219835.860898481], [629917.6257739605, 5219836.109477046], [629917.5717906969, 5219836.353882588], [629917.493639143, 5219836.591665254], [629917.3921026677, 5219836.820441578], [629917.2681990449, 5219837.037918367], [629917.1231702496, 5219837.241915696], [629915.6690259266, 5219839.084521717], [629915.6350424178, 5219839.132222528], [629915.6791825658, 5219839.170717891], [629916.5068697286, 5219839.823910476], [629958.4344480585, 5219789.593841387], [629958.2020034319, 5219789.515826792]]]]}}, {"type": "Feature", "properties": {"vineyard_id": "V18", "area_m2": 105.6}, "geometry": {"type": "Polygon", "coordinates": [[[630002.9063447624, 5219787.994659679], [630005.0486552331, 5219789.600340317], [630005.0971880272, 5219789.63312466], [630005.1345715473, 5219789.588038994], [630006.2585697625, 5219788.088392621], [630006.4120839911, 5219787.902905042], [630006.5827297862, 5219787.733045475], [630006.7689243119, 5219787.58038946], [630006.9689405094, 5219787.446352969], [630007.1809231162, 5219787.332179265], [630007.4029058745, 5219787.238927374], [630007.6328297696, 5219787.1674622595], [630007.8685621283, 5219787.1184468], [630008.1079164004, 5219787.092335641], [630008.3486724409, 5219787.08937098], [630008.5885971019, 5219787.109580315], [630008.8254649477, 5219787.152776192], [630009.057078896, 5219787.218557945], [630009.2812905972, 5219787.306315414], [630009.4960203619, 5219787.4152345965], [630009.699276451, 5219787.544305206], [630009.8891735502, 5219787.692330042], [630010.0639502568, 5219787.85793609], [630010.1355453242, 5219787.932638666], [630010.1819802022, 5219787.972426695], [630012.298019795, 5219789.612573301], [630012.3460155702, 5219789.646138921], [630012.3841239673, 5219789.601664268], [630013.7503213275, 5219787.8390610395], [630013.911913236, 5219787.650691461], [630014.0913859203, 5219787.479272096], [630014.2869706398, 5219787.326492318], [630014.496739867, 5219787.193857804], [630014.7186262825, 5219787.082675694], [630014.9504431498, 5219786.99404171], [630015.1899058658, 5219786.92882936], [630015.4346544759, 5219786.887681323], [630015.6822769318, 5219786.871003123], [630015.9303328631, 5219786.878959127], [630016.1763776272, 5219786.911470926], [630016.417986402, 5219786.9682181105], [630016.6527780831, 5219787.048641426], [630016.8784387499, 5219787.151948282], [630017.09274447, 5219787.277120568], [630017.2935832159, 5219787.422924687], [630017.4789756804, 5219787.587923709], [630017.6470947823, 5219787.770491534], [630017.7962836733, 5219787.9688289175], [630017.9250720657, 5219788.180981205], [630018.0321907233, 5219788.404857591], [630018.055360115, 5219788.460178851], [630018.1127230709, 5219788.477334359], [630020.7122769413, 5219789.117665643], [630020.7697642177, 5219789.1288664015], [630020.7865457828, 5219789.072753799], [630021.2596887737, 5219787.151934493], [630021.2708895343, 5219787.094447206], [630021.21477693, 5219787.07766564], [630018.9291167189, 5219786.51465375], [630018.6975911219, 5219786.445600084], [630018.4738123654, 5219786.354520014], [630018.2598704542, 5219786.242264192], [630018.0577635205, 5219786.1098810425], [630017.8693791624, 5219785.958606971], [630017.696476815, 5219785.789854818], [630017.5406713174, 5219785.605200661], [630017.4034178306, 5219785.406369096], [630017.2859982477, 5219785.195217131], [630017.1895092209, 5219784.97371684], [630017.1148519191, 5219784.743936949], [630017.062723612, 5219784.508023511], [630017.033611157, 5219784.268179862], [630017.027786453, 5219784.026646047], [630017.0453039004, 5219783.785677896], [630017.085999893, 5219783.547525954], [630017.0906964055, 5219783.526283176], [630017.0455197978, 5219783.487573304], [630014.929480205, 5219781.847426698], [630014.8794908327, 5219781.812466865], [630014.8171889543, 5219781.785096414], [630014.5937020737, 5219781.673271791], [630014.3824958731, 5219781.539693825], [630014.1856807633, 5219781.385697252], [630014.0052233563, 5219781.212820833], [630013.8429268153, 5219781.022791979], [630013.7004128367, 5219780.817509496], [630013.5791054461, 5219780.599024601], [630013.4802167688, 5219780.369520436], [630013.4047349184, 5219780.131290249], [630013.3534141233, 5219779.886714477], [630013.32676719, 5219779.638236967], [630013.3250603797, 5219779.3883405505], [630013.3483107471, 5219779.139522238], [630013.3962859701, 5219778.894268267], [630013.4685066718, 5219778.655029261], [630013.56425121, 5219778.424195737], [630013.6825628877, 5219778.204074227], [630013.8222595132, 5219777.996864225], [630014.598456555, 5219776.961256638], [630014.6312409008, 5219776.912723838], [630014.5861552376, 5219776.87534032], [630012.4438447669, 5219775.269659682], [630012.3953119728, 5219775.236875339], [630012.3579284529, 5219775.281961005], [630002.894043446, 5219787.908743359], [630002.8612590992, 5219787.957276161], [630002.9063447624, 5219787.994659679]]]}}, {"type": "Feature", "properties": {"vineyard_id": "V19", "area_m2": 722.9}, "geometry": {"type": "Polygon", "coordinates": [[[630020.0919518073, 5219774.794262266], [630020.2389928666, 5219774.940047165], [630020.3955052292, 5219775.12911468], [630020.532723495, 5219775.332618469], [630020.6493250414, 5219775.548596996], [630020.7441859667, 5219775.774968482], [630020.8163919231, 5219776.009550972], [630020.8652469304, 5219776.250083367], [630020.880450104, 5219776.3983693365], [630021.8424690269, 5219778.355483719], [630021.8482411712, 5219778.367358189], [630023.0709908666, 5219780.911215102], [630023.1437120667, 5219780.921820678], [630023.3884686796, 5219780.983222742], [630023.6257886757, 5219781.068985393], [630023.8532542002, 5219781.17823487], [630024.0685477976, 5219781.309858119], [630024.2694760219, 5219781.462514143], [630024.4539917837, 5219781.634647657], [630024.6202152065, 5219781.824504937], [630024.7664527791, 5219782.030151686], [630024.8912146095, 5219782.249492741], [630024.9932296039, 5219782.480293421], [630025.071458417, 5219782.720202291], [630025.125104041, 5219782.96677512], [630025.1536199255, 5219783.217499784], [630025.1567155462, 5219783.46982186], [630025.1343593643, 5219783.72117065], [630025.0867791483, 5219783.968985371], [630024.9024787006, 5219784.721514959], [630026.8121960277, 5219788.6945665525], [630037.9927141775, 5219743.042638872], [630038.0038381773, 5219742.985136686], [630037.947703211, 5219742.968430049], [630037.7958923712, 5219742.931250373], [630037.5613850468, 5219742.861491877], [630037.3348194781, 5219742.769144836], [630037.118365617, 5219742.655093711], [630036.9140965698, 5219742.520430839], [630036.7239687413, 5219742.366445963], [630036.5498030977, 5219742.19461389], [630036.3932677264, 5219742.006580354], [630036.2558618586, 5219741.804146265], [630036.1389015112, 5219741.589250453], [630036.0435068826, 5219741.363951101], [630035.9705916232, 5219741.130406035], [630035.9208540856, 5219740.890852053], [630035.8947706353, 5219740.647583504], [630035.8925910889, 5219740.4029303165], [630035.9143363213, 5219740.159235676], [630035.9597980656, 5219739.91883359], [630036.4169010055, 5219738.016812809], [630036.4277760194, 5219737.959263011], [630036.3715692769, 5219737.942799496], [630033.7684307299, 5219737.317200505], [630033.7092577947, 5219737.306018772], [630033.6326494487, 5219737.347915733], [630033.4243325061, 5219737.449594766], [630033.2074932347, 5219737.5315417275], [630032.9839959167, 5219737.593052076], [630032.7557620775, 5219737.633596976], [630032.524753965, 5219737.652827839], [630032.2929576786, 5219737.65057933], [630032.0623660942, 5219737.626870777], [630031.8349617306, 5219737.581906018], [630030.7202470563, 5219737.307236997], [630030.6605201258, 5219737.295595223], [630030.5680833817, 5219737.305058598], [630030.3226703388, 5219737.318040831], [630030.077168412, 5219737.306864789], [630029.8339499786, 5219737.271638469], [630029.5953653498, 5219737.212702275], [630029.3637200586, 5219737.130625731], [630029.1412525806, 5219737.026201973], [630028.9301127024, 5219736.900440088], [630028.7323407485, 5219736.754555358], [630028.5498478634, 5219736.589957524], [630028.3843975443, 5219736.408237156], [630028.2375886001, 5219736.211150288], [630028.1108397009, 5219736.000601442], [630028.0053756686, 5219735.778625231], [630027.9222156423, 5219735.547366696], [630027.8867510686, 5219735.431085525], [630027.8300224689, 5219735.414167193], [630025.229977534, 5219734.775832807], [630025.1724816608, 5219734.764676206], [630025.1557432013, 5219734.82080168], [630024.9674339484, 5219735.5878174165], [630024.8975171761, 5219735.822357052], [630024.8050025492, 5219736.048936485], [630024.6907766865, 5219736.26538428], [630024.5559342776, 5219736.469626099], [630024.4017675914, 5219736.659704579], [630024.2297540923, 5219736.833798094], [630024.0415422805, 5219736.990238208], [630023.8389358936, 5219737.127525672], [630023.6238766203, 5219737.244344783], [630023.3984254921, 5219737.339575999], [630023.1647431316, 5219737.412306667], [630022.9250690455, 5219737.461839769], [630022.6817001629, 5219737.487700602], [630022.4369688219, 5219737.4896413265], [630022.1932204178, 5219737.467643345], [630021.9527909261, 5219737.421917475], [630021.451261402, 5219737.300827706], [630021.3919391955, 5219737.289552942], [630021.3024010232, 5219737.3275388535], [630021.2741601649, 5219737.3412585445], [630021.0533240008, 5219737.423849411], [630020.8256894562, 5219737.485269088], [630020.5932811986, 5219737.524971287], [630020.3581663552, 5219737.542602878], [630020.122436126, 5219737.538007042], [630019.8881871849, 5219737.511224655], [630019.6575030305, 5219737.46249393], [630018.984778745, 5219737.286875757], [630018.9274519838, 5219737.27488043], [630018.9098954137, 5219737.330755391], [630014.6608991026, 5219753.606992428], [630014.6489037756, 5219753.664319185], [630014.7047787419, 5219753.681875756], [630014.8965910695, 5219753.731949361], [630015.1279423033, 5219753.804496114], [630015.3511779404, 5219753.899112578], [630015.5641982649, 5219754.014908804], [630015.7649996441, 5219754.150795635], [630015.9516933751, 5219754.305494942], [630016.1225234487, 5219754.477551649], [630016.2758830664, 5219754.6653474225], [630016.4103297542, 5219754.867115886], [630016.5245989297, 5219755.080959241], [630016.6176157966, 5219755.304866112], [630016.6885054543, 5219755.536730472], [630016.736601127, 5219755.774371442], [630016.7614504348, 5219756.015553814], [630016.7628196495, 5219756.258009068], [630016.7406958926, 5219756.499456711], [630016.6952872564, 5219756.737625727], [630014.7941151189, 5219764.611899219], [630015.4373093569, 5219765.408620587], [630015.470410386, 5219765.454635376], [630017.3012386034, 5219765.8966722945], [630017.3613128887, 5219765.908089999], [630017.3705478609, 5219765.908920092], [630017.5902052557, 5219765.917572732], [630017.8274351662, 5219765.949836639], [630018.0604910281, 5219766.00464499], [630018.2872354772, 5219766.081495136], [630018.5055890314, 5219766.179682282], [630018.7135491618, 5219766.298305948], [630018.9092086579, 5219766.436278234], [630019.0907731194, 5219766.59233379], [630019.2565774112, 5219766.765041424], [630019.405100936, 5219766.952817229], [630019.5349815787, 5219767.153939104], [630019.6450281991, 5219767.366562554], [630019.7342315553, 5219767.5887376005], [630019.8017735599, 5219767.818426669], [630019.8470347826, 5219768.0535232695], [630019.8696001311, 5219768.291871324], [630019.8692626575, 5219768.531284933], [630019.846025457, 5219768.769568426], [630019.8001016388, 5219769.004536494], [630018.9489425936, 5219772.468944418], [630020.0919518073, 5219774.794262266]]]}}, {"type": "Feature", "properties": {"vineyard_id": "V20", "area_m2": 167.3}, "geometry": {"type": "Polygon", "coordinates": [[[630055.2079703847, 5219738.391988955], [630061.4627699025, 5219748.835490211], [630061.5797955767, 5219749.054966011], [630061.6744333676, 5219749.284984106], [630061.7457465177, 5219749.523267698], [630061.7930291452, 5219749.767458173], [630061.8158132306, 5219750.015138453], [630061.8138732491, 5219750.263856912], [630061.7872284035, 5219750.511151651], [630061.7361424332, 5219750.75457486], [630061.6611210051, 5219750.991717055], [630061.5629067065, 5219751.220230921], [630061.4424716962, 5219751.43785455], [630061.3010080812, 5219751.642433828], [630061.1399161166, 5219751.831943761], [630060.9607903457, 5219752.004508512], [630060.7654038166, 5219752.158419979], [630060.5556905321, 5219752.292154693], [630060.0194288945, 5219752.597715426], [630059.9700257081, 5219752.629172847], [630059.9964892947, 5219752.681421512], [630065.9257228099, 5219763.087275824], [630065.9571802313, 5219763.136679011], [630066.009428903, 5219763.110215422], [630068.335571098, 5219761.784784578], [630068.3849742917, 5219761.753327153], [630068.3609912177, 5219761.705975914], [630068.2606276762, 5219761.480950065], [630068.1829025423, 5219761.247137583], [630068.1285708004, 5219761.006809609], [630068.0981602027, 5219760.762300573], [630068.0919661431, 5219760.515985517], [630068.1100487877, 5219760.270257026], [630068.1522324902, 5219760.027501988], [630068.2181074988, 5219759.790078408], [630068.3070339356, 5219759.560292503], [630068.4181480119, 5219759.340376303], [630068.5503704199, 5219759.132465966], [630068.7024168146, 5219758.938581034], [630068.8728102915, 5219758.760604809], [630069.0598957305, 5219758.600266069], [630069.2618558744, 5219758.459122265], [630069.4767289802, 5219758.338544399], [630069.7024278744, 5219758.239703707], [630069.9367602275, 5219758.16356028], [630070.1774498484, 5219758.110853737], [630070.3020763545, 5219758.089937724], [630070.3536693302, 5219758.063880575], [630072.6813306742, 5219756.741119423], [630072.7307699282, 5219756.709718699], [630072.7043663029, 5219756.657439702], [630068.4171883494, 5219749.113297374], [630068.4184424307, 5219749.112584705], [630068.388500644, 5219749.059901874], [630068.3871240901, 5219749.060684309], [630063.7224510929, 5219740.854039164], [630063.6910457788, 5219740.804602832], [630063.6387692231, 5219740.831011319], [630062.998309434, 5219741.195049903], [630062.7825750654, 5219741.304224872], [630062.5573032107, 5219741.392049031], [630062.3246009907, 5219741.4577009035], [630062.0866450273, 5219741.500566402], [630061.8456610839, 5219741.520244577], [630061.603903247, 5219741.516551364], [630061.3636328417, 5219741.48952131], [630061.1270972801, 5219741.439407244], [630060.8965090399, 5219741.366677917], [630060.6740249693, 5219741.272013616], [630060.461726113, 5219741.156299801], [630060.261598246, 5219741.020618821], [630060.0755133004, 5219740.866239792], [630059.9052118546, 5219740.694606726], [630059.7522868537, 5219740.507325025], [630059.6181687092, 5219740.306146461], [630057.6100966143, 5219736.953312627], [630057.5775742686, 5219736.904603886], [630057.5259123289, 5219736.932195336], [630055.2290876759, 5219738.307804662], [630055.1803789329, 5219738.340327009], [630055.2079703847, 5219738.391988955]]]}}, {"type": "Feature", "properties": {"vineyard_id": "V21", "area_m2": 1980.7}, "geometry": {"type": "Polygon", "coordinates": [[[629833.3864887219, 5219687.001586546], [629833.2608457154, 5219686.917764348], [629833.1442691378, 5219686.8217319185], [629833.0379409367, 5219686.714462913], [629832.9429391541, 5219686.59704491], [629832.5788230005, 5219686.09753698], [629832.4202600303, 5219686.096645145], [629832.1823691735, 5219686.072462188], [629831.9478768398, 5219686.025662395], [629831.7189282352, 5219685.956673906], [629831.4976178507, 5219685.866127847], [629831.2859702996, 5219685.754852561], [629831.0859217974, 5219685.623866027], [629830.8993024479, 5219685.474366551], [629830.7278195008, 5219685.307721796], [629830.5730417337, 5219685.125456282], [629820.7817015653, 5219672.409492714], [629820.7437353563, 5219672.364896619], [629820.6956326616, 5219672.398308829], [629818.574367336, 5219674.031691174], [629818.5297712409, 5219674.069657383], [629818.5631834499, 5219674.117760074], [629819.4336694585, 5219675.248255816], [629819.5726521462, 5219675.448187907], [629819.6915258695, 5219675.660692181], [629819.7891629633, 5219675.883752772], [629819.8646372182, 5219676.115253668], [629819.9172326669, 5219676.3529988], [629819.9464503762, 5219676.594732856], [629819.9520131797, 5219676.8381626895], [629819.9338683073, 5219677.080979065], [629819.8921878857, 5219677.320878567], [629819.8273673055, 5219677.5555854505], [629819.7400214708, 5219677.782873228], [629819.6309789654, 5219678.000585793], [629819.501274193, 5219678.206657869], [629818.1170438874, 5219680.185142225], [629817.9713303447, 5219680.373611118], [629817.8083392853, 5219680.547354822], [629817.6295507454, 5219680.704795663], [629817.4365882097, 5219680.8445040025], [629817.2312038692, 5219680.965211223], [629817.0152627113, 5219681.065821245], [629816.7907255838, 5219681.145420482], [629816.5596313901, 5219681.203286137], [629816.3240785751, 5219681.238892761], [629816.0862060699, 5219681.251917029], [629815.8481738695, 5219681.242240674], [629815.612143419, 5219681.209951562], [629815.4056529125, 5219681.161323361], [629815.3945500397, 5219681.159294105], [629815.3451457387, 5219681.193429901], [629813.2198542625, 5219682.821570099], [629813.1746173026, 5219682.859889671], [629813.1812202613, 5219682.880495691], [629813.2503453508, 5219683.064477464], [629813.3135345457, 5219683.300446637], [629813.3533922838, 5219683.5414563585], [629813.3695380075, 5219683.785205493], [629813.3618175593, 5219684.029366749], [629813.3303046533, 5219684.271608904], [629813.2753001711, 5219684.509619055], [629813.1973292897, 5219684.741124706], [629813.0971364668, 5219684.963915466], [629812.9756783323, 5219685.1758641545], [629812.8341145555, 5219685.374947107], [629812.6737967721, 5219685.559263501], [629812.496255679, 5219685.727053504], [629812.3031864193, 5219685.876715075], [629812.0964323975, 5219686.006819261], [629811.8779676785, 5219686.116123842], [629811.6498781401, 5219686.20358519], [629811.4143415564, 5219686.268368232], [629811.1736068052, 5219686.309854427], [629810.929972396, 5219686.32764767], [629810.6857645239, 5219686.321578073], [629810.4433148592, 5219686.291703587], [629810.204938285, 5219686.238309452], [629810.1107116813, 5219686.207281715], [629810.0430761789, 5219686.18864987], [629810.0066567336, 5219686.235430156], [629781.7022154145, 5219726.524994382], [629781.6709396022, 5219726.574512752], [629781.7171539648, 5219726.610491613], [629782.7993037526, 5219727.370729301], [629783.9814706154, 5219728.149820102], [629783.9933432639, 5219728.134569846], [629784.0198391919, 5219728.096854585], [629784.1741845476, 5219727.899054361], [629784.3475783408, 5219727.717720386], [629784.5382742209, 5219727.554678983], [629784.744351578, 5219727.411572237], [629784.9637348859, 5219727.28984146], [629785.1942146067, 5219727.1907126745], [629785.4334694437, 5219727.115184264], [629785.6790897213, 5219727.0640169205], [629785.9286016533, 5219727.037725979], [629786.1794922587, 5219727.036576233], [629786.429234671, 5219727.06057926], [629786.6753135878, 5219727.109493312], [629786.9152506038, 5219727.182825748], [629787.1466291727, 5219727.279837993], [629787.367118945, 5219727.3995529795], [629787.5744992389, 5219727.540764989], [629787.7666814057, 5219727.702051791], [629787.941729866, 5219727.881788973], [629788.0978816041, 5219728.078166294], [629788.2335639242, 5219728.289205926], [629788.3474102899, 5219728.512782361], [629788.3499733605, 5219728.5185097065], [629788.3978341343, 5219728.555588572], [629788.9167658124, 5219728.918318262], [629789.1104661636, 5219729.0683625], [629789.2885485794, 5219729.236647235], [629789.4493025258, 5219729.421556044], [629789.5911839136, 5219729.621312824], [629789.7128299302, 5219729.833998851], [629789.8130721294, 5219730.057571212], [629789.8909476554, 5219730.289882429], [629789.9457084906, 5219730.528701084], [629789.976828641, 5219730.771733253], [629789.9840091885, 5219731.016644541], [629789.9671811616, 5219731.261082501], [629789.9265061986, 5219731.502699236], [629789.8623749944, 5219731.739173945], [629789.7754045669, 5219731.968232536], [629796.2128429436, 5219736.210737704], [629796.3288544707, 5219736.295429809], [629796.4362334986, 5219736.390829869], [629799.4418637854, 5219739.330416282], [629799.4541295785, 5219739.339956586], [629799.6448141818, 5219739.523767745], [629799.668759796, 5219739.552326619], [629801.4717627845, 5219741.315711527], [629802.4303625476, 5219741.979817743], [629802.4817614338, 5219742.011812281], [629802.5435319028, 5219742.0158893475], [629802.7691509859, 5219742.041111451], [629802.9915517421, 5219742.086696851], [629803.2089001616, 5219742.152269633], [629803.4194038977, 5219742.237289054], [629803.6213270485, 5219742.341054011], [629803.8130044709, 5219742.462708813], [629805.3339719959, 5219743.527903165], [629805.383536122, 5219743.559106411], [629805.4194472465, 5219743.512839407], [629808.9859599911, 5219738.42029451], [629809.0014018564, 5219738.39849424], [629809.0581199443, 5219738.31932195], [629809.2095085421, 5219738.128390214], [629809.37876543, 5219737.95310319], [629809.5642827097, 5219737.795126059], [629809.764298014, 5219737.655959564], [629809.9769112474, 5219737.536925754], [629810.2001026373, 5219737.4391554175], [629810.4317519215, 5219737.363577351], [629810.6696584899, 5219737.3109095255], [629810.9115622895, 5219737.281652273], [629811.1551652948, 5219737.276083529], [629811.3981533382, 5219737.294256195], [629811.6382180942, 5219737.335997638], [629811.8730790078, 5219737.400911322], [629812.1005049591, 5219737.488380584], [629812.3183354584, 5219737.597574488], [629812.5245011704, 5219737.727455719], [629813.4389917399, 5219738.367874974], [629813.4885566673, 5219738.399076946], [629813.5244666013, 5219738.352809019], [629843.0540577015, 5219696.185849836], [629843.0852596706, 5219696.136284912], [629843.038991735, 5219696.100374971], [629840.8460082614, 5219694.564625026], [629840.7946404772, 5219694.532288125], [629840.6782005114, 5219694.512403254], [629840.4407168287, 5219694.459843821], [629840.209464693, 5219694.384455206], [629839.9866330812, 5219694.286951019], [629839.7743312635, 5219694.168254213], [629839.5745688381, 5219694.029488343], [629839.4397232637, 5219693.925739723], [629837.5394084844, 5219692.606866353], [629837.3673187721, 5219692.4760556845], [629837.2071723276, 5219692.330868163], [629837.0601664388, 5219692.172389241], [629836.9623855087, 5219692.04675487], [629836.9461811188, 5219692.028140588], [629836.8979217124, 5219691.990828996], [629836.3257386369, 5219691.591716395], [629836.1314311422, 5219691.441470727], [629835.9528049523, 5219691.2728829235], [629835.7915842863, 5219691.087580306], [629835.6493253533, 5219690.88735154], [629835.5274013315, 5219690.674129364], [629835.4269891126, 5219690.449971943], [629835.3490579423, 5219690.217042993], [629835.2943600642, 5219689.977590899], [629835.2634234586, 5219689.733927012], [629835.2565467461, 5219689.48840334], [629835.2737963056, 5219689.243389838], [629835.3150056327, 5219689.001251542], [629835.3797769474, 5219688.764325731], [629835.4674850341, 5219688.534899371], [629835.5772832757, 5219688.315187038], [629835.5802206716, 5219688.3105197195], [629833.3864887219, 5219687.001586546]]]}}, {"type": "Feature", "properties": {"vineyard_id": "V22", "area_m2": 2206.9}, "geometry": {"type": "Polygon", "coordinates": [[[630241.7560753926, 5219657.132466318], [630241.7170542981, 5219657.015667236], [630241.6625009888, 5219656.776510461], [630241.6453944381, 5219656.641582802], [630240.8954903741, 5219653.315666921], [630240.8090272206, 5219653.122327635], [630240.7312859717, 5219652.889549484], [630240.6767428254, 5219652.650270537], [630240.6459233974, 5219652.406796653], [630240.6396675141, 5219652.181061372], [630239.9737766528, 5219649.227754281], [630239.9113928191, 5219649.118251751], [630239.8113463932, 5219648.893958885], [630239.7337901503, 5219648.660931836], [630239.6794725585, 5219648.421419464], [630239.6489178184, 5219648.177733222], [630239.6424208031, 5219647.93222484], [630239.6519149519, 5219647.800258427], [630238.930586026, 5219644.601076766], [630238.8786424483, 5219644.445010681], [630238.8243916123, 5219644.206046134], [630238.8027607428, 5219644.034156063], [630237.5509570773, 5219638.482254307], [630236.7483989075, 5219635.468582245], [630236.7303292039, 5219635.49725211], [630236.5827286004, 5219635.687884065], [630236.4174516276, 5219635.863411848], [630236.2360354004, 5219636.02220301], [630236.0401671329, 5219636.162780754], [630235.8316684462, 5219636.283837675], [630235.6124784276, 5219636.384247914], [630235.3846355962, 5219636.463077634], [630235.1502589441, 5219636.519593696], [630234.91152823, 5219636.553270492], [630234.6706637058, 5219636.563794816], [630234.4299054687, 5219636.551068791], [630234.1914926275, 5219636.515210772], [630233.9576424778, 5219636.456554247], [630233.7305298817, 5219636.375644735], [630233.5122670399, 5219636.273234715], [630233.3048838486, 5219636.150276623], [630233.1103090206, 5219636.007913998], [630233.0242823719, 5219635.938362166], [630232.9731907533, 5219635.904762616], [630230.6668092464, 5219634.545237385], [630230.6149557534, 5219634.518007629], [630230.5827745816, 5219634.566942456], [630219.5971724355, 5219653.203587838], [630219.5909654849, 5219653.214734183], [630218.6094794052, 5219654.8797641825], [630218.5825455709, 5219654.931111784], [630218.6314952598, 5219654.963270336], [630220.9385047473, 5219656.3217296675], [630220.9923922442, 5219656.349995777], [630221.0670180543, 5219656.3642365085], [630221.1646948095, 5219656.378026253], [630221.4067686311, 5219656.437260114], [630221.6417422075, 5219656.52030109], [630221.8672805259, 5219656.626323976], [630222.0811423348, 5219656.754275186], [630222.2812024168, 5219656.902883224], [630222.465472706, 5219657.070671322], [630222.632122046, 5219657.2559721125], [630222.779494385, 5219657.456944197], [630222.906125234, 5219657.671590449], [630223.0107562189, 5219657.897777855], [630223.0923475857, 5219658.1332587125], [630223.1500885334, 5219658.375692968], [630223.1834052702, 5219658.62267147], [630223.1919667165, 5219658.871739909], [630223.1756877942, 5219659.120423206], [630223.1347302726, 5219659.36625011], [630223.0695011604, 5219659.606777756], [630222.9806486617, 5219659.839615937], [630222.8690557341, 5219660.0624508625], [630219.6111801412, 5219665.830560778], [630219.58491397, 5219665.882908971], [630219.6344355706, 5219665.914179692], [630219.8322622658, 5219666.025913825], [630220.0394551337, 5219666.156729372], [630220.2328464969, 5219666.307199877], [630220.4105785114, 5219666.475879819], [630220.5709437671, 5219666.66114875], [630220.7124016904, 5219666.861226855], [630220.833593344, 5219667.074192052], [630220.9333544814, 5219667.297998457], [630221.0107267317, 5219667.530496042], [630221.0649668067, 5219667.769451281], [630221.0955536404, 5219668.012568614], [630221.1021933958, 5219668.257512497], [630221.0848222872, 5219668.501929837], [630221.0436071927, 5219668.743472604], [630220.9789440514, 5219668.979820378], [630220.8914540599, 5219669.208702647], [630220.7819777043, 5219669.42792062], [630219.6097347123, 5219671.512881847], [630219.5826884358, 5219671.567048197], [630219.5857110923, 5219671.675861033], [630219.578691483, 5219671.944915897], [630219.5427884884, 5219672.211656915], [630219.4784182375, 5219672.472992458], [630219.3863268052, 5219672.725893552], [630219.267581565, 5219672.96742898], [630212.543937692, 5219684.965675096], [630212.413635272, 5219685.173569609], [630212.2635818111, 5219685.367690212], [630212.0952225968, 5219685.54616717], [630211.9101792341, 5219685.707281425], [630211.7102340264, 5219685.849481155], [630211.4973128093, 5219685.971396719], [630211.2734664008, 5219686.071853848], [630211.0408508482, 5219686.149884958], [630210.8017066617, 5219686.204738466], [630210.5583372341, 5219686.2358860355], [630210.3130866549, 5219686.243027657], [630210.0683171324, 5219686.226094546], [630209.8263862418, 5219686.185249796], [630209.5896242168, 5219686.1208868185], [630209.3603115057, 5219686.033625545], [630209.1406568062, 5219685.92430646], [630208.8572984171, 5219685.765477937], [630208.8048649878, 5219685.739382338], [630208.7737556703, 5219685.789005471], [630180.1162632778, 5219736.91547033], [630180.1138010384, 5219736.914090191], [630180.1064675222, 5219736.92717829], [630180.1085526635, 5219736.928346213], [630178.2768743809, 5219740.198515294], [630179.0519162186, 5219741.936285918], [630180.1104029726, 5219742.529162662], [630180.1641713823, 5219742.555902024], [630180.2708975296, 5219742.520070625], [630180.285830881, 5219742.514224108], [630180.5211194428, 5219742.447754985], [630180.7617756099, 5219742.404587162], [630181.0054975983, 5219742.385133522], [630181.2499543008, 5219742.389580132], [630181.4928075828, 5219742.417884464], [630181.7317346459, 5219742.469775796], [630181.9644502443, 5219742.544757807], [630182.1887285426, 5219742.642113323], [630182.4024244052, 5219742.760911177], [630182.6034939128, 5219742.900015113], [630182.790013913, 5219743.058094653], [630182.9602004134, 5219743.23363783], [630183.0175351771, 5219743.2988788225], [630183.0692432551, 5219743.3309585685], [630183.2343292892, 5219743.422478585], [630183.442984802, 5219743.5519412765], [630183.637933011, 5219743.701249371], [630183.8172931272, 5219743.8689624015], [630183.9793347496, 5219744.053462331], [630184.1224945603, 5219744.252969174], [630184.2453914057, 5219744.465558159], [630184.3468396219, 5219744.6891783085], [630184.4258604739, 5219744.921672215], [630184.4816915973, 5219745.160796862], [630184.5137943539, 5219745.404245265], [630184.5218590281, 5219745.649668721], [630184.5058078149, 5219745.894699474], [630184.4657955703, 5219746.136973558], [630184.4022083181, 5219746.374153601], [630184.3156595246, 5219746.603951377], [630184.2069841812, 5219746.8241498815], [630183.2813466279, 5219748.488362347], [630183.2554238525, 5219748.540881434], [630183.3051491625, 5219748.571827151], [630184.195678306, 5219749.067140841], [630184.393220068, 5219749.189363102], [630184.5785646739, 5219749.329393121], [630184.7501119019, 5219749.48602191], [630184.9063806536, 5219749.657897173], [630185.0460217413, 5219749.843534981], [630185.167829537, 5219750.041332579], [630185.2707523805, 5219750.249582231], [630185.3539016604, 5219750.466485957], [630185.3750613105, 5219750.542024783], [630185.3979422984, 5219750.609972849], [630185.4490038409, 5219750.641897542], [630185.6134829804, 5219750.73382915], [630185.8214937848, 5219750.863880583], [630186.0157567967, 5219751.013692972], [630186.1944014386, 5219751.18182376], [630186.3557075234, 5219751.366653998], [630186.498121819, 5219751.566403938], [630186.6202730038, 5219751.7791501675], [630186.7209848721, 5219752.002844132], [630186.7992876593, 5219752.2353318585], [630186.85442738, 5219752.474374702], [630186.8858730885, 5219752.717670895], [630186.8933219909, 5219752.962877713], [630186.8767023608, 5219753.207634036], [630186.8361742304, 5219753.449583082], [630186.7721278493, 5219753.686395098], [630186.6851799262, 5219753.915789799], [630186.5761676911, 5219754.135558319], [630186.1302877746, 5219754.9335242845], [630186.1042621117, 5219754.985992473], [630186.1539266887, 5219755.017035596], [630188.4910733072, 5219756.322964401], [630188.5435414982, 5219756.348990066], [630188.5745846211, 5219756.2993254885], [630190.2458822998, 5219753.3082989445], [630190.3761318479, 5219753.099952655], [630190.5262046286, 5219752.905398597], [630190.6946509843, 5219752.726516104], [630190.8798437734, 5219752.565033128], [630191.0799940896, 5219752.422509544], [630191.2931685407, 5219752.3003220875], [630191.5173079259, 5219752.199651054], [630191.7502471259, 5219752.121468895], [630191.9897360181, 5219752.066530826], [630192.233461212, 5219752.035367532], [630192.4790683952, 5219752.028280041], [630192.7241850764, 5219752.045336817], [630192.966443502, 5219752.086373096], [630193.2035035285, 5219752.15099248], [630193.4330752273, 5219752.2385707665], [630193.6529410048, 5219752.348261973], [630193.862017533, 5219752.465740966], [630193.9144236792, 5219752.491891296], [630193.9455847966, 5219752.442300668], [630201.89139759, 5219738.301194164], [630201.8943785765, 5219738.295569667], [630221.9921086894, 5219702.52327821], [630222.0083445928, 5219702.492642579], [630226.7706370414, 5219694.016493795], [630226.7967139008, 5219693.96421474], [630226.7471184743, 5219693.933061259], [630226.3917155731, 5219693.733434247], [630226.184233538, 5219693.60312296], [630225.9905035893, 5219693.453127849], [630225.812386459, 5219693.284889583], [630225.6515929213, 5219693.100024051], [630225.509667362, 5219692.900306845], [630225.3879729434, 5219692.687656205], [630225.2876785129, 5219692.46411459], [630225.2097473753, 5219692.231829067], [630225.1549280419, 5219691.993030685], [630225.1237470396, 5219691.750013049], [630225.1165038549, 5219691.505110287], [630225.133268057, 5219691.260674635], [630225.1738786295, 5219691.019053842], [630225.237945517, 5219690.78256862], [630225.3248533718, 5219690.553490355], [630225.4337674637, 5219690.334019293], [630227.1971249074, 5219687.179117046], [630227.2243041439, 5219687.124339548], [630227.2677412524, 5219687.009776581], [630227.2688842486, 5219687.010209953], [630227.3326175368, 5219686.854365939], [630227.4263206004, 5219686.670285957], [630242.4078084042, 5219660.022981621], [630241.7560753926, 5219657.132466318]]]}}, {"type": "Feature", "properties": {"vineyard_id": "V23", "area_m2": 967.2}, "geometry": {"type": "Polygon", "coordinates": [[[629869.2142914933, 5219680.62546552], [629871.1087302607, 5219678.877144898], [629871.1497700281, 5219678.835359942], [629871.112208879, 5219678.790422151], [629867.3988021624, 5219674.766662687], [629867.2427147498, 5219674.580078881], [629867.1055003376, 5219674.379208271], [629866.9884581113, 5219674.165952758], [629866.8926962605, 5219673.942331505], [629866.8191214857, 5219673.710461822], [629866.7684304143, 5219673.47253912], [629866.7411030036, 5219673.230816119], [629866.7373979976, 5219672.98758152], [629866.7573504763, 5219672.745138341], [629866.800771524, 5219672.505782101], [629866.8672500176, 5219672.271779095], [629866.9561565197, 5219672.045344931], [629867.0666492379, 5219671.828623552], [629867.1976819953, 5219671.623666938], [629867.3480141364, 5219671.432415679], [629867.516222273, 5219671.256680596], [629867.7007137621, 5219671.098125597], [629868.9539681331, 5219670.122928725], [629868.9983706954, 5219670.084736342], [629868.9647144331, 5219670.036804084], [629863.5228762116, 5219663.043336684], [629863.4835273069, 5219662.995203756], [629862.9020344464, 5219662.246417527], [629862.7608947309, 5219662.044940357], [629862.640239215, 5219661.8305675145], [629862.5412361036, 5219661.6053745905], [629862.4648439604, 5219661.371541937], [629862.4118024257, 5219661.131333559], [629862.3826250563, 5219660.887075191], [629862.3775943517, 5219660.64113178], [629862.3967590199, 5219660.395884589], [629862.439933506, 5219660.153708139], [629862.5066997875, 5219659.91694722], [629862.5964114231, 5219659.687894188], [629862.7081998108, 5219659.468766769], [629862.8409825981, 5219659.26168659], [629862.9934741615, 5219659.068658632], [629863.1641980541, 5219658.891551823], [629863.3515013007, 5219658.732080939], [629863.4407068724, 5219658.663405223], [629863.4853064236, 5219658.625443063], [629863.451898587, 5219658.577337336], [629848.9167747622, 5219639.697096926], [629848.8788126061, 5219639.652497381], [629848.8307068718, 5219639.685905223], [629846.7092931216, 5219641.319094783], [629846.6644971268, 5219641.3572241515], [629846.699780616, 5219641.420476489], [629846.7563434863, 5219641.511411521], [629846.867455783, 5219641.738328392], [629846.9550967796, 5219641.975301522], [629847.0183713153, 5219642.219910479], [629847.0566331068, 5219642.469656838], [629847.06949135, 5219642.721989702], [629847.0568147113, 5219642.974331755], [629847.0187326693, 5219643.224105586], [629846.9556341924, 5219643.468760018], [629846.8681637653, 5219643.705796161], [629846.757214807, 5219643.932792939], [629846.6239205449, 5219644.147431818], [629846.4696424403, 5219644.347520486], [629846.2959562829, 5219644.531015248], [629846.1046360946, 5219644.696041895], [629845.8525345551, 5219644.892180965], [629845.8511381096, 5219644.890386085], [629845.7433026439, 5219644.974308671], [629845.5364949161, 5219645.104962046], [629845.3179082668, 5219645.214778336], [629845.0896355228, 5219645.30270612], [629844.8538622494, 5219645.367903545], [629844.6128458242, 5219645.409746388], [629844.368893825, 5219645.427834031], [629844.1243419357, 5219645.421993297], [629843.8815315837, 5219645.3922801055], [629843.6509515102, 5219645.340801607], [629843.6482117788, 5219645.340330119], [629843.5991634276, 5219645.374975402], [629841.49083658, 5219647.025024593], [629841.4455540408, 5219647.06419489], [629841.4458827924, 5219647.07687237], [629841.4616812905, 5219647.281313574], [629841.457729258, 5219647.516082301], [629841.4317693169, 5219647.749444798], [629841.3840304628, 5219647.979342548], [629841.3149338058, 5219648.203747597], [629841.2250888554, 5219648.42068044], [629841.1152881442, 5219648.628227488], [629840.9865002371, 5219648.824557946], [629840.8398611873, 5219649.007939959], [629840.6766645145, 5219649.176755894], [629840.4983497958, 5219649.329516605], [629840.263634418, 5219649.5122030815], [629840.2181132098, 5219649.551367536], [629840.2139316881, 5219649.607074429], [629840.1810176322, 5219649.864964055], [629840.121499213, 5219650.118041024], [629840.0360200903, 5219650.363568443], [629839.9255046748, 5219650.598891065], [629839.7911481314, 5219650.821464005], [629839.6344034539, 5219651.028880253], [629839.456965752, 5219651.218896716], [629839.2607539188, 5219651.389458466], [629838.972920547, 5219651.614492745], [629838.9272317846, 5219651.65397416], [629838.9013819088, 5219651.747703679], [629838.8958755509, 5219651.772623752], [629838.8247956051, 5219651.994106804], [629838.7334380364, 5219652.208024768], [629838.6225937394, 5219652.412525729], [629838.4932223086, 5219652.6058392925], [629838.3464437299, 5219652.786291918], [629838.1835286856, 5219652.952321401], [629838.0058875532, 5219653.102490403], [629837.3511072645, 5219653.605703125], [629837.3048524288, 5219653.645007242], [629837.2491596906, 5219653.7536325175], [629837.2489378593, 5219653.7535187835], [629837.2324866139, 5219653.789457066], [629837.0952507191, 5219654.020121775], [629836.934077054, 5219654.23474458], [629836.7508233681, 5219654.430851658], [629836.5476019136, 5219654.6061826], [629835.5159757264, 5219655.403775721], [629835.4696051077, 5219655.443410215], [629835.42346026, 5219655.501990087], [629835.287495182, 5219655.660499174], [629835.138775197, 5219655.807107492], [629834.9783380525, 5219655.940792031], [629833.5467025272, 5219657.035718646], [629833.5003558848, 5219657.074914494], [629833.4626946221, 5219657.14794926], [629833.4402679193, 5219657.197624197], [629833.3263766655, 5219657.398221223], [629833.1944809472, 5219657.58746684], [629833.04570368, 5219657.763749877], [629832.8813115031, 5219657.9255695185], [629832.702703996, 5219658.0715480875], [629831.5630398969, 5219658.918411914], [629831.517800297, 5219658.955609014], [629831.5503840232, 5219659.004276722], [629852.4896750904, 5219687.183256051], [629852.5268721851, 5219687.228495644], [629852.5755398881, 5219687.195911921], [629853.1222031874, 5219686.789696287], [629853.3242578786, 5219686.6542940885], [629853.5385141333, 5219686.5391675895], [629853.7629438926, 5219686.445406527], [629853.9954227995, 5219686.373898406], [629854.233750307, 5219686.325320089], [629854.4756705079, 5219686.300131401], [629854.7188934879, 5219686.298570766], [629854.9611170015, 5219686.320652956], [629855.2000482632, 5219686.366168951], [629855.4334256509, 5219686.434687915], [629855.6590401133, 5219686.525561278], [629855.8747560792, 5219686.63792887], [629856.0785316726, 5219686.770727066], [629856.2684380402, 5219686.922698857], [629856.4426776085, 5219687.092405741], [629856.5996010997, 5219687.278241345], [629858.4229063272, 5219689.663874353], [629858.4607117604, 5219689.708606825], [629858.508934405, 5219689.6753679905], [629860.6360655893, 5219688.049632014], [629860.7724401852, 5219687.93437568], [629860.7829977447, 5219687.924532724], [629860.9795690986, 5219687.774643678], [629861.1899823066, 5219687.644900451], [629861.4121801327, 5219687.536571558], [629861.6439901215, 5219687.4507161435], [629861.883145838, 5219687.388173627], [629862.1273090272, 5219687.349555494], [629862.1526604758, 5219687.346822078], [629862.1989824504, 5219687.308085525], [629864.1660175553, 5219685.49191447], [629864.2070475328, 5219685.4501199005], [629864.1694758589, 5219685.405190912], [629864.093481628, 5219685.322884061], [629863.9292146999, 5219685.1255339915], [629863.7860568514, 5219684.91237559], [629863.6655182415, 5219684.685657444], [629863.5688704209, 5219684.447771185], [629863.4971329187, 5219684.20122625], [629863.4510624871, 5219683.948623422], [629863.4311451187, 5219683.692627382], [629863.4375909201, 5219683.435938611], [629863.4703318952, 5219683.181264893], [629863.4818684814, 5219683.117590175], [629863.4476567595, 5219683.068238421], [629862.9391734436, 5219682.406600037], [629862.7998902847, 5219682.2057581805], [629862.6808845518, 5219681.99227543], [629862.5832936971, 5219681.768192244], [629862.5080504898, 5219681.5356503995], [629862.4558741017, 5219681.296872524], [629862.4272632324, 5219681.054140846], [629862.4224913436, 5219680.809775385], [629862.4416040446, 5219680.566111777], [629862.4844186573, 5219680.325478948], [629862.5505259611, 5219680.090176857], [629862.6392941051, 5219679.862454513], [629862.749874647, 5219679.644488476], [629862.8812106623, 5219679.438362058], [629863.0320468467, 5219679.246045405], [629863.2009415141, 5219679.069376674], [629863.386280376, 5219678.910044456], [629863.9160217158, 5219678.497902427], [629864.1187986815, 5219678.355685339], [629864.3346528105, 5219678.23423085], [629864.5614654787, 5219678.134731044], [629864.797010504, 5219678.058162519], [629865.0389759946, 5219678.0052768], [629865.2849870421, 5219677.9765929645], [629865.5326290305, 5219677.972392547], [629865.7794713358, 5219677.992716774], [629866.0230911832, 5219678.037366163], [629866.2610974263, 5219678.105902475], [629866.4911540169, 5219678.1976530235], [629866.711002933, 5219678.311717268], [629866.9184863418, 5219678.446975661], [629867.1115677786, 5219678.602100633], [629867.2883521357, 5219678.775569619], [629869.0545469945, 5219680.689376487], [629869.0947265406, 5219680.728839475], [629869.2142914933, 5219680.62546552]]]}}, {"type": "Feature", "properties": {"vineyard_id": "V24", "area_m2": 367.9}, "geometry": {"type": "Polygon", "coordinates": [[[629926.2385189653, 5219649.092264156], [629946.5015710185, 5219668.133210993], [629946.5461686853, 5219668.171175359], [629946.5883215757, 5219668.130513602], [629946.7150737863, 5219667.995626054], [629946.8929949366, 5219667.824121463], [629947.0869792089, 5219667.671020638], [629947.2951311514, 5219667.537819553], [629947.515416878, 5219667.425819736], [629947.7456839414, 5219667.336115556], [629947.9836823646, 5219667.269583526], [629948.2270866267, 5219667.226873743], [629948.4735183852, 5219667.2084035305], [629948.7205697156, 5219667.214353363], [629948.9658266396, 5219667.244665104], [629949.2068927117, 5219667.299042574], [629949.4414124368, 5219667.376954441], [629949.6670942844, 5219667.477639414], [629949.881733081, 5219667.600113687], [629950.083231556, 5219667.743180542], [629950.2696208353, 5219667.90544205], [629951.1223712744, 5219668.72532377], [629951.2896203322, 5219668.902607012], [629951.438811844, 5219669.095333471], [629951.5685278557, 5219669.301671426], [629951.6775355131, 5219669.519659787], [629951.7647987795, 5219669.747226738], [629951.8294882828, 5219669.982209426], [629951.8709891974, 5219670.222374514], [629951.8889070879, 5219670.465439411], [629951.8830716581, 5219670.709093967], [629951.8535383694, 5219670.9510224275], [629951.8005879138, 5219671.188925442], [629951.7247235461, 5219671.420541921], [629951.6266663002, 5219671.64367052], [629951.5073481376, 5219671.856190569], [629951.3679030882, 5219672.056082223], [629951.2096564737, 5219672.241445661], [629951.0372552561, 5219672.424510503], [629950.9992421444, 5219672.469066618], [629951.0398577711, 5219672.511263948], [629951.1157247918, 5219672.582711673], [629951.2852242623, 5219672.758743764], [629951.4367276496, 5219672.950483408], [629951.5687873727, 5219673.156098575], [629951.6801416298, 5219673.373624658], [629951.7697264557, 5219673.600983244], [629951.8366858872, 5219673.836001971], [629951.8803801418, 5219674.0764352875], [629951.9003917306, 5219674.319985906], [629951.8965294472, 5219674.564326754], [629951.8688301948, 5219674.807123209], [629951.8175586337, 5219675.046055406], [629951.7432046524, 5219675.278840398], [629951.6464786868, 5219675.503253979], [629951.5283049318, 5219675.717151925], [629951.3898125119, 5219675.918490488], [629951.2323246913, 5219676.105345923], [629951.0883111362, 5219676.260178311], [629951.0505748251, 5219676.304969115], [629951.0914511447, 5219676.346913982], [629962.9515754672, 5219687.378318321], [629962.9963662693, 5219687.416054631], [629963.0383111396, 5219687.375178308], [629963.0928544621, 5219687.316537489], [629963.2692456379, 5219687.144702923], [629963.4616865212, 5219686.991055692], [629963.6683099435, 5219686.857086566], [629963.8871111299, 5219686.74409539], [629964.11596715, 5219686.653178465], [629964.3526575157, 5219686.585217917], [629964.594885726, 5219686.54087314], [629964.8403015484, 5219686.520574388], [629965.0865238224, 5219686.524518613], [629965.3311635632, 5219686.552667545], [629965.5718471404, 5219686.604748068], [629965.8062393083, 5219686.680254867], [629966.0320658644, 5219686.778455335], [629966.247135714, 5219686.898396675], [629966.4493621304, 5219687.038915149], [629966.6367830005, 5219687.198647371], [629966.8130161673, 5219687.3645051615], [629966.8121585541, 5219687.365416423], [629966.8825980523, 5219687.431732256], [629966.8826583202, 5219687.431668263], [629970.917981224, 5219691.232091855], [629970.9625365394, 5219691.270105908], [629971.0047347262, 5219691.229491169], [629972.8402652695, 5219689.280508836], [629972.8782793239, 5219689.235953518], [629972.837664582, 5219689.193755328], [629968.8023416798, 5219685.393331736], [629968.8031357037, 5219685.392488635], [629968.7099501517, 5219685.304758348], [629965.7594838323, 5219682.527994839], [629965.7595958243, 5219682.527875841], [629965.750382791, 5219682.5195900155], [629965.6130973969, 5219682.389385945], [629965.4428879074, 5219682.211220498], [629965.2910439776, 5219682.017164791], [629965.1590406608, 5219681.809103931], [629965.0481602731, 5219681.589059081], [629964.9594799367, 5219681.359167813], [629964.8938611165, 5219681.121663356], [629964.8519412514, 5219680.878852892], [629964.8341275626, 5219680.633095146], [629964.8405930968, 5219680.386777478], [629964.8712750461, 5219680.142292684], [629964.9258753579, 5219679.902015755], [629965.0038636299, 5219679.668280806], [629965.1044822627, 5219679.443358403], [629965.2267538199, 5219679.229433502], [629965.369490522, 5219679.028584229], [629965.531305786, 5219678.842761687], [629965.562773517, 5219678.810032427], [629965.6012453757, 5219678.7658718005], [629965.5610682986, 5219678.723256699], [629954.9454416311, 5219668.516802548], [629954.7730773268, 5219668.333518987], [629954.6200081616, 5219668.133838872], [629954.487784477, 5219667.91978464], [629954.3777454832, 5219667.693524309], [629954.2910056963, 5219667.457349529], [629954.2284436489, 5219667.213652365], [629954.1906929925, 5219666.964901073], [629954.1781360798, 5219666.713615098], [629954.190900092, 5219666.462339558], [629954.2288557503, 5219666.213619463], [629954.2916186259, 5219665.969973944], [629954.3785530328, 5219665.733870733], [629954.4887784674, 5219665.507701171], [629954.6211785255, 5219665.293755986], [629954.7683723512, 5219665.102067712], [629954.7697823656, 5219665.100037403], [629954.728939855, 5219665.057700414], [629938.7133910732, 5219650.009250123], [629938.6687919335, 5219649.971287484], [629938.6266406145, 5219650.011950878], [629936.9058754027, 5219651.843302191], [629936.7293020058, 5219652.013642204], [629936.5368822485, 5219652.165854297], [629936.3304693294, 5219652.2984725125], [629936.1120512161, 5219652.410219602], [629935.883731498, 5219652.500019328], [629935.6477091272, 5219652.567006825], [629935.4062572403, 5219652.610536937], [629935.1617012656, 5219652.630190423], [629934.9163965269, 5219652.625778001], [629934.6727055594, 5219652.597342166], [629934.432975356, 5219652.545156786], [629934.1995147637, 5219652.469724458], [629933.9745722461, 5219652.371771673], [629933.7603142298, 5219652.252241816], [629933.558804238, 5219652.112286082], [629933.3719830178, 5219651.953252387], [629928.1559289816, 5219647.051789007], [629928.1113313154, 5219647.013824643], [629928.0691784174, 5219647.054486406], [629926.2358215798, 5219649.005513598], [629926.1978572115, 5219649.050111268], [629926.2385189653, 5219649.092264156]]]}}, {"type": "Feature", "properties": {"vineyard_id": "V25", "area_m2": 1149.1}, "geometry": {"type": "Polygon", "coordinates": [[[630050.4941719581, 5219720.541162624], [630052.6608280458, 5219722.113837378], [630052.7098573534, 5219722.145874409], [630052.7465458307, 5219722.100221368], [630055.3150020023, 5219718.561688571], [630055.4684334695, 5219718.370737319], [630055.6398158406, 5219718.195718238], [630055.8275037465, 5219718.038311613], [630056.0296952751, 5219717.900028637], [630056.2444492716, 5219717.782196905], [630056.4697039741, 5219717.685947673], [630056.7032968077, 5219717.612204986], [630056.9429851469, 5219717.561676817], [630057.1864678457, 5219717.534848266], [630057.4314073302, 5219717.531976902], [630057.6754520404, 5219717.553090292], [630057.9162590066, 5219717.597985735], [630058.1515163434, 5219717.66623221], [630058.378965445, 5219717.75717451], [630058.5964226694, 5219717.869939537], [630058.8018003016, 5219718.003444683], [630059.1102498291, 5219718.22618291], [630059.1593574305, 5219718.258099822], [630059.1959340379, 5219718.212357095], [630061.1516344307, 5219715.504088878], [630061.3036873043, 5219715.313794279], [630061.4735373568, 5219715.139200264], [630061.6595721786, 5219714.981964276], [630061.8600257154, 5219714.843578979], [630062.0729950342, 5219714.725358085], [630062.2964583879, 5219714.62842388], [630062.5282944081, 5219714.553696573], [630062.7663022436, 5219714.501885561], [630063.0082224531, 5219714.4734826945], [630063.2517584548, 5219714.468757604], [630063.4945983281, 5219714.487755147], [630063.7344367604, 5219714.530294975], [630063.9689969325, 5219714.595973254], [630064.1960521324, 5219714.68416649], [630064.4134468939, 5219714.794037452], [630064.6191174582, 5219714.924543121], [630064.9515014766, 5219715.1589187225], [630065.0009651993, 5219715.190280909], [630065.0370246548, 5219715.144129405], [630068.3266244159, 5219710.478923738], [630068.3368138651, 5219710.46369606], [630084.6959908782, 5219687.272761201], [630084.7766241317, 5219687.16486927], [630119.5105737295, 5219638.529350426], [630119.5317587011, 5219638.4980855165], [630121.2291244563, 5219636.120405067], [630121.2606163142, 5219636.071346077], [630121.214667334, 5219636.035028915], [630119.0353326704, 5219634.4799710885], [630118.9854416781, 5219634.447945152], [630118.9758416569, 5219634.454618051], [630118.7952324281, 5219634.59326286], [630118.5787590392, 5219634.726851579], [630118.3498311784, 5219634.837751122], [630118.1108189515, 5219634.924813339], [630117.8641968684, 5219634.987136867], [630117.6125182242, 5219635.024076467], [630117.3583886649, 5219635.035249703], [630117.1044392111, 5219635.020540895], [630116.8532990188, 5219634.980102326], [630116.6075681595, 5219634.914352658], [630116.3697907012, 5219634.823972602], [630116.1424283703, 5219634.709897869], [630115.9278350644, 5219634.573309484], [630115.7362504943, 5219634.437193208], [630115.6653028759, 5219634.391854525], [630115.4991836109, 5219634.297139302], [630115.3041415642, 5219634.159756506], [630115.1230827988, 5219634.0044080075], [630114.9576561208, 5219633.832508482], [630114.8093679831, 5219633.645623327], [630114.6795687671, 5219633.445454408], [630114.5694404854, 5219633.233824557], [630114.4799860178, 5219633.012660973], [630114.4120199786, 5219632.783977676], [630114.3661612986, 5219632.549857164], [630114.3428275882, 5219632.312431448], [630114.3422313352, 5219632.073862638], [630114.3643779696, 5219631.836323254], [630114.4090658134, 5219631.601976439], [630114.4758879184, 5219631.372956268], [630114.5642357711, 5219631.151348304], [630114.6733048343, 5219630.939170615], [630114.802101874, 5219630.738355388], [630114.9404806255, 5219630.543707903], [630114.9720331602, 5219630.494365409], [630114.9260209535, 5219630.458128398], [630112.7439790545, 5219628.9068716075], [630112.6946365528, 5219628.875319068], [630112.658399534, 5219628.921331286], [630108.7819581009, 5219634.374043996], [630108.7620705002, 5219634.403529598], [630072.9837900905, 5219684.746812245], [630072.8271086881, 5219684.94521187], [630072.6511913057, 5219685.126773285], [630072.4578368455, 5219685.289639874], [630072.2490225186, 5219685.43214619], [630072.026883626, 5219685.552834985], [630071.7936917234, 5219685.650472117], [630071.5518313928, 5219685.7240591645], [630071.3037758584, 5219685.7728436375], [630071.0520616951, 5219685.7963266745], [630070.7992628908, 5219685.794268142], [630070.5479645245, 5219685.766689092], [630070.3007363318, 5219685.71387154], [630070.0601064278, 5219685.636355591], [630070.0216411696, 5219685.621779417], [630069.9855798066, 5219685.668557229], [630066.0881597992, 5219691.272786881], [630066.0567398531, 5219691.323061698], [630066.0613441326, 5219691.329517588], [630066.1970844325, 5219691.500915215], [630066.3270366207, 5219691.701856967], [630066.4371812552, 5219691.914303003], [630066.5265091441, 5219692.136306802], [630066.5942018272, 5219692.365834272], [630066.6396390754, 5219692.600782383], [630066.6624045733, 5219692.8389984425], [630066.6622897335, 5219693.078299812], [630066.6392956086, 5219693.316493911], [630066.5936328804, 5219693.551398304], [630066.5257199301, 5219693.780860697], [630066.4361790051, 5219694.002778659], [630066.3258305175, 5219694.21511888], [630066.1956855272, 5219694.4159358125], [630066.0987388117, 5219694.550903056], [630066.0664438574, 5219694.600867201], [630066.1203432803, 5219694.698112801], [630066.1336220673, 5219694.719550119], [630066.2428302917, 5219694.942674646], [630066.3293555817, 5219695.175535904], [630066.3923436073, 5219695.4158346765], [630066.4311724398, 5219695.661198311], [630066.4454586931, 5219695.909204146], [630066.4350613077, 5219696.157403432], [630066.4000829454, 5219696.403345509], [630066.3408689735, 5219696.644602005], [630066.258004057, 5219696.878790812], [630066.1523063838, 5219697.103599604], [630066.0248195872, 5219697.316808675], [630065.8768024413, 5219697.51631285], [630065.7097164313, 5219697.700142272], [630065.5252113244, 5219697.8664818555], [630065.3251088795, 5219698.013689201], [630065.1113848597, 5219698.140310821], [630064.8861495244, 5219698.245096483], [630064.651626793, 5219698.32701156], [630064.4101322863, 5219698.38524724], [630064.1640504627, 5219698.41922852], [630063.9158110748, 5219698.4286198765], [630063.6678651783, 5219698.413328581], [630063.5475299259, 5219698.399879962], [630063.5091051459, 5219698.445495464], [630053.1384809673, 5219712.060352721], [630053.1053205634, 5219712.108629338], [630053.1501144335, 5219712.146362006], [630053.3714934489, 5219712.314989449], [630053.5564882164, 5219712.470594021], [630053.7255897196, 5219712.643338133], [630053.8772169041, 5219712.831606674], [630054.0099520959, 5219713.033639383], [630054.122554256, 5219713.247547307], [630054.2139705841, 5219713.471330464], [630054.2833463617, 5219713.702896542], [630054.3300329436, 5219713.940080456], [630054.3535938226, 5219714.180664604], [630054.3538087107, 5219714.422399583], [630054.3306755988, 5219714.663025238], [630054.2844107754, 5219714.900291782], [630054.2154468042, 5219715.1319808345], [630054.1244284803, 5219715.355926165], [630054.0122068007, 5219715.570033945], [630053.879831009, 5219715.772302322], [630050.4805559458, 5219720.455444836], [630050.4485189146, 5219720.504474144], [630050.4941719581, 5219720.541162624]]]}}, {"type": "Feature", "properties": {"vineyard_id": "V26", "area_m2": 443.9}, "geometry": {"type": "Polygon", "coordinates": [[[629888.9599412406, 5219663.553690929], [629889.0890939092, 5219663.453776607], [629889.228341806, 5219663.368492924], [629889.3760347947, 5219663.29885052], [629894.3511823416, 5219661.27608453], [629886.0030055103, 5219652.218770444], [629885.8425033557, 5219652.02607479], [629885.7021144088, 5219651.8182683885], [629885.5832513768, 5219651.597442356], [629885.4871103555, 5219651.365818824], [629885.4146587938, 5219651.125728574], [629885.366625758, 5219650.879587589], [629885.3434945953, 5219650.629872739], [629885.34549807, 5219650.379096857], [629885.3726160218, 5219650.1297834525], [629885.4245755676, 5219649.884441319], [629885.5008538488, 5219649.6455392875], [629885.6006832913, 5219649.415481384], [629885.7230593306, 5219649.196582636], [629885.86675052, 5219648.99104578], [629886.0228901149, 5219648.809564319], [629886.0248602493, 5219648.807038794], [629885.9864277018, 5219648.76250263], [629877.1060816658, 5219639.43888221], [629877.0632964817, 5219639.398163483], [629877.0185018448, 5219639.423551052], [629876.9088961525, 5219639.493156115], [629876.6949937763, 5219639.601757298], [629876.4716671344, 5219639.689356698], [629876.2409725632, 5219639.755147719], [629876.0050342405, 5219639.798524574], [629875.7660246281, 5219639.819087861], [629875.5261444665, 5219639.816648237], [629875.2876025127, 5219639.791228168], [629875.0525952018, 5219639.743061712], [629874.8232864222, 5219639.672592376], [629874.6017875924, 5219639.580469023], [629874.3901382183, 5219639.467539904], [629874.1902871146, 5219639.33484484], [629874.0040744606, 5219639.183605655], [629873.8332148561, 5219639.015214921], [629869.491735736, 5219634.304948143], [629869.4558015751, 5219634.267826536], [629865.4483333447, 5219629.918606608], [629865.4067354042, 5219629.877701432], [629865.3617750651, 5219629.915235605], [629864.1830399056, 5219631.00174534], [629863.9641383591, 5219631.1816795515], [629863.7262810817, 5219631.335686444], [629863.4725238433, 5219631.461787481], [629863.4527695592, 5219631.470244217], [629863.4061895858, 5219631.509399593], [629861.443810409, 5219633.330600412], [629861.4028875655, 5219633.372499879], [629861.4800645087, 5219633.464311027], [629861.4779107403, 5219633.466121497], [629861.5664573215, 5219633.57178424], [629861.7084983155, 5219633.7810740145], [629861.8286644517, 5219634.003645246], [629861.9257256548, 5219634.237219594], [629861.9986883621, 5219634.479406086], [629862.0468056938, 5219634.727725589], [629862.069585099, 5219634.979636192], [629862.0667933974, 5219635.232559224], [629862.0384591662, 5219635.483905648], [629861.9848724472, 5219635.731102567], [629861.9065817789, 5219635.971619561], [629861.80438858, 5219636.20299459], [629861.679338947, 5219636.42285919], [629861.5327129449, 5219636.628962729], [629861.3969437643, 5219636.783896836], [629861.3834942268, 5219636.800803483], [629861.4215010399, 5219636.845703507], [629862.8021307803, 5219638.323161885], [629862.961207102, 5219638.51116061], [629863.1010147174, 5219638.71389844], [629863.2201969601, 5219638.929408045], [629863.3175973087, 5219639.155598161], [629863.3922706087, 5219639.390273884], [629863.443492245, 5219639.631157965], [629863.4707651727, 5219639.875912913], [629863.4738247405, 5219640.122163671], [629863.4526412588, 5219640.3675206695], [629863.4074202883, 5219640.609603012], [629863.3386006445, 5219640.846061578], [629863.2468501398, 5219641.074601819], [629863.1330591036, 5219641.293006023], [629862.9983317422, 5219641.4991548415], [629862.8439754241, 5219641.691047842], [629862.6714879931, 5219641.866822934], [629861.4165025962, 5219643.02560736], [629861.3754735484, 5219643.067402837], [629861.4130462243, 5219643.112330998], [629872.5922789638, 5219655.219650984], [629872.6344283682, 5219655.261027468], [629872.6645419692, 5219655.244571357], [629872.8920874617, 5219655.1347734565], [629873.1295530146, 5219655.048502713], [629873.3745133438, 5219654.986640228], [629873.6244666191, 5219654.949817814], [629873.8768600165, 5219654.938411547], [629874.1291157907, 5219654.95253792], [629874.3786576015, 5219654.992052659], [629874.6229368277, 5219655.056552192], [629874.8594585952, 5219655.145377771], [629875.0858072588, 5219655.257622203], [629875.2996710733, 5219655.392139112], [629875.4988658039, 5219655.547554649], [629875.6813570339, 5219655.722281525], [629881.9248079136, 5219662.3363837665], [629881.9670527611, 5219662.376949982], [629881.9900908691, 5219662.357248349], [629882.1785085188, 5219662.211082853], [629882.3799952879, 5219662.083534256], [629882.5927179506, 5219661.975763055], [629882.8147410522, 5219661.888749807], [629883.0440445174, 5219661.823286201], [629883.2785420312, 5219661.779967857], [629883.5161000201, 5219661.759188906], [629883.7545570653, 5219661.761138406], [629883.9917435675, 5219661.785798618], [629884.2255014878, 5219661.832945173], [629884.453703982, 5219661.902149106], [629884.6742747521, 5219661.992780769], [629884.8852069372, 5219662.104015549], [629885.0845813727, 5219662.2348413775], [629885.2705840523, 5219662.384067937], [629885.4415226325, 5219662.550337492], [629887.532433389, 5219664.787891503], [629888.9599412406, 5219663.553690929]]]}}, {"type": "Feature", "properties": {"vineyard_id": "V27", "area_m2": 374.6}, "geometry": {"type": "Polygon", "coordinates": [[[629893.341641754, 5219618.555007765], [629908.4140517712, 5219636.059494502], [629908.4557599366, 5219636.103379853], [629908.567885258, 5219636.140531419], [629908.5869103632, 5219636.145840238], [629908.8212243953, 5219636.237478112], [629909.0451412429, 5219636.352203049], [629909.2563930561, 5219636.488853102], [629909.4528402574, 5219636.646044268], [629909.6324932118, 5219636.822184501], [629912.5067057468, 5219639.93897242], [629912.5484752127, 5219639.980027956], [629912.5934271727, 5219639.942483772], [629914.5615728279, 5219638.127516228], [629914.6029760193, 5219638.08539306], [629914.5939965105, 5219638.068936369], [629914.4853566115, 5219637.843726351], [629914.3997569183, 5219637.608790461], [629914.3380537317, 5219637.366478892], [629914.3008643027, 5219637.119215619], [629914.2885606574, 5219636.869474152], [629914.301265876, 5219636.619752793], [629914.3388528612, 5219636.372549641], [629914.4009456097, 5219636.130337604], [629914.4869229738, 5219635.895539664], [629914.5959248745, 5219635.670504632], [629914.7268609063, 5219635.457483658], [629914.878421244, 5219635.258607707], [629915.0490897464, 5219635.075866245], [629915.237159123, 5219634.911087333], [629915.4407480122, 5219634.765919347], [629915.657819803, 5219634.641814482], [629915.886203007, 5219634.540014227], [629916.0928308018, 5219634.471712178], [629916.1077130408, 5219634.46598448], [629916.1557131606, 5219634.428583599], [629918.1842868363, 5219632.681416405], [629918.226735501, 5219632.641063499], [629918.1907376052, 5219632.594863964], [629916.1660199119, 5219630.244036278], [629916.019171956, 5219630.056103486], [629915.8909007597, 5219629.855032463], [629915.7823737562, 5219629.642653213], [629915.6945786811, 5219629.420898661], [629915.628314583, 5219629.19178706], [629915.5841845502, 5219628.957403621], [629915.5625902232, 5219628.719881535], [629915.5637281381, 5219628.481382559], [629915.5875879384, 5219628.244077342], [629915.6339524691, 5219628.010125666], [629915.7023997534, 5219627.781656793], [629915.7923068326, 5219627.560750086], [629915.9028554364, 5219627.349416079], [629916.0330394302, 5219627.149578184], [629916.1816739716, 5219626.963055184], [629916.347406295, 5219626.79154468], [629916.419047532, 5219626.724157175], [629916.3832941359, 5219626.677768175], [629914.6655988201, 5219624.661980642], [629914.6662220156, 5219624.661449604], [629914.6085318258, 5219624.593760816], [629914.6079256951, 5219624.594277512], [629914.3858620897, 5219624.333777167], [629914.2403302318, 5219624.145610097], [629914.1133412988, 5219623.94446294], [629914.0060450255, 5219623.732156847], [629913.9194128528, 5219623.510613997], [629913.854229133, 5219623.281840199], [629913.8110840273, 5219623.04790673], [629913.790368164, 5219622.810931582], [629913.7922691006, 5219622.573060284], [629913.8167696263, 5219622.336446481], [629913.863647918, 5219622.10323243], [629913.9324795479, 5219621.87552961], [629914.0226413271, 5219621.655399599], [629914.133316947, 5219621.444835417], [629914.2635043708, 5219621.245743472], [629914.412024905, 5219621.059926307], [629914.5440409682, 5219620.923642037], [629914.5577035458, 5219620.908030189], [629914.5218439493, 5219620.861397373], [629904.1563504797, 5219608.66990984], [629904.1162692923, 5219608.627204537], [629904.0698409892, 5219608.662906867], [629902.2200012051, 5219610.235684772], [629902.0263096958, 5219610.384688762], [629901.8189958791, 5219610.514070257], [629901.6000406331, 5219610.622593018], [629901.3715360693, 5219610.709220116], [629901.1356655431, 5219610.77312383], [629900.8946827914, 5219610.813693561], [629900.6508903981, 5219610.830541667], [629900.4066177931, 5219610.823507164], [629900.1641989952, 5219610.792657266], [629899.9259503097, 5219610.738286746], [629899.6941481966, 5219610.660915109], [629899.4710075192, 5219610.561281642], [629899.2586603808, 5219610.440338339], [629899.0591357532, 5219610.29924081], [629898.8743400888, 5219610.139337239], [629898.7060391054, 5219609.9621554995], [629897.7060138469, 5219608.800588831], [629897.6656695013, 5219608.758132056], [629897.619462727, 5219608.794120642], [629895.5905372746, 5219610.540879358], [629895.5480804959, 5219610.581223706], [629895.5840690875, 5219610.627430487], [629897.2413027657, 5219612.552369267], [629897.3952538869, 5219612.750486338], [629897.5285716332, 5219612.963036803], [629897.6399131998, 5219613.187879807], [629897.7281571312, 5219613.422750687], [629897.7924146157, 5219613.665283772], [629897.8320384384, 5219613.913036217], [629897.8466294998, 5219614.163512608], [629897.8360408355, 5219614.414190094], [629897.8003790969, 5219614.662543797], [629897.7400034765, 5219614.906072247], [629897.6555220903, 5219615.142322574], [629897.5477858528, 5219615.368915214], [629897.417879906, 5219615.583567879], [629897.2671126903, 5219615.7841185415], [629897.0970027647, 5219615.968547212], [629896.9092635126, 5219616.1349962875], [629896.7057858831, 5219616.281789257], [629896.4886193463, 5219616.4074475905], [629896.2599512492, 5219616.510705631], [629896.0220847854, 5219616.590523342], [629895.7774157962, 5219616.646096781], [629895.5284086391, 5219616.676866202], [629895.4245331711, 5219616.684435865], [629895.3768965972, 5219616.721543859], [629893.3481033959, 5219618.468456146], [629893.3056496675, 5219618.508803712], [629893.341641754, 5219618.555007765]]]}}, {"type": "Feature", "properties": {"vineyard_id": "V28", "area_m2": 1569.6}, "geometry": {"type": "Polygon", "coordinates": [[[629983.0585504629, 5219594.354788826], [629982.0525378434, 5219595.214883241], [629982.0092701828, 5219595.255715712], [629982.0240885896, 5219595.310194812], [629982.0639285578, 5219595.432603476], [629982.1166312279, 5219595.672264523], [629982.1455844424, 5219595.915937872], [629982.1505092548, 5219596.161275874], [629982.1313582172, 5219596.405914847], [629982.0883158385, 5219596.647497841], [629982.021796806, 5219596.88369735], [629981.9324419907, 5219597.112237731], [629981.8211122723, 5219597.330917139], [629981.6888802458, 5219597.537628726], [629981.5370198871, 5219597.730380952], [629981.3669942796, 5219597.907316766], [629981.1804415174, 5219598.066731497], [629980.9791589243, 5219598.207089279], [629980.765085737, 5219598.327037849], [629980.5402844216, 5219598.425421578], [629980.3069208039, 5219598.501292595], [629980.0672432017, 5219598.553919929], [629979.8235607644, 5219598.582796548], [629979.5782212259, 5219598.587644242], [629979.3335882849, 5219598.568416308], [629979.0920188326, 5219598.525297993], [629978.8558402453, 5219598.458704719], [629978.6273279615, 5219598.3692780705], [629978.4086835597, 5219598.2578796195], [629978.27323001, 5219598.171170873], [629977.1584619206, 5219599.060219154], [629976.7527853595, 5219599.406695386], [629976.5086736138, 5219599.590613885], [629976.4534504693, 5219599.622478896], [629975.1096458688, 5219600.694188054], [629974.7503886458, 5219601.0014985185], [629974.5872938687, 5219601.129685129], [629974.4501306028, 5219601.220163742], [629973.1707519811, 5219602.2404919835], [629972.6863192894, 5219602.651897761], [629972.4461978769, 5219602.83216568], [629972.3833144675, 5219602.868488044], [629971.0375975379, 5219603.941722319], [629970.0440904635, 5219604.794196018], [629970.0015668485, 5219604.834469908], [629970.0374787756, 5219604.880736304], [629995.4324116816, 5219634.477010695], [629995.5774672683, 5219634.663170503], [629995.7043225332, 5219634.862178894], [629995.8118470112, 5219635.072262411], [629995.8990825029, 5219635.291548905], [629995.965251613, 5219635.518084214], [629996.0097646783, 5219635.74984958], [629996.0322250228, 5219635.9847796345], [629996.032432492, 5219636.220780809], [629996.010385237, 5219636.45574999], [629995.9662797311, 5219636.68759326], [629995.9005090185, 5219636.914244559], [629995.813659212, 5219637.133684091], [629995.7783712331, 5219637.202930383], [629995.7480645127, 5219637.270733279], [629995.7845207648, 5219637.317747332], [630008.4021367208, 5219652.0370571455], [630008.4425675935, 5219652.079787411], [630008.5020093371, 5219652.042403924], [630008.7147400294, 5219651.922693373], [630008.9381312934, 5219651.824299741], [630009.1700534075, 5219651.748161074], [630009.4082953203, 5219651.695003247], [630009.6505857303, 5219651.665333045], [630009.8946147389, 5219651.659433331], [630010.1380558725, 5219651.677360352], [630010.3785882621, 5219651.718943199], [630010.4374685318, 5219651.732111567], [630010.4925477813, 5219651.689050372], [630010.6876160362, 5219651.55104058], [630010.89496929, 5219651.4322847165], [630011.1127132194, 5219651.333867706], [630011.3388585739, 5219651.256688659], [630011.5713393503, 5219651.201452661], [630011.8080316663, 5219651.168664336], [630012.0467731644, 5219651.158623227], [630012.2853827662, 5219651.171421069], [630012.5216805981, 5219651.2069409415], [630012.7535079065, 5219651.264858347], [630012.978746779, 5219651.344644167], [630013.1953394939, 5219651.445569499], [630013.4013073178, 5219651.566712317], [630013.594768584, 5219651.706965893], [630013.7739558821, 5219651.865048905], [630013.9372322047, 5219652.039517152], [630014.9109807445, 5219653.185172728], [630014.9575805299, 5219653.242783521], [630018.3136463555, 5219657.19008609], [630018.3537273936, 5219657.232791548], [630018.4001558424, 5219657.197089377], [630019.104131359, 5219656.598557055], [630019.3104450649, 5219656.440848892], [630019.5320054917, 5219656.305393411], [630019.7664220125, 5219656.19365217], [630020.0111652841, 5219656.106830853], [630020.2635945379, 5219656.0458662575], [630020.5209860739, 5219656.011416189], [630020.723995981, 5219656.005500664], [630020.7528387822, 5219656.003323385], [630020.800378678, 5219655.966091614], [630022.8246213334, 5219654.213908377], [630022.8669699704, 5219654.173450531], [630022.8308578272, 5219654.127340246], [630021.18181888, 5219652.2222569715], [630021.0337046662, 5219652.033560226], [630020.9043575763, 5219651.831536434], [630020.7949685202, 5219651.618045646], [630020.706544652, 5219651.395053489], [630020.639900098, 5219651.164613073], [630020.5956484601, 5219650.92884608], [630020.5741971671, 5219650.689923238], [630020.5757437227, 5219650.45004433], [630020.6002738879, 5219650.211417942], [630020.647561811, 5219649.976241127], [630020.7171721084, 5219649.746679177], [630020.808463872, 5219649.52484569], [630020.9205965707, 5219649.312783104], [630021.0525377893, 5219649.1124439], [630021.2030727341, 5219648.925672615], [630021.2297494317, 5219648.895645179], [630021.1783237103, 5219648.789652259], [630021.1771155546, 5219648.787446671], [630021.0813926121, 5219648.5632912265], [630021.0079527698, 5219648.330879663], [630020.9574941002, 5219648.092421138], [630020.9304962315, 5219647.850182288], [630020.9272157885, 5219647.606465682], [630020.947683953, 5219647.363587936], [630020.9917061673, 5219647.123857692], [630021.0588639844, 5219646.8895536745], [630021.1485190445, 5219646.662903028], [630021.2598191432, 5219646.446060151], [630021.3917063324, 5219646.241086215], [630021.5429269758, 5219646.049929571], [630021.7120436657, 5219645.874407235], [630021.8974488857, 5219645.71618761], [630021.9970210557, 5219645.63927843], [630023.6962911562, 5219644.188227941], [630023.8904092216, 5219644.038288413], [630024.0982863053, 5219643.908093161], [630024.3179213431, 5219643.79889547], [630024.5472000865, 5219643.711746498], [630024.7839154548, 5219643.647485157], [630025.0257887808, 5219643.606730039], [630025.2704917463, 5219643.58987346], [630025.5156687937, 5219643.597077686], [630025.7589598027, 5219643.628273366], [630025.9980228076, 5219643.683160206], [630026.2305565428, 5219643.761209854], [630026.4543225942, 5219643.86167099], [630026.6671669475, 5219643.983576555], [630026.8670407225, 5219644.125753063], [630027.0520198965, 5219644.286831897], [630027.2203238244, 5219644.465262481], [630028.6133035391, 5219646.095353779], [630028.6534913827, 5219646.1379587315], [630028.6998302768, 5219646.102140419], [630030.7351697247, 5219644.362859579], [630030.7777746739, 5219644.322671738], [630030.7419563563, 5219644.276332837], [630027.2803267918, 5219640.225468225], [630027.1329506313, 5219640.035170755], [630027.0045575307, 5219639.831582762], [630026.8963375986, 5219639.616591354], [630026.8092939531, 5219639.392189342], [630026.7442334245, 5219639.1604567645], [630026.7017590755, 5219638.923541613], [630026.6822646117, 5219638.683639914], [630026.6859307323, 5219638.442975378], [630026.7127234552, 5219638.203778786], [630026.7623944316, 5219637.968267314], [630026.8344832485, 5219637.738623978], [630026.9283216962, 5219637.5169774005], [630027.0430399618, 5219637.305382081], [630027.1775746923, 5219637.105799353], [630027.3306788505, 5219636.920079197], [630027.5009332746, 5219636.749943103], [630027.6867598325, 5219636.596968106], [630027.8864360501, 5219636.4625721695], [630028.0981110769, 5219636.348001046], [630028.3198228427, 5219636.254316723], [630028.549516244, 5219636.182387586], [630028.7850621935, 5219636.132880363], [630029.0242773552, 5219636.10625395], [630029.1263695261, 5219636.099844986], [630029.1743766173, 5219636.063217604], [630031.2206233902, 5219634.33678239], [630031.2634804569, 5219634.296863512], [630031.2279545291, 5219634.250300084], [630017.1096056969, 5219617.516613523], [630017.0695109897, 5219617.473567686], [630016.9885419543, 5219617.523608573], [630016.9424295563, 5219617.555290288], [630016.7244805101, 5219617.675055883], [630016.4957108509, 5219617.772575253], [630016.2583843215, 5219617.846883414], [630016.0148493375, 5219617.897245066], [630015.7675157491, 5219617.923161866], [630015.5188309948, 5219617.924377359], [630015.2712558833, 5219617.900879517], [630015.0272402428, 5219617.852900859], [630014.7891986797, 5219617.780916148], [630014.5594866854, 5219617.685637692], [630014.3403773272, 5219617.568008302], [630014.1340387567, 5219617.429191953], [630013.9425127545, 5219617.270562273], [630013.7676945268, 5219617.093688953], [630006.2768514748, 5219608.719835453], [630006.235708086, 5219608.678152519], [630006.1901931119, 5219608.715012148], [630005.327821096, 5219609.486448312], [630005.1310573097, 5219609.645302805], [630004.919251987, 5219609.7834666325], [630004.6945723452, 5219609.899526084], [630004.4593173331, 5219609.992293626], [630004.2158941074, 5219610.060820051], [630003.9667934033, 5219610.104404187], [630003.7145640488, 5219610.122600077], [630003.4617868845, 5219610.115221539], [630003.2110483559, 5219610.082344069], [630002.9649140494, 5219610.024304076], [630002.7259024401, 5219609.94169543], [630002.4964591233, 5219609.835363394], [630002.2789317898, 5219609.706395968], [630002.0755462052, 5219609.5561127635], [630001.8883834345, 5219609.386051496], [630001.7193585498, 5219609.19795225], [630001.0484922976, 5219608.370789107], [630001.0094118991, 5219608.327166091], [630000.9621683869, 5219608.361782505], [630000.4527388433, 5219608.7749526175], [630000.2582182724, 5219608.917724674], [630000.050839853, 5219609.041079056], [629999.832535427, 5219609.1438666545], [629999.6053386172, 5219609.225129943], [629999.3713658843, 5219609.284111914], [629999.1327968102, 5219609.320263118], [629998.8918537942, 5219609.333246785], [629998.6507813501, 5219609.322941967], [629998.4118251973, 5219609.28944466], [629998.1772113411, 5219609.233066906], [629997.9491253357, 5219609.154333897], [629997.7296919249, 5219609.053979073], [629997.5209552491, 5219608.932937291], [629997.3248598026, 5219608.792336123], [629997.1432323202, 5219608.633485343], [629996.9777647596, 5219608.4578647325], [629984.1739905258, 5219593.481882749], [629984.1650100711, 5219593.472366713], [629983.0585504629, 5219594.354788826]]]}}, {"type": "Feature", "properties": {"vineyard_id": "V29", "area_m2": 585.7}, "geometry": {"type": "Polygon", "coordinates": [[[630067.8815306531, 5219615.811687742], [630067.9348361152, 5219615.694116256], [630068.0544272838, 5219615.486064175], [630068.1934153488, 5219615.290436892], [630068.2692911879, 5219615.193820902], [630068.2357262165, 5219615.146734549], [630067.8891196017, 5219614.707779459], [630067.7485274884, 5219614.510831192], [630067.6276347132, 5219614.301213209], [630067.5275738914, 5219614.080889369], [630067.449282469, 5219613.851923836], [630067.3934939399, 5219613.616461733], [630067.3607309733, 5219613.376709048], [630067.3513005177, 5219613.1349119665], [630067.3652909248, 5219612.893335828], [630067.4025711219, 5219612.654243901], [630067.4627918396, 5219612.419876183], [630067.5453888845, 5219612.192428409], [630067.6495884242, 5219611.974031481], [630067.7744142385, 5219611.76673151], [630067.9186968637, 5219611.572470638], [630068.0810845502, 5219611.393068851], [630068.2600559269, 5219611.23020692], [630068.9050044672, 5219610.698025455], [630068.9482956252, 5219610.658577753], [630068.9443219025, 5219610.653249577], [630068.8071907955, 5219610.449150351], [630068.6907729986, 5219610.232567038], [630068.5961947176, 5219610.00559483], [630068.5243708864, 5219609.770429417], [630068.4759963168, 5219609.529345747], [630068.4515389758, 5219609.284676025], [630068.4512354599, 5219609.038787143], [630068.4750887051, 5219608.794057787], [630068.5228679591, 5219608.55285543], [630068.5941110137, 5219608.31751342], [630068.6881286757, 5219608.090308416], [630068.8040114342, 5219607.873438361], [630068.940638259, 5219607.669001218], [630069.0966874459, 5219607.478974679], [630069.2706494012, 5219607.305197026], [630069.324106415, 5219607.25680872], [630069.2896700278, 5219607.1838783175], [630069.246363015, 5219607.102428909], [630069.1507578639, 5219606.868128781], [630069.0793284385, 5219606.625364014], [630069.0328065978, 5219606.376621952], [630069.011669, 5219606.124451183], [630069.0161322191, 5219605.871435422], [630069.0461505252, 5219605.620167048], [630069.1014163538, 5219605.3732205285], [630069.1813634564, 5219605.133126056], [630069.2851727027, 5219604.902343614], [630069.4117804735, 5219604.683237778], [630069.5598895575, 5219604.478053485], [630069.7279824436, 5219604.288893033], [630069.9143368681, 5219604.117694541], [630069.9803613775, 5219604.062934876], [630070.023553316, 5219604.023378572], [630069.9884210378, 5219603.97651742], [630068.2775999361, 5219601.9137559775], [630068.278771064, 5219601.912784663], [630068.2415010638, 5219601.867841474], [630068.2402214317, 5219601.868902487], [630068.0524251026, 5219601.642411112], [630067.900770577, 5219601.43938636], [630067.7704483647, 5219601.222051904], [630067.6627975135, 5219600.992640833], [630067.5789241256, 5219600.753510326], [630067.5196899918, 5219600.507117423], [630067.4857037374, 5219600.25599379], [630067.4773145674, 5219600.002719696], [630067.49460868, 5219599.749897508], [630067.53740838, 5219599.50012495], [630067.6052739043, 5219599.2559684105], [630067.6975079413, 5219599.019936576], [630067.8131627954, 5219598.794454648], [630067.9510501239, 5219598.581839433], [630068.109753148, 5219598.384275531], [630068.2235546736, 5219598.2688141605], [630068.2534704839, 5219598.235431834], [630068.249602212, 5219598.229059543], [630068.1220654222, 5219598.04033375], [630068.0045302205, 5219597.822780781], [630067.9090615822, 5219597.594680899], [630067.8365934776, 5219597.358265605], [630067.7878348633, 5219597.115847752], [630067.7632627452, 5219596.869798919], [630067.7631175127, 5219596.622526202], [630067.7874005864, 5219596.376448674], [630067.8358744049, 5219596.133973714], [630067.9080647483, 5219595.897473456], [630068.0032653777, 5219595.669261587], [630068.1205449442, 5219595.451570704], [630068.2587561008, 5219595.246530479], [630068.2624054416, 5219595.241655385], [630068.2274322757, 5219595.194058489], [630065.9237852739, 5219592.361456219], [630065.7787097528, 5219592.164044143], [630065.6536528982, 5219591.953380388], [630065.5498156245, 5219591.7314879475], [630065.468195076, 5219591.500497643], [630065.4095750506, 5219591.262627664], [630065.3745184735, 5219591.020162262], [630065.3633619912, 5219590.775429822], [630065.376212739, 5219590.530780495], [630065.4129473116, 5219590.288563638], [630065.4732129489, 5219590.051105247], [630065.5564309228, 5219589.820685622], [630065.6618020956, 5219589.599517472], [630065.788314593, 5219589.389724663], [630065.9347535222, 5219589.193321826], [630066.099712637, 5219589.012195006], [630066.2816078438, 5219588.848083555], [630068.2216345865, 5219587.263055586], [630068.2651170265, 5219587.223818835], [630068.2303312336, 5219587.176699898], [630064.9704902692, 5219583.186752232], [630064.9312535208, 5219583.143269794], [630064.8841345938, 5219583.178055581], [630062.9620433111, 5219584.748430037], [630062.7643722076, 5219584.894340216], [630062.5533335211, 5219585.020142912], [630062.3309655021, 5219585.124623099], [630062.0994158214, 5219585.2067716895], [630061.8609208283, 5219585.2657952765], [630061.6177839512, 5219585.301123799], [630061.3723534506, 5219585.312416048], [630061.1269997393, 5219585.299562961], [630060.8840924884, 5219585.262688675], [630060.6459777406, 5219585.202149329], [630060.4149552519, 5219585.118529623], [630060.1932562796, 5219585.012637173], [630059.9830220332, 5219584.885494704], [630059.7862829935, 5219584.738330185], [630059.6049393023, 5219584.572564956], [630059.4407424103, 5219584.389800008], [630058.4623768668, 5219583.186785633], [630058.4230658292, 5219583.143022942], [630058.3516027922, 5219583.185425304], [630058.1367943739, 5219583.299143066], [630057.9119584574, 5219583.391464225], [630057.6792201699, 5219583.461516173], [630057.4407793304, 5219583.508636783], [630057.1988896588, 5219583.532380678], [630056.955837472, 5219583.532523432], [630056.7139200758, 5219583.5090636965], [630056.4754240493, 5219583.4622232085], [630056.2426036338, 5219583.392444703], [630056.0176594249, 5219583.300387716], [630055.8027175731, 5219583.186922364], [630055.7224016527, 5219583.139394645], [630055.7187486736, 5219583.14213585], [630055.5154316751, 5219583.279641207], [630055.2996106121, 5219583.396546271], [630055.0733658451, 5219583.491724159], [630054.8388782117, 5219583.564257426], [630054.5984080047, 5219583.6134469025], [630054.3542731849, 5219583.638818438], [630054.108827037, 5219583.640127469], [630053.8644354864, 5219583.617361376], [630053.6234542922, 5219583.570739609], [630053.388206341, 5219583.500711568], [630053.1609592544, 5219583.407952274], [630052.9439035316, 5219583.293355859], [630052.7391314344, 5219583.158026951], [630052.6977403412, 5219583.127651608], [630052.6338604469, 5219583.175529445], [630052.4295044758, 5219583.313498258], [630052.212551408, 5219583.43066533], [630051.9851116504, 5219583.525890919], [630051.7493976188, 5219583.598248723], [630051.5077022171, 5219583.64703488], [630051.2623765325, 5219583.671774824], [630051.0158069661, 5219583.672227898], [630050.7703920187, 5219583.648389695], [630050.5285189594, 5219583.6004921], [630050.292540604, 5219583.529001038], [630050.0647524273, 5219583.434611934], [630049.8473702346, 5219583.318242958], [630049.6425086068, 5219583.181026086], [630049.5834239766, 5219583.137080473], [630049.5359350123, 5219583.172200051], [630049.4795190389, 5219583.218370379], [630049.2756423346, 5219583.368643034], [630049.0576073838, 5219583.49751639], [630048.8276520133, 5219583.603667739], [630048.5881363959, 5219583.686007587], [630048.3415188272, 5219583.743690828], [630048.0903304946, 5219583.776125425], [630047.8371494978, 5219583.78297848], [630047.5845743887, 5219583.764179656], [630047.3351975004, 5219583.719921899], [630047.0915783409, 5219583.650659451], [630046.8562173229, 5219583.557103198], [630046.6315301007, 5219583.440213362], [630046.4198227773, 5219583.301189656], [630046.2232682345, 5219583.141458967], [630046.1991656969, 5219583.119754892], [630046.1520292639, 5219583.154949885], [630046.1503989104, 5219583.156296705], [630045.9578137603, 5219583.30038238], [630045.752273761, 5219583.425294472], [630045.5356813815, 5219583.529876798], [630045.310041391, 5219583.61316135], [630045.0774423036, 5219583.67437725], [630044.8400370459, 5219583.712957885], [630044.6000230303, 5219583.728546157], [630044.3596218158, 5219583.720997779], [630044.1210585458, 5219583.690382618], [630043.8865413507, 5219583.63698405], [630043.6582409117, 5219583.561296327], [630043.4382703672, 5219583.464020013], [630043.228665755, 5219583.346055491], [630043.0313671661, 5219583.208494636], [630042.9861883722, 5219583.173649164], [630042.8881186396, 5219583.243557056], [630042.8878085548, 5219583.243122056], [630042.7394608365, 5219583.34856011], [630042.5201615501, 5219583.473237626], [630042.2894141102, 5219583.575180153], [630042.0495679561, 5219583.653349727], [630041.803065169, 5219583.706950436], [630041.5524156074, 5219583.735436524], [630041.3001713512, 5219583.738517949], [630041.0489007175, 5219583.716163337], [630040.8011621104, 5219583.6686003], [630040.5594779708, 5219583.596313119], [630040.3263090943, 5219583.50003781], [630040.104029575, 5219583.3807546375], [630039.8949026332, 5219583.239678126], [630039.8822056722, 5219583.229104145], [630039.7872667413, 5219583.1574212285], [630039.7395256038, 5219583.192197218], [630037.6554743965, 5219584.872802782], [630037.6117421165, 5219584.911760865], [630037.6462260948, 5219584.959101125], [630064.6620483119, 5219618.460333133], [630067.8815306531, 5219615.811687742]]]}}, {"type": "Feature", "properties": {"vineyard_id": "V30", "area_m2": 990.1}, "geometry": {"type": "Polygon", "coordinates": [[[629912.945830792, 5219559.981483553], [629933.1035422696, 5219584.862528636], [629933.1268753794, 5219584.889929801], [629934.7761055985, 5219586.926150289], [629934.8150857928, 5219586.969711601], [629934.8623491147, 5219586.935122233], [629935.0083110315, 5219586.816879045], [629935.2055855639, 5219586.672453515], [629935.4160241301, 5219586.54798832], [629935.6376140624, 5219586.444673864], [629935.8682360405, 5219586.363498264], [629936.1056843596, 5219586.305237894], [629936.347688027, 5219586.270449967], [629936.5919324817, 5219586.259467199], [629936.8360817318, 5219586.272394632], [629937.0778006959, 5219586.309108625], [629937.314777536, 5219586.369258041], [629937.5447457687, 5219586.452267599], [629937.7655059417, 5219586.557343386], [629937.9749466706, 5219586.683480439], [629938.1710648314, 5219586.829472362], [629938.3519847195, 5219586.993922869], [629938.515975989, 5219587.175259126], [629943.3155715854, 5219593.034668446], [629943.3548633347, 5219593.078101183], [629943.4019382024, 5219593.043255784], [629945.4730618041, 5219591.346744212], [629945.5179591725, 5219591.306127474], [629945.5481234243, 5219591.222070162], [629945.5687273088, 5219591.154528694], [629945.6644791333, 5219590.925204258], [629945.7825256379, 5219590.706519254], [629945.9217003697, 5219590.500634572], [629946.0806281018, 5219590.309584619], [629946.2577384223, 5219590.135257217], [629946.4512812512, 5219589.979374947], [629946.6593441343, 5219589.843478129], [629946.8798711405, 5219589.728909599], [629947.1036801041, 5219589.639596098], [629947.1067540137, 5219589.63819322], [629947.1489585874, 5219589.607775456], [629947.3605310905, 5219589.470941867], [629947.584802424, 5219589.356099696], [629947.8194944806, 5219589.264415489], [629948.0622233016, 5219589.196820557], [629948.3105232919, 5219589.154001517], [629948.5618722657, 5219589.136393319], [629948.8137170662, 5219589.144174821], [629949.0634994999, 5219589.1772669805], [629949.3086823229, 5219589.235333655], [629949.5467750126, 5219589.317785013], [629949.7753590674, 5219589.423783528], [629949.9921125721, 5219589.552252487], [629950.1948337845, 5219589.701886926], [629950.3814634995, 5219589.871166886], [629950.5501059666, 5219590.058372851], [629958.0801975041, 5219599.315814461], [629958.1193400178, 5219599.359381745], [629958.1665341465, 5219599.324698057], [629958.308757188, 5219599.209012475], [629958.5054517871, 5219599.06438605], [629958.7153153953, 5219598.939634961], [629958.9363465662, 5219598.835948947], [629959.1664373497, 5219598.754316848], [629959.4033933951, 5219598.695517182], [629959.6449548784, 5219598.660110715], [629959.8888180541, 5219598.648435114], [629960.1326572258, 5219598.660601729], [629960.3741469258, 5219598.696494526], [629960.6109840932, 5219598.755771202], [629960.8409100379, 5219598.83786644], [629961.061731981, 5219598.941997307], [629961.2713439679, 5219599.06717072], [629961.467746952, 5219599.212192911], [629961.6490678592, 5219599.375680821], [629961.813577452, 5219599.556075283], [629963.6691350273, 5219601.80190882], [629963.7086102293, 5219601.845174892], [629963.7555372159, 5219601.810130585], [629965.8194627851, 5219600.104869415], [629965.862728862, 5219600.065394208], [629965.8276845618, 5219600.01846723], [629965.1998857798, 5219599.258624702], [629965.054385969, 5219599.0639781635], [629964.9284722247, 5219598.856124372], [629964.8233343308, 5219598.637027377], [629964.7399657555, 5219598.408757471], [629964.6791542647, 5219598.1734716175], [629964.6414744784, 5219597.933393082], [629964.6272824398, 5219597.690790411], [629964.6367122525, 5219597.447956006], [629964.6696748124, 5219597.207184455], [629964.7258586497, 5219596.970750858], [629964.8047328724, 5219596.74088932], [629964.9055521826, 5219596.519771848], [629965.0273639188, 5219596.309487824], [629965.1690170584, 5219596.1120242635], [629965.3291730931, 5219595.9292470375], [629965.5063186774, 5219595.762883244], [629965.8066689911, 5219595.507117131], [629965.8493432375, 5219595.46700287], [629965.8136049431, 5219595.420602224], [629955.9816420457, 5219583.87476803], [629955.8428377187, 5219583.695961783], [629955.720775509, 5219583.505333526], [629955.6164560985, 5219583.304446056], [629955.5446098413, 5219583.128856558], [629955.5375721119, 5219583.113956836], [629955.5012588764, 5219583.064941779], [629924.6040777868, 5219545.377363264], [629924.5647679076, 5219545.333946931], [629924.5177075958, 5219545.368811976], [629923.5063179914, 5219546.1979734395], [629923.3265958483, 5219546.332294454], [629923.1355545807, 5219546.449961007], [629922.934732978, 5219546.550025324], [629922.7257486078, 5219546.6316814115], [629922.510284787, 5219546.694271551], [629922.389591063, 5219546.72352865], [629922.3420625707, 5219546.758579695], [629920.2679374327, 5219548.451420304], [629920.2232082278, 5219548.491741083], [629920.2172159599, 5219548.531399731], [629920.2025650447, 5219548.67924876], [629920.1575826854, 5219548.90973538], [629920.0911721382, 5219549.134984428], [629920.0039193835, 5219549.353008397], [629919.8965943046, 5219549.561883531], [629919.7701438948, 5219549.7597668], [629919.625683902, 5219549.944912161], [629919.4644889832, 5219550.115685966], [629919.2879814577, 5219550.270581375], [629917.1384761638, 5219551.985083965], [629917.0940330161, 5219552.02426649], [629917.114791366, 5219552.112248867], [629917.1604434662, 5219552.361792512], [629917.1805709358, 5219552.614677921], [629917.1749665227, 5219552.868301136], [629917.1436879357, 5219553.120050605], [629917.0870572495, 5219553.367334067], [629917.0056575895, 5219553.607605248], [629916.9003271267, 5219553.838390079], [629916.7721504471, 5219554.057312175], [629916.6224473837, 5219554.262117296], [629916.4527594266, 5219554.450696569], [629916.2648338495, 5219554.621108196], [629915.7465207026, 5219555.04524583], [629915.7021003789, 5219555.085391256], [629915.7070054741, 5219555.188217575], [629915.7059385991, 5219555.447042442], [629915.6781170159, 5219555.704369879], [629915.6238389338, 5219555.957441688], [629915.5436861396, 5219556.2035452835], [629915.4385177619, 5219556.440042773], [629915.3094610614, 5219556.664399227], [629915.1578993497, 5219556.874209851], [629914.9854571609, 5219557.067225762], [629914.7939828392, 5219557.241378093], [629914.3644160571, 5219557.593228756], [629914.3198832603, 5219557.633513569], [629914.3153830534, 5219557.723367183], [629914.2928671204, 5219557.9554838585], [629914.2488202974, 5219558.184492583], [629914.1836258633, 5219558.408400611], [629914.097851115, 5219558.625259577], [629913.992242432, 5219558.833182459], [629913.8677187804, 5219559.03035999], [629913.7253637179, 5219559.215076407], [629913.5664159638, 5219559.385724379], [629913.3922586212, 5219559.540818991], [629912.9548833093, 5219559.89516445], [629912.9112395133, 5219559.934221644], [629912.945830792, 5219559.981483553]]]}}, {"type": "Feature", "properties": {"vineyard_id": "V31", "area_m2": 625.1}, "geometry": {"type": "Polygon", "coordinates": [[[630066.1327195693, 5219548.164074506], [630074.3695289592, 5219559.253040216], [630074.4067176419, 5219559.298286731], [630074.4553914134, 5219559.265712054], [630074.8204643421, 5219558.9945383305], [630075.0308199191, 5219558.854217355], [630075.2542740986, 5219558.735863333], [630075.4885408748, 5219558.640687062], [630075.7312236257, 5219558.569662225], [630075.9798396312, 5219558.52351543], [630076.2318454724, 5219558.502718772], [630076.4846630507, 5219558.507485006], [630076.7357059639, 5219558.5377653735], [630076.9824059649, 5219558.593250097], [630077.2222392358, 5219558.673371549], [630077.4527522076, 5219558.777310063], [630077.6715866609, 5219558.904002316], [630077.8765038513, 5219559.052152206], [630078.0654074118, 5219559.220244115], [630078.127590443, 5219559.281484581], [630078.1793012375, 5219559.259601138], [630078.4115793456, 5219559.174590145], [630078.651121142, 5219559.112948307], [630078.8955818003, 5219559.0752790235], [630079.1425683444, 5219559.061951031], [630079.389663073, 5219559.073094795], [630079.6344472257, 5219559.108601231], [630079.8745246597, 5219559.168122774], [630080.1075453055, 5219559.251076779], [630080.3312281711, 5219559.356651227], [630080.54338367, 5219559.48381267], [630080.741935055, 5219559.631316352], [630080.9249387464, 5219559.797718386], [630081.0906033582, 5219559.9813899], [630081.237307233, 5219560.180532968], [630081.3636143161, 5219560.393198219], [630081.4682882129, 5219560.617303916], [630081.5503042919, 5219560.850656335], [630081.6088597141, 5219561.090971234], [630081.6433812925, 5219561.335896221], [630081.653531102, 5219561.583033773], [630081.6392097885, 5219561.829964711], [630081.6005575403, 5219562.074271879], [630081.5379527165, 5219562.313563802], [630081.452008143, 5219562.5454981], [630081.343565114, 5219562.767804416], [630081.2136851563, 5219562.978306636], [630081.0636396386, 5219563.1749442], [630080.8948973261, 5219563.355792258], [630080.8796912136, 5219563.370552592], [630080.8980442295, 5219563.434461445], [630080.9526506934, 5219563.66542531], [630080.9851098227, 5219563.900526517], [630080.9951290895, 5219564.1376462905], [630080.9826181983, 5219564.374647663], [630080.9476898996, 5219564.609394733], [630080.8906589737, 5219564.839771915], [630080.8120393942, 5219565.063703008], [630080.7125396953, 5219565.279169903], [630080.593056587, 5219565.484230772], [630080.4546668738, 5219565.677037566], [630080.4437587626, 5219565.690805088], [630080.4774124457, 5219565.739343892], [630090.2201105519, 5219578.414527142], [630090.2580386479, 5219578.459155672], [630090.306169869, 5219578.425784581], [630090.726255922, 5219578.102888137], [630090.9324131898, 5219577.9602779895], [630091.1518156847, 5219577.839030232], [630091.3822575001, 5219577.740363911], [630091.6214217378, 5219577.665271031], [630091.8669038035, 5219577.614506587], [630092.1162355824, 5219577.588580974], [630092.3669102537, 5219577.587754852], [630092.6164074952, 5219577.612036527], [630092.862218823, 5219577.661181867], [630093.1018728118, 5219577.734696757], [630093.3329599428, 5219577.831842067], [630093.55315683, 5219577.951641082], [630093.7602495799, 5219578.092889326], [630093.9521560494, 5219578.2541666655], [630094.1269467812, 5219578.433851593], [630097.8232649699, 5219582.636067636], [630097.864058418, 5219582.6780930925], [630097.9098799682, 5219582.64161529], [630099.9201200283, 5219580.873384713], [630099.9621454886, 5219580.832591262], [630099.9256676807, 5219580.786769704], [630095.9876991964, 5219576.309829816], [630095.8367091721, 5219576.120405259], [630095.7047607913, 5219575.917256852], [630095.5930928834, 5219575.702291904], [630095.5027538699, 5219575.477528665], [630095.4345919206, 5219575.245077382], [630095.3892469906, 5219575.007120479], [630095.3671448118, 5219574.765892073], [630095.3684928961, 5219574.523656994], [630095.3932785864, 5219574.282689528], [630095.4412691765, 5219574.045252054], [630095.5120140949, 5219573.813573813], [630095.6048491355, 5219573.589829974], [630095.7189026942, 5219573.376121209], [630095.853103951, 5219573.174453976], [630096.0061929248, 5219572.986721675], [630096.1767323024, 5219572.814686879], [630096.3631209332, 5219572.659964777], [630096.3734086556, 5219572.652235119], [630096.5844223863, 5219572.509897587], [630096.8088154634, 5219572.389753863], [630097.0442618551, 5219572.293049344], [630097.2883209513, 5219572.220786455], [630097.5384628641, 5219572.173714268], [630097.792094652, 5219572.152320725], [630098.0465871972, 5219572.15682759], [630098.1472628191, 5219572.163748421], [630098.1963240734, 5219572.128827662], [630100.2986759249, 5219570.471172339], [630100.3428327091, 5219570.43269607], [630100.3088698353, 5219570.384980578], [630099.9157801488, 5219569.886437354], [630099.7738628136, 5219569.6871081805], [630099.6521113132, 5219569.474860162], [630099.5516919811, 5219569.251726554], [630099.4735667969, 5219569.019844892], [630099.4184841701, 5219568.781436517], [630099.386971772, 5219568.53878529], [630099.3793314792, 5219568.294215718], [630099.395636483, 5219568.050070688], [630099.4357305875, 5219567.808689015], [630099.4992297064, 5219567.572383045], [630099.5855255417, 5219567.343416502], [630099.6937914122, 5219567.123982797], [630099.8229901713, 5219566.916184025], [630099.9718841434, 5219566.722010817], [630100.1390469805, 5219566.543323283], [630100.3228773252, 5219566.381833179], [630100.3952174792, 5219566.324304819], [630100.4392137512, 5219566.285645118], [630100.4050525893, 5219566.238071378], [630097.2027247417, 5219562.211241963], [630097.0606019773, 5219562.013468113], [630096.938397331, 5219561.802803924], [630096.837270542, 5219561.58124863], [630096.7581813177, 5219561.3509048205], [630096.7018802259, 5219561.113958491], [630096.6689015717, 5219560.872658296], [630096.6595583273, 5219560.629294207], [630096.6739391614, 5219560.386175784], [630096.7119075977, 5219560.145610255], [630096.7731033106, 5219559.90988062], [630096.8569455442, 5219559.681223988], [630096.9626386239, 5219559.461810339], [630097.0891795076, 5219559.253721943], [630097.2353673045, 5219559.058933587], [630097.399814672, 5219558.879293838], [630097.5809609813, 5219558.716507504], [630097.7580652032, 5219558.572309644], [630097.801613927, 5219558.533146473], [630097.7669078597, 5219558.485968787], [630086.6044060613, 5219544.776152299], [630086.5652428897, 5219544.732603574], [630086.4686294505, 5219544.803676848], [630086.4676237162, 5219544.802309704], [630086.3452249819, 5219544.892284036], [630086.132623663, 5219545.018282304], [630085.908620987, 5219545.1226742845], [630085.6754059036, 5219545.20443986], [630085.4352573864, 5219545.262780019], [630085.1905221622, 5219545.297124662], [630084.9435917793, 5219545.307138176], [630084.6968792367, 5219545.292722707], [630084.4527954047, 5219545.254019122], [630084.2137254662, 5219545.191405633], [630083.9820056079, 5219545.105494099], [630083.7599001924, 5219544.997124043], [630083.5495796294, 5219544.867354458], [630083.3530991677, 5219544.717453449], [630083.1723788107, 5219544.548885845], [630083.0091845545, 5219544.363298886], [630078.3914509158, 5219538.55663994], [630078.3527912106, 5219538.512643664], [630078.3052174782, 5219538.54680482], [630076.2097825293, 5219540.213195174], [630076.1657862491, 5219540.251854883], [630076.1999474091, 5219540.299428619], [630076.6625657169, 5219540.881157005], [630076.8042204493, 5219541.078207927], [630076.9261019262, 5219541.288065103], [630077.0270616316, 5219541.508751004], [630077.1061481999, 5219541.738186057], [630077.162616381, 5219541.974208245], [630077.1959340627, 5219542.214593479], [630077.2057872851, 5219542.457076557], [630077.1920831993, 5219542.699372507], [630077.1549509417, 5219542.939198119], [630077.0947404178, 5219543.174293465], [630077.0120190048, 5219543.402443189], [630076.9075662047, 5219543.621497386], [630076.7823662992, 5219543.829391861], [630076.6375990749, 5219544.024167577], [630076.474628705, 5219544.20398912], [630076.2949908953, 5219544.367161993], [630076.1003784128, 5219544.5121485805], [630075.8926251335, 5219544.637582642], [630075.6736887626, 5219544.742282185], [630075.4456323858, 5219544.825260603], [630075.2106050284, 5219544.885735972], [630074.9708214055, 5219544.923138419], [630074.7285410507, 5219544.937115492], [630074.4860470254, 5219544.927535483], [630074.2456244043, 5219544.894488665], [630074.0574716855, 5219544.849697296], [630074.0348566571, 5219544.845486433], [630073.9853394344, 5219544.879458209], [630073.9140008553, 5219544.933734712], [630073.7179992099, 5219545.068631229], [630073.510061105, 5219545.184283552], [630073.2920700848, 5219545.27964408], [630073.0660007542, 5219545.35384902], [630072.8339008932, 5219545.4062262075], [630072.5978729074, 5219545.436301202], [630072.3600547843, 5219545.443801575], [630072.1226007267, 5219545.42865939], [630071.8876616395, 5219545.391011805], [630071.6573656468, 5219545.331199842], [630071.4337988143, 5219545.249765286], [630071.218986254, 5219545.147445791], [630071.0148737797, 5219545.025168184], [630070.823310282, 5219544.884040081], [630070.7373828737, 5219544.8071179595], [630070.6929336138, 5219544.771203934], [630070.6440755043, 5219544.804392354], [630068.8608582739, 5219546.148145373], [630068.6877996635, 5219546.267487772], [630068.5053265493, 5219546.37186906], [630068.3669443842, 5219546.436256217], [630068.3454276564, 5219546.4477775395], [630068.2946085876, 5219546.481787946], [630066.1453914173, 5219548.078212051], [630066.1001448958, 5219548.115400739], [630066.1327195693, 5219548.164074506]]]}}, {"type": "Feature", "properties": {"vineyard_id": "V32", "area_m2": 1824.0}, "geometry": {"type": "Polygon", "coordinates": [[[630032.834382083, 5219550.081320438], [630032.9433304607, 5219549.964886098], [630033.160309217, 5219549.780407821], [630033.7560343898, 5219549.329761688], [630035.0225339929, 5219548.296998191], [630035.0616052237, 5219548.252342024], [630035.2089693216, 5219548.1094813505], [630035.3675554661, 5219547.979190199], [630035.970865739, 5219547.523683768], [630037.0481293442, 5219546.645232227], [630037.0428265033, 5219546.637441255], [630034.1471690806, 5219542.802193822], [630034.0126677718, 5219542.605158531], [630033.8975597748, 5219542.396200025], [630033.8028932817, 5219542.177221116], [630033.7295303405, 5219541.950215858], [630033.6781390064, 5219541.7172514], [630033.6491872568, 5219541.480449153], [630033.6429387311, 5219541.241965476], [630033.6594503296, 5219541.003972041], [630033.6985716948, 5219540.768636055], [630033.7599465812, 5219540.538100523], [630033.8430160993, 5219540.314464741], [630033.9470238048, 5219540.099765171], [630034.0710225864, 5219539.895956904], [630034.2138832916, 5219539.7048958475], [630034.3743050074, 5219539.528321838], [630034.550826908, 5219539.367842784], [630034.7598282602, 5219539.195311951], [630034.8031112577, 5219539.1558553], [630034.7680870821, 5219539.1089133015], [630032.9185780355, 5219536.868444829], [630032.7679954261, 5219536.666036599], [630032.638578759, 5219536.449482818], [630032.5316458943, 5219536.220988669], [630032.448285737, 5219535.982880925], [630032.3893471498, 5219535.737584254], [630032.3554303088, 5219535.4875965305], [630032.3468805917, 5219535.235463399], [630032.3637850608, 5219534.983752349], [630032.4059715767, 5219534.735026573], [630032.4730105511, 5219534.491818864], [630032.5642193209, 5219534.256605824], [630032.6786691006, 5219534.031782646], [630032.8151944396, 5219533.819638719], [630032.9724050901, 5219533.622334322], [630033.1487001646, 5219533.44187862], [630033.1664857884, 5219533.425422748], [630033.1311153076, 5219533.378741123], [630031.9148277207, 5219531.927352582], [630031.8899897014, 5219531.899143582], [630017.5558338166, 5219514.787123994], [630017.4182173157, 5219514.606813835], [630017.2975100183, 5219514.414772685], [630017.1947055879, 5219514.212581429], [630017.1106503117, 5219514.001904507], [630017.0680405363, 5219513.858521569], [630017.0562612448, 5219513.825396637], [630017.0201080019, 5219513.77644993], [629990.0577897726, 5219480.791483695], [629990.0185426199, 5219480.748010635], [629989.9714320103, 5219480.782807692], [629989.9327726923, 5219480.814408295], [629989.7285256875, 5219480.964747816], [629989.5100981332, 5219481.0936206775], [629989.2797378695, 5219481.199700646], [629989.0398155362, 5219481.281896052], [629988.7928001762, 5219481.339361021], [629988.5412338271, 5219481.371504181], [629988.2877053607, 5219481.377994748], [629988.0348238407, 5219481.358765924], [629987.7851916736, 5219481.314015597], [629987.541377826, 5219481.24420429], [629987.305891389, 5219481.150050433], [629987.0811557556, 5219481.032522965], [629986.8694836824, 5219480.892831361], [629986.6872812513, 5219480.744032542], [629986.6815555487, 5219480.7397926785], [629986.6341409093, 5219480.775012548], [629986.5572276171, 5219480.838229594], [629986.3531577529, 5219480.98927249], [629986.1348208843, 5219481.118838989], [629985.904468797, 5219481.2255928265], [629985.664477194, 5219481.308433013], [629985.4173211934, 5219481.366505186], [629985.165549803, 5219481.399210429], [629984.9117596302, 5219481.4062114395], [629984.6585681031, 5219481.3874360155], [629984.4085864758, 5219481.343077793], [629984.2668296797, 5219481.3027419085], [629979.7941361307, 5219484.985951564], [629979.7563198659, 5219485.020324149], [629979.571567205, 5219485.172748047], [629979.5253379729, 5219485.207303633], [629978.699486133, 5219485.887382748], [629977.3786258149, 5219486.979705409], [629977.3770857546, 5219486.977843135], [629977.2747083994, 5219487.062552066], [629977.2496796047, 5219487.081281087], [629976.4570977663, 5219487.733962754], [629975.1438665465, 5219488.821133372], [629975.1006388719, 5219488.860650613], [629975.1357287756, 5219488.907543505], [629975.2215216409, 5219489.011175692], [629975.3684416728, 5219489.207504255], [629975.4954210446, 5219489.41728185], [629975.6012381049, 5219489.638490236], [629975.6848748021, 5219489.869001198], [629975.7455264791, 5219490.106597019], [629975.7826096142, 5219490.348991823], [629975.7957674355, 5219490.593853565], [629975.7848733536, 5219490.83882646], [629975.7500321788, 5219491.0815536585], [629975.6915791135, 5219491.319699914], [629975.6100765265, 5219491.550974056], [629975.5063085434, 5219491.773151026], [629975.3812735014, 5219491.98409329], [629975.2361743461, 5219492.1817714], [629975.0724070565, 5219492.364283524], [629974.8915472156, 5219492.529873736], [629974.6870416506, 5219492.699448188], [629974.642274012, 5219492.740438218], [629974.6303491845, 5219492.765985203], [629974.5682544523, 5219492.919598711], [629974.4639491094, 5219493.122248663], [629974.3416214084, 5219493.314557115], [629974.2022880702, 5219493.494925705], [629974.0471071583, 5219493.6618553065], [629973.877368452, 5219493.813958491], [629972.0408896742, 5219495.314474119], [629971.9974083637, 5219495.353712111], [629972.0321955066, 5219495.400830051], [630003.3094011506, 5219533.680954103], [630003.3176473622, 5219533.690555987], [630014.8762075499, 5219547.837865201], [630014.9067152378, 5219547.873391816], [630019.4096101138, 5219553.385861482], [630019.4487577085, 5219553.429244007], [630019.4958762036, 5219553.394457612], [630020.9315260064, 5219552.221481906], [630021.1274028453, 5219552.076761959], [630021.336431552, 5219551.951787566], [630021.556628474, 5219551.847744715], [630021.7859039744, 5219551.76562076], [630022.0220822619, 5219551.706195043], [630022.2629220381, 5219551.6700315075], [630022.5061377687, 5219551.657473339], [630022.7494213713, 5219551.668639713], [630022.7627150307, 5219551.669900973], [630022.8126661215, 5219551.636265352], [630024.9573338723, 5219550.033734652], [630025.004349434, 5219549.994867376], [630025.0182536361, 5219549.977800791], [630025.1867544097, 5219549.791013974], [630025.373173484, 5219549.622106441], [630025.5756233486, 5219549.472788397], [630025.79205418, 5219549.344571701], [630026.0202745962, 5219549.238754559], [630026.2579738442, 5219549.15640838], [630026.5027451974, 5219549.098366925], [630026.7521103233, 5219549.065217869], [630027.0035443769, 5219549.057296852], [630027.2545015654, 5219549.074684071], [630027.502440924, 5219549.117203482], [630027.7448520439, 5219549.184424572], [630027.9792804903, 5219549.275666718], [630028.2033526533, 5219549.390006089], [630028.4147997819, 5219549.526284985], [630028.6114809542, 5219549.683123573], [630028.7914047554, 5219549.858933844], [630028.9527494404, 5219550.051935705], [630030.3751269883, 5219551.938747311], [630030.4126354975, 5219551.983729049], [630030.4610771188, 5219551.950810131], [630031.5295956661, 5219551.145304807], [630032.834382083, 5219550.081320438]]]}}, {"type": "Feature", "properties": {"vineyard_id": "V33", "area_m2": 4028.1}, "geometry": {"type": "Polygon", "coordinates": [[[630144.178094062, 5219552.62010794], [630143.5224921993, 5219551.813479828], [630143.3774806996, 5219551.6160328165], [630143.2524901555, 5219551.405341048], [630143.1487207497, 5219551.1834276235], [630143.0671688947, 5219550.952423398], [630143.0086176669, 5219550.714546516], [630142.9736292858, 5219550.472081115], [630142.9625397165, 5219550.227355394], [630142.975455443, 5219549.982719253], [630143.0122524461, 5219549.740521734], [630143.0725773942, 5219549.503088463], [630143.155851036, 5219549.272699319], [630143.2612737624, 5219549.051566539], [630143.387833285, 5219548.841813483], [630143.5343143559, 5219548.645454237], [630143.6993104366, 5219548.464374281], [630143.8812372041, 5219548.300312376], [630144.2143331831, 5219548.028298709], [630144.2591732325, 5219547.987855981], [630144.2641290962, 5219547.968272972], [630144.3370228966, 5219547.730611534], [630144.433159108, 5219547.5013643], [630144.5515871898, 5219547.282797937], [630144.6911361922, 5219547.077073507], [630144.8504263334, 5219546.886225095], [630145.0278826428, 5219546.712139703], [630145.2217505326, 5219546.556538589], [630145.4301131469, 5219546.420960248], [630145.6509103139, 5219546.306745204], [630145.8819589161, 5219546.215022749], [630146.1209744756, 5219546.146699782], [630146.3655937418, 5219546.102451845], [630146.6133980575, 5219546.082716433], [630146.6522987076, 5219546.081559379], [630146.7014867022, 5219546.046533867], [630148.3262203664, 5219544.7649523355], [630148.5489419461, 5219544.608168218], [630148.787397736, 5219544.476543762], [630149.0387573168, 5219544.371641319], [630149.2224888195, 5219544.317540576], [630149.2644295656, 5219544.303173147], [630149.3137930888, 5219544.2675911365], [630151.4062069127, 5219542.597408862], [630151.4501331067, 5219542.558669548], [630151.4158858538, 5219542.511157756], [630146.0270709193, 5219535.760019849], [630145.8838849704, 5219535.561417619], [630145.7608124064, 5219535.3497617515], [630145.659033642, 5219535.127082285], [630145.579524859, 5219534.895514983], [630145.5230486424, 5219534.657280857], [630145.4901466678, 5219534.41466486], [630145.4811345048, 5219534.169993973], [630145.496098591, 5219533.925614886], [630145.5348954026, 5219533.683871491], [630145.5971528314, 5219533.447082398], [630145.6822737532, 5219533.217518702], [630145.7894417555, 5219532.997382196], [630145.9176289673, 5219532.788784256], [630146.0656059183, 5219532.593725588], [630146.2319533305, 5219532.414077042], [630146.4150757306, 5219532.251561662], [630146.7760176371, 5219531.9615507955], [630146.8198190967, 5219531.922670511], [630146.7854193263, 5219531.875269034], [630145.9394281214, 5219530.82236477], [630145.796305058, 5219530.625294828], [630145.6730376448, 5219530.415233126], [630145.5707958533, 5219530.19417343], [630145.4905500931, 5219529.964213886], [630145.433062003, 5219529.727537118], [630145.398877221, 5219529.486389498], [630145.3883202058, 5219529.24305984], [630145.4014911576, 5219528.999857661], [630145.4382650666, 5219528.759091275], [630145.4982928996, 5219528.5230458705], [630145.5810049132, 5219528.293961833], [630145.6856160607, 5219528.074013473], [630145.811133444, 5219527.865288391], [630145.9563657368, 5219527.669767664], [630146.1199344926, 5219527.489307043], [630146.3002872273, 5219527.325619339], [630146.4957121545, 5219527.180258163], [630146.7043544332, 5219527.054603187], [630147.0698326981, 5219526.858089749], [630147.2929342613, 5219526.751989534], [630147.5254183592, 5219526.668426939], [630147.7650147731, 5219526.6082179565], [630148.009383832, 5219526.571950531], [630148.2561392598, 5219526.559978815], [630148.5028714773, 5219526.572419713], [630148.747171132, 5219526.60915174], [630148.9866526257, 5219526.669816204], [630149.2189774095, 5219526.7538207155], [630149.4418768204, 5219526.860344965], [630149.6531742342, 5219526.988348738], [630149.8508063214, 5219527.136582073], [630150.0328431946, 5219527.3035974605], [630150.1975072545, 5219527.48776399], [630155.167907196, 5219533.632723411], [630155.2069299597, 5219533.6763979895], [630155.2542191402, 5219533.641843984], [630155.9103872601, 5219533.111097113], [630156.1084163438, 5219532.966393593], [630156.3196715974, 5219532.841790847], [630156.5421197442, 5219532.738488141], [630156.7736197783, 5219532.657479742], [630157.0119435721, 5219532.59954533], [630157.2547973209, 5219532.565242511], [630157.4998436206, 5219532.55490144], [630157.744723964, 5219532.568621648], [630157.9870814417, 5219532.606271081], [630158.2245834256, 5219532.667487372], [630158.454944021, 5219532.751681332], [630158.6759460669, 5219532.858042614], [630158.885462476, 5219532.98554752], [630159.0814767074, 5219533.132968848], [630159.2621021749, 5219533.2988877045], [630159.4256004052, 5219533.481707166], [630159.5483020148, 5219533.633257534], [630159.5873454758, 5219533.676913613], [630159.6346182751, 5219533.6423371965], [630161.7153817308, 5219531.957662798], [630161.7608511503, 5219531.916997591], [630161.8302748582, 5219531.824676262], [630161.9916416343, 5219531.631207642], [630162.1716606137, 5219531.454962046], [630162.3685036866, 5219531.297729263], [630162.5801718927, 5219531.161106007], [630162.8045157213, 5219531.046479702], [630163.0392569395, 5219530.955014388], [630163.2820117282, 5219530.887638903], [630163.530314889, 5219530.845037452], [630163.7816448802, 5219530.827642658], [630164.0334494216, 5219530.835631165], [630164.2831714143, 5219530.86892185], [630164.5282749077, 5219530.927176642], [630164.7662708525, 5219531.009803959], [630164.9947423774, 5219531.115964713], [630165.2113693324, 5219531.24458083], [630165.4139518501, 5219531.394346204], [630165.6004326859, 5219531.563739949], [630165.768918109, 5219531.751041859], [630166.9317527494, 5219533.182701607], [630169.0613622797, 5219531.363473924], [630165.0840528586, 5219526.466686705], [630164.9382414977, 5219526.267884526], [630164.8127206033, 5219526.0556870615], [630164.7087109064, 5219525.832157998], [630164.6272239347, 5219525.59947123], [630164.5690521754, 5219525.359889708], [630164.5347613672, 5219525.1157434415], [630164.5246849996, 5219524.8694068305], [630164.5389210683, 5219524.623275578], [630164.577331123, 5219524.37974339], [630164.6395416135, 5219524.141178695], [630164.7249475229, 5219523.90990161], [630164.8327182513, 5219523.688161381], [630164.9618056936, 5219523.478114502], [630165.110954433, 5219523.281803747], [630165.2787139501, 5219523.1011383], [630165.4634527295, 5219522.937875193], [630165.6633741274, 5219522.793602209], [630165.8765338438, 5219522.669722451], [630166.100858832, 5219522.56744069], [630166.3341674594, 5219522.487751648], [630166.5741907245, 5219522.431430326], [630166.818594324, 5219522.399024468], [630167.0650013543, 5219522.390849232], [630167.3110154278, 5219522.4069841225], [630167.5542439786, 5219522.447272224], [630167.7923215309, 5219522.5113217225], [630168.0229327037, 5219522.598509715], [630168.2438347295, 5219522.707988271], [630168.4528792651, 5219522.838692674], [630168.5323286108, 5219522.893997541], [630168.578691605, 5219522.857404404], [630170.5963083919, 5219521.097595599], [630170.6388613848, 5219521.056634297], [630170.6179556277, 5219521.015663035], [630170.5154951039, 5219520.7872908255], [630170.4363844389, 5219520.5498176105], [630170.3814166636, 5219520.305623899], [630170.3511427928, 5219520.057157568], [630170.3458663017, 5219519.806909324], [630170.3656400832, 5219519.557387737], [630170.4102659189, 5219519.31109409], [630170.4792964648, 5219519.070497314], [630170.5203904381, 5219518.967483273], [630170.5429880366, 5219518.901826528], [630170.5068528698, 5219518.854319572], [630166.1242474369, 5219513.644305519], [630165.9776258979, 5219513.451811149], [630165.8503008654, 5219513.246043576], [630165.7434651601, 5219513.028930494], [630165.6581196524, 5219512.802505887], [630165.5950638858, 5219512.568890972], [630165.5548885864, 5219512.330274327], [630165.537970129, 5219512.088891386], [630165.5444670111, 5219511.847003502], [630165.5743183678, 5219511.606876754], [630165.6272445421, 5219511.370760728], [630165.7027497053, 5219511.14086743], [630165.8001265011, 5219510.919350573], [630165.9184626734, 5219510.708285397], [630166.0566496117, 5219510.509649226], [630166.2133927376, 5219510.325302947], [630166.3872236322, 5219510.156973572], [630166.5765137934, 5219510.006238066], [630166.7794898916, 5219509.874508563], [630166.9942503831, 5219509.763019149], [630167.2187833244, 5219509.672814291], [630167.4509852204, 5219509.604739056], [630167.6886807311, 5219509.559431194], [630167.9296430505, 5219509.537315164], [630168.1716147681, 5219509.538598155], [630168.412329017, 5219509.563268148], [630168.4990948286, 5219509.5764298], [630168.5474448032, 5219509.540816375], [630170.6225551966, 5219507.849183624], [630170.6660802827, 5219507.8099941965], [630170.6313457638, 5219507.762837455], [630148.6414013638, 5219480.787974199], [630148.6022119332, 5219480.74444911], [630148.555055197, 5219480.779183624], [630146.4799448035, 5219482.470816376], [630146.434723369, 5219482.511533174], [630146.4300152509, 5219482.519330051], [630146.2909347054, 5219482.725693283], [630146.1320267998, 5219482.9172068825], [630145.9548661001, 5219483.091973206], [630145.7612080328, 5219483.248260551], [630145.5529714918, 5219483.384520319], [630145.332219824, 5219483.499402357], [630145.1011403844, 5219483.5917683365], [630144.862022863, 5219483.660703032], [630144.6172365961, 5219483.705523395], [630144.3692070897, 5219483.725785314], [630144.120391986, 5219483.721288021], [630143.8732567118, 5219483.692076078], [630143.6302500485, 5219483.638438935], [630143.3937798688, 5219483.560908067], [630143.1661892774, 5219483.4602517], [630142.9497333943, 5219483.337467206], [630142.7465570089, 5219483.193771214], [630142.5586733291, 5219483.030587562], [630142.3879440321, 5219482.849533183], [630140.5974382736, 5219480.750596363], [630140.5567954124, 5219480.707434705], [630140.5223772775, 5219480.720494122], [630140.3665522023, 5219480.788471949], [630140.1312658383, 5219480.864467346], [630139.889623315, 5219480.916849255], [630139.6439882818, 5219480.945105297], [630139.3967634414, 5219480.948959081], [630139.150367047, 5219480.928372914], [630138.9072092489, 5219480.88354816], [630138.6696685181, 5219480.814923277], [630138.4400683818, 5219480.723169526], [630138.4215682048, 5219480.714692715], [630138.4169174987, 5219480.717557505], [630138.229580947, 5219480.846236284], [630138.0178841604, 5219480.963284826], [630137.7958660022, 5219481.05932559], [630137.5656051267, 5219481.133459387], [630137.3292573611, 5219481.184992139], [630137.0890355215, 5219481.213441367], [630136.8471886951, 5219481.218540714], [630136.605981183, 5219481.200242437], [630136.367671301, 5219481.158717856], [630136.1344902352, 5219481.094355744], [630135.9086211536, 5219481.007758697], [630135.6921787647, 5219480.899737481], [630135.5558791265, 5219480.814340259], [630135.522331991, 5219480.79557844], [630135.5046569069, 5219480.802508126], [630135.2788705966, 5219480.878827061], [630135.0468427835, 5219480.933298445], [630134.8106822865, 5219480.965427209], [630134.5725354849, 5219480.974921344], [630134.3345668104, 5219480.961694563], [630134.0989390763, 5219480.925867078], [630133.8677938195, 5219480.867764513], [630133.6432318375, 5219480.787914942], [630133.4272940947, 5219480.68704409], [630133.2219431727, 5219480.566068734], [630133.0290454335, 5219480.426088379], [630132.8503540562, 5219480.268375254], [630132.6874931038, 5219480.094362761], [630126.9638522712, 5219473.3624121435], [630126.9237711715, 5219473.319706757], [630126.8773427868, 5219473.355408995], [630124.8376572186, 5219475.089590998], [630124.7949518259, 5219475.129672104], [630124.8306540673, 5219475.176100492], [630127.2295088284, 5219477.997551428], [630127.3810618982, 5219478.19492274], [630127.5122426001, 5219478.406382879], [630127.6217512215, 5219478.629836744], [630127.7085027727, 5219478.863070394], [630127.7716377364, 5219479.103772998], [630127.8105305838, 5219479.3495597225], [630127.8247959724, 5219479.59799536], [630127.8142925634, 5219479.8466184605], [630127.7791244225, 5219480.092965714], [630127.7196399887, 5219480.334596361], [630127.6364286221, 5219480.569116373], [630127.5303147645, 5219480.794202171], [630127.402349771, 5219481.00762365], [630127.2538014936, 5219481.207266273], [630127.0861417194, 5219481.391152019], [630126.901031588, 5219481.557458984], [630126.0957724914, 5219482.211513254], [630125.8919332401, 5219482.360641255], [630125.6740875806, 5219482.488441371], [630125.4444589195, 5219482.593609232], [630125.2053909237, 5219482.67507146], [630124.9593236017, 5219482.731996623], [630124.7087683992, 5219482.763803723], [630124.456282567, 5219482.7701681275], [630124.2044430603, 5219482.751024879], [630123.9558202379, 5219482.70656936], [630123.7129516276, 5219482.637255297], [630123.4783160284, 5219482.543790134], [630123.2543082099, 5219482.427127807], [630123.0432144712, 5219482.288459013], [630122.8471893062, 5219482.12919905], [630122.6682334134, 5219481.95097338], [630122.5081732766, 5219481.755601034], [630121.7971405148, 5219480.792266325], [630121.7797717506, 5219480.769901519], [630120.4900390548, 5219479.022038377], [630118.2803857841, 5219481.208493607], [630118.2899217182, 5219481.257537744], [630118.3129118156, 5219481.502854752], [630118.3116419786, 5219481.749243402], [630118.2861245417, 5219481.9943104135], [630118.236607367, 5219482.235675341], [630118.1635714364, 5219482.470993705], [630118.1528011432, 5219482.500476883], [630118.1880386043, 5219482.54865346], [630118.3621245193, 5219482.763669258], [630118.5070033567, 5219482.961753432], [630118.6317626579, 5219483.173088081], [630118.7352001983, 5219483.395636711], [630118.816319217, 5219483.627254764], [630118.8743380224, 5219483.865710285], [630118.9086975248, 5219484.108705433], [630118.9190666238, 5219484.35389862], [630118.9053453989, 5219484.598927079], [630118.8676660729, 5219484.841429627], [630118.8063917371, 5219485.0790694235], [630118.7221128527, 5219485.309556489], [630118.615641561, 5219485.5306697665], [630118.488003857, 5219485.74027853], [630118.340429703, 5219485.936362917], [630118.1743411759, 5219486.117033386], [630117.9913387636, 5219486.280548934], [630117.3592191426, 5219486.791843982], [630117.3155445554, 5219486.830866753], [630117.3500985568, 5219486.878155928], [630135.9391713563, 5219509.860028488], [630136.0836513551, 5219510.05771793], [630136.208099235, 5219510.2685930375], [630136.3113211802, 5219510.490630907], [630136.392326994, 5219510.721701554], [630136.4503395959, 5219510.959588341], [630136.4848024774, 5219511.202009248], [630136.4953850397, 5219511.446638754], [630136.4819857654, 5219511.691130154], [630136.4447331922, 5219511.933138071], [630136.3839846802, 5219512.170340946], [630136.3003229833, 5219512.4004633175], [630136.1945506594, 5219512.621297647], [630136.0676823711, 5219512.830725495], [630135.9209351524, 5219513.02673784], [630135.7557167338, 5219513.207454358], [630135.573612038, 5219513.371141454], [630135.376367976, 5219513.516228896], [630135.165876689, 5219513.641324874], [630134.8652327228, 5219513.800616688], [630134.6419585872, 5219513.90515832], [630134.4094733093, 5219513.98720031], [630134.170037773, 5219514.045944813], [630133.9259804523, 5219514.080820546], [630133.6796747671, 5219514.091488347], [630133.4335160026, 5219514.077844477], [630133.189898015, 5219514.040021618], [630132.951189952, 5219513.978387592], [630132.7197132128, 5219513.89354178], [630132.4977188733, 5219513.786309295], [630132.2873657944, 5219513.657732957], [630132.0906996276, 5219513.509063151], [630131.9096329213, 5219513.341745667], [630131.7459265217, 5219513.157407642], [630119.529799407, 5219497.953452493], [630119.4909191144, 5219497.909651023], [630119.443517639, 5219497.944050794], [630117.8269311452, 5219499.24295137], [630117.6057492365, 5219499.401654174], [630117.3686229382, 5219499.535367058], [630117.1183639233, 5219499.64250455], [630116.8579395836, 5219499.721796289], [630116.8373734178, 5219499.72685275], [630116.7884627986, 5219499.762798185], [630114.7115372022, 5219501.452201813], [630114.6663853698, 5219501.492768241], [630114.6549935859, 5219501.516585192], [630114.5901533939, 5219501.672770332], [630114.4841455243, 5219501.874145839], [630114.3602647585, 5219502.065047173], [630114.2195376173, 5219502.243892455], [630114.0631302169, 5219502.409199709], [630113.8923386056, 5219502.55959914], [630113.024869687, 5219503.2560283225], [630112.8560582775, 5219503.380286035], [630112.6774310237, 5219503.489965455], [630112.4902436683, 5219503.58429554], [630112.3767394272, 5219503.635645844], [630112.3288813767, 5219503.670127492], [630110.8511077261, 5219504.849193387], [630110.67035413, 5219504.980631048], [630110.4785845416, 5219505.095401018], [630110.2773315136, 5219505.192586099], [630110.0682033869, 5219505.271409621], [630109.8972162475, 5219505.31892003], [630109.877886805, 5219505.325421952], [630109.8283265131, 5219505.3607293945], [630108.7702070471, 5219506.1957553085], [630108.5562607949, 5219506.3470959375], [630108.3276474944, 5219506.475208948], [630108.0868792215, 5219506.578686595], [630107.8366016141, 5219506.656391833], [630107.5795648023, 5219506.707470812], [630107.3185931881, 5219506.73136226], [630107.1542750157, 5219506.729130741], [630107.1031040689, 5219506.73077689], [630107.0540011107, 5219506.765921496], [630106.4984110302, 5219507.206356462], [630106.301280775, 5219507.347617505], [630106.0913908436, 5219507.469113333], [630105.8707163845, 5219507.569700623], [630105.6413340333, 5219507.648432806], [630105.4054023706, 5219507.704568981], [630105.1651416083, 5219507.737580885], [630104.9228126972, 5219507.747157862], [630104.6806960498, 5219507.733209789], [630104.4410700815, 5219507.695867922], [630104.2061897694, 5219507.6354836635], [630103.9782654317, 5219507.552625255], [630103.7594419284, 5219507.448072426], [630103.5517784768, 5219507.322809061], [630103.3572292739, 5219507.1780139385], [630103.177625106, 5219507.01504964], [630103.0146561207, 5219506.835449725], [630102.8501870892, 5219506.635509885], [630102.8106320032, 5219506.5919676535], [630102.7127732907, 5219506.650773983], [630102.4940732707, 5219506.767839612], [630102.2648484069, 5219506.862655339], [630102.0273555211, 5219506.93428766], [630101.7839328375, 5219506.982031323], [630101.536976962, 5219507.00541627], [630101.2889192861, 5219507.004212266], [630101.042202049, 5219506.978431163], [630100.7992542933, 5219506.928326791], [630100.5624679484, 5219506.8543924475], [630100.3341742827, 5219506.75735605], [630100.2436410243, 5219506.713450733], [630100.1955124539, 5219506.748422436], [630098.1094875525, 5219508.426577558], [630098.0657095147, 5219508.46548422], [630098.1001378325, 5219508.512864973], [630098.7566521582, 5219509.328942828], [630098.9031926753, 5219509.530974802], [630099.0288586864, 5219509.74661129], [630099.132397733, 5219509.973703138], [630099.2127778863, 5219510.209987018], [630099.2691980321, 5219510.453107994], [630099.3010958553, 5219510.7006429825], [630099.3081534441, 5219510.950124909], [630099.2903004586, 5219511.199067296], [630099.2477148316, 5219511.444989044], [630099.1808209958, 5219511.685439156], [630099.0902856531, 5219511.91802117], [630098.9770111298, 5219512.140417042], [630098.8421263843, 5219512.350410249], [630098.6869757541, 5219512.545907879], [630098.5131055583, 5219512.724961492], [630098.3222486862, 5219512.88578654], [630098.1945606879, 5219512.98291051], [630098.1497410614, 5219513.020612573], [630098.1828684916, 5219513.0689118365], [630098.8992579879, 5219514.010742578], [630099.0366264125, 5219514.210794691], [630099.1539515206, 5219514.423222917], [630099.2501278105, 5219514.64602564], [630099.3242490564, 5219514.877103491], [630099.3756168472, 5219515.114279127], [630099.4037471674, 5219515.355317748], [630099.4083749576, 5219515.597948158], [630099.3894566124, 5219515.839884158], [630099.3471703907, 5219516.078846096], [630099.2819147365, 5219516.31258234], [630099.1943045243, 5219516.538890499], [630099.085165266, 5219516.755638173], [630098.9555253312, 5219516.960783048], [630098.8066062587, 5219517.152392134], [630098.639811246, 5219517.328659986], [630098.4567119272, 5219517.487925713], [630097.961048006, 5219517.878477412], [630097.9151569374, 5219517.918437971], [630097.8526160085, 5219518.018227132], [630097.8471417424, 5219518.027991112], [630097.7059981856, 5219518.230094147], [630097.5456368531, 5219518.417314293], [630097.367616897, 5219518.587831258], [630097.1736691595, 5219518.73998715], [630096.9656793444, 5219518.872302595], [630096.7456696832, 5219518.983491125], [630096.5157792731, 5219519.072471681], [630096.2782432794, 5219519.1383791305], [630096.0353712033, 5219519.180572671], [630095.7895244276, 5219519.198642066], [630095.543093257, 5219519.1924116295], [630095.2984736784, 5219519.161941941], [630095.1578613822, 5219519.130119349], [630095.1085332372, 5219519.121463194], [630095.0593712055, 5219519.15594697], [630094.2322833741, 5219519.798879156], [630094.0380578273, 5219519.935570099], [630093.8317375701, 5219520.053213324], [630093.6151847, 5219520.150747069], [630093.3903536663, 5219520.227291064], [630093.159273631, 5219520.282154479], [630092.9240301558, 5219520.314842157], [630092.6867463775, 5219520.3250590805], [630092.4495638481, 5219520.312713042], [630092.2146232054, 5219520.277915465], [630091.9840448535, 5219520.220980409], [630091.7599098259, 5219520.142421728], [630091.544241003, 5219520.042948436], [630091.3389848557, 5219519.923458307], [630091.1459938772, 5219519.785029773], [630090.9670098647, 5219519.628912188], [630090.8867601529, 5219519.551904494], [630090.8385319269, 5219519.585587831], [630088.7214680813, 5219521.224412164], [630088.5968213491, 5219521.331081561], [630088.558619306, 5219521.367066449], [630088.3584277926, 5219521.520692164], [630088.1437692438, 5219521.653354178], [630087.916830687, 5219521.763700877], [630087.6799242629, 5219521.850608005], [630087.4354636691, 5219521.913190116], [630087.1859395681, 5219521.9508096], [630086.9338942112, 5219521.963083172], [630086.6818955374, 5219521.949885787], [630086.4325110102, 5219521.911351904], [630086.1882814589, 5219521.847874122], [630085.9516951921, 5219521.760099177], [630085.7251626455, 5219521.648921357], [630085.510991823, 5219521.515473384], [630085.3113647831, 5219521.361114881], [630085.1283154058, 5219521.187418514], [630084.9637086716, 5219520.99615397], [630084.8735044908, 5219520.879960527], [630084.8353620705, 5219520.835515042], [630084.787391998, 5219520.869117373], [630082.6726080074, 5219522.510882622], [630082.6281625229, 5219522.549025042], [630082.6617648533, 5219522.596995114], [630085.2811331033, 5219525.971045115], [630085.4261625924, 5219526.178796433], [630085.5494195062, 5219526.400160152], [630085.6496378649, 5219526.63286263], [630085.7257883191, 5219526.874513766], [630085.7770887224, 5219527.122631543], [630085.8030121651, 5219527.374667529], [630085.8032923858, 5219527.628033045], [630085.7779265061, 5219527.880125755], [630085.7271750609, 5219528.128356402], [630085.6515593214, 5219528.37017539], [630085.5518559421, 5219528.60309898], [630085.4290889828, 5219528.8247348005], [630085.2845193911, 5219529.032806413], [630085.119632051, 5219529.225176701], [630084.9387966995, 5219529.39732225], [630084.9725485187, 5219529.445417289], [630088.2409806503, 5219533.648039298], [630088.2592484382, 5219533.67037441], [630095.1013683301, 5219542.467697382], [630095.2388698469, 5219542.663087666], [630095.3570914982, 5219542.870711536], [630095.4549535131, 5219543.088672671], [630095.5315620741, 5219543.314980334], [630095.5862174813, 5219543.547567558], [630095.6184205426, 5219543.78431002], [630095.6278771329, 5219544.023045444], [630095.614500881, 5219544.261593356], [630095.5784139584, 5219544.497774989], [630095.5199459628, 5219544.729433194], [630095.4396309085, 5219544.954452132], [630095.3382023486, 5219545.170776604], [630095.2165866751, 5219545.376430824], [630095.0758946583, 5219545.56953646], [630094.9174113008, 5219545.748329792], [630094.7425841017, 5219545.911177821], [630094.6745985188, 5219545.968689848], [630094.7078598321, 5219546.016897008], [630104.8807799339, 5219559.314410037], [630104.9186062088, 5219559.359124882], [630104.9668133688, 5219559.325863569], [630105.0332180329, 5219559.27506239], [630105.234086473, 5219559.136395419], [630105.4475199231, 5219559.017977426], [630105.671483879, 5219558.9209372], [630105.9038434565, 5219558.846199756], [630106.1423837428, 5219558.79447751], [630106.3848309085, 5219558.766263493], [630106.6288738828, 5219558.761826649], [630106.8721863832, 5219558.78120927], [630107.1124490906, 5219558.824226596], [630107.3473717569, 5219558.890468574], [630107.574715037, 5219558.97930377], [630107.7923118344, 5219559.08988538], [630107.9980879585, 5219559.221159314], [630108.190081897, 5219559.371874232], [630108.3664635124, 5219559.54059348], [630108.5255514885, 5219559.725708781], [630117.2397660428, 5219570.928626113], [630117.2779506962, 5219570.97303532], [630117.3258888103, 5219570.9393874], [630119.4391111946, 5219569.295612596], [630119.4835203964, 5219569.257427947], [630119.4498724757, 5219569.209489831], [630119.3331823888, 5219569.0594740845], [630119.1921824337, 5219568.858583565], [630119.0715603568, 5219568.644835342], [630118.9724787227, 5219568.420289538], [630118.8958924882, 5219568.187110343], [630118.8425397972, 5219567.947545156], [630118.8129348672, 5219567.703902925], [630118.807363033, 5219567.458531895], [630118.8258779959, 5219567.213796968], [630118.8683013078, 5219566.972056919], [630118.9342240891, 5219566.735641659], [630119.023010971, 5219566.506829776], [630119.1338062187, 5219566.287826576], [630119.2655419789, 5219566.08074283], [630119.416948572, 5219565.887574428], [630119.5865667294, 5219565.71018314], [630119.7727616583, 5219565.550278679], [630121.8246161127, 5219563.956262134], [630121.8690487774, 5219563.918104783], [630121.8354303258, 5219563.870145997], [630119.5162007463, 5219560.884780783], [630119.4918239113, 5219560.854915438], [630118.8964151137, 5219560.0870263195], [630118.7557140739, 5219559.885902115], [630118.6354140857, 5219559.671949689], [630118.5366747971, 5219559.447231463], [630118.4604480189, 5219559.213913641], [630118.4074685497, 5219558.974245321], [630118.3782470922, 5219558.730536818], [630118.3730653307, 5219558.485137394], [630118.3919732155, 5219558.24041261], [630118.4347884813, 5219557.998721523], [630118.5010984048, 5219557.7623939505], [630118.5902637822, 5219557.533708001], [630118.7014250917, 5219557.314868125], [630118.8335107788, 5219557.107983859], [630118.9852475855, 5219556.915049493], [630119.1551728239, 5219556.737924845], [630119.3416484767, 5219556.578317329], [630119.4259835591, 5219556.513025375], [630119.4704797673, 5219556.47494214], [630119.4369413041, 5219556.426927383], [630114.8482750156, 5219550.49992528], [630114.7057738464, 5219550.295586497], [630114.5843168634, 5219550.078079893], [630114.4851101037, 5219549.8495652545], [630114.4091386654, 5219549.612311672], [630114.3571569256, 5219549.368675017], [630114.3296810499, 5219549.121074537], [630114.3269838669, 5219548.871968843], [630114.3490921587, 5219548.623831492], [630114.3957863958, 5219548.379126425], [630114.466602916, 5219548.140283502], [630114.5608385294, 5219547.9096743725], [630114.6775574998, 5219547.689588927], [630114.8156008377, 5219547.482212558], [630114.9735978073, 5219547.289604461], [630115.1499795389, 5219547.113677186], [630115.3429946061, 5219546.956177645], [630115.5507264184, 5219546.818669771], [630115.7711122511, 5219546.70251898], [630116.0019637286, 5219546.608878621], [630116.2409885541, 5219546.538678519], [630116.4858132714, 5219546.4926157445], [630116.5820505581, 5219546.4842914855], [630116.6579858754, 5219546.474007445], [630116.7070670471, 5219546.43855983], [630118.7979329561, 5219544.766440168], [630118.8418232492, 5219544.727660182], [630118.8075320028, 5219544.680180132], [630118.7241724443, 5219544.575944973], [630118.5798592231, 5219544.376023718], [630118.4559414095, 5219544.162859017], [630118.3536243732, 5219543.938524361], [630118.2739033698, 5219543.705201888], [630118.2175538588, 5219543.46516117], [630118.1851239615, 5219543.22073712], [630118.1769291292, 5219542.974307295], [630118.1930490743, 5219542.728268758], [630118.2333269953, 5219542.485014769], [630118.2973711021, 5219542.246911501], [630118.3845584268, 5219542.016275024], [630118.4940408834, 5219541.795348778], [630118.6247535173, 5219541.586281752], [630118.7754248647, 5219541.391107575], [630118.9445893195, 5219541.21172474], [630119.1306013903, 5219541.049878135], [630119.4294775191, 5219540.814689977], [630119.4756193607, 5219540.774562506], [630119.5247800114, 5219540.7225092705], [630119.7029221217, 5219540.551634092], [630119.8970472208, 5219540.399159884], [630120.1052627311, 5219540.266573159], [630120.3255387029, 5219540.155166541], [630120.5557276065, 5219540.066026164], [630120.7935852682, 5219540.000021081], [630121.0367927492, 5219539.957794793], [630121.2829789541, 5219539.939758976], [630121.5297437472, 5219539.946089465], [630121.7746813518, 5219539.976724545], [630122.0154038052, 5219540.031365543], [630122.2495642388, 5219540.1094797505], [630122.4748797597, 5219540.210305612], [630122.6891537057, 5219540.332860148], [630122.8902970625, 5219540.475948541], [630123.076348829, 5219540.638175784], [630123.2454951361, 5219540.81796028], [630124.8890196112, 5219542.747462869], [630125.0420286066, 5219542.946540689], [630125.174296937, 5219543.159962385], [630125.2844904121, 5219543.385575172], [630125.3714975106, 5219543.621103294], [630125.4344405923, 5219543.86417098], [630125.4726847504, 5219544.112326406], [630125.4858442163, 5219544.363066431], [630125.4737862505, 5219544.613861839], [630125.4366324814, 5219544.862182859], [630125.3747576793, 5219545.105524677], [630125.2887859751, 5219545.341432705], [630125.1795845649, 5219545.567527338], [630125.0482549631, 5219545.781527963], [630124.8961218912, 5219545.981275953], [630124.7247199148, 5219546.164756454], [630124.5357779651, 5219546.330118695], [630124.3746791277, 5219546.457410924], [630124.3305620232, 5219546.495932707], [630124.3645740731, 5219546.54361316], [630134.4359768883, 5219559.289805883], [630134.474498665, 5219559.333922981], [630134.5221791196, 5219559.299910931], [630136.6228208804, 5219557.640089069], [630136.6685426751, 5219557.600166118], [630136.7109313537, 5219557.514675332], [630136.8270644639, 5219557.306111117], [630136.9625605785, 5219557.109574265], [630137.1161842779, 5219556.92685675], [630137.28653486, 5219556.759624545], [630137.4720591109, 5219556.609402431], [630137.6710654671, 5219556.4775600955], [630137.8817394383, 5219556.365299643], [630138.1021601524, 5219556.273644638], [630138.3303178686, 5219556.203430766], [630138.5641323021, 5219556.155298221], [630138.8014715915, 5219556.129685862], [630139.0401717369, 5219556.126827217], [630139.27805633, 5219556.14674835], [630139.5129563991, 5219556.189267625], [630139.7427301842, 5219556.253997362], [630139.8675344203, 5219556.3024212085], [630144.178094062, 5219552.62010794]], [[630143.8796080212, 5219525.38042247], [630143.6465479672, 5219525.464100244], [630143.4063530253, 5219525.524311111], [630143.1613797559, 5219525.56046434], [630142.9140316002, 5219525.5722052315], [630142.6667352992, 5219525.5594185935], [630142.4219170848, 5219525.522229877], [630142.181978877, 5219525.461003942], [630141.9492747176, 5219525.376341479], [630141.7260876747, 5219525.269073112], [630141.5146074439, 5219525.140251256], [630141.3169088649, 5219524.991139785], [630141.1349315648, 5219524.82320164], [630140.9704609291, 5219524.638084464], [630140.6428470283, 5219524.230342549], [630140.5000777198, 5219524.033813108], [630140.3770556621, 5219523.824355545], [630140.2749423196, 5219523.603947374], [630140.1947017547, 5219523.3746694885], [630140.137091527, 5219523.138686527], [630140.1026555406, 5219522.898226426], [630140.0917189092, 5219522.655559397], [630140.1043848867, 5219522.412976484], [630140.1405338923, 5219522.172767936], [630140.1998246395, 5219521.937201588], [630140.2816973581, 5219521.708501446], [630140.3853790794, 5219521.488826692], [630140.5098909335, 5219521.280251298], [630140.6540573912, 5219521.084744445], [630140.8165173619, 5219520.904151935], [630140.9957370443, 5219520.740178759], [630141.1900244068, 5219520.594373005], [630141.3975451622, 5219520.468111242], [630141.7371818335, 5219520.283451061], [630141.9605528216, 5219520.17599171], [630142.1934673609, 5219520.09118058], [630142.4336357297, 5219520.029851426], [630142.6786968957, 5219519.9926071605], [630142.9262417268, 5219519.97981392], [630143.1738366749, 5219519.991597474], [630143.4190476988, 5219520.027841979], [630143.6594641934, 5219520.088191126], [630143.8927226871, 5219520.172051638], [630144.116530077, 5219520.278599105], [630144.3286861712, 5219520.406786086], [630144.5271053188, 5219520.555352408], [630144.7098369134, 5219520.722837557], [630144.8750845684, 5219520.907595027], [630145.2053764637, 5219521.315938484], [630145.3493896313, 5219521.512918962], [630145.4735136129, 5219521.723000704], [630145.576565932, 5219521.94418235], [630145.6575648529, 5219522.174356798], [630145.715738733, 5219522.41133127], [630145.7505333745, 5219522.652848214], [630145.7616173037, 5219522.896606798], [630145.7488849286, 5219523.14028484], [630145.7124575452, 5219523.38156092], [630145.6526821817, 5219523.618136505], [630145.5701282927, 5219523.847757838], [630145.465582334, 5219524.068237414], [630145.3400402708, 5219524.277474819], [630145.194698089, 5219524.473476736], [630145.0309404021, 5219524.654375937], [630144.85032726, 5219524.8184490735], [630144.6545792876, 5219524.964133089], [630144.4455612929, 5219525.090040115], [630144.1032466271, 5219525.274098754], [630143.8796080212, 5219525.38042247]]]}}, {"type": "Feature", "properties": {"vineyard_id": "V34", "area_m2": 97.7}, "geometry": {"type": "Polygon", "coordinates": [[[630192.8001666146, 5219488.444897685], [630195.9708182386, 5219493.157766928], [630196.0945650332, 5219493.362159639], [630196.1982343919, 5219493.577432288], [630196.280879363, 5219493.801618502], [630196.341745039, 5219494.032670485], [630196.3802754519, 5219494.2684777295], [630196.3961186516, 5219494.506886292], [630196.389129921, 5219494.745718465], [630196.3593730974, 5219494.9827926755], [630196.30711999, 5219495.215943404], [630196.2328478965, 5219495.443040973], [630196.1372352439, 5219495.662010993], [630196.0211553909, 5219495.87085332], [630195.885668651, 5219496.067660313], [630195.7320126065, 5219496.250634272], [630195.5615908046, 5219496.418103848], [630195.3759599368, 5219496.568539317], [630195.0509169617, 5219496.807152721], [630195.0054619149, 5219496.84408621], [630195.0377621913, 5219496.892942502], [630198.4851271814, 5219501.588997936], [630198.5220606774, 5219501.63445299], [630198.570916978, 5219501.602152709], [630198.5859987172, 5219501.591081234], [630198.7894172444, 5219501.456511389], [630199.0049807996, 5219501.342404011], [630199.2306376271, 5219501.249845183], [630199.4642399019, 5219501.179715892], [630199.7035641734, 5219501.132683635], [630199.9463325291, 5219501.109196069], [630200.1902342746, 5219501.109476751], [630200.4329479282, 5219501.133523011], [630200.6721633165, 5219501.181105972], [630200.905603563, 5219501.251772736], [630201.1310467593, 5219501.34485069], [630201.3463471142, 5219501.459453908], [630201.5494553767, 5219501.594491583], [630201.7384383414, 5219501.748678416], [630201.776264807, 5219501.782744966], [630201.8268295879, 5219501.752219744], [630204.0481704178, 5219500.257780252], [630204.0958430291, 5219500.222189498], [630204.0813525676, 5219500.126587622], [630204.05599212, 5219499.871721645], [630204.0568414637, 5219499.615598437], [630204.0838916841, 5219499.360906262], [630204.1368588628, 5219499.11031836], [630204.215187058, 5219498.866464895], [630204.3180541391, 5219498.631905345], [630204.4443804164, 5219498.409101642], [630204.5928399727, 5219498.200392325], [630204.761874581, 5219498.007968003], [630204.9497100587, 5219497.833848354], [630205.1543748905, 5219497.679860936], [630206.2969973265, 5219496.908539507], [630206.3438741962, 5219496.8734282125], [630206.3135267016, 5219496.823335546], [630201.682201283, 5219489.962568902], [630201.6470899802, 5219489.91569202], [630201.5969973301, 5219489.946039504], [630200.638084561, 5219490.593348662], [630200.4280344577, 5219490.720588635], [630200.2065137136, 5219490.826605692], [630199.9756599524, 5219490.910376792], [630199.7377008596, 5219490.971093565], [630199.4949326853, 5219491.008170107], [630199.2496980866, 5219491.02124864], [630199.0043635207, 5219491.010202956], [630198.7612964092, 5219490.975139645], [630198.5228422938, 5219490.91639706], [630198.2913022018, 5219490.834542054], [630198.0689104414, 5219490.730364506], [630197.8578130417, 5219490.604869708], [630197.6600470438, 5219490.459268657], [630197.4775208441, 5219490.294966365], [630197.3119957781, 5219490.113548315], [630197.1650691247, 5219489.916765148], [630195.1233483517, 5219486.881943233], [630195.0883106019, 5219486.835011353], [630195.0381704123, 5219486.865280256], [630192.8168295824, 5219488.359719748], [630192.7698977084, 5219488.394757492], [630192.8001666146, 5219488.444897685]]]}}, {"type": "Feature", "properties": {"vineyard_id": "V35", "area_m2": 1308.6}, "geometry": {"type": "Polygon", "coordinates": [[[630135.9495743067, 5219463.13532838], [630136.273696424, 5219462.885299461], [630136.4551851155, 5219462.757729085], [630136.6472681522, 5219462.646749569], [630136.8484330773, 5219462.553234763], [630136.8813292049, 5219462.541361393], [630138.4103269904, 5219461.566669219], [630138.7278189543, 5219461.322784451], [630138.9089661298, 5219461.195966037], [630139.1006109195, 5219461.085650653], [630139.3012539805, 5219460.992701358], [630139.3229582164, 5219460.984893024], [630140.863923941, 5219460.002571632], [630140.9948334281, 5219459.902139492], [630141.2217456109, 5219459.747094226], [630141.464305025, 5219459.61789243], [630141.4724890178, 5219459.614628874], [630143.0648224856, 5219458.599562021], [630144.1280704463, 5219457.780728032], [630144.1726636494, 5219457.742758426], [630144.1392477754, 5219457.6946582785], [630122.5216402016, 5219429.6244053645], [630122.4821907638, 5219429.578074181], [630122.435778844, 5219429.548264841], [630122.3458880276, 5219429.497064546], [630122.1612356415, 5219429.36862321], [630121.9888750794, 5219429.2241049865], [630121.8302015983, 5219429.064679748], [630121.6864996583, 5219428.891638041], [630119.9611988529, 5219426.612816715], [630119.8147381453, 5219426.396798954], [630119.6915959462, 5219426.166689391], [630119.5931142968, 5219425.924995832], [630119.5203664802, 5219425.674352326], [630119.4858738292, 5219425.482668531], [630119.4782060408, 5219425.449010819], [630119.4431015722, 5219425.399493146], [630092.9014166627, 5219391.606022626], [630092.8630241277, 5219391.561793026], [630092.8152443828, 5219391.595665429], [630091.7647192598, 5219392.420756974], [630090.6467545272, 5219393.348797351], [630090.5770874309, 5219393.562006728], [630090.4787632324, 5219393.785964844], [630090.3590245657, 5219393.9992429195], [630090.2190175671, 5219394.19979946], [630090.0600823814, 5219394.385714742], [630089.8837403328, 5219394.55520919], [630089.6916793645, 5219394.706660404], [630089.4857378805, 5219394.838618696], [630089.2678871489, 5219394.949820964], [630089.0402124329, 5219395.039202782], [630088.8048930307, 5219395.1059085885], [630088.5641814154, 5219395.149299878], [630088.5265338417, 5219395.154199209], [630088.4772688991, 5219395.189390969], [630087.4571238512, 5219395.99656071], [630086.222628532, 5219397.021334987], [630086.1969335082, 5219397.0520087695], [630086.0517111311, 5219397.198828453], [630085.8948667735, 5219397.333161643], [630084.9673114024, 5219398.063393783], [630083.7744861268, 5219399.053577092], [630083.7446295872, 5219399.0890295915], [630083.5983460639, 5219399.236044636], [630083.4403803775, 5219399.370428915], [630082.6261105163, 5219400.006862024], [630081.3406910702, 5219401.073909232], [630081.3268097619, 5219401.089674081], [630081.1031193157, 5219401.289386396], [630080.6440411356, 5219401.652209468], [630079.5734206077, 5219402.540948665], [630079.5896754194, 5219402.563730458], [630102.259142657, 5219431.2472916115], [630102.285421242, 5219431.278921235], [630108.3709084897, 5219438.982209302], [630108.4095886028, 5219439.026515988], [630108.4805526914, 5219438.98575722], [630108.5351398893, 5219438.950628763], [630108.7470634562, 5219438.841270634], [630108.9684426854, 5219438.752602514], [630109.1972631749, 5219438.685431224], [630109.431442812, 5219438.640367977], [630109.6688507192, 5219438.617822818], [630109.9073266445, 5219438.618000894], [630110.1447006171, 5219438.640900584], [630110.3788126934, 5219438.6863135155], [630110.6075326109, 5219438.753826463], [630110.828779172, 5219438.842825102], [630111.040539182, 5219438.952499606], [630111.2408857669, 5219439.0818520095], [630111.4279959076, 5219439.229705295], [630111.6001670274, 5219439.394714095], [630111.7558324854, 5219439.575376941], [630117.2267220024, 5219446.573874699], [630117.2664062467, 5219446.619803825], [630117.3123507953, 5219446.642883328], [630117.4165492357, 5219446.688502221], [630117.6150250112, 5219446.797789769], [630117.8027910918, 5219446.924597894], [630117.9783052, 5219447.067885016], [630118.1401256939, 5219447.2264742], [630118.2869234083, 5219447.399062823], [630129.8059708248, 5219462.256798285], [630129.8440844337, 5219462.301268475], [630129.8920762768, 5219462.267697234], [630130.1772146601, 5219462.0466324175], [630130.3785707091, 5219461.905802674], [630130.5927792015, 5219461.785419962], [630130.8177708051, 5219461.686647225], [630131.0513720191, 5219461.610438643], [630131.2913261709, 5219461.557530417], [630131.5353152159, 5219461.528433662], [630131.7809821311, 5219461.523429461], [630132.0259536848, 5219461.542566158], [630132.2678633626, 5219461.585658885], [630132.5043742287, 5219461.65229135], [630132.7332015022, 5219461.74181986], [630132.9521346284, 5219461.853379537], [630133.1590586336, 5219461.985892674], [630133.3519745565, 5219462.138079145], [630133.529018759, 5219462.308468774], [630133.6884809299, 5219462.495415535], [630134.764747554, 5219463.890621407], [630135.9495743067, 5219463.13532838]]]}}, {"type": "Feature", "properties": {"vineyard_id": "V36", "area_m2": 1270.8}, "geometry": {"type": "Polygon", "coordinates": [[[630152.7543976345, 5219452.422736153], [630153.8041254753, 5219451.611355195], [630153.8505009961, 5219451.57172643], [630153.9178124507, 5219451.486297741], [630154.0795305865, 5219451.300642292], [630154.2587265564, 5219451.131794711], [630154.4536622826, 5219450.981392703], [630154.6624470226, 5219450.850895065], [630154.883055708, 5219450.741567534], [630155.1133485864, 5219450.654470512], [630155.3510919751, 5219450.590448778], [630155.593979927, 5219450.550123302], [630155.7032962154, 5219450.542898002], [630157.0500520319, 5219449.684379848], [630158.1142001388, 5219448.867197023], [630158.1608136172, 5219448.827618402], [630158.2445548951, 5219448.741025999], [630158.4234493831, 5219448.573337855], [630158.6179104217, 5219448.423981047], [630158.8260673719, 5219448.29439233], [630159.0459178452, 5219448.185818296], [630159.2753469665, 5219448.099303384], [630159.5121477172, 5219448.035679835], [630159.6800495681, 5219448.0078319535], [630161.074080523, 5219447.119177258], [630162.1213359835, 5219446.3142230455], [630162.1659647793, 5219446.276295275], [630162.1325940285, 5219446.228163808], [630153.0698350491, 5219434.437401444], [630152.9323525596, 5219434.239475279], [630152.8145659474, 5219434.029231336], [630152.717569708, 5219433.808623241], [630152.6422651493, 5219433.579700929], [630152.5893520156, 5219433.344591589], [630152.5593219859, 5219433.105479902], [630152.5524541052, 5219432.864587739], [630152.5688121909, 5219432.624153518], [630152.6082442407, 5219432.3864114], [630152.6703838444, 5219432.153570528], [630152.7546535888, 5219431.927794507], [630152.8602704232, 5219431.7111812895], [630152.9862529357, 5219431.505743688], [630153.1076091381, 5219431.327714663], [630153.2558749582, 5219431.131663029], [630153.4226768387, 5219430.951119047], [630153.6064022994, 5219430.787828043], [630153.8052752588, 5219430.643368559], [630154.0173732045, 5219430.519137089], [630154.240645777, 5219430.416334583], [630154.4729345916, 5219430.335954839], [630154.7119941032, 5219430.27877489], [630154.955513314, 5219430.245347496], [630155.2011381143, 5219430.235995803], [630155.4464940395, 5219430.250810212], [630155.689209224, 5219430.289647513], [630155.9269373305, 5219430.352132264], [630156.1573802322, 5219430.437660421], [630156.3783102283, 5219430.545405182], [630156.5875915802, 5219430.674324973], [630157.819903069, 5219431.519730717], [630157.870188659, 5219431.550713687], [630157.8872174451, 5219431.535655247], [630158.0226921288, 5219431.403206987], [630158.2101157005, 5219431.252319268], [630158.4111766098, 5219431.120148129], [630158.6240123991, 5219431.007917893], [630158.8466515382, 5219430.9166681655], [630159.0770316869, 5219430.847244206], [630159.3130187988, 5219430.8002891], [630159.5524268897, 5219430.776237798], [630159.7930382859, 5219430.775313093], [630160.0326241675, 5219430.79752355], [630160.2689652143, 5219430.842663429], [630160.4998721629, 5219430.910314593], [630160.7232060876, 5219430.99985038], [630160.9368982121, 5219431.110441406], [630161.1389690739, 5219431.241063249], [630161.3275468599, 5219431.39050594], [630161.5008847453, 5219431.557385167], [630161.6573770752, 5219431.740155104], [630168.4338474142, 5219440.472330372], [630168.471981705, 5219440.516782827], [630168.5199579243, 5219440.483189265], [630170.6350420789, 5219438.841810731], [630170.6794945322, 5219438.803676442], [630170.6459009732, 5219438.755700227], [630163.5486525858, 5219429.610169628], [630163.510518295, 5219429.565717173], [630163.462542078, 5219429.599310732], [630163.097503076, 5219429.882593636], [630162.8922922574, 5219430.025978706], [630162.6737702235, 5219430.148121567], [630162.4441281647, 5219430.247797457], [630162.2056687756, 5219430.324006891], [630161.9607831653, 5219430.375985693], [630161.7119268803, 5219430.403212656], [630161.4615952827, 5219430.405414766], [630161.2122985277, 5219430.382569941], [630160.9665363941, 5219430.334907253], [630160.7267732177, 5219430.262904634], [630160.4954131808, 5219430.167284074], [630160.274776205, 5219430.049004393], [630160.0670746882, 5219429.909251618], [630159.8743913199, 5219429.749427097], [630159.6986581985, 5219429.571133439], [630159.5416374563, 5219429.376158455], [630159.5089875339, 5219429.326085059], [630159.4523107191, 5219429.247677121], [630159.403882183, 5219429.210832676], [630142.8950969406, 5219417.88526929], [630142.8444465816, 5219417.854061571], [630142.7902660967, 5219417.885641098], [630142.5784989339, 5219417.99587682], [630142.357182277, 5219418.085409959], [630142.1283344366, 5219418.1534240125], [630141.8940424039, 5219418.199298722], [630141.6564428192, 5219418.222615731], [630141.4177024859, 5219418.223162399], [630141.1799986108, 5219418.20093374], [630140.9454989481, 5219418.156132469], [630140.7163420318, 5219418.089167155], [630140.4946176718, 5219418.000648492], [630140.2823478966, 5219417.891383731], [630140.0814685129, 5219417.762369318], [630139.8938114522, 5219417.614781807], [630139.7210880641, 5219417.449967133], [630139.56487351, 5219417.269428332], [630119.5391247118, 5219391.758812915], [630119.4994491575, 5219391.713081691], [630119.4103947871, 5219391.679020442], [630119.1666126315, 5219391.570533515], [630118.9357816426, 5219391.436682078], [630118.7205314157, 5219391.278990949], [630118.523314052, 5219391.099256521], [630118.3463762251, 5219390.899526308], [630116.9962471753, 5219389.200849426], [630116.8522300132, 5219389.0000223005], [630116.7287442663, 5219388.785957481], [630116.6269965875, 5219388.560746719], [630116.5479812139, 5219388.326590686], [630116.492470252, 5219388.08577746], [630116.4610061323, 5219387.840660169], [630116.4538963097, 5219387.593634001], [630116.4712102583, 5219387.347112796], [630116.5127787935, 5219387.103505461], [630116.5781957239, 5219386.865192426], [630116.6668218221, 5219386.634502392], [630116.7777910694, 5219386.413689569], [630116.9100191192, 5219386.204911648], [630117.0622138922, 5219386.010208726], [630117.2328882029, 5219385.8314833585], [630117.4203742906, 5219385.67048198], [630119.4349247168, 5219384.106659538], [630119.479371725, 5219384.068518887], [630119.4457713027, 5219384.020547469], [630118.701352984, 5219383.061571436], [630118.5611318393, 5219382.861461794], [630118.4411156261, 5219382.648619255], [630118.3424508511, 5219382.425077088], [630118.2660800526, 5219382.192970779], [630118.2127327955, 5219381.954517621], [630118.1829187028, 5219381.711995544], [630118.1769225866, 5219381.467721344], [630118.1948017274, 5219381.224028558], [630118.236385327, 5219380.983245164], [630118.3012761397, 5219380.747671354], [630118.3888542681, 5219380.519557545], [630118.4982830841, 5219380.301082896], [630118.6285172214, 5219380.09433448], [630118.7783125619, 5219379.901287351], [630118.9462381206, 5219379.723785675], [630119.1306897154, 5219379.563525115], [630119.4371932624, 5219379.322464217], [630119.4813972724, 5219379.284042223], [630119.4474930419, 5219379.236285054], [630118.7958724265, 5219378.407763997], [630118.7574504329, 5219378.363559987], [630118.7096932557, 5219378.397464224], [630118.4237070009, 5219378.622388549], [630118.229653929, 5219378.7605687985], [630118.023329711, 5219378.879651514], [630117.8066077834, 5219378.978555417], [630117.5814559942, 5219379.056382454], [630117.3499187351, 5219379.112425952], [630117.1140983785, 5219379.146177032], [630116.8761361873, 5219379.1573292315], [630116.6381928726, 5219379.145781289], [630116.402428974, 5219379.11163806], [630116.170985242, 5219379.055209566], [630115.9459631994, 5219378.9770081835], [630115.72940606, 5219378.877743984], [630115.5232801755, 5219378.758318292], [630115.3294571815, 5219378.619815502], [630115.1496970021, 5219378.463493226], [630115.0681074393, 5219378.385411113], [630115.019924714, 5219378.41915954], [630112.8948264213, 5219380.068796282], [630112.6953939379, 5219380.208590538], [630112.4833053205, 5219380.328315924], [630112.2605734003, 5219380.426836182], [630112.0293120191, 5219380.503216306], [630111.7917159678, 5219380.556731406], [630111.5500401562, 5219380.586873597], [630111.3065782137, 5219380.593356816], [630111.0636407204, 5219380.576119531], [630110.8235332797, 5219380.535325334], [630110.588534636, 5219380.471361383], [630110.3608750483, 5219380.384834729], [630110.1427151249, 5219380.276566556], [630109.9361253167, 5219380.147584383], [630109.7430662684, 5219379.999112321], [630109.5653702107, 5219379.832559444], [630109.4047235716, 5219379.649506427], [630108.5082904696, 5219378.52165114], [630104.539654728, 5219381.816079044], [630104.5486720868, 5219381.835918633], [630104.6268963073, 5219382.064290761], [630104.682730171, 5219382.299142708], [630104.7156531018, 5219382.538284795], [630104.7253581379, 5219382.779487344], [630104.7117547925, 5219383.020501465], [630104.6749698988, 5219383.259080024], [630104.6153464264, 5219383.492998597], [630104.5334402842, 5219383.720076208], [630104.430015137, 5219383.938195662], [630104.3060352852, 5219384.145323289], [630104.1626566749, 5219384.339527901], [630104.0012161186, 5219384.518998802], [630103.823218833, 5219384.682062665], [630103.6303244036, 5219384.827199141], [630103.4243313121, 5219384.953055025], [630103.2071601674, 5219385.058456881], [630102.9808357988, 5219385.1424219785], [630102.747468377, 5219385.2041674545], [630102.50923374, 5219385.2431176165], [630102.2683531059, 5219385.258909306], [630102.0270723631, 5219385.251395286], [630101.7876411304, 5219385.220645617], [630101.5522917827, 5219385.166946995], [630101.3232186366, 5219385.090800091], [630101.1025574915, 5219384.99291487], [630100.9238015845, 5219384.891958148], [630100.9096469281, 5219384.884870356], [630100.8610783544, 5219384.919228378], [630099.7927442405, 5219385.756565241], [630098.7303942523, 5219386.638438931], [630098.7434774834, 5219386.656933414], [630117.2452598494, 5219410.262827455], [630117.2851023038, 5219410.308821106], [630117.3884989264, 5219410.373993758], [630117.3881496802, 5219410.374547838], [630117.4218000837, 5219410.3937552925], [630117.6419873342, 5219410.553464019], [630117.8435200657, 5219410.73614916], [630118.0240124755, 5219410.939648037], [630134.1304649656, 5219431.222554998], [630134.1704984884, 5219431.268180001], [630134.1967363021, 5219431.281110386], [630134.3497533692, 5219431.346853126], [630134.5521380518, 5219431.4568846105], [630134.7435354997, 5219431.585077841], [630134.9223206264, 5219431.730344374], [630135.0869754324, 5219431.891450806], [630135.2361018931, 5219432.067029238], [630151.5589555677, 5219453.184796137], [630152.7543976345, 5219452.422736153]]]}}, {"type": "Feature", "properties": {"vineyard_id": "V37", "area_m2": 2196.7}, "geometry": {"type": "MultiPolygon", "coordinates": [[[[630375.4011549384, 5219386.244845358], [630375.4372528475, 5219386.198723926], [630375.3948917193, 5219386.15827915], [630375.2982817354, 5219386.074705758], [630375.1207533069, 5219385.905200485], [630374.9607028745, 5219385.719103093], [630374.8196732827, 5219385.518207511], [630374.6990240202, 5219385.304450322], [630374.5999181148, 5219385.07989209], [630374.5233109215, 5219384.846697496], [630374.4699409141, 5219384.607114478], [630374.4403225653, 5219384.363452553], [630374.4347413884, 5219384.118060558], [630374.4532511847, 5219383.873304009], [630374.4956735243, 5219383.631542298], [630374.5615994672, 5219383.395105941], [630374.650393504, 5219383.166274127], [630374.7611996833, 5219382.947252733], [630374.8929498623, 5219382.740153069], [630375.0443740033, 5219382.546971522], [630375.402932671, 5219382.133109311], [630375.4390651662, 5219382.087014982], [630375.3967343882, 5219382.046538431], [630375.1703408472, 5219381.850397387], [630371.0242231917, 5219391.304533594], [630375.4011549384, 5219386.244845358]]], [[[630348.2437006644, 5219467.601257316], [630348.0841988865, 5219467.424697244], [630347.9422045854, 5219467.23377345], [630347.8190039856, 5219467.030215379], [630347.7157130733, 5219466.8158669155], [630347.6332674867, 5219466.59266969], [630347.5724140416, 5219466.362645485], [630347.5337039656, 5219466.127877927], [630347.5174879057, 5219465.890493606], [630347.5239127516, 5219465.652642818], [630347.5529203052, 5219465.416480081], [630347.6042478076, 5219465.184144626], [630347.6774303201, 5219464.957741013], [630347.7718049344, 5219464.73932007], [630347.8865167786, 5219464.530860315], [630348.0205267601, 5219464.334250038], [630348.0281275718, 5219464.324165625], [630348.0092844506, 5219464.270188996], [630347.9555853944, 5219464.13680605], [630347.8846916726, 5219463.890384786], [630347.8394121698, 5219463.637997929], [630347.8202232216, 5219463.382300562], [630347.8273266938, 5219463.125982596], [630347.8606478586, 5219462.871740469], [630347.9198361809, 5219462.622248783], [630348.0042690054, 5219462.380132164], [630348.1130581077, 5219462.147937654], [630348.2450590373, 5219461.928107915], [630348.3988831585, 5219461.722955536], [630350.0894107419, 5219459.694088561], [630350.1255413876, 5219459.646123851], [630350.1120929269, 5219459.550556256], [630350.1067508167, 5219459.522965335], [630350.0839465042, 5219459.290532456], [630350.0829317756, 5219459.056985779], [630350.103715487, 5219458.824363515], [630350.1461162546, 5219458.594695809], [630350.2097640375, 5219458.36998702], [630350.2941033683, 5219458.152198229], [630350.3983981996, 5219457.943230125], [630350.5217383282, 5219457.744906418], [630350.6630473386, 5219457.55895792], [630350.9313377659, 5219457.2381973], [630350.9673397937, 5219457.1905893665], [630350.9506925058, 5219457.142657584], [630350.8818165063, 5219456.907842276], [630350.8362274164, 5219456.667418136], [630350.8143620316, 5219456.423688702], [630350.8164298474, 5219456.17898918], [630350.8424110516, 5219455.935664071], [630350.8920567146, 5219455.696044706], [630350.9648911745, 5219455.462426912], [630351.0602165938, 5219455.237049015], [630351.1771196465, 5219455.022070393], [630351.3144802676, 5219454.819550784], [630351.4709823858, 5219454.63143056], [630351.5465157684, 5219454.54918273], [630352.4032194973, 5219453.51913492], [630352.5621073965, 5219451.831807662], [630338.5453371399, 5219440.173883398], [630338.3664766084, 5219440.009796912], [630338.2043714684, 5219439.829138704], [630338.0605497998, 5219439.633611743], [630337.9363673339, 5219439.42505916], [630337.8329946733, 5219439.205446871], [630337.751406258, 5219438.976845044], [630337.692371179, 5219438.741408589], [630337.6564459288, 5219438.501356843], [630337.6439691562, 5219438.258952646], [630337.655058473, 5219438.016481015], [630337.6896093459, 5219437.776227604], [630337.7472960822, 5219437.540457154], [630337.8275748992, 5219437.311392149], [630337.9296890508, 5219437.0911918655], [630338.0526759605, 5219436.881932016], [630338.1953762954, 5219436.685585182], [630338.3564448943, 5219436.504002224], [630338.5343634485, 5219436.338894825], [630338.7274548131, 5219436.19181937], [630338.9338988173, 5219436.06416226], [630339.151749422, 5219435.957126851], [630339.3789530641, 5219435.8717221115], [630339.6133680143, 5219435.808753105], [630339.8527845661, 5219435.768813408], [630339.903180741, 5219435.762903558], [630339.9449652076, 5219435.719538542], [630343.7649996548, 5219431.34426653], [630343.7839740191, 5219431.321428923], [630346.5829285864, 5219428.116386722], [630346.7533400707, 5219427.939585122], [630346.9402745898, 5219427.780354582], [630347.141928633, 5219427.640231327], [630347.3563566781, 5219427.520567243], [630347.5814899617, 5219427.4225168275], [630347.8151564386, 5219427.347026052], [630348.0551017362, 5219427.29482324], [630348.2990109054, 5219427.266412033], [630348.5445307543, 5219427.2620665375], [630348.7892925513, 5219427.281828678], [630349.0309348786, 5219427.3255077945], [630349.2671264143, 5219427.392682478], [630349.4955884247, 5219427.482704638], [630349.7141167495, 5219427.594705758], [630349.9206030663, 5219427.72760527], [630350.1130552323, 5219427.880120985], [630350.2896165036, 5219428.050781458], [630350.4485834487, 5219428.237940187], [630350.5884223828, 5219428.439791499], [630352.2364904664, 5219431.08767884], [630352.2698414351, 5219431.135824016], [630352.3210237421, 5219431.107352696], [630354.3432463076, 5219429.848703804], [630354.5573451419, 5219429.7295876965], [630354.782075386, 5219429.632000426], [630355.0152786603, 5219429.55687925], [630355.2547152076, 5219429.504945659], [630355.4980854042, 5219429.476698438], [630355.7430518463, 5219429.4724088805], [630355.9872617996, 5219429.492118187], [630356.2283697953, 5219429.535637063], [630356.4640601564, 5219429.6025475385], [630356.6920692391, 5219429.692206984], [630356.9102071726, 5219429.803754284], [630357.1163788919, 5219429.936118102], [630357.2077277598, 5219430.008307959], [630358.173894409, 5219425.988476661], [630355.096084889, 5219421.067015112], [630354.9763221474, 5219420.852792878], [630354.8781415066, 5219420.627859905], [630354.8024891807, 5219420.394383984], [630354.7500942682, 5219420.154615234], [630354.7214617243, 5219419.910864423], [630354.7168674944, 5219419.665480697], [630354.7363558556, 5219419.420828936], [630354.7797389888, 5219419.179266969], [630354.8465987901, 5219418.943122844], [630354.9362908991, 5219418.7146724], [630355.0479509092, 5219418.496117321], [630355.180502699, 5219418.28956393], [630355.3326688022, 5219418.097002882], [630361.8698021056, 5219410.611289459], [630362.6690779466, 5219407.28582377], [630362.627292991, 5219407.156729802], [630362.5749869056, 5219406.917058544], [630362.546422058, 5219406.673414772], [630362.5418734857, 5219406.428144414], [630362.5613849844, 5219406.18360906], [630362.6047686875, 5219405.9421632225], [630362.6716068742, 5219405.706131668], [630362.7612559919, 5219405.477787029], [630362.8728528521, 5219405.259327928], [630363.0053229429, 5219405.052857801], [630363.157390773, 5219404.86036465], [630363.2879948753, 5219404.710759062], [630363.4420448572, 5219404.069818973], [630363.345257755, 5219403.985324852], [630363.1690610776, 5219403.815618699], [630363.0102943873, 5219403.629504259], [630362.8704779185, 5219403.428763624], [630362.7509504516, 5219403.215318943], [630362.6528564948, 5219402.991214006], [630362.577135324, 5219402.758594679], [630362.5245119905, 5219402.519688354], [630362.4954903765, 5219402.276782624], [630362.4903483723, 5219402.03220338], [630362.5091352136, 5219401.788292532], [630362.5516710114, 5219401.547385593], [630362.617548474, 5219401.311789313], [630362.7061368068, 5219401.08375959], [630362.8165877523, 5219400.865479871], [630362.9478437129, 5219400.659040242], [630363.0986478771, 5219400.466417422], [630364.7734545572, 5219398.530358066], [630364.9774514961, 5219397.681608753], [630365.014241276, 5219397.553779157], [630365.0622110426, 5219397.429711453], [630372.9732642196, 5219379.390625134], [630372.8620173731, 5219379.193507396], [630372.7633691945, 5219378.970306637], [630372.6869519751, 5219378.738551485], [630372.633493819, 5219378.5004501045], [630372.6035040758, 5219378.258271127], [630372.5972684879, 5219378.014322035], [630372.614846468, 5219377.770927178], [630372.6560705331, 5219377.530405623], [630372.7205479, 5219377.295049061], [630372.8076642278, 5219377.067099972], [630372.9165894716, 5219376.848730255], [630373.046285791, 5219376.642020539], [630373.1955174385, 5219376.448940355], [630375.3904961504, 5219373.878760345], [630375.4197763689, 5219373.81199447], [630375.3904328214, 5219373.784332445], [630375.343729602, 5219373.744447079], [630375.164324822, 5219373.575236484], [630375.0024644717, 5219373.38917325], [630374.8597236024, 5219373.188067942], [630374.7374912156, 5219372.973877504], [630374.6369567455, 5219372.748686206], [630374.559098486, 5219372.514685369], [630374.50467407, 5219372.274152038], [630374.474213098, 5219372.029426825], [630374.4680119831, 5219371.782891136], [630374.4861310682, 5219371.536943989], [630374.5283940375, 5219371.293978679], [630374.5943896334, 5219371.056359484], [630374.6834756572, 5219370.8263986595], [630374.7947852195, 5219370.606333938], [630374.9272351747, 5219370.3983067535], [630375.0795366619, 5219370.204341402], [630375.3944004646, 5219369.841699104], [630375.4305823076, 5219369.79564351], [630375.3439835174, 5219369.712660279], [630375.3445480228, 5219369.7120711785], [630375.2240927499, 5219369.596663961], [630375.0646655876, 5219369.410726036], [630374.924198271, 5219369.210079918], [630374.8040390599, 5219368.996651485], [630374.7053412894, 5219368.772489307], [630374.6290522988, 5219368.53974498], [630374.5759043397, 5219368.300652474], [630374.5464075468, 5219368.057506693], [630374.5408450419, 5219367.812641443], [630374.559270216, 5219367.568407037], [630374.6015062172, 5219367.3271477325], [630374.6671476478, 5219367.091179229], [630374.7555644559, 5219366.862766445], [630374.8659079826, 5219366.644101774], [630374.9971191076, 5219366.437284047], [630375.1479384158, 5219366.244298378], [630375.4094297282, 5219365.941524571], [630375.44549048, 5219365.895374075], [630375.4030967907, 5219365.854963432], [630373.3769032108, 5219364.10503657], [630373.330752721, 5219364.068975823], [630373.2903420798, 5219364.111369511], [630365.6388739231, 5219372.970800149], [630353.4017567778, 5219387.630397323], [630353.3260692277, 5219387.71441638], [630320.2340656904, 5219421.774620915], [630322.1709969387, 5219423.465261336], [630322.218507678, 5219423.502787654], [630322.2907151551, 5219423.5157517465], [630322.5528755329, 5219423.577561588], [630322.8068646817, 5219423.667216663], [630323.0497343554, 5219423.783676278], [630323.2786653804, 5219423.925588596], [630323.4910003794, 5219424.0913063325], [630324.0185499515, 5219424.550843154], [630324.198116061, 5219424.723740441], [630324.3595714755, 5219424.913660447], [630324.5013110066, 5219425.118714988], [630324.6219254808, 5219425.336865413], [630324.7202157496, 5219425.565942873], [630324.7952046118, 5219425.80366988], [630324.8461465288, 5219426.047682955], [630324.8725350363, 5219426.295556121], [630324.8741077799, 5219426.544825024], [630324.8508491234, 5219426.793011434], [630324.8029903043, 5219427.037647885], [630324.7310071345, 5219427.276302202], [630324.6356152704, 5219427.506601684], [630324.5177630972, 5219427.726256697], [630324.3786223003, 5219427.933083432], [630324.2195762168, 5219428.125025618], [630324.0788062031, 5219428.278631412], [630323.9096241061, 5219428.446432127], [630323.7252349238, 5219428.597363539], [630323.527313785, 5219428.730054475], [630323.3176587533, 5219428.843299473], [630323.0981744911, 5219428.936069729], [630322.8708549573, 5219429.007522449], [630322.637765292, 5219429.057008505], [630322.4010230555, 5219429.084078327], [630322.1627789912, 5219429.0884859925], [630321.9251974855, 5219429.07019146], [630321.6904369062, 5219429.02936093], [630321.4606299935, 5219428.966365338], [630321.2378644848, 5219428.881776983], [630321.024164148, 5219428.776364328], [630320.8214703965, 5219428.651085021], [630320.6316246514, 5219428.507077192], [630320.6178603898, 5219428.495562858], [630320.5711480464, 5219428.460232952], [630320.5314096488, 5219428.503257431], [630319.5252068263, 5219429.706074598], [630319.3293329299, 5219429.914697254], [630319.1109012443, 5219430.099569088], [630318.872773749, 5219430.258267834], [630318.8126680851, 5219430.293531981], [630318.7713821315, 5219430.338234393], [630317.0205786253, 5219432.431262946], [630316.8449304239, 5219432.620468571], [630316.6507060714, 5219432.790550787], [630316.4399768088, 5219432.939695808], [630316.2149898891, 5219433.066313126], [630315.9781446104, 5219433.169052472], [630315.7319667313, 5219433.246818217], [630315.4790815342, 5219433.298781054], [630315.2221858298, 5219433.324386843], [630315.0878704773, 5219433.323853921], [630315.0240803153, 5219433.326569856], [630314.9834630125, 5219433.370799615], [630313.2715369915, 5219435.429200378], [630313.2348791992, 5219435.47795829], [630313.2240748139, 5219435.500421144], [630313.16366191, 5219435.646048076], [630313.064310599, 5219435.837153872], [630312.9488785223, 5219436.018998706], [630312.8182225015, 5219436.190232792], [630311.6653887116, 5219437.573244307], [630311.6301406197, 5219437.620018412], [630311.6732345754, 5219437.659681438], [630321.9520161184, 5219446.227742189], [630322.1380805688, 5219446.399538145], [630322.305810018, 5219446.589276551], [630322.453483325, 5219446.7950104205], [630322.5795851528, 5219447.014628634], [630322.6828215186, 5219447.2458775975], [630322.7621330715, 5219447.486384371], [630322.8167059629, 5219447.733681015], [630322.8459801977, 5219447.985229916], [630322.8496553808, 5219448.238449828], [630322.8276938, 5219448.490742356], [630322.7803208118, 5219448.739518621], [630322.7080225302, 5219448.98222583], [630322.6115408376, 5219449.216373461], [630322.4918657725, 5219449.439558831], [630322.3502253704, 5219449.649491742], [630322.3093392293, 5219449.703926142], [630322.352495767, 5219449.743521076], [630349.7705887785, 5219472.525078777], [630349.8174184889, 5219472.560252971], [630349.857013421, 5219472.517096435], [630350.7110571282, 5219471.489236527], [630350.8702766391, 5219469.798387681], [630348.4192651064, 5219467.761854337], [630348.2437006644, 5219467.601257316]]], [[[630360.4630316955, 5219429.654259893], [630360.4344507753, 5219429.6031387], [630360.4027349963, 5219429.552424715], [630360.362303666, 5219429.720643238], [630360.4149580951, 5219429.687713934], [630360.4630316955, 5219429.654259893]]]]}}, {"type": "Feature", "properties": {"vineyard_id": "V38", "area_m2": 138.7}, "geometry": {"type": "MultiPolygon", "coordinates": [[[[630358.5508482578, 5219418.612932097], [630358.579523902, 5219418.66400021], [630359.559321907, 5219420.224269397], [630360.1956802538, 5219417.576637954], [630358.5988597561, 5219418.579388986], [630358.5508482578, 5219418.612932097]]], [[[630356.9529343455, 5219424.872275562], [630356.9815816176, 5219424.9233596], [630358.0286446156, 5219426.5928027015], [630358.7074790965, 5219423.768445129], [630357.0009644757, 5219424.838759123], [630356.9529343455, 5219424.872275562]]], [[[630356.6887443666, 5219430.6124725705], [630356.4457155608, 5219430.661008631], [630356.1990753517, 5219430.685244078], [630355.9512474725, 5219430.68494075], [630355.8135526889, 5219430.671070137], [630355.7598568923, 5219430.66828583], [630355.7195278929, 5219430.712539558], [630354.0154721056, 5219432.777460443], [630353.9804552043, 5219432.824407884], [630354.0237443193, 5219432.863857818], [630356.107992765, 5219434.583863486], [630357.0970984054, 5219430.468592261], [630356.9257735251, 5219430.54011286], [630356.6887443666, 5219430.6124725705]]], [[[630373.4951288576, 5219448.932129627], [630374.3669565084, 5219449.653447748], [630374.413057424, 5219449.68786426], [630374.4525260595, 5219449.644592195], [630376.1574739403, 5219447.580407805], [630376.1925111203, 5219447.533475503], [630376.1492390577, 5219447.49400687], [630375.2970901007, 5219446.790160079], [630375.2871943358, 5219446.782390034], [630360.9707135754, 5219434.96645842], [630360.7869685785, 5219434.7987585515], [630360.6207999444, 5219434.61362764], [630360.4738530207, 5219434.412898789], [630360.3475828283, 5219434.198559552], [630360.2432396534, 5219433.972732248], [630360.1618566684, 5219433.7376529435], [630360.1042397011, 5219433.495649317], [630360.070959256, 5219433.249117612], [630360.0623448653, 5219433.000498904], [630360.0784818258, 5219432.752254935], [630360.1192103546, 5219432.506843735], [630360.1841271711, 5219432.266695289], [630360.2725894899, 5219432.034187466], [630360.3837213861, 5219431.811622483], [630360.5164224677, 5219431.6012041075], [630360.6693787716, 5219431.405015834], [630360.841075774, 5219431.225000254], [630361.0298133874, 5219431.062939824], [630361.2337227928, 5219430.920439213], [630362.7346133237, 5219429.979091205], [630362.9485229847, 5219429.859128535], [630363.1731575929, 5219429.760702531], [630363.4063553228, 5219429.6847604215], [630363.64587194, 5219429.632033052], [630363.889402398, 5219429.603027859], [630364.134603023, 5219429.598023978], [630364.3791140673, 5219429.6170695685], [630364.6205824199, 5219429.659981338], [630364.8566842518, 5219429.726346316], [630365.0851473798, 5219429.815525823], [630365.3037731339, 5219429.926661618], [630365.5104575163, 5219430.058684159], [630365.7032114499, 5219430.210322896], [630365.8801799206, 5219430.380118495], [630366.0396598296, 5219430.56643689], [630366.1801163834, 5219430.767484997], [630366.3842485324, 5219431.092553124], [630366.4177916463, 5219431.140564627], [630366.4688597631, 5219431.111888981], [630366.5605906511, 5219431.054284985], [630366.7662050613, 5219430.938325853], [630366.9818399269, 5219430.842276851], [630367.2055726885, 5219430.766994333], [630367.4354085876, 5219430.713149505], [630367.6692984513, 5219430.681222435], [630367.9051569622, 5219430.671497782], [630368.140881251, 5219430.684062246], [630368.3743696448, 5219430.718803807], [630368.6035404059, 5219430.775412714], [630368.8263502913, 5219430.853384254], [630369.0408127707, 5219430.952023247], [630369.2450157377, 5219431.070450247], [630369.3461673055, 5219431.135681779], [630369.3981718291, 5219431.106786965], [630371.671828169, 5219429.693213036], [630371.7199899423, 5219429.659886031], [630371.6915440975, 5219429.608689557], [630367.8488516494, 5219423.427928959], [630367.8155246474, 5219423.379767189], [630367.7106812807, 5219423.438020382], [630367.7098905281, 5219423.436597195], [630367.5789088886, 5219423.509397442], [630367.3544882734, 5219423.606776317], [630367.1216245574, 5219423.681754631], [630366.8825475414, 5219423.733614423], [630366.6395465219, 5219423.76185911], [630366.3949483703, 5219423.76621823], [630366.151095251, 5219423.746650044], [630365.9103221945, 5219423.703341927], [630365.6749347378, 5219423.63670858], [630365.4471868481, 5219423.5473880535], [630365.2292593393, 5219423.436235642], [630365.0232389894, 5219423.304315692], [630364.8310985591, 5219423.152891411], [630364.6546779007, 5219422.983412772], [630364.4956663412, 5219422.7975026285], [630364.3555865053, 5219422.596941173], [630362.7058939827, 5219419.9699054], [630358.6827368807, 5219436.708645914], [630373.4875692403, 5219448.926189184], [630373.4951288576, 5219448.932129627]]]]}}, {"type": "Feature", "properties": {"vineyard_id": "V39", "area_m2": 1079.9}, "geometry": {"type": "Polygon", "coordinates": [[[630126.1626218575, 5219372.976348537], [630131.729878251, 5219380.053159314], [630131.7497243471, 5219380.077147725], [630168.4816536437, 5219426.756772862], [630168.4899293509, 5219426.766780624], [630169.559663628, 5219428.127883385], [630169.5976836135, 5219428.171611146], [630169.6454355124, 5219428.137699481], [630171.74956449, 5219426.482300519], [630171.7944601126, 5219426.443265112], [630171.7774459894, 5219426.368864104], [630171.7332813262, 5219426.117136975], [630171.7150475663, 5219425.862216213], [630171.722935266, 5219425.606765925], [630171.7568619928, 5219425.353455755], [630171.8164731876, 5219425.104932979], [630171.9011458701, 5219424.86379484], [630172.0099951488, 5219424.632561409], [630172.1418834692, 5219424.413649244], [630172.295432502, 5219424.209346137], [630172.4690375478, 5219424.021787204], [630172.660884307, 5219423.852932574], [630173.1712430682, 5219423.448096104], [630173.2167721733, 5219423.408188779], [630173.2193543632, 5219423.401333393], [630173.2834693363, 5219423.199724397], [630173.3726213032, 5219422.988622816], [630173.4807283952, 5219422.78657132], [630173.6068823058, 5219422.595267527], [630173.7500231013, 5219422.416318755], [630173.9089481252, 5219422.251228514], [630174.0823221034, 5219422.101383881], [630174.6468325014, 5219421.657005745], [630174.6910197723, 5219421.618564481], [630174.6570947241, 5219421.5708220815], [630174.1666511528, 5219420.947793014], [630174.0241216553, 5219420.747146324], [630173.9020119499, 5219420.533457363], [630173.8015054994, 5219420.308797164], [630173.723576392, 5219420.075343086], [630173.6689799012, 5219419.835357722], [630173.6382451655, 5219419.59116696], [630173.6316700593, 5219419.34513745], [630173.6493183076, 5219419.099653659], [630173.6910188671, 5219418.857094768], [630173.7563675842, 5219418.61981161], [630173.8447311121, 5219418.390103886], [630173.9552530494, 5219418.170197875], [630174.0868622393, 5219417.962224864], [630174.2382831518, 5219417.768200487], [630174.4080482458, 5219417.590005186], [630174.5945121917, 5219417.429365998], [630176.5384523422, 5219415.9147662725], [630176.5828309305, 5219415.876546058], [630176.5491446133, 5219415.82863492], [630170.7125753544, 5219408.337585551], [630170.694955756, 5219408.316076043], [630167.6911872913, 5219404.458879828], [630167.5483902235, 5219404.255395771], [630167.4265076886, 5219404.038736102], [630167.3267447979, 5219403.811043042], [630167.2500879554, 5219403.5745679], [630167.1972951042, 5219403.331648821], [630167.1688882327, 5219403.084687662], [630167.1651482133, 5219402.836126248], [630167.1861120254, 5219402.588422226], [630167.2315723896, 5219402.344024763], [630167.3010798176, 5219402.105350338], [630167.3939470557, 5219401.874758837], [630167.5092558807, 5219401.65453023], [630167.6458661789, 5219401.446842025], [630167.8024272182, 5219401.253747734], [630167.9773910041, 5219401.0771565735], [630168.1690275854, 5219400.9188145865], [630168.3754421585, 5219400.780287376], [630168.5945938034, 5219400.662944626], [630168.7554083045, 5219400.596442178], [630168.7888037496, 5219400.580697554], [630168.8249291615, 5219400.532113108], [630170.3150708341, 5219398.3078868985], [630170.3458195744, 5219398.256728556], [630170.3285882113, 5219398.220179633], [630170.2507962888, 5219398.073972262], [630170.1563693691, 5219397.843892404], [630170.0852699865, 5219397.605568963], [630170.0382017767, 5219397.361360511], [630170.0156305508, 5219397.113683858], [630170.017779685, 5219396.864990138], [630170.0446279105, 5219396.617740554], [630170.0959095235, 5219396.37438201], [630170.1711170152, 5219396.137322908], [630170.2695060937, 5219395.908909305], [630170.3901030507, 5219395.6914017], [630170.5317143972, 5219395.486952657], [630170.656425683, 5219395.34047211], [630170.6724257652, 5219395.319723059], [630170.6381367709, 5219395.271630956], [630170.4545913974, 5219395.039229166], [630170.3165620533, 5219394.846299971], [630170.1974402262, 5219394.641156694], [630170.0982984657, 5219394.425646404], [630170.0200294248, 5219394.201709514], [630169.9633378226, 5219393.971362306], [630169.9287340989, 5219393.736678782], [630169.9165298193, 5219393.499771987], [630169.9268348683, 5219393.262774983], [630169.9595564614, 5219393.027821645], [630170.01439998, 5219392.797027446], [630170.0908716235, 5219392.572470412], [630170.1882828564, 5219392.356172411], [630170.3057566071, 5219392.150080946], [630170.4422351649, 5219391.956051625], [630170.5964897037, 5219391.775831452], [630170.6750704874, 5219391.692386208], [630170.6409352649, 5219391.644476744], [630170.1082144531, 5219390.969503164], [630169.9657948661, 5219390.769605559], [630169.8436634024, 5219390.556705826], [630169.7429972605, 5219390.332856057], [630169.6647667396, 5219390.100213893], [630169.6097258867, 5219389.86102172], [630169.5784052286, 5219389.617585059], [630169.5711066581, 5219389.372250346], [630169.5879005247, 5219389.127382305], [630169.6286249561, 5219388.885341168], [630169.6928874182, 5219388.648459918], [630169.780068499, 5219388.419021799], [630169.8893278793, 5219388.199238317], [630170.0196124315, 5219387.991227916], [630170.1696663712, 5219387.796995565], [630170.338043361, 5219387.618413426], [630170.5231204515, 5219387.457202814], [630170.6288394077, 5219387.3738797], [630170.6730037702, 5219387.335412151], [630170.6390503076, 5219387.287689959], [630163.6275291446, 5219378.39159062], [630163.589061587, 5219378.347426248], [630163.5413393853, 5219378.381379717], [630163.4028795607, 5219378.490507769], [630163.1956847066, 5219378.637384143], [630162.9746572144, 5219378.762481003], [630162.7420781722, 5219378.864507304], [630162.5003478841, 5219378.942410093], [630162.2519610988, 5219378.995385386], [630161.9994812622, 5219379.022886457], [630161.7455140623, 5219379.024629484], [630161.4926805372, 5219379.000596479], [630161.243590025, 5219378.951035471], [630161.0008132344, 5219378.876457949], [630160.7668557144, 5219378.777633581], [630160.5441319954, 5219378.655582273], [630160.334940671, 5219378.511563641], [630160.1480703049, 5219378.35270004], [630160.1462103974, 5219378.351264855], [630160.0497380124, 5219378.406615011], [630160.0464007808, 5219378.408761143], [630160.0423917983, 5219378.410829835], [630160.0415551406, 5219378.41130986], [630160.0415337603, 5219378.411272595], [630159.8351486117, 5219378.517770278], [630159.6144977707, 5219378.606221829], [630159.3864433108, 5219378.673316044], [630159.1530472265, 5219378.718446281], [630158.9164198093, 5219378.741204485], [630158.6787005676, 5219378.741384886], [630158.4420388815, 5219378.718985851], [630158.2085745691, 5219378.674209906], [630157.9804185389, 5219378.6074618995], [630157.7596337037, 5219378.519345346], [630157.5482163283, 5219378.410656966], [630157.3480779799, 5219378.282379487], [630157.1610282444, 5219378.135672749], [630156.9887583648, 5219377.971863228], [630156.8328259495, 5219377.792432037], [630155.8871988098, 5219376.593631675], [630155.848713431, 5219376.549482824], [630155.801004955, 5219376.583455533], [630153.6989950532, 5219378.241544462], [630153.6548462063, 5219378.280029838], [630153.6888189166, 5219378.327738316], [630155.0464634753, 5219380.048865726], [630155.0745219488, 5219380.082674611], [630164.4338457823, 5219391.933527144], [630164.5744501206, 5219392.130455327], [630164.6953577809, 5219392.340054057], [630164.7954360949, 5219392.5603598], [630164.8737475243, 5219392.789308724], [630164.9295584441, 5219393.024756024], [630164.9623460149, 5219393.264496017], [630164.9718030812, 5219393.506282811], [630164.9578410488, 5219393.747851334], [630164.9205907147, 5219393.986938561], [630164.8604010417, 5219394.221304712], [630164.7778358896, 5219394.448754234], [630164.6736687323, 5219394.66715637], [630164.5488754127, 5219394.874465118], [630164.4741188863, 5219394.986048753], [630164.3257036455, 5219395.185384565], [630164.1582306888, 5219395.369000084], [630163.9733549667, 5219395.535080838], [630163.7729034019, 5219395.681985636], [630163.5588568357, 5219395.808262781], [630163.3333304542, 5219395.912664413], [630163.0985528855, 5219395.994158849], [630162.8568441772, 5219396.051940766], [630162.6105928696, 5219396.085439173], [630162.3622323924, 5219396.094323038], [630162.1142170181, 5219396.0785045745], [630161.8689976088, 5219396.038140098], [630161.6289973971, 5219395.973628486], [630161.3965880403, 5219395.885607235], [630161.1740661834, 5219395.7749461625], [630160.963630764, 5219395.642738811], [630160.7673612834, 5219395.490291637], [630160.587197256, 5219395.31911111], [630160.424919044, 5219395.130888817], [630147.3768306704, 5219378.380550479], [630147.3511879179, 5219378.349246378], [630135.1721568641, 5219362.71306729], [630135.1339656354, 5219362.668711658], [630135.0860504853, 5219362.702392254], [630132.9739495162, 5219364.347607746], [630132.9295663652, 5219364.385822669], [630132.9632469716, 5219364.433737832], [630133.5612427677, 5219365.2014351385], [630133.702647176, 5219365.402652859], [630133.8235967783, 5219365.616790597], [630133.9229210964, 5219365.841776057], [630133.9996589288, 5219366.075431963], [630134.0530676525, 5219366.315497133], [630134.0826304095, 5219366.559648358], [630134.0880611092, 5219366.80552289], [630134.0693071964, 5219367.050741299], [630134.0265501605, 5219367.292930508], [630133.9602037785, 5219367.529746756], [630133.8709101111, 5219367.758898274], [630133.7595332894, 5219367.978167472], [630133.6271511518, 5219368.185432392], [630133.4750448137, 5219368.378687249], [630133.3046862698, 5219368.556061835], [630133.1177241486, 5219368.715839626], [630133.0883150246, 5219368.738567821], [630133.0424056416, 5219368.777792489], [630133.0314834788, 5219368.816546364], [630132.9960271881, 5219368.971433479], [630132.9192939928, 5219369.201402826], [630132.8206469327, 5219369.422858558], [630132.7010136673, 5219369.633718144], [630132.5615192064, 5219369.8319987], [630132.403475331, 5219370.01583563], [630132.2283682575, 5219370.183500165], [630132.0378446615, 5219370.333415617], [630131.833696193, 5219370.464172209], [630131.6178426273, 5219370.574540328], [630131.3923138132, 5219370.663482092], [630131.3730891458, 5219370.670005597], [630131.3236226974, 5219370.705444405], [630131.0296520346, 5219370.938702692], [630130.8380681614, 5219371.076500662], [630130.6343446317, 5219371.195619863], [630130.4202967905, 5219371.294998848], [630130.197831981, 5219371.373752066], [630129.9689325482, 5219371.431177761], [630129.735638175, 5219371.466764224], [630129.5000277072, 5219371.480194349], [630129.2642006283, 5219371.471348463], [630129.0302583524, 5219371.440305389], [630128.8002854985, 5219371.387341748], [630128.5763313144, 5219371.312929489], [630128.3603914168, 5219371.217731687], [630128.3255958055, 5219371.200386478], [630128.2770891963, 5219371.234831932], [630126.1729108007, 5219372.89016807], [630126.1287116179, 5219372.928595626], [630126.1626218575, 5219372.976348537]]]}}, {"type": "Feature", "properties": {"vineyard_id": "V40", "area_m2": 250.2}, "geometry": {"type": "Polygon", "coordinates": [[[630216.9061481786, 5219360.118014804], [630219.5870684923, 5219364.585391696], [630219.5850983018, 5219364.586574028], [630219.6000935116, 5219364.611561701], [630219.6020617954, 5219364.610380538], [630221.0261280262, 5219366.983436755], [630221.1401059208, 5219367.195976288], [630221.2330738796, 5219367.41850937], [630221.3041667205, 5219367.648965051], [630221.3527228362, 5219367.885198659], [630221.3782903517, 5219368.125011744], [630221.3806313297, 5219368.366172548], [630221.3597239843, 5219368.60643677], [630221.3157628844, 5219368.843568454], [630221.2491571426, 5219369.075360794], [630221.1605266082, 5219369.299656674], [630221.0506960982, 5219369.514368744], [630220.920687722, 5219369.717498839], [630220.7717113693, 5219369.907156583], [630220.6051534497, 5219370.081576975], [630220.4225639917, 5219370.239136816], [630220.2256422171, 5219370.378369816], [630219.6709797495, 5219370.73169358], [630219.6231858262, 5219370.765545981], [630219.6521905996, 5219370.816427887], [630225.4716356175, 5219379.95203679], [630225.4741882349, 5219379.955838504], [630226.3510563095, 5219381.335008854], [630226.3846705407, 5219381.382524058], [630226.4355690121, 5219381.353548362], [630228.3298177888, 5219380.148419966], [630228.5174907044, 5219380.040149471], [630228.7138333633, 5219379.948535151], [630228.7882712745, 5219379.917655701], [630228.842185195, 5219379.888801341], [630231.1904382047, 5219378.479619464], [630231.1920106298, 5219378.482239745], [630231.3037025355, 5219378.415384933], [630231.530884671, 5219378.308728268], [630231.7676157119, 5219378.225386915], [630232.0115098876, 5219378.166200785], [630232.260109238, 5219378.131766356], [630232.510908384, 5219378.122430656], [630232.7613797772, 5219378.1382877715], [630233.0089991722, 5219378.179177894], [630233.2512710661, 5219378.244688935], [630233.4857538478, 5219378.334160673], [630233.7100844049, 5219378.446691416], [630233.9220019387, 5219378.58114708], [630234.119370749, 5219378.736172626], [630234.300201757, 5219378.910205707], [630234.4626725516, 5219379.101492424], [630234.6051457559, 5219379.308104991], [630234.9592552423, 5219379.881194909], [630234.9924490853, 5219379.929448543], [630235.0437239348, 5219379.901144219], [630237.3212760732, 5219378.493855776], [630237.3695297036, 5219378.460661937], [630237.3412253791, 5219378.409387087], [630221.9977699481, 5219353.577576721], [630221.9833727167, 5219353.555503599], [630220.4980751452, 5219351.151044882], [630220.4650072829, 5219351.1029805215], [630220.413734122, 5219351.131287902], [630218.1362658706, 5219352.538712103], [630218.08801422, 5219352.5719088195], [630218.1163215995, 5219352.623181979], [630219.5912720648, 5219355.009920005], [630219.6057244205, 5219355.032105866], [630219.8057674543, 5219355.35683202], [630219.9248389619, 5219355.573411082], [630220.0219435192, 5219355.800688928], [630220.096132073, 5219356.036444251], [630220.1466795395, 5219356.278372893], [630220.1730918922, 5219356.524110358], [630220.1751109893, 5219356.771254926], [630220.152717097, 5219357.017391123], [630220.1061290826, 5219357.260113332], [630220.0358022751, 5219357.497049304], [630219.9424240151, 5219357.725883337], [630219.8269069372, 5219357.944378917], [630219.6903800499, 5219358.150400574], [630219.5341777019, 5219358.34193475], [630219.3598265405, 5219358.517109482], [630219.1690305903, 5219358.674212694], [630218.9636546002, 5219358.811708937], [630216.9271915886, 5219360.033812016], [630216.8785114074, 5219360.066377083], [630216.9061481786, 5219360.118014804]]]}}, {"type": "Feature", "properties": {"vineyard_id": "V41", "area_m2": 4749.6}, "geometry": {"type": "MultiPolygon", "coordinates": [[[[630302.6729600548, 5219328.717406437], [630302.62467037, 5219328.7505478375], [630302.6529189631, 5219328.801853409], [630302.7502691312, 5219328.959788187], [630303.5254069547, 5219328.191962645], [630302.6729600548, 5219328.717406437]]], [[[630311.7612842736, 5219426.121011534], [630311.89780692, 5219425.935616022], [630312.0508065904, 5219425.763566524], [630312.2189856042, 5219425.606322293], [630312.4009175367, 5219425.465217011], [630312.605815227, 5219425.320904242], [630313.6233607976, 5219424.273587471], [630313.5783332752, 5219424.171978231], [630313.5013520777, 5219423.938803089], [630313.4476174142, 5219423.699200632], [630313.4176476886, 5219423.455482419], [630313.4117320335, 5219423.209999718], [630313.4299275199, 5219422.965120818], [630313.472058607, 5219422.7232081825], [630313.5377188363, 5219422.4865956595], [630313.626274752, 5219422.257565964], [630313.7368720125, 5219422.038328656], [630313.8684436328, 5219421.830998821], [630314.0197202787, 5219421.637576671], [630314.1892425114, 5219421.4599282425], [630314.3753748686, 5219421.2997673955], [630314.5763216421, 5219421.158639276], [630314.790144202, 5219421.037905418], [630315.0147796992, 5219420.938730598], [630315.1177931932, 5219420.899174816], [630315.1693799917, 5219420.8666182775], [630316.5079345927, 5219419.926961461], [630316.7331520095, 5219419.786103264], [630316.9720438662, 5219419.669937016], [630317.2219130193, 5219419.57977426], [630317.4799383896, 5219419.516632952], [630317.7432068122, 5219419.481225973], [630317.819450536, 5219419.479137721], [630317.9209230305, 5219419.471777807], [630317.9721129733, 5219419.439450043], [630319.0680031657, 5219418.669646554], [630320.1611393834, 5219417.544527516], [630320.1527167142, 5219417.4752671765], [630320.1471738379, 5219417.229197024], [630320.1658548058, 5219416.9837744], [630320.2085785435, 5219416.741378184], [630320.2749309298, 5219416.504357924], [630320.3642688108, 5219416.275011055], [630320.475726235, 5219416.055560637], [630320.6082228452, 5219415.848133803], [630320.7604743523, 5219415.654741142], [630320.9310049824, 5219415.477257206], [630321.1181617825, 5219415.317402349], [630321.3201306417, 5219415.176726043], [630321.5349538762, 5219415.056591864], [630321.7605492044, 5219414.958164271], [630321.9947299315, 5219414.882397324], [630322.0365967014, 5219414.871095407], [630322.0882114123, 5219414.838865644], [630322.879656582, 5219414.288911992], [630323.0818671768, 5219414.162265952], [630323.2952300074, 5219414.055473412], [630323.5178016508, 5219413.969507095], [630323.6781839494, 5219413.9245817745], [630326.4774041636, 5219411.043462385], [630325.4262532643, 5219409.447739334], [630325.2994722503, 5219409.2326060245], [630325.1947853562, 5219409.005898238], [630325.1132370351, 5219408.76987782], [630325.055640888, 5219408.526899529], [630325.0225715475, 5219408.279387539], [630325.0143589437, 5219408.02981126], [630325.031085013, 5219407.7806606935], [630325.0725828808, 5219407.534421596], [630325.1384385262, 5219407.293550676], [630325.2279949124, 5219407.060451083], [630325.3403585423, 5219406.837448436], [630325.4744083727, 5219406.626767612], [630325.6288069985, 5219406.43051056], [630339.920835814, 5219390.0214712955], [630340.0958635887, 5219389.839886792], [630340.2882960459, 5219389.676861017], [630340.4961747569, 5219389.53405312], [630340.6137112738, 5219389.461752993], [630340.8283129578, 5219389.343824649], [630341.0534221759, 5219389.247456518], [630341.2868792854, 5219389.17357313], [630341.5264445554, 5219389.122883305], [630341.7698196552, 5219389.095873349], [630342.0146697036, 5219389.0928023895], [630342.2586456686, 5219389.113699887], [630342.4994069044, 5219389.158365358], [630342.7346436065, 5219389.226370292], [630342.962098971, 5219389.317062265], [630343.1795908469, 5219389.429571202], [630343.3850326698, 5219389.56281772], [630343.5764534811, 5219389.715523482], [630343.7520168362, 5219389.886223469], [630343.910038423, 5219390.073280024], [630344.0490022207, 5219390.274898575], [630344.929940461, 5219391.697419441], [630344.9631826103, 5219391.745639821], [630345.0144290904, 5219391.717284167], [630345.6164116649, 5219391.344488603], [630347.0750659931, 5219389.84315718], [630346.6986200059, 5219389.235279978], [630346.5802100053, 5219389.021365211], [630346.483262165, 5219388.796906814], [630346.4087037788, 5219388.564051703], [630346.3572479882, 5219388.325027107], [630346.3293869613, 5219388.0821192665], [630346.3253871853, 5219387.837651564], [630346.3452869175, 5219387.593962302], [630346.3888958195, 5219387.353382337], [630346.4557967777, 5219387.1182127865], [630346.545349893, 5219386.890703017], [630346.6566986012, 5219386.67302913], [630346.788777866, 5219386.46727315], [630346.940324366, 5219386.275403105], [630347.1098885783, 5219386.099254209], [630347.2958486426, 5219385.940511302], [630347.4964258745, 5219385.800692742], [630347.9217703084, 5219385.534115339], [630347.9716838533, 5219385.499309113], [630347.993520942, 5219385.4715947425], [630348.1553296082, 5219385.285846944], [630348.3346334872, 5219385.116925636], [630348.5296916302, 5219384.966470959], [630348.7386101232, 5219384.835943748], [630348.9593604747, 5219384.726611359], [630349.1897993125, 5219384.63953535], [630349.4276891936, 5219384.575561186], [630349.6707203297, 5219384.535310023], [630349.9165330131, 5219384.51917268], [630350.162740529, 5219384.52730584], [630350.406952329, 5219384.559630536], [630350.6467972419, 5219384.615832911], [630350.8799464968, 5219384.695367269], [630351.040814024, 5219384.768624943], [630351.0718523382, 5219384.780965997], [630351.1242481826, 5219384.751991947], [630352.7222796646, 5219383.762931097], [630353.3025716145, 5219383.06776359], [630352.9183019184, 5219382.446896763], [630352.8009284142, 5219382.234948695], [630352.7046220773, 5219382.012634475], [630352.6302873943, 5219381.782042025], [630352.5786224987, 5219381.545337015], [630352.5501126152, 5219381.304742523], [630352.545025502, 5219381.062518155], [630352.5634089358, 5219380.820938826], [630352.6050902639, 5219380.582273391], [630352.6696780251, 5219380.348763339], [630352.7565656264, 5219380.122601743], [630352.8649370399, 5219379.905912657], [630352.993774467, 5219379.700731176], [630353.141867897, 5219379.508984314], [630353.3078264714, 5219379.332472913], [630353.4900915464, 5219379.172854726], [630353.6869513317, 5219379.031628851], [630354.6667179617, 5219378.398322566], [630354.7142859643, 5219378.364153429], [630354.6849438377, 5219378.313465314], [630342.4815752102, 5219359.434048447], [630342.4474060723, 5219359.386480443], [630342.39671796, 5219359.415822568], [630341.8755121487, 5219359.752722097], [630341.660431524, 5219359.877049428], [630341.4340734832, 5219359.979416406], [630341.1986732471, 5219360.058812183], [630340.9565553255, 5219360.11445275], [630340.7101105637, 5219360.145788673], [630340.461772533, 5219360.152510517], [630340.2139935005, 5219360.134551906], [630339.969220213, 5219360.092090176], [630339.7298697369, 5219360.025544627], [630339.4983055895, 5219359.935572374], [630339.2768144006, 5219359.823061869], [630339.067583332, 5219359.6891241195], [630338.8726784808, 5219359.535081724], [630338.6940244766, 5219359.362455806], [630338.5333854764, 5219359.172950998], [630338.3923477447, 5219358.968438605], [630324.6855552242, 5219336.812739731], [630324.5567032787, 5219336.577031315], [630324.4538858047, 5219336.3288582945], [630324.3782899131, 5219336.071086026], [630324.3496412531, 5219335.949561091], [630324.3199123583, 5219335.898928321], [630318.6640170983, 5219327.266246081], [630318.641978353, 5219327.234339698], [630315.8025246905, 5219322.89914917], [630312.7690006797, 5219325.06322682], [630312.6767406081, 5219325.148284338], [630312.4615962076, 5219325.307682953], [630311.9813817543, 5219325.625104196], [630310.6535472674, 5219326.57236452], [630310.6483523856, 5219326.578616152], [630310.4693822907, 5219326.754609825], [630310.2736663483, 5219326.911770055], [630310.0631775024, 5219327.048512563], [630309.8400376175, 5219327.163458898], [630309.806399973, 5219327.1767086815], [630306.2570325135, 5219329.708782522], [630303.7061789811, 5219332.235572516], [630303.7040971757, 5219332.242799312], [630303.6136239655, 5219332.470333083], [630303.5013257765, 5219332.687924753], [630303.3682798988, 5219332.89348694], [630303.2157626582, 5219333.085047661], [630303.045237171, 5219333.26076925], [630302.8583393095, 5219333.418965987], [630302.6568620073, 5219333.558120272], [630301.8915325967, 5219334.03310039], [630297.4166162581, 5219338.465802497], [630307.9291374331, 5219355.454920372], [630308.0489038068, 5219355.671803793], [630308.1466149028, 5219355.899476682], [630308.2213110821, 5219356.135703022], [630308.2722587402, 5219356.378162789], [630308.2989575102, 5219356.624474742], [630308.301145179, 5219356.872219807], [630308.2788002607, 5219357.118964831], [630308.2321422093, 5219357.3622864885], [630308.1616292619, 5219357.599795071], [630308.0679539391, 5219357.829157964], [630307.9520362436, 5219358.048122551], [630307.8150146246, 5219358.254538341], [630307.6582347965, 5219358.446378088], [630307.4832365229, 5219358.621757695], [630307.2917384942, 5219358.77895473], [630307.0856214479, 5219358.916425331], [630306.8669096974, 5219359.032819372], [630306.6377512512, 5219359.126993727], [630306.4003967168, 5219359.1980234925], [630306.1571771966, 5219359.245211072], [630305.9429128875, 5219359.265084885], [630305.9273504379, 5219359.26729532], [630305.8750959634, 5219359.298178852], [630305.8379879737, 5219359.322643822], [630305.6183424165, 5219359.451895087], [630305.3866792356, 5219359.558112934], [630305.1454058768, 5219359.640193546], [630304.8970296554, 5219359.697283939], [630304.6441316992, 5219359.728790831], [630304.3893401265, 5219359.734386801], [630304.1353027336, 5219359.714013695], [630303.8846594797, 5219359.667883231], [630303.6400150517, 5219359.596474798], [630303.403911797, 5219359.500530474], [630303.1788033029, 5219359.38104731], [630302.9994053434, 5219359.260942606], [630302.9837283643, 5219359.251486214], [630302.9326140473, 5219359.281928075], [630300.7023859583, 5219360.763071922], [630300.6067276486, 5219360.833601219], [630300.3998974436, 5219360.970791412], [630300.1804834147, 5219361.0867973035], [630299.9506481023, 5219361.18047554], [630299.7126567592, 5219361.2509028325], [630299.4688550233, 5219361.297385049], [630299.2216458, 5219361.319464062], [630298.973465579, 5219361.316922262], [630298.7267604196, 5219361.289784702], [630298.723860115, 5219361.289318977], [630298.6718411035, 5219361.319658547], [630296.4281588999, 5219362.78034145], [630296.3801214861, 5219362.815085932], [630296.4024666277, 5219362.909045048], [630296.4156405563, 5219362.954403483], [630296.4606047999, 5219363.195099444], [630296.481806951, 5219363.4390395945], [630296.479043617, 5219363.683883816], [630296.452341307, 5219363.927283313], [630296.401956176, 5219364.166903151], [630296.3283715696, 5219364.400444656], [630296.2322933859, 5219364.625667459], [630296.1146433038, 5219364.840410996], [630295.9765499423, 5219365.042615229], [630295.8193380326, 5219365.230340412], [630295.6445157105, 5219365.401785692], [630295.453760049, 5219365.555306395], [630295.2489009692, 5219365.689429793], [630295.0319036869, 5219365.80286924], [630294.80484986, 5219365.894536508], [630294.5699176185, 5219365.963552235], [630294.3293606705, 5219366.009254349], [630294.0854866817, 5219366.031204431], [630293.8406351382, 5219366.029191913], [630293.5971549043, 5219366.0032361], [630293.3573816887, 5219365.953585989], [630293.1236156388, 5219365.880717872], [630292.8980992754, 5219365.785330774], [630292.6829959797, 5219365.668339746], [630292.6595753472, 5219365.654072874], [630292.6083289315, 5219365.684291824], [630290.3716710737, 5219367.155708172], [630290.3243798029, 5219367.190259311], [630290.3541292076, 5219367.240709455], [630293.61725325, 5219372.200890872], [630293.7427228915, 5219372.413845257], [630293.8465508218, 5219372.638148538], [630293.9277221484, 5219372.871608206], [630293.9854434414, 5219373.111942251], [630294.0191504898, 5219373.356801468], [630294.0285138154, 5219373.603792418], [630294.0134418941, 5219373.850500825], [630293.97408205, 5219374.094515176], [630293.9108190162, 5219374.333450292], [630293.8242711728, 5219374.56497064], [630293.7152845035, 5219374.786813168], [630293.5849243264, 5219374.996809418], [630293.4344648796, 5219375.192906731], [630293.2653768669, 5219375.373188302], [630293.0793130818, 5219375.535891925], [630292.8780922516, 5219375.679427211], [630292.6636812602, 5219375.80239114], [630292.4381759218, 5219375.903581769], [630292.2037804952, 5219375.982009985], [630291.9627861377, 5219376.03690917], [630291.7175485092, 5219376.067742701], [630291.4704647469, 5219376.074209186], [630291.2239500334, 5219376.056245416], [630290.9804139887, 5219376.0140269855], [630290.8031931027, 5219375.964873237], [630290.7734330618, 5219375.958160894], [630290.7226690821, 5219375.990239765], [630290.2845488499, 5219376.29818083], [630290.0770771954, 5219376.429281851], [630289.8577507373, 5219376.53940846], [630289.6286831499, 5219376.627499354], [630289.3920819836, 5219376.692705591], [630289.150227391, 5219376.734398771], [630288.9054501525, 5219376.752177091], [630288.6601092141, 5219376.745869221], [630288.4165689549, 5219376.715535951], [630288.1771764, 5219376.661469604], [630287.9442386029, 5219376.584191225], [630287.7200004117, 5219376.484445553], [630287.5066228358, 5219376.363193852], [630287.306162219, 5219376.221604635], [630287.1205504234, 5219376.061042415], [630286.951576211, 5219375.883054548], [630286.8008680058, 5219375.689356323], [630284.3235741265, 5219372.160791556], [630284.2876094136, 5219372.114566191], [630284.2380814727, 5219372.145826849], [630282.0469185169, 5219373.684173157], [630282.0006931571, 5219373.720137866], [630282.043241206, 5219373.787549026], [630282.1638664703, 5219374.001222102], [630282.2629643873, 5219374.2256908985], [630282.3395803403, 5219374.458793093], [630282.3929762832, 5219374.6982832], [630282.4226378497, 5219374.941854194], [630282.4282793079, 5219375.187159741], [630282.4098463133, 5219375.431836799], [630282.3675164322, 5219375.673528376], [630282.3016974308, 5219375.909906245], [630282.2130233478, 5219376.138693362], [630282.1023483861, 5219376.357685805], [630281.9707386843, 5219376.564774009], [630281.8194620471, 5219376.757963079], [630281.6499757315, 5219376.935392013], [630281.4639124097, 5219377.095351626], [630281.2630644415, 5219377.236301019], [630281.0493666076, 5219377.356882417], [630280.8248774724, 5219377.455934251], [630280.6905533152, 5219377.500053319], [630280.6403735407, 5219377.519310519], [630280.4156661142, 5219377.618234615], [630280.1785183994, 5219377.695482229], [630279.9348538581, 5219377.7487159], [630279.6870976829, 5219377.777405795], [630279.4377157899, 5219377.781266362], [630279.1891902768, 5219377.760259178], [630278.9439947172, 5219377.714593326], [630278.7045695417, 5219377.644723319], [630278.4732977487, 5219377.5513445735], [630278.2524811854, 5219377.435386487], [630278.0443176385, 5219377.29800319], [630277.8508789593, 5219377.140562058], [630277.6740904422, 5219376.964630104], [630277.5157116633, 5219376.771958375], [630277.3773189657, 5219376.564464536], [630273.2101960073, 5219369.585953967], [630273.1926264616, 5219369.55810002], [630271.0810168826, 5219366.020035861], [630271.0486196969, 5219365.971360507], [630270.9969174378, 5219365.998876342], [630268.6980825663, 5219367.371123657], [630268.6493262879, 5219367.403574704], [630268.6768421225, 5219367.455276965], [630270.7776806632, 5219370.974672371], [630270.7961684106, 5219371.004018992], [630270.9447785612, 5219371.253579216], [630271.057028207, 5219371.464374096], [630271.1486519477, 5219371.684917867], [630271.2188136696, 5219371.913197952], [630271.2668731108, 5219372.147131179], [630271.292391704, 5219372.384582787], [630271.2951365792, 5219372.623385907], [630271.2750826877, 5219372.861361339], [630271.2324130319, 5219373.096337433], [630271.1675169942, 5219373.326169914], [630271.0809867842, 5219373.548761439], [630270.9736120348, 5219373.762080749], [630270.8463725956, 5219373.964181193], [630270.7004295922, 5219374.153218502], [630270.5371148293, 5219374.327467614], [630270.3579186383, 5219374.485338414], [630270.1644762766, 5219374.625390252], [630270.0908476871, 5219374.673510449], [630270.1179293614, 5219374.725441436], [630270.7698302222, 5219375.838615108], [630270.7899321688, 5219375.871088489], [630271.1986094142, 5219376.5690393755], [630271.3132065034, 5219376.78912117], [630271.4054225043, 5219377.019478931], [630271.4743490007, 5219377.257843414], [630271.519307001, 5219377.501866502], [630271.5398536255, 5219377.749144332], [630271.5357864704, 5219377.99724098], [630271.507145601, 5219378.243712459], [630271.4542131573, 5219378.486130785], [630271.3775105748, 5219378.722107909], [630271.2777934471, 5219378.949319228], [630271.1560440836, 5219379.1655264925], [630271.0134618324, 5219379.368599855], [630270.851451265, 5219379.556538848], [630270.671608341, 5219379.727492092], [630270.4757046853, 5219379.879775533], [630269.5362937732, 5219380.537919037], [630269.3292917599, 5219380.668326192], [630269.1105343733, 5219380.777875566], [630268.8821166392, 5219380.865518011], [630268.6462260998, 5219380.930414182], [630268.4051218643, 5219380.971942572], [630268.1611129727, 5219380.989705466], [630267.916536283, 5219380.983532749], [630267.673734091, 5219380.953483539], [630267.4350316979, 5219380.899845613], [630267.2027151417, 5219380.823132659], [630266.9790093036, 5219380.724079353], [630266.7660566004, 5219380.60363432], [630266.5658964667, 5219380.462951058], [630266.3804458239, 5219380.303376879], [630266.2114807209, 5219380.126440016], [630266.0606193262, 5219379.933834981], [630265.9293064298, 5219379.7274063425], [630265.8187996071, 5219379.509131054], [630265.7301571751, 5219379.281099523], [630265.6642280568, 5219379.045495596], [630265.6216436513, 5219378.804575634], [630265.6028117866, 5219378.560646914], [630265.5996356066, 5219378.447641453], [630265.5696068126, 5219378.395069923], [630262.3806423553, 5219373.398535751], [630262.3467482219, 5219373.35077141], [630262.2958916617, 5219373.379820617], [630261.9422308656, 5219373.605539419], [630261.8401755223, 5219373.706632021], [630261.7223806161, 5219373.811632609], [630261.594206775, 5219373.903677326], [630261.4570724996, 5219373.981747512], [630261.3124954555, 5219374.044979163], [630261.169404964, 5219374.098784186], [630261.1474688326, 5219374.112784599], [630260.9477543996, 5219374.2276552105], [630260.7383131246, 5219374.323652421], [630260.5209237876, 5219374.399960929], [630260.2974326717, 5219374.455932647], [630260.16535745, 5219374.476327083], [630258.1960642099, 5219375.2168225935], [630257.0657383099, 5219375.93631441], [630257.0179330176, 5219375.970150761], [630257.0469207026, 5219376.021042404], [630257.0592170822, 5219376.040360089], [630257.1826774181, 5219376.2575659305], [630257.2838415272, 5219376.486009918], [630257.3616990498, 5219376.723410504], [630257.4154723969, 5219376.9673966905], [630257.4446245162, 5219377.215531707], [630257.4488642556, 5219377.465337344], [630257.4281492715, 5219377.714318712], [630257.3826864514, 5219377.95998915], [630257.3129298476, 5219378.199895066], [630257.2195761426, 5219378.431640439], [630257.1035576909, 5219378.65291075], [630256.9660332073, 5219378.861496101], [630256.8083761948, 5219379.05531328], [630256.6321612264, 5219379.232426568], [630256.4391482199, 5219379.391067078], [630255.6046737237, 5219380.00974497], [630255.5593937802, 5219380.046892923], [630255.591924657, 5219380.095595985], [630263.9763227171, 5219391.404495881], [630264.0134706782, 5219391.449775835], [630264.0621737309, 5219391.417244963], [630264.2144096433, 5219391.304377532], [630264.4208701957, 5219391.166643835], [630264.6399699695, 5219391.050059874], [630264.8695496389, 5219390.955774634], [630265.107346594, 5219390.884717341], [630265.3510172401, 5219390.837588293], [630265.5981600945, 5219390.8148519695], [630265.8463394544, 5219390.816732447], [630266.0931094019, 5219390.843211191], [630266.3360379093, 5219390.894027243], [630266.5727308079, 5219390.968679789], [630266.8008553842, 5219391.066433094], [630267.0181633688, 5219391.186323756], [630267.2225130948, 5219391.327170199], [630267.4118906048, 5219391.487584318], [630267.5844294991, 5219391.665985161], [630267.7384293304, 5219391.860614508], [630270.8046997089, 5219396.158174747], [630270.8426157685, 5219396.206150341], [630270.8755564559, 5219396.240326998], [630270.9503580136, 5219396.309748339], [630271.0931590832, 5219396.46685405], [630271.2221153824, 5219396.635509388], [630272.6276712847, 5219398.645205228], [630272.7580707939, 5219398.852596544], [630272.867545947, 5219399.0717548905], [630272.9550455163, 5219399.300575814], [630273.0197292934, 5219399.53686208], [630273.0609761568, 5219399.7783447625], [630273.0783900365, 5219400.022705044], [630273.0718037168, 5219400.267596469], [630273.0412804424, 5219400.510667487], [630272.9871133108, 5219400.749584025], [630272.9098224584, 5219400.982051902], [630272.810150065, 5219401.205838864], [630272.6890532278, 5219401.418796009], [630272.547694771, 5219401.618878434], [630272.387432079, 5219401.8041648595], [630272.2098040634, 5219401.972876087], [630272.0165163849, 5219402.123392077], [630270.9048019726, 5219402.904719046], [630270.8585945412, 5219402.940706789], [630270.8898798747, 5219402.990219139], [630273.1909275877, 5219406.264274694], [630273.3252615223, 5219406.47750322], [630273.4374454417, 5219406.703172842], [630273.5263393415, 5219406.938990324], [630273.5910398888, 5219407.182559307], [630273.6308896017, 5219407.431404661], [630273.6454835306, 5219407.682997641], [630273.6346733731, 5219407.934781577], [630273.5985689812, 5219408.184197862], [630273.5375372448, 5219408.428711946], [630273.4521983638, 5219408.6658390965], [630273.3434195452, 5219408.893169646], [630273.2123061906, 5219409.10839348], [630273.0601906639, 5219409.309323509], [630272.8886187511, 5219409.493917899], [630272.6993339524, 5219409.660300816], [630272.4942597651, 5219409.80678149], [630272.3973789017, 5219409.8621743], [630272.284901395, 5219409.933817052], [630270.1000985984, 5219411.481182953], [630270.0540218898, 5219411.517337913], [630270.0854864476, 5219411.566736558], [630270.8323290756, 5219412.621240771], [630270.8570753544, 5219412.654402558], [630271.9516555868, 5219414.197902198], [630272.083909237, 5219414.40531881], [630272.195138126, 5219414.624728958], [630272.2842653327, 5219414.854008307], [630272.350427925, 5219415.090936967], [630272.3929853147, 5219415.333220989], [630272.4115254598, 5219415.578514573], [630272.4058688544, 5219415.824442777], [630272.3760702655, 5219416.068624519], [630272.3224182043, 5219416.308695624], [630272.2454321312, 5219416.542331715], [630272.1458574279, 5219416.767270723], [630272.0246581794, 5219416.981334781], [630271.8830078403, 5219417.182451315], [630271.7222778731, 5219417.368673109], [630271.5440244701, 5219417.538197158], [630271.3499734858, 5219417.689382126], [630270.9048299243, 5219418.002258804], [630270.8586237938, 5219418.038248228], [630270.8899109223, 5219418.087759438], [630272.9916550394, 5219421.078004243], [630273.120602892, 5219421.281674744], [630273.2293355312, 5219421.496817567], [630273.3168420178, 5219421.72143243], [630273.3823087625, 5219421.9534309795], [630273.4251270897, 5219422.190656215], [630273.4448988972, 5219422.430902542], [630273.441440357, 5219422.671936274], [630273.4147836248, 5219422.911516407], [630273.3651765409, 5219423.147415451], [630273.293080326, 5219423.37744014], [630273.1991652929, 5219423.599451824], [630273.0843046142, 5219423.811386357], [630272.9495662043, 5219424.011273281], [630272.7962027903, 5219424.197254153], [630272.6256402648, 5219424.367599821], [630272.4394644287, 5219424.520726499], [630272.2394062472, 5219424.655210497], [630272.1078078634, 5219424.734741643], [630269.8871921428, 5219426.230258352], [630269.8402772575, 5219426.265318864], [630269.8705704759, 5219426.315444365], [630270.8185803936, 5219427.723095455], [630270.833717002, 5219427.744414743], [630273.145231807, 5219431.174263376], [630273.1541971789, 5219431.186884967], [630276.132313168, 5219435.606619084], [630276.1673236745, 5219435.653434803], [630276.2174391767, 5219435.623125025], [630278.437560825, 5219434.126874974], [630278.4852044145, 5219434.091245356], [630278.472102143, 5219434.005275282], [630278.4597132098, 5219433.944465692], [630278.4345551665, 5219433.7037042575], [630278.4328003931, 5219433.461638325], [630278.4544653421, 5219433.220537463], [630278.4993468864, 5219432.982662197], [630278.567024224, 5219432.750242806], [630278.6568628227, 5219432.525458417], [630278.7680203705, 5219432.310416573], [630278.8994546721, 5219432.1071334705], [630279.0499334206, 5219431.91751506], [630279.2180457513, 5219431.7433391735], [630279.4022154702, 5219431.5862388555], [630279.6007158315, 5219431.447687053], [630279.8116857278, 5219431.328982807], [630280.0331471394, 5219431.231239067], [630280.1082621678, 5219431.202345506], [630280.159829929, 5219431.169758801], [630280.6900848702, 5219430.797060151], [630280.9049824445, 5219430.661779038], [630281.1324946587, 5219430.548995443], [630281.3702742438, 5219430.459872967], [630281.6158680014, 5219430.395331095], [630281.8667421133, 5219430.356035714], [630282.1203082831, 5219430.342392239], [630282.3739504407, 5219430.354541431], [630282.6250517314, 5219430.3923579445], [630282.8710215152, 5219430.455451624], [630283.1093220946, 5219430.543171524], [630283.3374948958, 5219430.654612628], [630283.5531858345, 5219430.788625186], [630283.7541696036, 5219430.943826577], [630283.9383726307, 5219431.118615569], [630284.0215099467, 5219431.205945684], [630284.070713496, 5219431.174550425], [630286.2542864961, 5219429.625449581], [630286.3419429333, 5219429.556555737], [630286.5365080495, 5219429.418140006], [630286.7433908416, 5219429.298917486], [630286.9607040589, 5219429.199975763], [630287.1864653005, 5219429.122217416], [630287.4186151003, 5219429.06635178], [630287.6550357137, 5219429.0328884795], [630287.8935704359, 5219429.022132778], [630288.1320432773, 5219429.034182791], [630288.3682788122, 5219429.068928597], [630288.6001220243, 5219429.126053231], [630288.8254579658, 5219429.205035585], [630289.0422310504, 5219429.305155157], [630289.2484638044, 5219429.425498624], [630289.4422749068, 5219429.564968174], [630289.6218963506, 5219429.722291523], [630289.7856895718, 5219429.896033514], [630289.9321603961, 5219430.084609219], [630290.6843018824, 5219431.154796941], [630290.7202896262, 5219431.201004377], [630290.7698019756, 5219431.169719044], [630291.807212041, 5219430.44061411], [630292.0149281147, 5219430.30938556], [630292.2345224461, 5219430.199180165], [630292.4638740382, 5219430.111062366], [630292.7007676521, 5219430.045883264], [630292.9429152026, 5219430.004272409], [630293.1879778579, 5219429.9866317045], [630293.4335886305, 5219429.993131538], [630293.6773752387, 5219430.0237091305], [630293.9169830199, 5219430.07806914], [630294.1500976734, 5219430.155686521], [630294.3744676139, 5219430.25581159], [630294.5879257183, 5219430.377477267], [630294.7884102582, 5219430.519508421], [630294.9739848127, 5219430.6805332145], [630295.1428569723, 5219430.858996357], [630295.2933956505, 5219431.053174126], [630295.3625716204, 5219431.152083503], [630295.3984531582, 5219431.198373465], [630295.4480372258, 5219431.167201918], [630295.4915606696, 5219431.13676217], [630295.7077609356, 5219431.001432239], [630295.9366250242, 5219430.888835729], [630296.175770671, 5219430.800144665], [630296.42270859, 5219430.73628224], [630296.674868385, 5219430.697913202], [630296.9296253046, 5219430.68543694], [630297.1843275639, 5219430.698983317], [630297.4363239467, 5219430.738411331], [630297.6829914029, 5219430.803310569], [630297.9217623514, 5219430.893005494], [630298.1501514064, 5219431.006562461], [630298.3657812483, 5219431.142799447], [630298.4347296302, 5219431.191453679], [630298.4848464673, 5219431.159782337], [630300.6377268134, 5219429.646524868], [630300.8453047501, 5219429.515358092], [630301.0647489398, 5219429.40518745], [630301.2939424192, 5219429.317075749], [630301.5306741747, 5219429.251872998], [630301.7726604709, 5219429.210208202], [630302.017566883, 5219429.192483299], [630302.2630308153, 5219429.198869281], [630302.506684294, 5219429.229304543], [630302.7461768108, 5219429.283495476], [630302.9791979976, 5219429.360919304], [630303.2034999151, 5219429.460829127], [630303.4169187379, 5219429.58226112], [630303.6173956294, 5219429.724043837], [630303.8029966025, 5219429.88480951], [630303.9719311773, 5219430.063007243], [630304.1225696537, 5219430.256917976], [630304.7761419881, 5219431.18938893], [630304.8011325536, 5219431.223307948], [630305.5519911197, 5219432.298670058], [630305.5878368913, 5219432.344987713], [630305.6374450078, 5219432.3138544755], [630306.1791027882, 5219431.935648493], [630311.6514084177, 5219426.303234945], [630311.7612842736, 5219426.121011534]], [[630309.1630182038, 5219377.322146055], [630309.037190275, 5219377.105926393], [630308.9336016527, 5219376.878213838], [630308.853289609, 5219376.641288563], [630308.7970583385, 5219376.39752299], [630308.7654709065, 5219376.149358036], [630308.7588436098, 5219375.899278671], [630308.7772428099, 5219375.649789032], [630308.8204842687, 5219375.403387355], [630308.8881349931, 5219375.162540952], [630308.979517571, 5219374.92966151], [630309.0937169541, 5219374.707080937], [630309.2295896207, 5219374.497028018], [630309.3857750267, 5219374.301606093], [630309.5607092285, 5219374.122771992], [630309.7526405439, 5219373.962316452], [630309.959647092, 5219373.821846173], [630310.1796560384, 5219373.702767738], [630310.4104643503, 5219373.6062735235], [630310.6497608568, 5219373.5333297625], [630310.8951493916, 5219373.484666869], [630311.1441727867, 5219373.460772122], [630311.3943374769, 5219373.46188479], [630311.6431384686, 5219373.487993731], [630311.8880844236, 5219373.5388375055], [630312.0061905914, 5219373.56958941], [630312.0574040365, 5219373.539321149], [630312.9907804051, 5219372.923954352], [630313.1972185094, 5219372.801644259], [630313.414431578, 5219372.699688718], [630313.6404185938, 5219372.6190269645], [630313.873097712, 5219372.560402076], [630314.1103254388, 5219372.524354117], [630314.3499163771, 5219372.511215171], [630314.5896633598, 5219372.521106276], [630314.827357782, 5219372.553936313], [630315.0608099476, 5219372.609402844], [630315.287869241, 5219372.686994898], [630315.5064439394, 5219372.78599768], [630315.7145204819, 5219372.905499154], [630315.9101820192, 5219373.044398442], [630316.091626072, 5219373.201415975], [630316.2571811352, 5219373.375105268], [630316.3576127072, 5219373.503075042], [630316.3808725675, 5219373.5298330365], [630316.4544157458, 5219373.4968980225], [630316.5171490676, 5219373.464934698], [630316.7403511617, 5219373.377016272], [630316.9709523572, 5219373.31089583], [630317.2068293217, 5219373.267182195], [630317.4458101445, 5219373.246277873], [630317.6856943351, 5219373.248375349], [630317.9242730851, 5219373.273455309], [630318.159349606, 5219373.321286822], [630318.3887593577, 5219373.391429463], [630318.6103899783, 5219373.483237373], [630318.8222007346, 5219373.595865202], [630319.0222413131, 5219373.728275893], [630319.2086697777, 5219373.879250235], [630319.3797695304, 5219374.047398084], [630319.5339651165, 5219374.231171166], [630319.6698367322, 5219374.428877332], [630321.959692971, 5219378.129477493], [630321.9929176893, 5219378.177709885], [630322.0441744231, 5219378.149372753], [630323.8384843051, 5219377.039090232], [630324.053747354, 5219376.920117271], [630324.2796591751, 5219376.822872246], [630324.514033204, 5219376.748296376], [630324.7546009722, 5219376.697111471], [630324.999034063, 5219376.669812938], [630325.2449666476, 5219376.666664997], [630325.4900183842, 5219376.687698117], [630325.7318174564, 5219376.7327087205], [630325.9680235297, 5219376.801261158], [630326.1963504036, 5219376.8926919205], [630326.414588139, 5219377.006116065], [630326.6206244478, 5219377.140435778], [630326.8124651378, 5219377.294350999], [630326.9882534137, 5219377.466372008], [630327.1462878489, 5219377.654833843], [630327.285038854, 5219377.85791241], [630328.5521214434, 5219379.92375535], [630328.5562351695, 5219379.930107159], [630334.3900479707, 5219389.441601367], [630334.5071006347, 5219389.655126859], [630334.6028249604, 5219389.879027096], [630334.6763128, 5219390.111177908], [630334.7268669661, 5219390.349376855], [630334.7540078455, 5219390.591364117], [630334.7574779496, 5219390.834843933], [630334.7372443571, 5219391.077506381], [630334.6934990265, 5219391.317049297], [630334.6266569744, 5219391.551200108], [630334.5373523395, 5219391.7777374], [630334.4264323646, 5219391.994511986], [630334.2949493604, 5219392.199467302], [630334.1441507211, 5219392.390658915], [630326.407578758, 5219401.273212593], [630326.2421852703, 5219401.445713831], [630326.0610765276, 5219401.6016346635], [630325.8659074774, 5219401.739550306], [630325.6584615492, 5219401.858200504], [630325.4406343567, 5219401.956501049], [630325.2144163763, 5219402.03355368], [630324.9818747584, 5219402.088654303], [630324.7451344378, 5219402.121299415], [630324.5063587165, 5219402.131190709], [630324.2677294961, 5219402.118237799], [630324.0314273391, 5219402.082559048], [630323.7996115434, 5219402.0244804835], [630323.5744004119, 5219401.94453282], [630323.3578518942, 5219401.843446608], [630323.1519447825, 5219401.722145561], [630322.9585606288, 5219401.581738112], [630322.7794665524, 5219401.423507284], [630322.6162990916, 5219401.248898974], [630322.470549249, 5219401.059508725], [630312.8938665821, 5219387.301687158], [630312.7651247914, 5219387.09614517], [630312.6569055913, 5219386.879095493], [630312.5702274881, 5219386.652580894], [630312.5059062539, 5219386.418733216], [630312.464547249, 5219386.179753321], [630312.4465397242, 5219385.937890371], [630312.4520531576, 5219385.695420664], [630312.4810356594, 5219385.4546262035], [630312.5332144604, 5219385.217773232], [630312.608098479, 5219384.987090893], [630312.7049829435, 5219384.764750259], [630312.8229560243, 5219384.552843888], [630312.9609074163, 5219384.353366143], [630313.1175387881, 5219384.16819441], [630313.2913760016, 5219383.999071435], [630313.3916748776, 5219383.918855144], [630313.4320059733, 5219383.883177527], [630313.4023738869, 5219383.832359528], [630309.9158061369, 5219378.4756116215], [630309.8798161701, 5219378.423183683], [630309.1630182038, 5219377.322146055]]]]}}, {"type": "Feature", "properties": {"vineyard_id": "V42", "area_m2": 3316.3}, "geometry": {"type": "Polygon", "coordinates": [[[630251.0505023024, 5219374.698625431], [630251.0651857619, 5219374.6902079815], [630251.2748337038, 5219374.594488256], [630251.4924054915, 5219374.518481396], [630251.6023050618, 5219374.491136035], [630253.7691653086, 5219373.6763511915], [630253.8853298422, 5219373.610961526], [630254.1261877427, 5219373.506933945], [630254.3766214502, 5219373.428721261], [630254.4859851777, 5219373.406811904], [630256.5473121351, 5219372.631709788], [630256.568325685, 5219372.618342777], [630256.79679841, 5219372.489326759], [630257.037534795, 5219372.384967228], [630257.2878830835, 5219372.306413722], [630257.5450856424, 5219372.254531524], [630257.5521660068, 5219372.253863683], [630259.5241352959, 5219371.512361922], [630260.2778699225, 5219371.031522994], [630260.9086391515, 5219370.406704142], [630261.0074805388, 5219370.269645022], [630261.1877611091, 5219370.069268417], [630261.3885662605, 5219369.889465302], [630261.5418121314, 5219369.779504214], [630271.8878006657, 5219359.531114813], [630271.8399000202, 5219359.320618908], [630271.8091744852, 5219359.077289597], [630271.8024397992, 5219358.832120562], [630271.8197607803, 5219358.587471434], [630271.8609707225, 5219358.345696844], [630271.9256730002, 5219358.109123753], [630272.0132448851, 5219357.880029064], [630272.1228435409, 5219357.6606177], [630272.2534141333, 5219357.45300139], [630272.4036999842, 5219357.2591783395], [630272.5722546651, 5219357.081014001], [630272.7574559193, 5219356.920223121], [630272.9575212745, 5219356.778353231], [630273.1036171824, 5219356.685174049], [630273.1513921305, 5219356.651294882], [630273.1223588567, 5219356.600429231], [630272.1164432202, 5219355.023251206], [630271.9953816844, 5219354.811275202], [630271.895570778, 5219354.588502886], [630271.8179621337, 5219354.357058249], [630271.7632956995, 5219354.119147967], [630271.7320926848, 5219353.877040359], [630271.7246505903, 5219353.633043767], [630271.7410403715, 5219353.389484541], [630271.7811057623, 5219353.14868486], [630271.8444647653, 5219352.912940595], [630271.9305132929, 5219352.684499416], [630272.0384309281, 5219352.465539361], [630272.1671887457, 5219352.258148073], [630272.315559123, 5219352.064302896], [630272.4821274439, 5219351.885852017], [630272.665305587, 5219351.724496852], [630272.8633470667, 5219351.581775816], [630273.1029167933, 5219351.426313522], [630273.1516257215, 5219351.391192626], [630273.1595446392, 5219351.342337763], [630273.2111049726, 5219351.100606554], [630273.2862834617, 5219350.865148193], [630273.3843452528, 5219350.638264235], [630273.5043318119, 5219350.422172424], [630273.6450702959, 5219350.218985013], [630273.8051850152, 5219350.030688114], [630273.9831108819, 5219349.859122293], [630274.1771087078, 5219349.705964568], [630274.3852822048, 5219349.572712025], [630274.6055965204, 5219349.460667179], [630274.661180352, 5219349.435776619], [630274.7142715474, 5219349.405435036], [630276.970728454, 5219347.964564964], [630277.018485125, 5219347.930660001], [630276.9894243999, 5219347.87981003], [630273.1984754864, 5219341.943040976], [630273.1596909172, 5219341.885457623], [630264.4970438163, 5219328.314278061], [630264.3616429036, 5219328.073853037], [630264.2535625113, 5219327.819970727], [630264.1741192765, 5219327.555723928], [630264.1242809779, 5219327.284331697], [630264.1196164136, 5219327.247625743], [630264.0895038464, 5219327.194923205], [630231.619333704, 5219276.334348335], [630226.268343453, 5219280.775421134], [630226.2340575394, 5219280.844022925], [630226.103304305, 5219281.051788889], [630225.9528046341, 5219281.24572948], [630225.7840096591, 5219281.423974706], [630225.5985469173, 5219281.584805907], [630225.3982046584, 5219281.726672335], [630224.8979406289, 5219282.045239421], [630224.6763391555, 5219282.170963187], [630224.48616018, 5219282.254550284], [630220.783951798, 5219285.327210889], [630220.8322824689, 5219285.47033738], [630220.8875665641, 5219285.709005553], [630220.9192250257, 5219285.951938815], [630220.9269538368, 5219286.196804275], [630220.9106787778, 5219286.441250487], [630220.8705561381, 5219286.682930031], [630220.806971216, 5219286.9195220545], [630220.7205346182, 5219287.148754562], [630220.6120763967, 5219287.368426232], [630220.4826380768, 5219287.576427552], [630220.3334626565, 5219287.770761085], [630220.1659826692, 5219287.949560642], [630219.9818064272, 5219288.111109211], [630219.7827025775, 5219288.253855437], [630219.6751723861, 5219288.323233403], [630219.6275757201, 5219288.357362592], [630219.6568752786, 5219288.408075313], [630220.0704237018, 5219289.049041657], [630220.1912885791, 5219289.25784523], [630220.2914635818, 5219289.477326938], [630220.3700157641, 5219289.705442711], [630220.4262135567, 5219289.94006807], [630220.4595335807, 5219290.179017912], [630220.4696655212, 5219290.420066859], [630220.456515018, 5219290.660969983], [630220.4202045439, 5219290.899483715], [630220.3610722639, 5219291.133386739], [630220.2796688866, 5219291.3605006775], [630220.1767525346, 5219291.578710383], [630220.0532816844, 5219291.785983633], [630219.9104062399, 5219291.980390059], [630219.7494568229, 5219292.160119122], [630219.571932381, 5219292.323496977], [630219.3794862279, 5219292.469002061], [630219.1739106454, 5219292.595279259], [630218.9571201919, 5219292.701152533], [630218.7311338715, 5219292.785635869], [630218.4980563311, 5219292.847942459], [630218.260058259, 5219292.887492033], [630218.0193561695, 5219292.903916257], [630217.7781917597, 5219292.897062172], [630217.5388110324, 5219292.86699361], [630217.3034433787, 5219292.813990604], [630217.0742808151, 5219292.738546781], [630216.9601902405, 5219292.694778775], [630216.9089243546, 5219292.7242474165], [630216.8905537785, 5219292.736042764], [630216.6776826463, 5219292.858394523], [630216.4538363096, 5219292.959275094], [630216.2211738671, 5219293.037711437], [630215.981939453, 5219293.092946997], [630215.7384405916, 5219293.1244490035], [630215.493025939, 5219293.131913605], [630215.2480626305, 5219293.115268802], [630215.0059134478, 5219293.074675141], [630214.7689140291, 5219293.010524167], [630214.5393503408, 5219292.923434644], [630214.3194366284, 5219292.814246591], [630214.1112940587, 5219292.684013175], [630213.9169302611, 5219292.533990556], [630213.7382199619, 5219292.365625771], [630213.5768869027, 5219292.180542774], [630213.4344872138, 5219291.980526772], [630213.3295818719, 5219291.816704894], [630213.295615655, 5219291.768991776], [630213.2448030206, 5219291.79811773], [630212.1173018159, 5219292.520126909], [630211.031962155, 5219293.420908301], [630211.6285138128, 5219294.352493011], [630211.7474517839, 5219294.559343431], [630211.8461281352, 5219294.776590561], [630211.9236439911, 5219295.002255421], [630211.9792932336, 5219295.234282357], [630212.0125689352, 5219295.470557758], [630212.0231679764, 5219295.7089293115], [630212.0109938071, 5219295.947225612], [630211.9761573258, 5219296.183275939], [630211.9189758697, 5219296.414930031], [630211.8399703236, 5219296.640077674], [630211.7398603755, 5219296.856667922], [630211.6195579605, 5219297.062727782], [630211.4801589533, 5219297.256380187], [630211.3229331861, 5219297.435861093], [630211.1493128808, 5219297.599535547], [630210.9608796029, 5219297.7459125845], [630210.7593498538, 5219297.873658807], [630210.6571510069, 5219297.931797562], [630208.397849003, 5219299.368202433], [630208.3486022735, 5219299.403018991], [630208.2662081933, 5219299.651072619], [630208.1578064783, 5219299.890121672], [630208.0249386692, 5219300.116487586], [630207.8690694026, 5219300.327675071], [630207.6919168661, 5219300.5213561505], [630207.4954338584, 5219300.695395828], [630207.2817862629, 5219300.847875619], [630206.726962296, 5219301.201421707], [630206.5501222088, 5219301.304187209], [630206.3654734652, 5219301.392153149], [630206.1742519757, 5219301.4647307405], [630206.1644529224, 5219301.467997996], [630206.1114600757, 5219301.498211967], [630203.8535399265, 5219302.936788033], [630203.8057488324, 5219302.970644435], [630203.8347578604, 5219303.021523911], [630219.596142929, 5219327.759839643], [630219.6109832512, 5219327.78199487], [630219.823070284, 5219328.11727183], [630219.9698584041, 5219328.383997932], [630220.0831364733, 5219328.666588882], [630220.1218438812, 5219328.783268846], [630220.1517476379, 5219328.835795077], [630249.6630792576, 5219375.220325559], [630251.0505023024, 5219374.698625431]]]}}, {"type": "Feature", "properties": {"vineyard_id": "V43", "area_m2": 901.3}, "geometry": {"type": "Polygon", "coordinates": [[[630373.1349567726, 5219359.309326538], [630373.2340019104, 5219359.201791994], [630373.3430449932, 5219359.10441015], [630375.1629950077, 5219357.6320395665], [630375.2712913341, 5219357.4258654965], [630375.4067459526, 5219357.220119426], [630375.4600612944, 5219357.147228244], [630375.4245634205, 5219357.100021391], [630374.077897975, 5219355.48108301], [630373.9272547155, 5219355.280273711], [630373.7975094183, 5219355.065369259], [630373.689970285, 5219354.838536499], [630373.6057216158, 5219354.602062551], [630373.5456128768, 5219354.3583317455], [630373.5102501346, 5219354.109801581], [630373.4999899466, 5219353.858977949], [630373.5149357644, 5219353.608389864], [630373.5549368918, 5219353.3605639655], [630373.6195900036, 5219353.117999043], [630373.7082432128, 5219352.883140842], [630373.8200026429, 5219352.6583574], [630373.9537414412, 5219352.445915174], [630374.1081111407, 5219352.247956183], [630374.2815552556, 5219352.066476418], [630374.4723249766, 5219351.90330571], [630374.6784968022, 5219351.760089286], [630375.5138616036, 5219351.239963115], [630375.5620013658, 5219351.206604349], [630375.5335217466, 5219351.15542665], [630374.773198416, 5219349.934285734], [630374.6538890975, 5219349.7198852915], [630374.5561712885, 5219349.494821982], [630374.4809862422, 5219349.261263699], [630374.4290581681, 5219349.021460158], [630374.4008872565, 5219348.777721235], [630374.3967448595, 5219348.53239471], [630374.4166708784, 5219348.287843658], [630374.4604733784, 5219348.046423684], [630374.5277304382, 5219347.81046023], [630374.6177942132, 5219347.582226185], [630374.7297971766, 5219347.36391998], [630374.8626604753, 5219347.157644419], [630375.0151043219, 5219346.965386423], [630375.185660322, 5219346.788997892], [630375.3726856186, 5219346.630177863], [630375.5743787163, 5219346.490456149], [630377.0489664137, 5219345.572631502], [630377.0971111287, 5219345.539279862], [630377.0686390965, 5219345.48809795], [630375.597117034, 5219343.123933579], [630375.578408369, 5219343.095445868], [630373.6858845128, 5219340.052165371], [630373.6527383092, 5219340.004304712], [630373.601552915, 5219340.032770486], [630371.3284470815, 5219341.447229518], [630371.2793777683, 5219341.481212782], [630371.2799333421, 5219341.514549242], [630371.2915110241, 5219341.691088607], [630371.2833197891, 5219341.937609156], [630371.2508756673, 5219342.182122665], [630371.1944944802, 5219342.422248963], [630371.11472506, 5219342.655650585], [630371.0123439075, 5219342.880055524], [630370.8883476333, 5219343.093279354], [630370.7439432562, 5219343.293246484], [630370.5805364543, 5219343.478010373], [630370.399717881, 5219343.645772469], [630370.2032476815, 5219343.7948997235], [630369.9930383589, 5219343.923940485], [630369.7711361572, 5219344.03163863], [630369.5397011428, 5219344.116945789], [630369.3009861772, 5219344.1790315565], [630369.0573149873, 5219344.21729157], [630368.8110595458, 5219344.231353395], [630368.564616981, 5219344.221080147], [630368.3203862427, 5219344.186571832], [630368.0807447502, 5219344.128164362], [630367.8480252498, 5219344.046426296], [630367.6244931064, 5219343.942153297], [630367.4123242529, 5219343.816360392], [630367.2135840079, 5219343.670272089], [630367.0302069719, 5219343.505310456], [630366.8639781948, 5219343.323081285], [630356.9381307412, 5219331.300601825], [630356.7957184253, 5219331.110368408], [630356.6720114249, 5219330.907472873], [630356.5681274581, 5219330.693748419], [630356.4850051379, 5219330.471126093], [630356.4233954911, 5219330.24161733], [630356.3838551735, 5219330.007295791], [630356.3667414399, 5219329.770278618], [630356.3722089163, 5219329.5327073075], [630356.400208203, 5219329.296728367], [630356.4504863208, 5219329.064473913], [630356.5225889966, 5219328.838042413], [630356.6158647682, 5219328.61947972], [630356.7294708698, 5219328.410760592], [630356.8623808472, 5219328.21377085], [630357.0133938321, 5219328.030290336], [630357.0761561341, 5219327.961024784], [630357.065681966, 5219327.931763391], [630356.9941353183, 5219327.695807058], [630356.9461797603, 5219327.453950535], [630356.9222817599, 5219327.208546379], [630356.9226737755, 5219326.961981662], [630356.9473519936, 5219326.7166547375], [630356.9960763672, 5219326.474951926], [630357.0683729498, 5219326.239224291], [630357.163538506, 5219326.011764777], [630357.2806473519, 5219325.794785902], [630357.4185603592, 5219325.590398241], [630357.5759360355, 5219325.400589889], [630357.6629971882, 5219325.31448462], [630357.7034275774, 5219325.270390172], [630357.6686578146, 5219325.222939214], [630350.6084665066, 5219316.5182095235], [630350.4643563392, 5219316.321674194], [630350.3400670798, 5219316.112041048], [630350.2367798516, 5219315.891302232], [630350.1554761954, 5219315.661555434], [630350.0969287414, 5219315.424983939], [630350.0616938673, 5219315.183835894], [630350.0501064109, 5219314.940402932], [630350.0622764878, 5219314.696998402], [630350.0980884457, 5219314.455935381], [630350.1572019628, 5219314.219504698], [630350.2390552821, 5219313.989953157], [630350.34287055, 5219313.76946219], [630350.4676612077, 5219313.560127129], [630350.6122413671, 5219313.363937288], [630350.7752370803, 5219313.182757064], [630350.9550993956, 5219313.018308216], [630351.0182902548, 5219312.965952259], [630351.0615020529, 5219312.926417637], [630351.0263933026, 5219312.879538851], [630347.237244156, 5219308.306237122], [630347.0937056285, 5219308.115080242], [630346.9690807097, 5219307.911087861], [630346.8645088556, 5219307.696125099], [630346.7809461751, 5219307.472157378], [630346.7191566884, 5219307.241232453], [630346.6797053422, 5219307.005461689], [630346.6629528431, 5219306.767000758], [630346.6690523608, 5219306.528029928], [630346.6979481268, 5219306.290734128], [630346.7493759446, 5219306.057282975], [630346.8228656057, 5219305.8298109295], [630346.917745188, 5219305.610397788], [630347.0331471998, 5219305.401049662], [630347.1680165107, 5219305.203680641], [630347.194043358, 5219305.169250161], [630347.1592941864, 5219305.121489495], [630345.6212905489, 5219303.212079406], [630345.5820273426, 5219303.167954736], [630345.5020966087, 5219303.204868399], [630345.4485765739, 5219303.232882801], [630345.2234855377, 5219303.324103581], [630344.9906051428, 5219303.393052307], [630344.7521333033, 5219303.439078246], [630344.5103207054, 5219303.461747006], [630344.2674495648, 5219303.460844641], [630344.0258120878, 5219303.436379666], [630343.7876888376, 5219303.388582983], [630343.5553272103, 5219303.317905692], [630343.330920224, 5219303.225014844], [630343.116585821, 5219303.110787137], [630342.9143468795, 5219302.976300648], [630342.726112121, 5219302.822824653], [630342.5536580964, 5219302.651807653], [630342.5130810651, 5219302.607456489], [630335.9849589475, 5219308.489354862], [630335.8520213707, 5219308.596091898], [630332.8307621311, 5219310.7514200155], [630332.7874223138, 5219310.786833043], [630332.6144375455, 5219310.916132636], [630332.5024141046, 5219310.985659344], [630330.9703298596, 5219312.07862886], [630329.9241806599, 5219312.929878131], [630329.8806201611, 5219312.969028203], [630329.9153120347, 5219313.016216318], [630339.9217279874, 5219325.313676542], [630340.0658219571, 5219325.509491672], [630340.1902145809, 5219325.718377076], [630340.2937294696, 5219325.938357314], [630340.375387677, 5219326.167352017], [630340.4344169559, 5219326.40319557], [630340.4702590631, 5219326.643657585], [630340.4825750374, 5219326.886463997], [630340.4712484059, 5219327.129318573], [630340.4363862852, 5219327.369924619], [630340.3783183687, 5219327.606006711], [630340.297593808, 5219327.8353322055], [630340.1949760206, 5219328.055732357], [630340.0714354691, 5219328.265122828], [630339.928140484, 5219328.4615234], [630339.7664462152, 5219328.643076699], [630339.587881815, 5219328.808065766], [630339.4488026067, 5219328.924560952], [630339.4058033584, 5219328.964326633], [630339.4411628918, 5219329.011016544], [630366.0823470142, 5219360.816921241], [630366.1221126936, 5219360.859920487], [630366.168802605, 5219360.824560952], [630367.8509109443, 5219359.415597478], [630368.046265093, 5219359.267633627], [630368.2551674929, 5219359.139507393], [630368.4756107912, 5219359.032449948], [630368.7054767379, 5219358.94749001], [630368.9425565404, 5219358.885443965], [630369.1845720874, 5219358.846908014], [630369.4291978404, 5219358.832252454], [630369.6740831787, 5219358.841618108], [630369.916874988, 5219358.874914982], [630370.15524027, 5219358.931823126], [630370.3868885617, 5219359.011795706], [630370.6095939435, 5219359.114064261], [630370.821216429, 5219359.237646088], [630371.0197225278, 5219359.381353685], [630371.2032047856, 5219359.543806156], [630371.3699001124, 5219359.72344249], [630372.082068112, 5219360.570646786], [630373.1349567726, 5219359.309326538]]]}}, {"type": "Feature", "properties": {"vineyard_id": "V44", "area_m2": 3061.2}, "geometry": {"type": "MultiPolygon", "coordinates": [[[[630263.1689162479, 5219246.250652389], [630262.3020318775, 5219245.003733882], [630262.266280236, 5219244.957343525], [630262.216608992, 5219244.988375961], [630261.1266201575, 5219245.746159472], [630262.1536643682, 5219247.0934334425], [630263.1689162479, 5219246.250652389]]], [[[630301.5419539682, 5219267.886014744], [630301.785958354, 5219267.890443318], [630302.028368359, 5219267.918641579], [630302.2668740001, 5219267.970340823], [630302.4992024996, 5219268.045048391], [630302.7231399436, 5219268.142052379], [630302.936552378, 5219268.260428414], [630303.1374061446, 5219268.399048459], [630303.3237872598, 5219268.556591572], [630303.4939196527, 5219268.731556486], [630303.646182091, 5219268.92227592], [630309.9102083463, 5219277.606045039], [630309.9299035158, 5219277.6319855135], [630319.3010778964, 5219290.626614245], [630319.337625479, 5219290.672380158], [630319.3867533124, 5219290.640494401], [630321.558246691, 5219289.074505596], [630321.6055559178, 5219289.03672556], [630321.6415285493, 5219288.953057225], [630321.6618299518, 5219288.898555519], [630321.7685554454, 5219288.679831106], [630321.8960426835, 5219288.472520461], [630322.0430834811, 5219288.2785882475], [630322.2082843453, 5219288.099872345], [630322.3900796822, 5219287.938066428], [630322.5867466332, 5219287.794703915], [630324.2988274704, 5219286.670050197], [630324.3461421496, 5219286.635531133], [630324.3164269518, 5219286.585060825], [630322.3692617334, 5219283.620855746], [630322.2469056671, 5219283.413470142], [630322.1450685065, 5219283.195275301], [630322.064694971, 5219282.9682953665], [630322.0065306672, 5219282.734635979], [630321.9711151719, 5219282.496464741], [630321.9587770264, 5219282.255991112], [630321.9696306888, 5219282.015445911], [630322.003575472, 5219281.77706062], [630322.0602964784, 5219281.543046681], [630322.1392675204, 5219281.315574991], [630322.239756002, 5219281.096755748], [630322.3608297147, 5219280.888618889], [630322.5013654862, 5219280.693095252], [630322.6600595985, 5219280.511998664], [630322.8354398835, 5219280.347009114], [630323.0258793791, 5219280.199657174], [630323.1894356936, 5219280.085259353], [630323.2357243821, 5219280.049376186], [630323.2045510848, 5219279.99979322], [630320.4649018265, 5219276.082874752], [630320.4279061334, 5219276.035150924], [630320.344362639, 5219276.007251121], [630320.3039915215, 5219275.9960627295], [630320.0880211111, 5219275.914082504], [630319.8805397986, 5219275.81251735], [630319.6833191088, 5219275.692234454], [630319.4980429582, 5219275.55426082], [630319.3262932785, 5219275.399774499], [630319.169536509, 5219275.230094534], [630319.029111076, 5219275.04666969], [630315.0847824122, 5219269.369130369], [630315.0490462931, 5219269.3227280425], [630314.9993646605, 5219269.353743856], [630314.7567616244, 5219269.522286257], [630314.5522405618, 5219269.650201027], [630314.336343315, 5219269.757808799], [630314.11108001, 5219269.844107681], [630313.8785479764, 5219269.908294183], [630313.6409122195, 5219269.949770691], [630313.4003852635, 5219269.968151036], [630313.159206551, 5219269.963264085], [630312.919621593, 5219269.9351553405], [630312.6838610616, 5219269.88408651], [630312.4541200214, 5219269.810533073], [630312.2325374923, 5219269.715179853], [630312.0211765334, 5219269.598914645], [630311.8220050355, 5219269.462819942], [630311.6368773986, 5219269.308162864], [630311.467517266, 5219269.136383357], [630311.3155014772, 5219268.949080785], [630308.3896646434, 5219264.965690859], [630308.3527189997, 5219264.920245669], [630308.3038713353, 5219264.952559001], [630307.676546797, 5219265.413334691], [630307.4707712127, 5219265.5493782675], [630307.2525899763, 5219265.664479935], [630307.0241273508, 5219265.7575190365], [630306.7876077011, 5219265.827589722], [630306.5453338374, 5219265.874009769], [630306.299664594, 5219265.896327219], [630306.0529918635, 5219265.894324785], [630305.8077173085, 5219265.868021962], [630305.566228979, 5219265.817674843], [630305.3308780612, 5219265.743773617], [630305.1039559861, 5219265.647037803], [630304.8876721194, 5219265.528409245], [630304.684132251, 5219265.389042938], [630304.4953180919, 5219265.230295783], [630304.3230679808, 5219265.05371338], [630304.1690589843, 5219264.861014977], [630303.5088253386, 5219263.945738394], [630303.4722719969, 5219263.899977077], [630303.4231481794, 5219263.93186901], [630301.2518518266, 5219265.498130985], [630301.2055301239, 5219265.535131953], [630301.2056480075, 5219265.535539909], [630301.2827835089, 5219265.7600543], [630301.3390029242, 5219265.996067384], [630301.372080307, 5219266.2364185555], [630301.3817041332, 5219266.478844174], [630301.3677837652, 5219266.721061065], [630301.3304503055, 5219266.960788017], [630301.2700553625, 5219267.195767271], [630301.1871677386, 5219267.423785781], [630301.0825680735, 5219267.6426960565], [630300.9572414918, 5219267.850436391], [630300.8380477328, 5219268.010554107], [630301.0584557963, 5219267.948408556], [630301.2986803781, 5219267.90539806], [630301.5419539682, 5219267.886014744]]], [[[630304.4162551882, 5219327.336824789], [630309.3103613611, 5219323.845431363], [630309.467567817, 5219323.704540516], [630309.6646327468, 5219323.559974605], [630310.2884223221, 5219323.147695048], [630311.4323864393, 5219322.33160552], [630311.4266159036, 5219322.321867213], [630289.8113529718, 5219289.617418348], [630289.6877209457, 5219289.409070149], [630289.5848361718, 5219289.189733484], [630289.5036648425, 5219288.961468144], [630289.4449692388, 5219288.726417776], [630289.4093005725, 5219288.48678974], [630289.3969938082, 5219288.244834386], [630289.4081645192, 5219288.002823921], [630289.442707801, 5219287.76303107], [630289.5002992572, 5219287.527707731], [630289.5803980454, 5219287.29906383], [630289.6822519568, 5219287.079246564], [630289.8049044794, 5219286.870320241], [630289.9472037817, 5219286.674246891], [630290.1078135285, 5219286.492867844], [630290.2852254312, 5219286.3278864315], [630290.4777734115, 5219286.180851997], [630290.497019955, 5219286.167580159], [630290.5435465352, 5219286.132005999], [630290.512704069, 5219286.082216567], [630287.1690804751, 5219281.23336314], [630287.0367956398, 5219281.019202818], [630286.9267175654, 5219280.792825392], [630286.8399622483, 5219280.55652593], [630286.777409234, 5219280.312700087], [630286.7396926988, 5219280.063819827], [630286.7271950217, 5219279.812408352], [630286.740042907, 5219279.561014532], [630286.7781060997, 5219279.312187052], [630286.8409987066, 5219279.068448584], [630286.9280831084, 5219278.832270201], [630287.0384764234, 5219278.606046336], [630287.171059459, 5219278.392070496], [630287.3244880585, 5219278.192512019], [630287.4972067275, 5219278.009394071], [630287.6874644052, 5219277.844573147], [630287.8933322158, 5219277.699720236], [630288.0333398579, 5219277.620960184], [630288.0770430356, 5219277.593546506], [630288.2844118908, 5219277.476838373], [630288.5019373356, 5219277.380374331], [630288.7276486721, 5219277.305028309], [630288.959501041, 5219277.251482913], [630289.1953939479, 5219277.220223243], [630289.4331902923, 5219277.2115325015], [630289.6707357297, 5219277.225489422], [630289.9058781884, 5219277.26196756], [630290.1364873669, 5219277.320636438], [630290.3604740333, 5219277.400964539], [630290.5758089535, 5219277.502224118], [630290.7805412748, 5219277.623497806], [630290.9728161999, 5219277.763686905], [630291.1508917909, 5219277.921521357], [630291.3131547503, 5219278.095571242], [630291.4581350375, 5219278.284259734], [630295.392987876, 5219283.943797367], [630295.4303165463, 5219283.99223139], [630295.4625344047, 5219284.026483741], [630295.6081100946, 5219284.195807702], [630295.7379961528, 5219284.377446071], [630295.8511563407, 5219284.569949726], [630295.9466878594, 5219284.77178286], [630295.9734759599, 5219284.844552626], [630295.9995425411, 5219284.905151159], [630296.034115893, 5219284.955408602], [630314.7596710019, 5219309.502818476], [630314.7974353525, 5219309.5475856485], [630314.8456885025, 5219309.5143911], [630316.9743114955, 5219307.890608901], [630317.0199345377, 5219307.852122562], [630317.0105996274, 5219307.768900685], [630317.0000635908, 5219307.704377182], [630316.9842766629, 5219307.46491217], [630316.9915231671, 5219307.22503677], [630317.021736328, 5219306.986961395], [630317.0746377363, 5219306.75287987], [630317.1497399142, 5219306.524949218], [630317.2463508077, 5219306.305269782], [630317.3635801632, 5219306.095865873], [630317.5003477315, 5219305.898667111], [630317.6553932221, 5219305.715490652], [630317.8272879163, 5219305.548024436], [630317.962769952, 5219305.439287821], [630317.9626638412, 5219305.439155901], [630318.0571392003, 5219305.363164206], [630318.0572748365, 5219305.349370402], [630318.0722629912, 5219305.099513034], [630318.1121610248, 5219304.8524067905], [630318.1765689779, 5219304.610528795], [630318.2648411907, 5219304.376303764], [630318.3760927751, 5219304.152079693], [630318.5092084858, 5219303.940104325], [630318.6628538996, 5219303.742502615], [630318.8354887924, 5219303.561255428], [630319.0253825797, 5219303.398179684], [630319.2306316642, 5219303.254910139], [630319.4491785192, 5219303.132883007], [630319.6788323139, 5219303.03332155], [630319.9172908757, 5219302.957223829], [630320.1621637682, 5219302.905352686], [630320.4109962542, 5219302.878228105], [630320.6612939036, 5219302.876121998], [630320.9105475985, 5219302.899055477], [630321.1562586866, 5219302.946798647], [630321.3959640281, 5219303.018872902], [630321.6272606881, 5219303.114555731], [630321.8478300252, 5219303.232887961], [630322.0554609341, 5219303.372683364], [630322.1012999538, 5219303.407002055], [630322.1488993124, 5219303.37203226], [630324.2261006851, 5219301.682967742], [630324.2696742184, 5219301.643832183], [630324.2349980618, 5219301.596632513], [630321.1574359096, 5219297.811865112], [630321.1183003557, 5219297.768291584], [630321.0711006862, 5219297.802967741], [630319.4658936088, 5219299.108232774], [630319.2709740129, 5219299.2516357135], [630319.0631031125, 5219299.375521713], [630318.8442285098, 5219299.478730047], [630318.6164009043, 5219299.5602937285], [630318.3817548782, 5219299.619448563], [630318.1424888979, 5219299.655640312], [630317.9008447155, 5219299.668529884], [630317.6590863649, 5219299.657996514], [630317.4194789497, 5219299.624138892], [630317.184267421, 5219299.567274239], [630316.9556555435, 5219299.487935336], [630316.7357852475, 5219299.386865535], [630316.5267165614, 5219299.265011784], [630316.33040831, 5219299.123515768], [630316.1486997618, 5219298.963703205], [630315.9832933968, 5219298.787071423], [630315.8357389547, 5219298.595275337], [630302.9706971212, 5219280.083594462], [630302.8362599789, 5219279.867443451], [630302.7244994716, 5219279.638742349], [630302.6365742355, 5219279.399862132], [630302.5733958036, 5219279.153279305], [630302.5356191554, 5219278.901550225], [630302.5236359265, 5219278.647284602], [630302.5375703488, 5219278.393118442], [630302.5772779621, 5219278.141686721], [630302.6423471122, 5219277.895596066], [630302.7321032183, 5219277.657397731], [630302.8456157667, 5219277.429561153], [630302.9817079571, 5219277.214448344], [630303.1389689032, 5219277.014289408], [630303.164987768, 5219276.984436287], [630303.1336440727, 5219276.934374732], [630302.4944141257, 5219276.016808498], [630299.5671352469, 5219271.813583354], [630299.4376051377, 5219271.606750805], [630299.32885867, 5219271.388274357], [630299.2419321152, 5219271.160235925], [630299.1776538172, 5219270.92480854], [630299.1366362995, 5219270.68423565], [630299.119270428, 5219270.440809729], [630299.1257216858, 5219270.196850441], [630299.1559285978, 5219269.954682535], [630299.2096033149, 5219269.716613685], [630299.2862343577, 5219269.484912507], [630299.3850914908, 5219269.261786938], [630299.5052326806, 5219269.049363194], [630299.645513073, 5219268.849665512], [630299.6626491643, 5219268.829730279], [630299.6201954773, 5219268.845148797], [630299.38519872, 5219268.905475599], [630299.145460952, 5219268.942739541], [630298.9032400348, 5219268.95658967], [630298.6608172166, 5219268.946895544], [630298.4204756472, 5219268.913748466], [630298.184478875, 5219268.857460614], [630297.9550495287, 5219268.77856211], [630297.7343483851, 5219268.677796025], [630297.524454018, 5219268.556111377], [630297.3273432226, 5219268.414654199], [630297.1448723977, 5219268.254756742], [630296.9787600623, 5219268.077924927], [630296.8305706703, 5219267.885824164], [630282.1012732331, 5219246.745035067], [630282.0653169621, 5219246.698476751], [630282.009696017, 5219246.726121548], [630281.9085294106, 5219246.782757934], [630281.6837952095, 5219246.881025459], [630281.4505130537, 5219246.956797506], [630281.2109284975, 5219247.009344703], [630280.9673477614, 5219247.038161233], [630280.7221155328, 5219247.042969711], [630280.4775923962, 5219247.023723852], [630280.2361321106, 5219246.980608915], [630280.0000589519, 5219246.914039919], [630279.7716453404, 5219246.8246576525], [630279.553089966, 5219246.713322503], [630279.3464966242, 5219246.58110617], [630279.1538539646, 5219246.42928136], [630278.9770163494, 5219246.259309523], [630278.8355652388, 5219246.093752932], [630278.8279109073, 5219246.085637072], [630278.7780635123, 5219246.116874367], [630276.6100608169, 5219247.6285159215], [630276.4086470968, 5219247.755150847], [630276.1961077155, 5219247.862066247], [630275.9743675621, 5219247.948293826], [630275.7454348534, 5219248.013052655], [630275.5113829466, 5219248.055756238], [630275.2743315614, 5219248.076017825], [630275.0364275828, 5219248.073653913], [630274.7998256175, 5219248.048685913], [630274.5666684798, 5219248.001339949], [630274.3390677863, 5219247.932044816], [630274.1190848304, 5219247.8414280955], [630273.9087119146, 5219247.730310466], [630273.7098543071, 5219247.599698281], [630273.5243129863, 5219247.450774443], [630273.3537683298, 5219247.284887701], [630273.1997648961, 5219247.103540428], [630273.1489074552, 5219247.0375273535], [630273.0992312506, 5219247.068551837], [630270.9007687498, 5219248.596448162], [630270.8539797948, 5219248.632495059], [630270.8909451114, 5219248.730134404], [630270.9675441151, 5219248.9676387925], [630271.0200832543, 5219249.2115965355], [630271.0480390227, 5219249.459576811], [630271.0511328656, 5219249.709108712], [630271.0293339557, 5219249.957705874], [630270.9828594999, 5219250.202891246], [630270.9121725751, 5219250.442221772], [630270.8179775145, 5219250.673312733], [630270.7012128885, 5219250.893861512], [630270.5630421538, 5219251.101670533], [630270.4048420602, 5219251.294669166], [630270.2281889318, 5219251.470934346], [630270.0348429618, 5219251.628709749], [630269.8267306722, 5219251.766423279], [630269.6059257183, 5219251.8827027455], [630269.3746282273, 5219251.976389523], [630269.1351428746, 5219252.046550106], [630268.8898559206, 5219252.092485407], [630268.6412114338, 5219252.113737722], [630268.3916869373, 5219252.110095289], [630268.1437687228, 5219252.081594401], [630267.8999270768, 5219252.028519046], [630267.6625916663, 5219251.951398072], [630267.4341273297, 5219251.850999922], [630267.2168105126, 5219251.728324974], [630267.0128065856, 5219251.584595577], [630266.8241482681, 5219251.421243868], [630266.6527153739, 5219251.239897502], [630266.5002160807, 5219251.042363436], [630264.8876475444, 5219248.722859682], [630262.8666447921, 5219250.4005348105], [630260.4217453104, 5219252.4296875615], [630260.6040217369, 5219252.689560797], [630260.7354789403, 5219252.898153846], [630260.8457495285, 5219253.118681517], [630260.9337609297, 5219253.348998798], [630260.9986570807, 5219253.586865454], [630261.0398067542, 5219253.829967821], [630261.0568096985, 5219254.075941308], [630261.0495005306, 5219254.322393398], [630261.0179503448, 5219254.566926918], [630260.9624660213, 5219254.807163356], [630260.8835872408, 5219255.040765998], [630260.7820812361, 5219255.265462655], [630260.6589353285, 5219255.479067762], [630260.5153473249, 5219255.679503641], [630260.3527138667, 5219255.864820707], [630260.1726168459, 5219256.03321643], [630259.9768080169, 5219256.18305287], [630259.455591047, 5219256.542580744], [630259.4076272928, 5219256.579264866], [630259.3760976975, 5219256.671670118], [630259.3700828208, 5219256.6928337915], [630259.2865987832, 5219256.908443989], [630259.1835527442, 5219257.115419484], [630259.0618260747, 5219257.311989979], [630258.9224599241, 5219257.496474172], [630258.7666463155, 5219257.667294139], [630258.5957179496, 5219257.822988825], [630258.4111368068, 5219257.962226547], [630257.9393954759, 5219258.28497424], [630257.6796435209, 5219258.440476838], [630257.5205401164, 5219258.511196573], [630257.4494616985, 5219258.54604576], [630257.3974591861, 5219258.578217542], [630255.1925408171, 5219260.096782455], [630255.1459936593, 5219260.132329715], [630255.1768073296, 5219260.182136974], [630267.1641722964, 5219277.587491845], [630267.1710407451, 5219277.596962249], [630269.6271048903, 5219281.165891313], [630269.6625452334, 5219281.212321411], [630269.6772389016, 5219281.203235894], [630269.8886239664, 5219281.086255423], [630270.110313528, 5219280.990225142], [630270.3402372513, 5219280.916041869], [630270.5762479034, 5219280.864398394], [630270.8161414065, 5219280.835777009], [630271.0576774208, 5219280.830445007], [630271.2986002676, 5219280.8484521825], [630271.5366599944, 5219280.889630368], [630271.7696333871, 5219280.953595005], [630271.9953447321, 5219281.039748735], [630272.2116861356, 5219281.147286977], [630272.4166372087, 5219281.275205444], [630272.6082839351, 5219281.422309518], [630272.7848365469, 5219281.587225411], [630272.9446462382, 5219281.7684129905], [630273.0862205637, 5219281.964180166], [630284.7920539314, 5219299.918126011], [630284.9159055633, 5219300.130166274], [630285.0183573214, 5219300.353334229], [630285.0984207464, 5219300.585476745], [630285.1553233822, 5219300.824354097], [630285.1885162297, 5219301.067661586], [630285.1976790428, 5219301.3130517695], [630285.1827234179, 5219301.5581571115], [630285.1437936479, 5219301.800612824], [630285.0812653289, 5219302.038079683], [630284.9957417372, 5219302.268266595], [630284.8880480084, 5219302.4889527075], [630284.7592231769, 5219302.698008829], [630284.6105101508, 5219302.893417978], [630284.4433437204, 5219303.073294835], [630284.2593367157, 5219303.235903942], [630284.0602644446, 5219303.379676437], [630283.5951147157, 5219303.682004883], [630283.5476328654, 5219303.716293649], [630283.5771024798, 5219303.766907738], [630289.639703119, 5219313.09456804], [630289.7629773119, 5219313.306255202], [630289.8649422185, 5219313.528990783], [630289.9446188456, 5219313.7606362365], [630290.0012421956, 5219313.998967471], [630290.034268612, 5219314.241696201], [630290.0433809994, 5219314.486491923], [630290.0284918668, 5219314.731004285], [630289.989744169, 5219314.972885654], [630289.9275099337, 5219315.209813663], [630289.8423866886, 5219315.439513497], [630289.7351917258, 5219315.659779748], [630289.6069542537, 5219315.868497576], [630289.458905516, 5219316.063663024], [630289.2924669693, 5219316.243402256], [630289.1092366364, 5219316.405989544], [630288.9109737626, 5219316.549863842], [630288.6995819244, 5219316.673643775], [630288.4770907535, 5219316.776140898], [630288.2456364492, 5219316.856371104], [630288.0074412685, 5219316.913564084], [630287.7647921892, 5219316.947170711], [630287.5200189524, 5219316.956868319], [630287.2754716937, 5219316.942563798], [630287.033498379, 5219316.904394491], [630286.7964222613, 5219316.84272687], [630286.5665195738, 5219316.758153024], [630286.345997676, 5219316.651484971], [630286.1369738599, 5219316.523746858], [630285.9414550208, 5219316.376165137], [630285.7613183893, 5219316.210156778], [630285.5982935071, 5219316.027315675], [630285.4539456211, 5219315.829397337], [630273.2038723456, 5219297.177742832], [630273.1681014891, 5219297.128704376], [630273.1198865677, 5219297.099283902], [630273.0257009328, 5219297.048367606], [630272.8347855981, 5219296.921265641], [630272.6563219882, 5219296.777202064], [630272.4918121549, 5219296.617389395], [630272.342640707, 5219296.443172709], [630272.2100631569, 5219296.2560183145], [630259.2537924236, 5219276.062219144], [630252.8613711046, 5219266.098001413], [630252.8274241403, 5219266.050408089], [630252.7766383217, 5219266.079580787], [630250.5233616696, 5219267.525419219], [630250.4739454709, 5219267.560666388], [630250.434000312, 5219267.624589976], [630250.3876630265, 5219267.70749932], [630250.2468671617, 5219267.909703824], [630250.0868505157, 5219268.097066601], [630249.9091674294, 5219268.267767679], [630249.7155438493, 5219268.420148931], [630249.5078605615, 5219268.552730186], [630249.288134923, 5219268.664223598], [630249.0585012656, 5219268.7535461625], [630248.821190164, 5219268.819830234], [630248.7597615926, 5219268.833765183], [630248.7068814829, 5219268.863873819], [630246.448118518, 5219270.30112618], [630246.4003075869, 5219270.334954564], [630246.4292867889, 5219270.385851038], [630250.9715642353, 5219277.524422071], [630251.0075747238, 5219277.578066332], [630262.5311643005, 5219295.691257404], [630262.655480542, 5219295.910296847], [630262.7571271425, 5219296.140732899], [630262.8350724652, 5219296.380226808], [630262.8885254238, 5219296.626347888], [630262.9169435106, 5219296.876598199], [630262.9200383037, 5219297.128437885], [630262.897778393, 5219297.379310965], [630262.8503897, 5219297.626671263], [630262.7783531843, 5219297.868008259], [630262.6823999626, 5219298.100872564], [630262.5635038877, 5219298.3229007805], [630262.4228716658, 5219298.531839488], [630262.2619306081, 5219298.725568117], [630262.0823141454, 5219298.902120465], [630261.8904550492, 5219299.056007223], [630261.890142139, 5219299.056283772], [630261.9197508186, 5219299.107115414], [630270.8102249985, 5219312.780171756], [630270.8186233558, 5219312.792424285], [630272.0957536832, 5219314.7581817005], [630272.2188267983, 5219314.969582136], [630272.320650738, 5219315.191998459], [630272.4002506458, 5219315.423301269], [630272.4568644371, 5219315.661276088], [630272.4899500946, 5219315.903644557], [630272.499190858, 5219316.148086255], [630272.484498257, 5219316.392260913], [630272.4460129576, 5219316.633830815], [630272.3841034158, 5219316.870483184], [630272.2993623499, 5219317.099952327], [630272.1926010661, 5219317.3200413175], [630272.0648416905, 5219317.528643037], [630271.917307384, 5219317.723760346], [630271.7514106315, 5219317.903525201], [630271.5687397188, 5219318.066216544], [630271.3710435266, 5219318.210276779], [630270.8808621491, 5219318.531977084], [630270.8319368601, 5219318.567639532], [630270.7789023864, 5219318.677414674], [630270.7784499194, 5219318.677196079], [630270.7677228769, 5219318.702233833], [630270.6385299959, 5219318.932888843], [630270.485702117, 5219319.148611288], [630270.3109482846, 5219319.346988786], [630270.1162227368, 5219319.5258029215], [630269.9037030515, 5219319.6830540495], [630269.2908269082, 5219320.088219032], [630269.2436133971, 5219320.122876333], [630269.2734760838, 5219320.1732595125], [630270.8086922149, 5219322.4955168255], [630270.8312554964, 5219322.527889634], [630274.9584292638, 5219328.7702458], [630274.9602975572, 5219328.772924675], [630277.0789007529, 5219331.974349351], [630277.113451089, 5219332.021352058], [630277.1638145343, 5219331.991456118], [630279.3512679072, 5219330.543280969], [630279.5633864417, 5219330.417441171], [630279.7868723229, 5219330.313114815], [630280.0195504103, 5219330.231317289], [630280.2591560971, 5219330.172844711], [630280.503357352, 5219330.138266182], [630280.7497774157, 5219330.127918246], [630280.9960179339, 5219330.14190162], [630281.2396822999, 5219330.180080204], [630281.4783989799, 5219330.242082416], [630281.7098445948, 5219330.327304801], [630281.9317665336, 5219330.434917907], [630282.142004877, 5219330.563874359], [630282.3385134196, 5219330.712919052], [630282.5193795854, 5219330.880601363], [630282.6828430423, 5219331.0652892785], [630282.8273128348, 5219331.265185268], [630288.5802980253, 5219340.114138856], [630288.6145925415, 5219340.1616165545], [630288.6652030615, 5219340.132140811], [630290.9097969306, 5219338.672859195], [630290.9572746266, 5219338.63856468], [630290.9277988783, 5219338.587954153], [630289.8076272405, 5219336.864962262], [630289.6838817883, 5219336.6524303965], [630289.5816171734, 5219336.42876842], [630289.5018230348, 5219336.196140764], [630289.4452715591, 5219335.9567986205], [630289.4125100084, 5219335.713058161], [630289.403855424, 5219335.467278118], [630289.4193915584, 5219335.2218369655], [630289.4589680647, 5219334.9791098945], [630289.5222019516, 5219334.741445832], [630289.6084812899, 5219334.51114471], [630289.716971134, 5219334.290435207], [630289.8466216018, 5219334.081453181], [630289.9961780353, 5219333.886221001], [630290.1641931413, 5219333.706627974], [630290.3490409977, 5219333.544412065], [630290.548932788, 5219333.401143077], [630292.4900659504, 5219332.149636143], [630292.5376738296, 5219332.115522589], [630292.5083909264, 5219332.064800235], [630291.7867565164, 5219330.9455187945], [630291.6646972717, 5219330.734223121], [630291.5638187851, 5219330.512034346], [630291.4850821353, 5219330.281069282], [630291.4292374535, 5219330.043528355], [630291.3968167771, 5219329.801674638], [630291.3881289808, 5219329.557812293], [630291.403256834, 5219329.314264621], [630291.4420562123, 5219329.073351921], [630291.5041574705, 5219328.837369391], [630291.5889689643, 5219328.608565258], [630291.6956826868, 5219328.38911936], [630291.8232819665, 5219328.1811223775], [630291.9705511536, 5219327.986555917], [630292.136087201, 5219327.807273633], [630292.3183130317, 5219327.644983561], [630292.5154925636, 5219327.501231855], [630292.9376813686, 5219327.223945795], [630292.9378701105, 5219327.224233168], [630293.0820499329, 5219327.129396793], [630293.2960623491, 5219327.016612803], [630293.5199735695, 5219326.925041474], [630293.7516870133, 5219326.855540231], [630293.989033044, 5219326.808759844], [630294.2297892846, 5219326.78513834], [630294.4717014269, 5219326.784896896], [630294.7125043393, 5219326.808037774], [630294.9499432766, 5219326.854344295], [630295.181794992, 5219326.923382871], [630295.4058885542, 5219327.014507062], [630295.620125675, 5219327.126863632], [630295.8225003565, 5219327.259400537], [630296.0111176743, 5219327.410876774], [630296.1842115199, 5219327.579874003], [630296.3401611386, 5219327.764809828], [630296.4775063042, 5219327.963952612], [630296.9255511006, 5219328.686008276], [630296.9588361897, 5219328.734199017], [630297.0100573926, 5219328.705797721], [630297.2802832632, 5219328.538119104], [630297.5018561414, 5219328.415712631], [630297.7346714906, 5219328.31634011], [630297.9763423804, 5219328.2410203535], [630298.2243910893, 5219328.190525574], [630298.4762745072, 5219328.165373466], [630298.7294102093, 5219328.1658219015], [630298.9812029315, 5219328.191866284], [630299.2290711786, 5219328.243239594], [630299.4704736907, 5219328.319415127], [630299.5583727896, 5219328.352131172], [630299.6101147205, 5219328.322004882], [630300.1164305448, 5219327.992920144], [630300.3282512868, 5219327.869576698], [630300.5511327243, 5219327.7675693575], [630300.782932284, 5219327.687878726], [630301.0214216629, 5219327.631270875], [630301.2643082477, 5219327.598289979], [630301.5092571549, 5219327.589253085], [630301.7539136757, 5219327.604247065], [630301.9959259119, 5219327.643127781], [630302.2329673852, 5219327.705521472], [630302.4627594013, 5219327.790828341], [630302.6830929555, 5219327.89822833], [630302.8918499678, 5219328.026688994], [630303.0870236444, 5219328.174975435], [630303.2667377685, 5219328.341662166], [630303.3169990233, 5219328.398404556], [630304.2317641979, 5219327.492268841], [630304.3208795994, 5219327.410831818], [630304.4162551882, 5219327.336824789]]]]}}, {"type": "Feature", "properties": {"vineyard_id": "V45", "area_m2": 5062.1}, "geometry": {"type": "MultiPolygon", "coordinates": [[[[630174.855070755, 5219296.871926117], [630174.9639121203, 5219297.022792129], [630175.0005054659, 5219297.0824045455], [630175.881148268, 5219298.242501241], [630176.4733202446, 5219299.004574446], [630176.5809497993, 5219299.154152882], [630176.6135199554, 5219299.207276031], [630177.6150520996, 5219300.526623817], [630178.2139797334, 5219301.297697177], [630178.3218822347, 5219301.447750338], [630178.3535719381, 5219301.499497748], [630179.3344284404, 5219302.791608903], [630180.0954934699, 5219303.772693987], [630180.1336195333, 5219303.817153504], [630180.1816019749, 5219303.783568822], [630213.4496186373, 5219277.976302487], [630213.4959248599, 5219277.93659279], [630213.5619133742, 5219277.852541537], [630213.6967796067, 5219277.694717163], [630213.8442752332, 5219277.548626528], [630214.0033831843, 5219277.415277012], [630214.5915807167, 5219276.962516188], [630214.7919032682, 5219276.82333651], [630215.0048359542, 5219276.704341643], [630215.2283516518, 5219276.606664418], [630215.4603224879, 5219276.531234725], [630215.6985400959, 5219276.4787706565], [630215.9407366402, 5219276.449771671], [630216.1846064057, 5219276.444513838], [630216.4278277479, 5219276.463047214], [630216.6680851954, 5219276.505195361], [630216.9030914932, 5219276.570557025], [630217.1306093773, 5219276.658509966], [630217.3484728737, 5219276.768216867], [630217.5546079179, 5219276.898633319], [630217.747052101, 5219277.048517753], [630217.9239733509, 5219277.216443269], [630218.0836873743, 5219277.40081121], [630218.4385807896, 5219277.853335947], [630218.4780235923, 5219277.898841252], [630218.5566384783, 5219277.912289186], [630218.6606851362, 5219277.92514691], [630218.9125114267, 5219277.9831461], [630219.157005128, 5219278.066831323], [630219.3915538585, 5219278.175308416], [630219.6136514978, 5219278.307418314], [630219.8209249629, 5219278.461749442], [630220.0111595655, 5219278.636652794], [630220.1823226755, 5219278.830259551], [630220.3325854386, 5219279.040501052], [630221.3598957451, 5219280.6473940415], [630221.3938264862, 5219280.695132387], [630221.4446607499, 5219280.66604421], [630222.5680821022, 5219279.947824427], [630223.7503715848, 5219278.966579197], [630223.7522750203, 5219278.875301068], [630223.7820901475, 5219278.628619966], [630223.8362454873, 5219278.386116961], [630223.9142060672, 5219278.150187616], [630224.0152017552, 5219277.923162553], [630224.1382348671, 5219277.707284437], [630224.2820900228, 5219277.504685813], [630224.4453461517, 5219277.317368049], [630224.6263905312, 5219277.147181562], [630224.823434718, 5219276.995807533], [630226.2107605109, 5219276.035756984], [630226.2572281464, 5219276.0001058495], [630226.2263033056, 5219275.950367544], [630225.614187655, 5219275.065826796], [630225.4812230553, 5219274.851296328], [630225.3705669731, 5219274.624452466], [630225.2833472668, 5219274.387607307], [630225.2204529203, 5219274.143174888], [630225.1825249818, 5219273.893646577], [630225.1699500306, 5219273.641565683], [630225.1828562365, 5219273.389501533], [630225.2211120534, 5219273.140023279], [630225.2843275601, 5219272.895673722], [630225.371858435, 5219272.658943385], [630225.4828125226, 5219272.432245134], [630225.6160589273, 5219272.217889585], [630225.7702395396, 5219272.018061546], [630225.9437828792, 5219271.834797759], [630226.1349201114, 5219271.669966132], [630254.9739212346, 5219249.235460189], [630255.1687178883, 5219249.09830522], [630255.3756854036, 5219248.980315095], [630255.5929442765, 5219248.882561302], [630255.8185215454, 5219248.805931558], [630256.0503687081, 5219248.751121749], [630256.2863803243, 5219248.718629613], [630256.5244131361, 5219248.708750214], [630256.7623055301, 5219248.72157327], [630256.9978971689, 5219248.756982333], [630257.2290486079, 5219248.814655847], [630257.453660725, 5219248.894070069], [630257.6696937827, 5219248.994503828], [630257.8751859512, 5219249.115045069], [630258.0682711242, 5219249.254599136], [630258.247195865, 5219249.41189872], [630258.4103353305, 5219249.585515358], [630258.5562080255, 5219249.773872409], [630258.5908127441, 5219249.823247434], [630258.6267398485, 5219249.869502046], [630258.6762931995, 5219249.838281688], [630259.7716446683, 5219249.070599463], [630259.8432812303, 5219249.011144451], [630257.2232633561, 5219245.574211699], [630256.5519841395, 5219244.71129891], [630256.4581743827, 5219244.570569939], [630255.572009959, 5219243.408101712], [630254.8784734884, 5219242.518243833], [630254.7691790411, 5219242.366647789], [630254.732586964, 5219242.306948773], [630253.8425872182, 5219241.13944938], [630253.2464963712, 5219240.371011034], [630253.1765083894, 5219240.265688875], [630252.1537336411, 5219238.924015574], [630251.5951002568, 5219238.20500404], [630251.4870982281, 5219238.054842949], [630251.4705314658, 5219238.027792706], [630250.4757560585, 5219236.722848869], [630249.7766197667, 5219235.821611986], [630249.6688186929, 5219235.671504621], [630249.6465723658, 5219235.63512782], [630248.7819618195, 5219234.500933915], [630248.2786746002, 5219233.85133416], [630248.1709383774, 5219233.70111858], [630248.165647237, 5219233.6924540205], [630247.2895733432, 5219232.543222526], [630246.4408443391, 5219231.446269567], [630246.4027745187, 5219231.401761892], [630246.3547496555, 5219231.435285888], [630243.8206306797, 5219233.395971856], [630243.6193375583, 5219233.536477012], [630243.4052349743, 5219233.656563244], [630243.1803872408, 5219233.755072717], [630242.9469622719, 5219233.831055633], [630242.7072106809, 5219233.883779386], [630242.4634440807, 5219233.912735631], [630242.2180127952, 5219233.91764518], [630241.9732831991, 5219233.898460696], [630241.7316149018, 5219233.855367152], [630241.4953379959, 5219233.788780041], [630241.2667305927, 5219233.699341376], [630241.0479968556, 5219233.587913499], [630240.8412457496, 5219233.455570764], [630240.6484707068, 5219233.303589178], [630240.4715304059, 5219233.133434103], [630240.3121308523, 5219232.946746123], [630240.2243081091, 5219232.833024589], [630240.1847966483, 5219232.786746294], [630240.1661147124, 5219232.774782621], [630240.0172845273, 5219232.690410982], [630239.835030236, 5219232.564557358], [630239.6646301437, 5219232.423066828], [630239.5074217073, 5219232.267049942], [630239.3646388431, 5219232.097731263], [630238.3532171171, 5219230.7844379535], [630238.3139666355, 5219230.738341393], [630238.2291096649, 5219230.704981811], [630238.1955337818, 5219230.693758782], [630237.9842577424, 5219230.600682061], [630237.7824688702, 5219230.488512137], [630237.5918880476, 5219230.35820561], [630237.4141405739, 5219230.210873752], [630237.2507423032, 5219230.047773029], [630237.1030867181, 5219229.870294385], [630236.4672924632, 5219229.030010124], [630236.4295385445, 5219228.984897239], [630236.3845111011, 5219229.009523693], [630236.2613061023, 5219229.0848260075], [630236.0359472313, 5219229.193278486], [630235.8008801509, 5219229.278671862], [630235.5584573579, 5219229.340151535], [630235.3111049642, 5219229.377102234], [630235.0612984153, 5219229.389154164], [630234.8115377178, 5219229.376186712], [630234.5643224191, 5219229.338329652], [630234.3221265932, 5219229.27596185], [630234.0873740799, 5219229.189707468], [630233.8624142284, 5219229.080429721], [630233.6494983851, 5219228.949222234], [630233.4507573629, 5219228.7973981025], [630233.268180116, 5219228.626476747], [630233.1035938353, 5219228.438168709], [630232.6505802727, 5219227.864291173], [630232.6105785876, 5219227.818435948], [630232.58955657, 5219227.80528704], [630232.4386172807, 5219227.721598937], [630232.2506406519, 5219227.593764603], [630232.0750531218, 5219227.449383685], [630231.9133064991, 5219227.289649969], [630231.7667381525, 5219227.115884179], [630230.8543315596, 5219225.928580602], [630230.8156833305, 5219225.883094634], [630230.7689838232, 5219225.888500989], [630230.6095617575, 5219225.9146159515], [630230.3548227468, 5219225.929980781], [630230.0998445787, 5219225.919295492], [630229.84728425, 5219225.88267143], [630229.599773562, 5219225.8204902345], [630229.3598916968, 5219225.733399866], [630229.13013834, 5219225.622307847], [630228.9129076335, 5219225.488371811], [630228.7104632269, 5219225.332987436], [630228.5249146895, 5219225.1577739045], [630228.3581955273, 5219224.964557025], [630228.0558654481, 5219224.5756921815], [630228.0176914218, 5219224.531273838], [630227.9697452607, 5219224.564910284], [630227.4596763548, 5219224.961472677], [630227.2638805383, 5219225.099181713], [630227.0558117955, 5219225.21753364], [630226.8373776937, 5219225.315443411], [630226.610580829, 5219225.392013394], [630226.3775004669, 5219225.446541599], [630226.1402734801, 5219225.478528111], [630225.9010747573, 5219225.48767968], [630225.6620972638, 5219225.473912405], [630225.4255319372, 5219225.437352503], [630225.1935475996, 5219225.378335155], [630224.9682710757, 5219225.297401429], [630224.7517676926, 5219225.195293323], [630224.5460223455, 5219225.07294696], [630224.3529213009, 5219224.931484008], [630224.1742349021, 5219224.772201395], [630224.0116013399, 5219224.596559416], [630223.9437572194, 5219224.515859669], [630223.906777598, 5219224.512659294], [630223.6676955881, 5219224.480282904], [630223.432847772, 5219224.42501138], [630223.2044213698, 5219224.347359485], [630222.9845437963, 5219224.248050419], [630222.7752628484, 5219224.12800908], [630222.5785276329, 5219223.988353457], [630222.3961704136, 5219223.830384212], [630222.2298895472, 5219223.655572565], [630222.0812336658, 5219223.465546601], [630221.9515872534, 5219223.262076098], [630221.8421577525, 5219223.047056047], [630221.7539643184, 5219222.8224890055], [630221.6878283274, 5219222.590466444], [630221.6514323048, 5219222.3917346345], [630221.6471813424, 5219222.373663715], [630221.6117289689, 5219222.324394523], [630221.5338232853, 5219222.226628758], [630221.3875802997, 5219222.022924181], [630221.2624799984, 5219221.805593834], [630221.1597810416, 5219221.576824321], [630221.0805167052, 5219221.338917344], [630221.0254844844, 5219221.094266531], [630220.99523807, 5219220.845333368], [630220.9900817774, 5219220.594622423], [630221.0100674853, 5219220.344656151], [630221.0549941132, 5219220.097949517], [630221.1244096447, 5219219.856984687], [630221.2176156759, 5219219.6241860585], [630221.3336744409, 5219219.4018958695], [630221.4714182484, 5219219.192350626], [630221.6294612286, 5219218.9976586085], [630221.6738685317, 5219218.948240561], [630221.6386244681, 5219218.901140809], [630221.4004421938, 5219218.613427098], [630221.2563141255, 5219218.4212255515], [630221.1312998384, 5219218.216077403], [630221.026553751, 5219217.999877052], [630220.9430431193, 5219217.774620956], [630220.8815391051, 5219217.5423891945], [630220.8426096544, 5219217.305326265], [630220.8266142532, 5219217.065621276], [630220.8337006079, 5219216.825487734], [630220.8638032808, 5219216.587143102], [630220.916644295, 5219216.352788324], [630220.9859920976, 5219216.142042162], [630220.9879594869, 5219216.13487185], [630220.953376739, 5219216.085995949], [630219.3016232636, 5219213.979004054], [630219.2617762171, 5219213.933014375], [630219.192842322, 5219213.889573778], [630219.0928676644, 5219213.832677291], [630218.8768538458, 5219213.67718466], [630218.6785949739, 5219213.499608344], [630218.5003381921, 5219213.3019610625], [630217.3001517646, 5219211.819627198], [630217.2596876727, 5219211.774383619], [630217.1902723267, 5219211.740988516], [630216.9915420595, 5219211.634079166], [630216.8032617094, 5219211.5096852835], [630216.6269653346, 5219211.368820395], [630216.4640893508, 5219211.212632233], [630216.315960828, 5219211.042393374], [630215.3627732605, 5219209.841513117], [630215.3241542187, 5219209.797481133], [630215.2765489422, 5219209.831598317], [630215.1251004246, 5219209.951809173], [630214.9258728204, 5219210.094602704], [630214.7136192773, 5219210.217199867], [630214.4903802018, 5219210.318422127], [630214.2583016048, 5219210.397296429], [630214.0196144716, 5219210.453064549], [630213.7766133165, 5219210.485190385], [630213.5316341243, 5219210.49336511], [630213.2870318949, 5219210.477510138], [630213.0451580044, 5219210.437777886], [630212.8083376013, 5219210.3745503025], [630212.5788472545, 5219210.2884351965], [630212.3588930687, 5219210.180260398], [630212.150589477, 5219210.0510658], [630211.9559389144, 5219209.902093355], [630211.7768125687, 5219209.7347751465], [630211.6149323921, 5219209.550719613], [630211.4612770663, 5219209.357702434], [630211.4225952022, 5219209.313725644], [630211.375038682, 5219209.347910768], [630210.7055200785, 5219209.88089493], [630210.5086595492, 5219210.022571762], [630210.2989966422, 5219210.144505589], [630210.0785047518, 5219210.245548744], [630209.8492591963, 5219210.324750183], [630209.6134176864, 5219210.381364448], [630209.3732000147, 5219210.414858671], [630209.1308671634, 5219210.424917597], [630208.8887000235, 5219210.411446549], [630208.648977926, 5219210.374572321], [630208.4139571887, 5219210.3146419795], [630208.1858498792, 5219210.232219603], [630207.9668029941, 5219210.12808097], [630207.7588782519, 5219210.003206256], [630207.5640326863, 5219209.858770808], [630207.3841002273, 5219209.696134088], [630207.2207744392, 5219209.516826866], [630207.0151431883, 5219209.267811084], [630206.9756794565, 5219209.224534534], [630206.9287431826, 5219209.259566386], [630206.6264562218, 5219209.509187697], [630206.4301453016, 5219209.65573062], [630206.2204343732, 5219209.782356573], [630205.9993370912, 5219209.8878496885], [630205.7689764424, 5219209.971197016], [630205.531564361, 5219210.031598249], [630205.2893804893, 5219210.068473415], [630205.0447502888, 5219210.081468435], [630204.8000227107, 5219210.0704585295], [630204.5575476411, 5219210.035549417], [630204.3196533375, 5219209.977076297], [630204.0886240725, 5219209.895600631], [630203.8666782005, 5219209.791904751], [630203.6559468567, 5219209.666984351], [630203.4584534937, 5219209.522038924], [630203.2760944522, 5219209.358460241], [630203.1106207529, 5219209.177818993], [630203.0977428991, 5219209.162297867], [630203.0581785524, 5219209.119113305], [630203.0113239454, 5219209.154254316], [630202.9832295179, 5219209.177564219], [630202.7802865047, 5219209.329262114], [630202.5630310399, 5219209.459639188], [630202.3336947063, 5219209.567356245], [630202.0946331777, 5219209.651306848], [630201.8483020222, 5219209.710628682], [630201.597231479, 5219209.744712411], [630201.3440004693, 5219209.753207937], [630201.0912101059, 5219209.736027997], [630200.8414569751, 5219209.693349058], [630200.5973064658, 5219209.625609504], [630200.3612664188, 5219209.533505137], [630200.1357613662, 5219209.417982025], [630199.9231076281, 5219209.280226786], [630199.7254895197, 5219209.121654401], [630199.659060768, 5219209.062574763], [630199.6121425703, 5219209.0980601525], [630189.8112880962, 5219217.296804256], [630189.7680739968, 5219217.336717562], [630189.7764616197, 5219217.350417735], [630189.8908579616, 5219217.558937677], [630189.984921457, 5219217.7773848055], [630190.0578007621, 5219218.003782014], [630190.1088362656, 5219218.236080242], [630190.1375660588, 5219218.472177019], [630190.1437301158, 5219218.709935497], [630190.1272726476, 5219218.947203785], [630190.0883426061, 5219219.181834434], [630190.027292337, 5219219.411703861], [630189.9446743899, 5219219.634731582], [630189.841236518, 5219219.84889903], [630189.7179149099, 5219220.052267834], [630189.5758257168, 5219220.242997355], [630189.4162549502, 5219220.419361353], [630189.2406468425, 5219220.579763602], [630184.5357864625, 5219224.483378912], [630184.4908081401, 5219224.524586646], [630184.4397709573, 5219224.594179695], [630184.3970064125, 5219224.658840071], [630184.2399815576, 5219224.851519474], [630184.0645995254, 5219225.0276537975], [630183.8725939926, 5219225.185501928], [630182.3750774409, 5219226.296611097], [630182.3298111357, 5219226.333775702], [630182.3623599061, 5219226.3824668005], [630183.9175759451, 5219228.47853605], [630184.0501649062, 5219228.67625744], [630184.1633460864, 5219228.8856938295], [630184.2560931846, 5219229.1049460955], [630184.3275651911, 5219229.33202611], [630184.377114014, 5219229.564874763], [630184.4042903559, 5219229.801380633], [630184.4088477878, 5219230.039399142], [630184.3907449839, 5219230.276771991], [630184.3501460965, 5219230.511346736], [630184.2874192671, 5219230.740996307], [630184.2031332882, 5219230.9636382945], [630184.0980524459, 5219231.17725383], [630183.9731295895, 5219231.379905898], [630183.829497491, 5219231.569756895], [630183.6684585739, 5219231.745085295], [630183.491473102, 5219231.90430126], [630172.6393265096, 5219240.76945429], [630172.5956499374, 5219240.808860976], [630172.6393543971, 5219240.882152634], [630172.7517294366, 5219241.092874751], [630172.8434854049, 5219241.3133578645], [630172.9137850179, 5219241.541590038], [630172.9619867838, 5219241.775488627], [630172.9876508559, 5219242.012919283], [630172.9905430467, 5219242.251715421], [630172.9706369647, 5219242.489698001], [630172.928114255, 5219242.724695405], [630172.8633629422, 5219242.954563254], [630172.7769738896, 5219243.177203978], [630172.6697354068, 5219243.390585955], [630172.5426260573, 5219243.592762052], [630172.3968057284, 5219243.781887386], [630172.2336050471, 5219243.95623617], [630172.0545132385, 5219244.114217449], [630168.7729777505, 5219246.741217248], [630168.7291067112, 5219246.780019003], [630168.7993787334, 5219246.8772167945], [630168.7971050108, 5219246.87886065], [630168.8731730239, 5219246.984166859], [630168.9975096452, 5219247.198054876], [630169.1000968477, 5219247.423184939], [630169.1799299716, 5219247.657352298], [630169.2362271927, 5219247.8982636975], [630169.2684371795, 5219248.143559837], [630169.2762444924, 5219248.390838476], [630169.2595726723, 5219248.637677958], [630169.2185849904, 5219248.881660927], [630169.1536828482, 5219249.120398004], [630169.0655018474, 5219249.351551179], [630168.9549055647, 5219249.572856719], [630168.8229770948, 5219249.782147326], [630168.6710084432, 5219249.97737337], [630168.500487874, 5219250.156622958], [630168.313085334, 5219250.318140659], [630167.055507808, 5219251.297881289], [630167.0097516025, 5219251.337284514], [630167.0050990655, 5219251.354042368], [630166.928554376, 5219251.585361966], [630166.8298551275, 5219251.808131589], [630166.7099388499, 5219252.020235177], [630166.5699446106, 5219252.219657992], [630166.4112021945, 5219252.404505744], [630166.235219473, 5219252.573022591], [630166.0436680804, 5219252.723607817], [630165.8383675357, 5219252.854831032], [630165.6212679591, 5219252.965445769], [630165.3944315482, 5219253.054401313], [630165.160012989, 5219253.120852687], [630164.9202389896, 5219253.164168682], [630164.6773871287, 5219253.183937842], [630164.4337642208, 5219253.179972386], [630164.1916844049, 5219253.152309978], [630163.9534471618, 5219253.101213383], [630163.7213154729, 5219253.027167956], [630163.4974943235, 5219252.930877048], [630163.2841097582, 5219252.813255309], [630163.0831886863, 5219252.675420012], [630162.8966396279, 5219252.518680436], [630162.7262345854, 5219252.344525426], [630162.6778704887, 5219252.290019576], [630162.6304626849, 5219252.324410629], [630160.211160278, 5219254.267548149], [630160.1673516646, 5219254.306420381], [630160.2017427252, 5219254.353828195], [630161.689959378, 5219256.206731602], [630161.8337463787, 5219256.4048989955], [630161.9574596541, 5219256.6161809], [630162.0599126453, 5219256.838550866], [630162.1401227048, 5219257.0698761], [630162.1973205217, 5219257.307937914], [630162.2309575002, 5219257.550453008], [630162.2407110211, 5219257.795095372], [630162.2264875366, 5219258.039518591], [630162.1884234668, 5219258.281378352], [630162.1268838919, 5219258.51835493], [630162.0424590507, 5219258.748175433], [630161.9359586786, 5219258.968635607], [630161.8084042427, 5219259.177620973], [630161.6610191432, 5219259.373127111], [630161.4952169805, 5219259.553278881], [630161.3125879967, 5219259.7163484115], [630151.6075323807, 5219267.562718255], [630151.563848947, 5219267.601731108], [630151.5983922166, 5219267.649028122], [630152.4492489016, 5219268.701439825], [630158.5275553078, 5219275.950215681], [630158.5643902322, 5219275.970278885], [630158.7508025845, 5219276.094666088], [630158.9253270135, 5219276.235246901], [630159.0865611319, 5219276.390891691], [630159.2332093463, 5219276.560349776], [630160.2522248673, 5219277.85046787], [630160.2917133715, 5219277.895708286], [630160.3504716394, 5219277.899697154], [630160.4916906279, 5219277.902652133], [630160.7461954392, 5219277.934257354], [630160.996123197, 5219277.991770002], [630161.238843798, 5219278.074584849], [630161.471802983, 5219278.181830394], [630161.6925492167, 5219278.312378046], [630161.8987594862, 5219278.46485399], [630162.088263747, 5219278.637653654], [630162.25906776, 5219278.82895859], [630162.6766453614, 5219279.347957887], [630162.7158843636, 5219279.392104096], [630162.7627449183, 5219279.370494105], [630162.8852301302, 5219279.306557798], [630163.1132498386, 5219279.214762554], [630163.3491819262, 5219279.145803115], [630163.590745615, 5219279.100346119], [630163.8356056852, 5219279.078831002], [630164.081395051, 5219279.081465755], [630164.3257376426, 5219279.108224904], [630164.5662713768, 5219279.158849769], [630164.8006709906, 5219279.232850954], [630165.0266705203, 5219279.32951308], [630165.2420852066, 5219279.447901708], [630165.444832615, 5219279.586872362], [630165.6329527665, 5219279.7450816], [630165.8046270856, 5219279.920999996], [630165.9119505822, 5219280.042381307], [630166.0404937438, 5219280.173778839], [630166.1956287222, 5219280.367560956], [630166.330781643, 5219280.575772527], [630166.4446200421, 5219280.796360806], [630166.5360215934, 5219281.027151028], [630166.6040851746, 5219281.265867846], [630166.648139751, 5219281.510157765], [630166.6677509913, 5219281.757612345], [630166.6627255493, 5219282.005791947], [630166.6331129707, 5219282.252249785], [630166.579205204, 5219282.494556043], [630166.5015337227, 5219282.73032184], [630166.4008642852, 5219282.957222776], [630166.2781893852, 5219283.173021846], [630166.1347184672, 5219283.375591503], [630165.9718660022, 5219283.562934624], [630165.8999126328, 5219283.637848358], [630165.9335738354, 5219283.686092053], [630167.5714261684, 5219285.803907953], [630167.6109697028, 5219285.850158847], [630167.6587685283, 5219285.880721899], [630167.8574924252, 5219286.02189382], [630168.0415229944, 5219286.181748279], [630168.2091105998, 5219286.35876549], [630168.3586619339, 5219286.551262495], [630168.4887551656, 5219286.757409166], [630168.5981534579, 5219286.9752456], [630168.6858167271, 5219287.202700759], [630168.7509115313, 5219287.437612157], [630168.7928189937, 5219287.677746418], [630168.8111406872, 5219287.92082051], [630168.8057024216, 5219288.164523452], [630168.7765559003, 5219288.406538283], [630168.7458595623, 5219288.545504511], [630168.7376557342, 5219288.593877437], [630168.7724199338, 5219288.642841582], [630168.7855379715, 5219288.659519429], [630168.9236684506, 5219288.853476526], [630169.0427195968, 5219289.059695365], [630169.1416113898, 5219289.276305148], [630169.1975289297, 5219289.437972672], [630174.3097803409, 5219296.172491998], [630174.855070755, 5219296.871926117]]], [[[630154.3349469022, 5219275.644812488], [630154.3738900501, 5219275.688558069], [630154.3857735146, 5219275.679908029], [630153.8072862687, 5219274.990024351], [630154.3349469022, 5219275.644812488]]]]}}, {"type": "Feature", "properties": {"vineyard_id": "V46", "area_m2": 114.0}, "geometry": {"type": "Polygon", "coordinates": [[[630249.727162898, 5219230.79238057], [630250.100903675, 5219231.275554131], [630250.1368466179, 5219231.329802628], [630251.0941239746, 5219232.585556617], [630251.9348808094, 5219233.670668972], [630251.9742659287, 5219233.716650559], [630252.0516359914, 5219233.746805909], [630252.1248974393, 5219233.771287947], [630252.3486302814, 5219233.871357326], [630252.5614892455, 5219233.992853528], [630252.7614284924, 5219234.134608821], [630252.9465263574, 5219234.295260761], [630253.1150038202, 5219234.473265284], [630253.265241603, 5219234.666911544], [630253.395795734, 5219234.874338361], [630253.5054114258, 5219235.093552105], [630253.5930351355, 5219235.32244586], [630253.6578246902, 5219235.558819672], [630253.699157382, 5219235.800401696], [630253.7151283406, 5219236.023783447], [630254.6343108063, 5219237.2295646565], [630255.3937354375, 5219238.207118001], [630255.4332806035, 5219238.253166934], [630255.4447580186, 5219238.258975962], [630255.6436324056, 5219238.347639127], [630255.8565394672, 5219238.468808999], [630256.0565653201, 5219238.610234645], [630256.241789346, 5219238.770558116], [630256.4104330518, 5219238.94824001], [630256.5608771462, 5219239.141574252], [630256.6916770878, 5219239.348704478], [630256.8015769552, 5219239.567641852], [630256.8895215067, 5219239.796284174], [630256.9546663119, 5219240.032436051], [630256.9963858601, 5219240.273829991], [630257.0043289992, 5219240.338548465], [630257.8624174526, 5219241.464186706], [630258.6879379284, 5219242.523293201], [630258.7261667304, 5219242.567664403], [630258.7740713527, 5219242.53396882], [630263.4947623098, 5219238.85442662], [630263.5391335097, 5219238.81619782], [630263.5054379326, 5219238.768293206], [630261.8595620692, 5219236.656706796], [630261.821017544, 5219236.611969141], [630261.6700479761, 5219236.418261701], [630261.5388129244, 5219236.210676191], [630261.428578847, 5219235.9912158735], [630261.3404095356, 5219235.761998607], [630261.2751558509, 5219235.525236407], [630261.2334475104, 5219235.2832141], [630261.2156870123, 5219235.038267274], [630261.2220457507, 5219234.79275974], [630261.2524623618, 5219234.54906072], [630261.3066433163, 5219234.3095219815], [630261.3840657516, 5219234.076455147], [630261.4839825177, 5219233.852109382], [630261.605429388, 5219233.638649689], [630261.7472343635, 5219233.438136019], [630261.9080289833, 5219233.2525033895], [630262.0862615311, 5219233.083543212], [630262.1048537769, 5219233.067576861], [630262.0712354376, 5219233.019618002], [630260.4287645625, 5219230.905381998], [630260.3898778085, 5219230.860099763], [630260.3434610689, 5219230.865720749], [630260.1968470087, 5219230.890820605], [630259.9519038971, 5219230.908311462], [630259.7064264548, 5219230.901687016], [630259.4627831682, 5219230.871011181], [630259.2233248268, 5219230.816579933], [630258.9903618419, 5219230.738918452], [630258.7661419545, 5219230.638776053], [630258.5528285475, 5219230.51711896], [630258.3524797733, 5219230.375120978], [630258.1670286948, 5219230.214152176], [630257.9982646347, 5219230.035765657], [630257.8478159113, 5219229.841682583], [630257.7171341275, 5219229.633775562], [630257.6074801649, 5219229.414050583], [630257.5873315441, 5219229.3681646995], [630257.5523808055, 5219229.318168966], [630255.9126191906, 5219227.201831028], [630255.8733376209, 5219227.155970334], [630255.8628490899, 5219227.153028345], [630255.6462489266, 5219227.081463814], [630255.4370736822, 5219226.990453759], [630255.2370649368, 5219226.880755926], [630255.0478879507, 5219226.753283652], [630254.8711177999, 5219226.609098261], [630254.7082262615, 5219226.449400235], [630254.5605695605, 5219226.275519208], [630254.0234785114, 5219225.581165767], [630253.9854143315, 5219225.536653268], [630253.9373852297, 5219225.570171172], [630248.8244731142, 5219229.525072482], [630248.786095383, 5219229.557890609], [630249.727162898, 5219230.79238057]]]}}]}