{"type": "FeatureCollection", "crs": {"type": "name", "properties": {"name": "urn:ogc:def:crs:EPSG::32635"}}, "features": [{"type": "Feature", "geometry": {"type": "Point", "coordinates": [629224.83, 5220482.42]}, "properties": {"type": "gap", "gap_m": 6.6, "vineyard_id": "V09", "row_id": "V09-R19", "reachable": true, "id": "T0341", "x": 629224.83, "y": 5220482.42, "order": 399, "visited": true}}, {"type": "Feature", "geometry": {"type": "Point", "coordinates": [629214.48, 5220490.9]}, "properties": {"type": "gap", "gap_m": 6.5, "vineyard_id": "V09", "row_id": "V09-R18", "reachable": true, "id": "T0337", "x": 629214.48, "y": 5220490.9, "order": 398, "visited": true}}, {"type": "Feature", "geometry": {"type": "Point", "coordinates": [629208.61, 5220491.28]}, "properties": {"type": "gap", "gap_m": 4.8, "vineyard_id": "V09", "row_id": "V09-R19", "reachable": true, "id": "T0339", "x": 629208.61, "y": 5220491.28, "order": 397, "visited": true}}, {"type": "Feature", "geometry": {"type": "Point", "coordinates": [629206.17, 5220495.41]}, "properties": {"type": "gap", "gap_m": 4.7, "vineyard_id": "V09", "row_id": "V09-R18", "reachable": true, "id": "T0336", "x": 629206.17, "y": 5220495.41, "order": 396, "visited": true}}, {"type": "Feature", "geometry": {"type": "Point", "coordinates": [629202.58, 5220494.57]}, "properties": {"type": "gap", "gap_m": 3.5, "vineyard_id": "V09", "row_id": "V09-R19", "reachable": true, "id": "T0338", "x": 629202.58, "y": 5220494.57, "order": 395, "visited": true}}, {"type": "Feature", "geometry": {"type": "Point", "coordinates": [629215.77, 5220487.37]}, "properties": {"type": "gap", "gap_m": 10.7, "vineyard_id": "V09", "row_id": "V09-R19", "reachable": true, "id": "T0340", "x": 629215.77, "y": 5220487.37, "order": 394, "visited": true}}, {"type": "Feature", "geometry": {"type": "Point", "coordinates": [629176.38, 5220524.59]}, "properties": {"type": "gap", "gap_m": 3.2, "vineyard_id": "V09", "row_id": "V09-R11", "reachable": true, "id": "T0331", "x": 629176.38, "y": 5220524.59, "order": 393, "visited": true}}, {"type": "Feature", "geometry": {"type": "Point", "coordinates": [629191.41, 5220521.97]}, "properties": {"type": "gap", "gap_m": 4.7, "vineyard_id": "V09", "row_id": "V09-R07", "reachable": true, "id": "T0328", "x": 629191.41, "y": 5220521.97, "order": 392, "visited": true}}, {"type": "Feature", "geometry": {"type": "Point", "coordinates": [629190.21, 5220525.15]}, "properties": {"type": "gap", "gap_m": 4.0, "vineyard_id": "V09", "row_id": "V09-R04", "reachable": true, "id": "T0326", "x": 629190.21, "y": 5220525.15, "order": 391, "visited": true}}, {"type": "Feature", "geometry": {"type": "Point", "coordinates": [629181.62, 5220529.77]}, "properties": {"type": "gap", "gap_m": 9.8, "vineyard_id": "V09", "row_id": "V09-R04", "reachable": true, "id": "T0325", "x": 629181.62, "y": 5220529.77, "order": 390, "visited": true}}, {"type": "Feature", "geometry": {"type": "Point", "coordinates": [629172.97, 5220534.42]}, "properties": {"type": "gap", "gap_m": 5.6, "vineyard_id": "V09", "row_id": "V09-R04", "reachable": true, "id": "T0324", "x": 629172.97, "y": 5220534.42, "order": 389, "visited": true}}, {"type": "Feature", "geometry": {"type": "Point", "coordinates": [629167.7, 5220537.25]}, "properties": {"type": "gap", "gap_m": 4.9, "vineyard_id": "V09", "row_id": "V09-R04", "reachable": true, "id": "T0323", "x": 629167.7, "y": 5220537.25, "order": 388, "visited": true}}, {"type": "Feature", "geometry": {"type": "Point", "coordinates": [629170.6, 5220530.25]}, "properties": {"type": "gap", "gap_m": 12.6, "vineyard_id": "V09", "row_id": "V09-R10", "reachable": true, "id": "T0329", "x": 629170.6, "y": 5220530.25, "order": 387, "visited": true}}, {"type": "Feature", "geometry": {"type": "Point", "coordinates": [629178.96, 5220525.77]}, "properties": {"type": "gap", "gap_m": 3.6, "vineyard_id": "V09", "row_id": "V09-R10", "reachable": true, "id": "T0330", "x": 629178.96, "y": 5220525.77, "order": null, "visited": true}}, {"type": "Feature", "geometry": {"type": "Point", "coordinates": [629177.43, 5220571.0]}, "properties": {"type": "gap", "gap_m": 5.0, "vineyard_id": "V06", "row_id": "V06-R20", "reachable": true, "id": "T0288", "x": 629177.43, "y": 5220571.0, "order": 386, "visited": true}}, {"type": "Feature", "geometry": {"type": "Point", "coordinates": [629163.64, 5220578.45]}, "properties": {"type": "gap", "gap_m": 5.5, "vineyard_id": "V06", "row_id": "V06-R20", "reachable": true, "id": "T0287", "x": 629163.64, "y": 5220578.45, "order": 385, "visited": true}}, {"type": "Feature", "geometry": {"type": "Point", "coordinates": [629179.29, 5220572.51]}, "properties": {"type": "gap", "gap_m": 3.6, "vineyard_id": "V06", "row_id": "V06-R19", "reachable": true, "id": "T0286", "x": 629179.29, "y": 5220572.51, "order": null, "visited": true}}, {"type": "Feature", "geometry": {"type": "Point", "coordinates": [629214.91, 5220568.86]}, "properties": {"type": "gap", "gap_m": 5.8, "vineyard_id": "V06", "row_id": "V06-R13", "reachable": true, "id": "T0281", "x": 629214.91, "y": 5220568.86, "order": 384, "visited": true}}, {"type": "Feature", "geometry": {"type": "Point", "coordinates": [629215.58, 5220571.24]}, "properties": {"type": "gap", "gap_m": 3.2, "vineyard_id": "V06", "row_id": "V06-R12", "reachable": true, "id": "T0280", "x": 629215.58, "y": 5220571.24, "order": 384, "visited": true}}, {"type": "Feature", "geometry": {"type": "Point", "coordinates": [629166.1, 5220597.57]}, "properties": {"type": "gap", "gap_m": 5.4, "vineyard_id": "V06", "row_id": "V06-R12", "reachable": true, "id": "T0279", "x": 629166.1, "y": 5220597.57, "order": 383, "visited": true}}, {"type": "Feature", "geometry": {"type": "Point", "coordinates": [629215.55, 5220573.69]}, "properties": {"type": "gap", "gap_m": 3.2, "vineyard_id": "V06", "row_id": "V06-R11", "reachable": true, "id": "T0278", "x": 629215.55, "y": 5220573.69, "order": 382, "visited": true}}, {"type": "Feature", "geometry": {"type": "Point", "coordinates": [629171.07, 5220783.7]}, "properties": {"type": "gap", "gap_m": 4.6, "vineyard_id": "V02", "row_id": "V02-R61", "reachable": true, "id": "T0167", "x": 629171.07, "y": 5220783.7, "order": 381, "visited": true}}, {"type": "Feature", "geometry": {"type": "Point", "coordinates": [629177.02, 5220769.16]}, "properties": {"type": "gap", "gap_m": 3.4, "vineyard_id": "V02", "row_id": "V02-R61", "reachable": true, "id": "T0168", "x": 629177.02, "y": 5220769.16, "order": 380, "visited": true}}, {"type": "Feature", "geometry": {"type": "Point", "coordinates": [629192.75, 5220737.64]}, "properties": {"type": "gap", "gap_m": 5.5, "vineyard_id": "V02", "row_id": "V02-R60", "reachable": true, "id": "T0162", "x": 629192.75, "y": 5220737.64, "order": 379, "visited": true}}, {"type": "Feature", "geometry": {"type": "Point", "coordinates": [629169.27, 5220801.68]}, "properties": {"type": "gap", "gap_m": 4.0, "vineyard_id": "V02", "row_id": "V02-R58", "reachable": true, "id": "T0161", "x": 629169.27, "y": 5220801.68, "order": 378, "visited": true}}, {"type": "Feature", "geometry": {"type": "Point", "coordinates": [629193.96, 5220774.77]}, "properties": {"type": "gap", "gap_m": 5.8, "vineyard_id": "V02", "row_id": "V02-R53", "reachable": true, "id": "T0140", "x": 629193.96, "y": 5220774.77, "order": 377, "visited": true}}, {"type": "Feature", "geometry": {"type": "Point", "coordinates": [629183.85, 5220799.24]}, "properties": {"type": "gap", "gap_m": 5.5, "vineyard_id": "V02", "row_id": "V02-R53", "reachable": true, "id": "T0138", "x": 629183.85, "y": 5220799.24, "order": 376, "visited": true}}, {"type": "Feature", "geometry": {"type": "Point", "coordinates": [629177.31, 5220814.81]}, "properties": {"type": "gap", "gap_m": 5.7, "vineyard_id": "V02", "row_id": "V02-R53", "reachable": true, "id": "T0137", "x": 629177.31, "y": 5220814.81, "order": 375, "visited": true}}, {"type": "Feature", "geometry": {"type": "Point", "coordinates": [629150.31, 5220879.61]}, "properties": {"type": "gap", "gap_m": 4.2, "vineyard_id": "V02", "row_id": "V02-R53", "reachable": true, "id": "T0136", "x": 629150.31, "y": 5220879.61, "order": 374, "visited": true}}, {"type": "Feature", "geometry": {"type": "Point", "coordinates": [629156.42, 5220871.78]}, "properties": {"type": "gap", "gap_m": 6.6, "vineyard_id": "V02", "row_id": "V02-R52", "reachable": true, "id": "T0125", "x": 629156.42, "y": 5220871.78, "order": 373, "visited": true}}, {"type": "Feature", "geometry": {"type": "Point", "coordinates": [629160.29, 5220862.85]}, "properties": {"type": "gap", "gap_m": 5.2, "vineyard_id": "V02", "row_id": "V02-R52", "reachable": true, "id": "T0126", "x": 629160.29, "y": 5220862.85, "order": 372, "visited": true}}, {"type": "Feature", "geometry": {"type": "Point", "coordinates": [629165.55, 5220850.16]}, "properties": {"type": "gap", "gap_m": 3.2, "vineyard_id": "V02", "row_id": "V02-R52", "reachable": true, "id": "T0127", "x": 629165.55, "y": 5220850.16, "order": 371, "visited": true}}, {"type": "Feature", "geometry": {"type": "Point", "coordinates": [629169.35, 5220840.99]}, "properties": {"type": "gap", "gap_m": 9.6, "vineyard_id": "V02", "row_id": "V02-R52", "reachable": true, "id": "T0128", "x": 629169.35, "y": 5220840.99, "order": 370, "visited": true}}, {"type": "Feature", "geometry": {"type": "Point", "coordinates": [629177.82, 5220820.55]}, "properties": {"type": "gap", "gap_m": 3.7, "vineyard_id": "V02", "row_id": "V02-R52", "reachable": true, "id": "T0129", "x": 629177.82, "y": 5220820.55, "order": 369, "visited": true}}, {"type": "Feature", "geometry": {"type": "Point", "coordinates": [629181.84, 5220810.56]}, "properties": {"type": "gap", "gap_m": 3.5, "vineyard_id": "V02", "row_id": "V02-R52", "reachable": true, "id": "T0130", "x": 629181.84, "y": 5220810.56, "order": 368, "visited": true}}, {"type": "Feature", "geometry": {"type": "Point", "coordinates": [629187.22, 5220797.75]}, "properties": {"type": "gap", "gap_m": 4.9, "vineyard_id": "V02", "row_id": "V02-R52", "reachable": true, "id": "T0131", "x": 629187.22, "y": 5220797.75, "order": 367, "visited": true}}, {"type": "Feature", "geometry": {"type": "Point", "coordinates": [629190.79, 5220782.43]}, "properties": {"type": "gap", "gap_m": 4.2, "vineyard_id": "V02", "row_id": "V02-R53", "reachable": true, "id": "T0139", "x": 629190.79, "y": 5220782.43, "order": 366, "visited": true}}, {"type": "Feature", "geometry": {"type": "Point", "coordinates": [629193.4, 5220783.05]}, "properties": {"type": "gap", "gap_m": 4.2, "vineyard_id": "V02", "row_id": "V02-R52", "reachable": true, "id": "T0132", "x": 629193.4, "y": 5220783.05, "order": 365, "visited": true}}, {"type": "Feature", "geometry": {"type": "Point", "coordinates": [629196.28, 5220776.19]}, "properties": {"type": "gap", "gap_m": 5.5, "vineyard_id": "V02", "row_id": "V02-R52", "reachable": true, "id": "T0133", "x": 629196.28, "y": 5220776.19, "order": 364, "visited": true}}, {"type": "Feature", "geometry": {"type": "Point", "coordinates": [629200.76, 5220764.77]}, "properties": {"type": "gap", "gap_m": 4.3, "vineyard_id": "V02", "row_id": "V02-R52", "reachable": true, "id": "T0134", "x": 629200.76, "y": 5220764.77, "order": 363, "visited": true}}, {"type": "Feature", "geometry": {"type": "Point", "coordinates": [629198.82, 5220762.87]}, "properties": {"type": "gap", "gap_m": 5.6, "vineyard_id": "V02", "row_id": "V02-R53", "reachable": true, "id": "T0141", "x": 629198.82, "y": 5220762.87, "order": 362, "visited": true}}, {"type": "Feature", "geometry": {"type": "Point", "coordinates": [629202.79, 5220752.93]}, "properties": {"type": "gap", "gap_m": 3.1, "vineyard_id": "V02", "row_id": "V02-R53", "reachable": true, "id": "T0142", "x": 629202.79, "y": 5220752.93, "order": 361, "visited": true}}, {"type": "Feature", "geometry": {"type": "Point", "coordinates": [629208.4, 5220746.04]}, "properties": {"type": "gap", "gap_m": 3.5, "vineyard_id": "V02", "row_id": "V02-R52", "reachable": true, "id": "T0135", "x": 629208.4, "y": 5220746.04, "order": 360, "visited": true}}, {"type": "Feature", "geometry": {"type": "Point", "coordinates": [629210.4, 5220748.02]}, "properties": {"type": "gap", "gap_m": 3.6, "vineyard_id": "V02", "row_id": "V02-R51", "reachable": true, "id": "T0122", "x": 629210.4, "y": 5220748.02, "order": 359, "visited": true}}, {"type": "Feature", "geometry": {"type": "Point", "coordinates": [629186.9, 5220804.97]}, "properties": {"type": "gap", "gap_m": 4.1, "vineyard_id": "V02", "row_id": "V02-R51", "reachable": true, "id": "T0120", "x": 629186.9, "y": 5220804.97, "order": 358, "visited": true}}, {"type": "Feature", "geometry": {"type": "Point", "coordinates": [629170.94, 5220843.91]}, "properties": {"type": "gap", "gap_m": 3.2, "vineyard_id": "V02", "row_id": "V02-R51", "reachable": true, "id": "T0119", "x": 629170.94, "y": 5220843.91, "order": 357, "visited": true}}, {"type": "Feature", "geometry": {"type": "Point", "coordinates": [629204.27, 5220769.61]}, "properties": {"type": "gap", "gap_m": 3.2, "vineyard_id": "V02", "row_id": "V02-R50", "reachable": true, "id": "T0117", "x": 629204.27, "y": 5220769.61, "order": 356, "visited": true}}, {"type": "Feature", "geometry": {"type": "Point", "coordinates": [629206.67, 5220757.23]}, "properties": {"type": "gap", "gap_m": 4.2, "vineyard_id": "V02", "row_id": "V02-R51", "reachable": true, "id": "T0121", "x": 629206.67, "y": 5220757.23, "order": 355, "visited": true}}, {"type": "Feature", "geometry": {"type": "Point", "coordinates": [629211.02, 5220753.25]}, "properties": {"type": "gap", "gap_m": 5.1, "vineyard_id": "V02", "row_id": "V02-R50", "reachable": true, "id": "T0118", "x": 629211.02, "y": 5220753.25, "order": 354, "visited": true}}, {"type": "Feature", "geometry": {"type": "Point", "coordinates": [629213.28, 5220740.89]}, "properties": {"type": "gap", "gap_m": 4.0, "vineyard_id": "V02", "row_id": "V02-R51", "reachable": true, "id": "T0123", "x": 629213.28, "y": 5220740.89, "order": 353, "visited": true}}, {"type": "Feature", "geometry": {"type": "Point", "coordinates": [629216.08, 5220733.97]}, "properties": {"type": "gap", "gap_m": 3.1, "vineyard_id": "V02", "row_id": "V02-R51", "reachable": true, "id": "T0124", "x": 629216.08, "y": 5220733.97, "order": 352, "visited": true}}, {"type": "Feature", "geometry": {"type": "Point", "coordinates": [629203.93, 5220777.06]}, "properties": {"type": "gap", "gap_m": 5.7, "vineyard_id": "V02", "row_id": "V02-R49", "reachable": true, "id": "T0115", "x": 629203.93, "y": 5220777.06, "order": 351, "visited": true}}, {"type": "Feature", "geometry": {"type": "Point", "coordinates": [629194.38, 5220800.01]}, "properties": {"type": "gap", "gap_m": 4.8, "vineyard_id": "V02", "row_id": "V02-R49", "reachable": true, "id": "T0113", "x": 629194.38, "y": 5220800.01, "order": 350, "visited": true}}, {"type": "Feature", "geometry": {"type": "Point", "coordinates": [629185.91, 5220821.13]}, "properties": {"type": "gap", "gap_m": 3.3, "vineyard_id": "V02", "row_id": "V02-R49", "reachable": true, "id": "T0111", "x": 629185.91, "y": 5220821.13, "order": 349, "visited": true}}, {"type": "Feature", "geometry": {"type": "Point", "coordinates": [629169.25, 5220860.51]}, "properties": {"type": "gap", "gap_m": 13.6, "vineyard_id": "V02", "row_id": "V02-R49", "reachable": true, "id": "T0108", "x": 629169.25, "y": 5220860.51, "order": 348, "visited": true}}, {"type": "Feature", "geometry": {"type": "Point", "coordinates": [629174.72, 5220847.81]}, "properties": {"type": "gap", "gap_m": 3.2, "vineyard_id": "V02", "row_id": "V02-R49", "reachable": true, "id": "T0109", "x": 629174.72, "y": 5220847.81, "order": 347, "visited": true}}, {"type": "Feature", "geometry": {"type": "Point", "coordinates": [629174.47, 5220855.51]}, "properties": {"type": "gap", "gap_m": 3.9, "vineyard_id": "V02", "row_id": "V02-R48", "reachable": true, "id": "T0106", "x": 629174.47, "y": 5220855.51, "order": 346, "visited": true}}, {"type": "Feature", "geometry": {"type": "Point", "coordinates": [629177.16, 5220841.98]}, "properties": {"type": "gap", "gap_m": 4.0, "vineyard_id": "V02", "row_id": "V02-R49", "reachable": true, "id": "T0110", "x": 629177.16, "y": 5220841.98, "order": 345, "visited": true}}, {"type": "Feature", "geometry": {"type": "Point", "coordinates": [629191.32, 5220807.43]}, "properties": {"type": "gap", "gap_m": 3.1, "vineyard_id": "V02", "row_id": "V02-R49", "reachable": true, "id": "T0112", "x": 629191.32, "y": 5220807.43, "order": 344, "visited": true}}, {"type": "Feature", "geometry": {"type": "Point", "coordinates": [629201.16, 5220783.69]}, "properties": {"type": "gap", "gap_m": 3.4, "vineyard_id": "V02", "row_id": "V02-R49", "reachable": true, "id": "T0114", "x": 629201.16, "y": 5220783.69, "order": 343, "visited": true}}, {"type": "Feature", "geometry": {"type": "Point", "coordinates": [629214.18, 5220752.31]}, "properties": {"type": "gap", "gap_m": 6.6, "vineyard_id": "V02", "row_id": "V02-R49", "reachable": true, "id": "T0116", "x": 629214.18, "y": 5220752.31, "order": 342, "visited": true}}, {"type": "Feature", "geometry": {"type": "Point", "coordinates": [629216.75, 5220759.36]}, "properties": {"type": "gap", "gap_m": 5.3, "vineyard_id": "V02", "row_id": "V02-R47", "reachable": true, "id": "T0103", "x": 629216.75, "y": 5220759.36, "order": 341, "visited": true}}, {"type": "Feature", "geometry": {"type": "Point", "coordinates": [629223.03, 5220750.58]}, "properties": {"type": "gap", "gap_m": 3.9, "vineyard_id": "V02", "row_id": "V02-R46", "reachable": true, "id": "T0102", "x": 629223.03, "y": 5220750.58, "order": 340, "visited": true}}, {"type": "Feature", "geometry": {"type": "Point", "coordinates": [629224.42, 5220753.52]}, "properties": {"type": "gap", "gap_m": 3.1, "vineyard_id": "V02", "row_id": "V02-R45", "reachable": true, "id": "T0099", "x": 629224.42, "y": 5220753.52, "order": 339, "visited": true}}, {"type": "Feature", "geometry": {"type": "Point", "coordinates": [629206.78, 5220796.87]}, "properties": {"type": "gap", "gap_m": 4.5, "vineyard_id": "V02", "row_id": "V02-R45", "reachable": true, "id": "T0095", "x": 629206.78, "y": 5220796.87, "order": 338, "visited": true}}, {"type": "Feature", "geometry": {"type": "Point", "coordinates": [629197.88, 5220819.21]}, "properties": {"type": "gap", "gap_m": 4.3, "vineyard_id": "V02", "row_id": "V02-R45", "reachable": true, "id": "T0093", "x": 629197.88, "y": 5220819.21, "order": 336, "visited": true}}, {"type": "Feature", "geometry": {"type": "Point", "coordinates": [629192.7, 5220831.69]}, "properties": {"type": "gap", "gap_m": 7.3, "vineyard_id": "V02", "row_id": "V02-R45", "reachable": true, "id": "T0092", "x": 629192.7, "y": 5220831.69, "order": null, "visited": true}}, {"type": "Feature", "geometry": {"type": "Point", "coordinates": [629189.7, 5220838.79]}, "properties": {"type": "gap", "gap_m": 4.4, "vineyard_id": "V02", "row_id": "V02-R45", "reachable": true, "id": "T0091", "x": 629189.7, "y": 5220838.79, "order": 335, "visited": true}}, {"type": "Feature", "geometry": {"type": "Point", "coordinates": [629190.9, 5220829.06]}, "properties": {"type": "gap", "gap_m": 3.2, "vineyard_id": "V02", "row_id": "V02-R46", "reachable": true, "id": "T0101", "x": 629190.9, "y": 5220829.06, "order": null, "visited": true}}, {"type": "Feature", "geometry": {"type": "Point", "coordinates": [629200.82, 5220811.58]}, "properties": {"type": "gap", "gap_m": 3.1, "vineyard_id": "V02", "row_id": "V02-R45", "reachable": true, "id": "T0094", "x": 629200.82, "y": 5220811.58, "order": 337, "visited": true}}, {"type": "Feature", "geometry": {"type": "Point", "coordinates": [629231.61, 5220735.8]}, "properties": {"type": "gap", "gap_m": 6.0, "vineyard_id": "V02", "row_id": "V02-R45", "reachable": true, "id": "T0100", "x": 629231.61, "y": 5220735.8, "order": 329, "visited": true}}, {"type": "Feature", "geometry": {"type": "Point", "coordinates": [629231.82, 5220742.04]}, "properties": {"type": "gap", "gap_m": 10.2, "vineyard_id": "V02", "row_id": "V02-R44", "reachable": true, "id": "T0090", "x": 629231.82, "y": 5220742.04, "order": 330, "visited": true}}, {"type": "Feature", "geometry": {"type": "Point", "coordinates": [629213.13, 5220781.23]}, "properties": {"type": "gap", "gap_m": 4.1, "vineyard_id": "V02", "row_id": "V02-R45", "reachable": true, "id": "T0097", "x": 629213.13, "y": 5220781.23, "order": 331, "visited": true}}, {"type": "Feature", "geometry": {"type": "Point", "coordinates": [629209.14, 5220791.06]}, "properties": {"type": "gap", "gap_m": 4.8, "vineyard_id": "V02", "row_id": "V02-R45", "reachable": true, "id": "T0096", "x": 629209.14, "y": 5220791.06, "order": 332, "visited": true}}, {"type": "Feature", "geometry": {"type": "Point", "coordinates": [629219.83, 5220771.81]}, "properties": {"type": "gap", "gap_m": 6.4, "vineyard_id": "V02", "row_id": "V02-R44", "reachable": true, "id": "T0089", "x": 629219.83, "y": 5220771.81, "order": 333, "visited": true}}, {"type": "Feature", "geometry": {"type": "Point", "coordinates": [629219.46, 5220765.61]}, "properties": {"type": "gap", "gap_m": 3.3, "vineyard_id": "V02", "row_id": "V02-R45", "reachable": true, "id": "T0098", "x": 629219.46, "y": 5220765.61, "order": 334, "visited": true}}, {"type": "Feature", "geometry": {"type": "Point", "coordinates": [629228.91, 5220755.98]}, "properties": {"type": "gap", "gap_m": 4.2, "vineyard_id": "V02", "row_id": "V02-R43", "reachable": true, "id": "T0087", "x": 629228.91, "y": 5220755.98, "order": 328, "visited": true}}, {"type": "Feature", "geometry": {"type": "Point", "coordinates": [629211.8, 5220798.24]}, "properties": {"type": "gap", "gap_m": 3.6, "vineyard_id": "V02", "row_id": "V02-R43", "reachable": true, "id": "T0086", "x": 629211.8, "y": 5220798.24, "order": 327, "visited": true}}, {"type": "Feature", "geometry": {"type": "Point", "coordinates": [629192.24, 5220839.49]}, "properties": {"type": "gap", "gap_m": 6.5, "vineyard_id": "V02", "row_id": "V02-R44", "reachable": true, "id": "T0088", "x": 629192.24, "y": 5220839.49, "order": 326, "visited": true}}, {"type": "Feature", "geometry": {"type": "Point", "coordinates": [629191.3, 5220848.23]}, "properties": {"type": "gap", "gap_m": 6.4, "vineyard_id": "V02", "row_id": "V02-R43", "reachable": true, "id": "T0084", "x": 629191.3, "y": 5220848.23, "order": 322, "visited": true}}, {"type": "Feature", "geometry": {"type": "Point", "coordinates": [629187.36, 5220864.36]}, "properties": {"type": "gap", "gap_m": 4.5, "vineyard_id": "V02", "row_id": "V02-R42", "reachable": true, "id": "T0081", "x": 629187.36, "y": 5220864.36, "order": 319, "visited": true}}, {"type": "Feature", "geometry": {"type": "Point", "coordinates": [629178.07, 5220886.52]}, "properties": {"type": "gap", "gap_m": 3.5, "vineyard_id": "V02", "row_id": "V02-R42", "reachable": true, "id": "T0080", "x": 629178.07, "y": 5220886.52, "order": 320, "visited": true}}, {"type": "Feature", "geometry": {"type": "Point", "coordinates": [629176.59, 5220890.05]}, "properties": {"type": "gap", "gap_m": 3.1, "vineyard_id": "V02", "row_id": "V02-R42", "reachable": true, "id": "T0079", "x": 629176.59, "y": 5220890.05, "order": 321, "visited": true}}, {"type": "Feature", "geometry": {"type": "Point", "coordinates": [629194.4, 5220840.76]}, "properties": {"type": "gap", "gap_m": 5.7, "vineyard_id": "V02", "row_id": "V02-R43", "reachable": true, "id": "T0085", "x": 629194.4, "y": 5220840.76, "order": 325, "visited": true}}, {"type": "Feature", "geometry": {"type": "Point", "coordinates": [629206.32, 5220818.28]}, "properties": {"type": "gap", "gap_m": 4.2, "vineyard_id": "V02", "row_id": "V02-R42", "reachable": true, "id": "T0082", "x": 629206.32, "y": 5220818.28, "order": 324, "visited": true}}, {"type": "Feature", "geometry": {"type": "Point", "coordinates": [629221.28, 5220781.73]}, "properties": {"type": "gap", "gap_m": 5.5, "vineyard_id": "V02", "row_id": "V02-R42", "reachable": true, "id": "T0083", "x": 629221.28, "y": 5220781.73, "order": 323, "visited": true}}, {"type": "Feature", "geometry": {"type": "Point", "coordinates": [629215.59, 5220802.33]}, "properties": {"type": "gap", "gap_m": 3.7, "vineyard_id": "V02", "row_id": "V02-R41", "reachable": true, "id": "T0078", "x": 629215.59, "y": 5220802.33, "order": null, "visited": true}}, {"type": "Feature", "geometry": {"type": "Point", "coordinates": [629226.13, 5220783.01]}, "properties": {"type": "gap", "gap_m": 3.5, "vineyard_id": "V02", "row_id": "V02-R40", "reachable": true, "id": "T0076", "x": 629226.13, "y": 5220783.01, "order": 318, "visited": true}}, {"type": "Feature", "geometry": {"type": "Point", "coordinates": [629229.99, 5220773.49]}, "properties": {"type": "gap", "gap_m": 3.9, "vineyard_id": "V02", "row_id": "V02-R40", "reachable": true, "id": "T0077", "x": 629229.99, "y": 5220773.49, "order": 317, "visited": true}}, {"type": "Feature", "geometry": {"type": "Point", "coordinates": [629270.8, 5220800.89]}, "properties": {"type": "gap", "gap_m": 3.1, "vineyard_id": "V02", "row_id": "V02-R19", "reachable": true, "id": "T0029", "x": 629270.8, "y": 5220800.89, "order": 316, "visited": true}}, {"type": "Feature", "geometry": {"type": "Point", "coordinates": [629214.3, 5220839.2]}, "properties": {"type": "gap", "gap_m": 4.6, "vineyard_id": "V02", "row_id": "V02-R35", "reachable": true, "id": "T0072", "x": 629214.3, "y": 5220839.2, "order": null, "visited": true}}, {"type": "Feature", "geometry": {"type": "Point", "coordinates": [629217.85, 5220837.1]}, "properties": {"type": "gap", "gap_m": 4.0, "vineyard_id": "V02", "row_id": "V02-R34", "reachable": true, "id": "T0069", "x": 629217.85, "y": 5220837.1, "order": 315, "visited": true}}, {"type": "Feature", "geometry": {"type": "Point", "coordinates": [629205.63, 5220866.46]}, "properties": {"type": "gap", "gap_m": 8.4, "vineyard_id": "V02", "row_id": "V02-R34", "reachable": true, "id": "T0067", "x": 629205.63, "y": 5220866.46, "order": 313, "visited": true}}, {"type": "Feature", "geometry": {"type": "Point", "coordinates": [629190.13, 5220903.58]}, "properties": {"type": "gap", "gap_m": 5.3, "vineyard_id": "V02", "row_id": "V02-R34", "reachable": true, "id": "T0065", "x": 629190.13, "y": 5220903.58, "order": 311, "visited": true}}, {"type": "Feature", "geometry": {"type": "Point", "coordinates": [629198.68, 5220883.18]}, "properties": {"type": "gap", "gap_m": 4.9, "vineyard_id": "V02", "row_id": "V02-R34", "reachable": true, "id": "T0066", "x": 629198.68, "y": 5220883.18, "order": 312, "visited": true}}, {"type": "Feature", "geometry": {"type": "Point", "coordinates": [629208.24, 5220860.6]}, "properties": {"type": "gap", "gap_m": 3.0, "vineyard_id": "V02", "row_id": "V02-R34", "reachable": true, "id": "T0068", "x": 629208.24, "y": 5220860.6, "order": 309, "visited": true}}, {"type": "Feature", "geometry": {"type": "Point", "coordinates": [629211.96, 5220858.24]}, "properties": {"type": "gap", "gap_m": 7.2, "vineyard_id": "V02", "row_id": "V02-R33", "reachable": true, "id": "T0064", "x": 629211.96, "y": 5220858.24, "order": 308, "visited": true}}, {"type": "Feature", "geometry": {"type": "Point", "coordinates": [629211.04, 5220867.23]}, "properties": {"type": "gap", "gap_m": 3.3, "vineyard_id": "V02", "row_id": "V02-R32", "reachable": true, "id": "T0053", "x": 629211.04, "y": 5220867.23, "order": null, "visited": true}}, {"type": "Feature", "geometry": {"type": "Point", "coordinates": [629192.95, 5220903.94]}, "properties": {"type": "gap", "gap_m": 6.0, "vineyard_id": "V02", "row_id": "V02-R33", "reachable": true, "id": "T0062", "x": 629192.95, "y": 5220903.94, "order": 310, "visited": true}}, {"type": "Feature", "geometry": {"type": "Point", "coordinates": [629196.18, 5220896.5]}, "properties": {"type": "gap", "gap_m": 8.5, "vineyard_id": "V02", "row_id": "V02-R33", "reachable": true, "id": "T0063", "x": 629196.18, "y": 5220896.5, "order": 307, "visited": true}}, {"type": "Feature", "geometry": {"type": "Point", "coordinates": [629214.88, 5220857.81]}, "properties": {"type": "gap", "gap_m": 4.9, "vineyard_id": "V02", "row_id": "V02-R32", "reachable": true, "id": "T0054", "x": 629214.88, "y": 5220857.81, "order": 306, "visited": true}}, {"type": "Feature", "geometry": {"type": "Point", "coordinates": [629250.04, 5220772.15]}, "properties": {"type": "gap", "gap_m": 3.9, "vineyard_id": "V02", "row_id": "V02-R32", "reachable": true, "id": "T0061", "x": 629250.04, "y": 5220772.15, "order": 303, "visited": true}}, {"type": "Feature", "geometry": {"type": "Point", "coordinates": [629245.67, 5220782.39]}, "properties": {"type": "gap", "gap_m": 3.7, "vineyard_id": "V02", "row_id": "V02-R32", "reachable": true, "id": "T0060", "x": 629245.67, "y": 5220782.39, "order": 304, "visited": true}}, {"type": "Feature", "geometry": {"type": "Point", "coordinates": [629240.72, 5220794.61]}, "properties": {"type": "gap", "gap_m": 5.4, "vineyard_id": "V02", "row_id": "V02-R32", "reachable": true, "id": "T0059", "x": 629240.72, "y": 5220794.61, "order": 302, "visited": true}}, {"type": "Feature", "geometry": {"type": "Point", "coordinates": [629238.44, 5220800.24]}, "properties": {"type": "gap", "gap_m": 4.9, "vineyard_id": "V02", "row_id": "V02-R32", "reachable": true, "id": "T0058", "x": 629238.44, "y": 5220800.24, "order": 301, "visited": true}}, {"type": "Feature", "geometry": {"type": "Point", "coordinates": [629229.8, 5220821.36]}, "properties": {"type": "gap", "gap_m": 5.9, "vineyard_id": "V02", "row_id": "V02-R32", "reachable": true, "id": "T0057", "x": 629229.8, "y": 5220821.36, "order": 300, "visited": true}}, {"type": "Feature", "geometry": {"type": "Point", "coordinates": [629226.27, 5220830.0]}, "properties": {"type": "gap", "gap_m": 4.3, "vineyard_id": "V02", "row_id": "V02-R32", "reachable": true, "id": "T0056", "x": 629226.27, "y": 5220830.0, "order": 299, "visited": true}}, {"type": "Feature", "geometry": {"type": "Point", "coordinates": [629222.05, 5220840.28]}, "properties": {"type": "gap", "gap_m": 4.1, "vineyard_id": "V02", "row_id": "V02-R32", "reachable": true, "id": "T0055", "x": 629222.05, "y": 5220840.28, "order": 305, "visited": true}}, {"type": "Feature", "geometry": {"type": "Point", "coordinates": [629234.41, 5220796.49]}, "properties": {"type": "gap", "gap_m": 4.3, "vineyard_id": "V02", "row_id": "V02-R34", "reachable": true, "id": "T0070", "x": 629234.41, "y": 5220796.49, "order": 314, "visited": true}}, {"type": "Feature", "geometry": {"type": "Point", "coordinates": [629236.08, 5220792.42]}, "properties": {"type": "gap", "gap_m": 3.0, "vineyard_id": "V02", "row_id": "V02-R34", "reachable": true, "id": "T0071", "x": 629236.08, "y": 5220792.42, "order": 298, "visited": true}}, {"type": "Feature", "geometry": {"type": "Point", "coordinates": [629204.0, 5220736.23]}, "properties": {"type": "gap", "gap_m": 3.5, "vineyard_id": "V02", "row_id": "V02-R55", "reachable": true, "id": "T0149", "x": 629204.0, "y": 5220736.23, "order": 297, "visited": true}}, {"type": "Feature", "geometry": {"type": "Point", "coordinates": [629197.15, 5220746.52]}, "properties": {"type": "gap", "gap_m": 5.1, "vineyard_id": "V02", "row_id": "V02-R56", "reachable": true, "id": "T0152", "x": 629197.15, "y": 5220746.52, "order": 296, "visited": true}}, {"type": "Feature", "geometry": {"type": "Point", "coordinates": [629168.04, 5220824.41]}, "properties": {"type": "gap", "gap_m": 3.7, "vineyard_id": "V02", "row_id": "V02-R55", "reachable": true, "id": "T0148", "x": 629168.04, "y": 5220824.41, "order": 295, "visited": true}}, {"type": "Feature", "geometry": {"type": "Point", "coordinates": [629160.92, 5220848.26]}, "properties": {"type": "gap", "gap_m": 16.1, "vineyard_id": "V02", "row_id": "V02-R54", "reachable": true, "id": "T0143", "x": 629160.92, "y": 5220848.26, "order": 294, "visited": true}}, {"type": "Feature", "geometry": {"type": "Point", "coordinates": [629152.51, 5220861.5]}, "properties": {"type": "gap", "gap_m": 7.4, "vineyard_id": "V02", "row_id": "V02-R55", "reachable": true, "id": "T0146", "x": 629152.51, "y": 5220861.5, "order": 293, "visited": true}}, {"type": "Feature", "geometry": {"type": "Point", "coordinates": [629145.65, 5220877.74]}, "properties": {"type": "gap", "gap_m": 3.4, "vineyard_id": "V02", "row_id": "V02-R55", "reachable": true, "id": "T0144", "x": 629145.65, "y": 5220877.74, "order": 291, "visited": true}}, {"type": "Feature", "geometry": {"type": "Point", "coordinates": [629148.78, 5220870.6]}, "properties": {"type": "gap", "gap_m": 11.2, "vineyard_id": "V02", "row_id": "V02-R55", "reachable": true, "id": "T0145", "x": 629148.78, "y": 5220870.6, "order": 292, "visited": true}}, {"type": "Feature", "geometry": {"type": "Point", "coordinates": [629161.8, 5220839.32]}, "properties": {"type": "gap", "gap_m": 3.5, "vineyard_id": "V02", "row_id": "V02-R55", "reachable": true, "id": "T0147", "x": 629161.8, "y": 5220839.32, "order": 290, "visited": true}}, {"type": "Feature", "geometry": {"type": "Point", "coordinates": [629163.93, 5220827.82]}, "properties": {"type": "gap", "gap_m": 5.6, "vineyard_id": "V02", "row_id": "V02-R56", "reachable": true, "id": "T0151", "x": 629163.93, "y": 5220827.82, "order": 289, "visited": true}}, {"type": "Feature", "geometry": {"type": "Point", "coordinates": [629163.34, 5220822.85]}, "properties": {"type": "gap", "gap_m": 4.6, "vineyard_id": "V02", "row_id": "V02-R57", "reachable": true, "id": "T0156", "x": 629163.34, "y": 5220822.85, "order": 288, "visited": true}}, {"type": "Feature", "geometry": {"type": "Point", "coordinates": [629191.52, 5220753.71]}, "properties": {"type": "gap", "gap_m": 3.2, "vineyard_id": "V02", "row_id": "V02-R57", "reachable": true, "id": "T0160", "x": 629191.52, "y": 5220753.71, "order": 287, "visited": true}}, {"type": "Feature", "geometry": {"type": "Point", "coordinates": [629187.73, 5220763.24]}, "properties": {"type": "gap", "gap_m": 3.9, "vineyard_id": "V02", "row_id": "V02-R57", "reachable": true, "id": "T0159", "x": 629187.73, "y": 5220763.24, "order": 286, "visited": true}}, {"type": "Feature", "geometry": {"type": "Point", "coordinates": [629180.55, 5220780.81]}, "properties": {"type": "gap", "gap_m": 4.1, "vineyard_id": "V02", "row_id": "V02-R57", "reachable": true, "id": "T0158", "x": 629180.55, "y": 5220780.81, "order": 285, "visited": true}}, {"type": "Feature", "geometry": {"type": "Point", "coordinates": [629165.48, 5220817.73]}, "properties": {"type": "gap", "gap_m": 4.9, "vineyard_id": "V02", "row_id": "V02-R57", "reachable": true, "id": "T0157", "x": 629165.48, "y": 5220817.73, "order": 284, "visited": true}}, {"type": "Feature", "geometry": {"type": "Point", "coordinates": [629157.92, 5220835.85]}, "properties": {"type": "gap", "gap_m": 3.1, "vineyard_id": "V02", "row_id": "V02-R57", "reachable": true, "id": "T0155", "x": 629157.92, "y": 5220835.85, "order": 283, "visited": true}}, {"type": "Feature", "geometry": {"type": "Point", "coordinates": [629145.37, 5220865.22]}, "properties": {"type": "gap", "gap_m": 4.6, "vineyard_id": "V02", "row_id": "V02-R57", "reachable": true, "id": "T0154", "x": 629145.37, "y": 5220865.22, "order": 282, "visited": true}}, {"type": "Feature", "geometry": {"type": "Point", "coordinates": [629143.02, 5220870.75]}, "properties": {"type": "gap", "gap_m": 6.4, "vineyard_id": "V02", "row_id": "V02-R57", "reachable": true, "id": "T0153", "x": 629143.02, "y": 5220870.75, "order": 281, "visited": true}}, {"type": "Feature", "geometry": {"type": "Point", "coordinates": [629137.02, 5220865.49]}, "properties": {"type": "gap", "gap_m": 4.4, "vineyard_id": "V02", "row_id": "V02-R61", "reachable": true, "id": "T0163", "x": 629137.02, "y": 5220865.49, "order": null, "visited": true}}, {"type": "Feature", "geometry": {"type": "Point", "coordinates": [629135.61, 5220862.53]}, "properties": {"type": "gap", "gap_m": 3.3, "vineyard_id": "V02", "row_id": "V02-R62", "reachable": true, "id": "T0170", "x": 629135.61, "y": 5220862.53, "order": null, "visited": true}}, {"type": "Feature", "geometry": {"type": "Point", "coordinates": [629139.47, 5220860.44]}, "properties": {"type": "gap", "gap_m": 4.1, "vineyard_id": "V02", "row_id": "V02-R61", "reachable": true, "id": "T0164", "x": 629139.47, "y": 5220860.44, "order": 280, "visited": true}}, {"type": "Feature", "geometry": {"type": "Point", "coordinates": [629143.03, 5220851.86]}, "properties": {"type": "gap", "gap_m": 9.0, "vineyard_id": "V02", "row_id": "V02-R61", "reachable": true, "id": "T0165", "x": 629143.03, "y": 5220851.86, "order": 279, "visited": true}}, {"type": "Feature", "geometry": {"type": "Point", "coordinates": [629142.47, 5220846.39]}, "properties": {"type": "gap", "gap_m": 4.5, "vineyard_id": "V02", "row_id": "V02-R62", "reachable": true, "id": "T0171", "x": 629142.47, "y": 5220846.39, "order": 278, "visited": true}}, {"type": "Feature", "geometry": {"type": "Point", "coordinates": [629148.1, 5220833.11]}, "properties": {"type": "gap", "gap_m": 9.8, "vineyard_id": "V02", "row_id": "V02-R62", "reachable": true, "id": "T0172", "x": 629148.1, "y": 5220833.11, "order": 277, "visited": true}}, {"type": "Feature", "geometry": {"type": "Point", "coordinates": [629150.42, 5220834.0]}, "properties": {"type": "gap", "gap_m": 3.3, "vineyard_id": "V02", "row_id": "V02-R61", "reachable": true, "id": "T0166", "x": 629150.42, "y": 5220834.0, "order": 276, "visited": true}}, {"type": "Feature", "geometry": {"type": "Point", "coordinates": [629172.6, 5220773.14]}, "properties": {"type": "gap", "gap_m": 3.8, "vineyard_id": "V02", "row_id": "V02-R62", "reachable": true, "id": "T0173", "x": 629172.6, "y": 5220773.14, "order": 275, "visited": true}}, {"type": "Feature", "geometry": {"type": "Point", "coordinates": [629178.53, 5220765.45]}, "properties": {"type": "gap", "gap_m": 3.5, "vineyard_id": "V02", "row_id": "V02-R61", "reachable": true, "id": "T0169", "x": 629178.53, "y": 5220765.45, "order": 274, "visited": true}}, {"type": "Feature", "geometry": {"type": "Point", "coordinates": [629180.61, 5220753.87]}, "properties": {"type": "gap", "gap_m": 3.1, "vineyard_id": "V02", "row_id": "V02-R62", "reachable": true, "id": "T0174", "x": 629180.61, "y": 5220753.87, "order": 273, "visited": true}}, {"type": "Feature", "geometry": {"type": "Point", "coordinates": [629190.81, 5220728.95]}, "properties": {"type": "gap", "gap_m": 4.4, "vineyard_id": "V02", "row_id": "V02-R62", "reachable": true, "id": "T0175", "x": 629190.81, "y": 5220728.95, "order": 272, "visited": true}}, {"type": "Feature", "geometry": {"type": "Point", "coordinates": [629193.62, 5220722.09]}, "properties": {"type": "gap", "gap_m": 3.6, "vineyard_id": "V02", "row_id": "V02-R62", "reachable": true, "id": "T0176", "x": 629193.62, "y": 5220722.09, "order": 271, "visited": true}}, {"type": "Feature", "geometry": {"type": "Point", "coordinates": [629172.16, 5220767.48]}, "properties": {"type": "gap", "gap_m": 3.7, "vineyard_id": "V02", "row_id": "V02-R63", "reachable": true, "id": "T0178", "x": 629172.16, "y": 5220767.48, "order": 270, "visited": true}}, {"type": "Feature", "geometry": {"type": "Point", "coordinates": [629180.38, 5220747.6]}, "properties": {"type": "gap", "gap_m": 5.0, "vineyard_id": "V02", "row_id": "V02-R63", "reachable": true, "id": "T0179", "x": 629180.38, "y": 5220747.6, "order": 269, "visited": true}}, {"type": "Feature", "geometry": {"type": "Point", "coordinates": [629178.13, 5220732.96]}, "properties": {"type": "gap", "gap_m": 3.6, "vineyard_id": "V02", "row_id": "V02-R66", "reachable": true, "id": "T0190", "x": 629178.13, "y": 5220732.96, "order": 268, "visited": true}}, {"type": "Feature", "geometry": {"type": "Point", "coordinates": [629169.22, 5220747.54]}, "properties": {"type": "gap", "gap_m": 4.3, "vineyard_id": "V02", "row_id": "V02-R68", "reachable": true, "id": "T0194", "x": 629169.22, "y": 5220747.54, "order": 267, "visited": true}}, {"type": "Feature", "geometry": {"type": "Point", "coordinates": [629164.79, 5220765.78]}, "properties": {"type": "gap", "gap_m": 3.5, "vineyard_id": "V02", "row_id": "V02-R66", "reachable": true, "id": "T0189", "x": 629164.79, "y": 5220765.78, "order": 266, "visited": true}}, {"type": "Feature", "geometry": {"type": "Point", "coordinates": [629152.47, 5220788.49]}, "properties": {"type": "gap", "gap_m": 3.0, "vineyard_id": "V02", "row_id": "V02-R68", "reachable": true, "id": "T0193", "x": 629152.47, "y": 5220788.49, "order": 265, "visited": true}}, {"type": "Feature", "geometry": {"type": "Point", "coordinates": [629136.28, 5220841.06]}, "properties": {"type": "gap", "gap_m": 6.1, "vineyard_id": "V02", "row_id": "V02-R65", "reachable": true, "id": "T0185", "x": 629136.28, "y": 5220841.06, "order": 264, "visited": true}}, {"type": "Feature", "geometry": {"type": "Point", "coordinates": [629134.01, 5220846.54]}, "properties": {"type": "gap", "gap_m": 4.3, "vineyard_id": "V02", "row_id": "V02-R65", "reachable": true, "id": "T0184", "x": 629134.01, "y": 5220846.54, "order": 263, "visited": true}}, {"type": "Feature", "geometry": {"type": "Point", "coordinates": [629127.19, 5220862.95]}, "properties": {"type": "gap", "gap_m": 3.3, "vineyard_id": "V02", "row_id": "V02-R65", "reachable": true, "id": "T0183", "x": 629127.19, "y": 5220862.95, "order": 262, "visited": true}}, {"type": "Feature", "geometry": {"type": "Point", "coordinates": [629128.86, 5220852.39]}, "properties": {"type": "gap", "gap_m": 3.5, "vineyard_id": "V02", "row_id": "V02-R66", "reachable": true, "id": "T0188", "x": 629128.86, "y": 5220852.39, "order": 261, "visited": true}}, {"type": "Feature", "geometry": {"type": "Point", "coordinates": [629122.49, 5220860.96]}, "properties": {"type": "gap", "gap_m": 3.1, "vineyard_id": "V02", "row_id": "V02-R68", "reachable": true, "id": "T0191", "x": 629122.49, "y": 5220860.96, "order": 260, "visited": true}}, {"type": "Feature", "geometry": {"type": "Point", "coordinates": [629116.98, 5220867.66]}, "properties": {"type": "gap", "gap_m": 4.7, "vineyard_id": "V02", "row_id": "V02-R69", "reachable": true, "id": "T0195", "x": 629116.98, "y": 5220867.66, "order": 254, "visited": true}}, {"type": "Feature", "geometry": {"type": "Point", "coordinates": [629117.51, 5220859.55]}, "properties": {"type": "gap", "gap_m": 4.0, "vineyard_id": "V02", "row_id": "V02-R70", "reachable": true, "id": "T0202", "x": 629117.51, "y": 5220859.55, "order": 253, "visited": true}}, {"type": "Feature", "geometry": {"type": "Point", "coordinates": [629121.11, 5220857.54]}, "properties": {"type": "gap", "gap_m": 5.1, "vineyard_id": "V02", "row_id": "V02-R69", "reachable": true, "id": "T0196", "x": 629121.11, "y": 5220857.54, "order": 252, "visited": true}}, {"type": "Feature", "geometry": {"type": "Point", "coordinates": [629124.76, 5220848.82]}, "properties": {"type": "gap", "gap_m": 4.5, "vineyard_id": "V02", "row_id": "V02-R69", "reachable": true, "id": "T0197", "x": 629124.76, "y": 5220848.82, "order": 255, "visited": true}}, {"type": "Feature", "geometry": {"type": "Point", "coordinates": [629133.54, 5220834.38]}, "properties": {"type": "gap", "gap_m": 5.4, "vineyard_id": "V02", "row_id": "V02-R68", "reachable": true, "id": "T0192", "x": 629133.54, "y": 5220834.38, "order": 259, "visited": true}}, {"type": "Feature", "geometry": {"type": "Point", "coordinates": [629141.99, 5220807.2]}, "properties": {"type": "gap", "gap_m": 3.5, "vineyard_id": "V02", "row_id": "V02-R69", "reachable": true, "id": "T0198", "x": 629141.99, "y": 5220807.2, "order": 258, "visited": true}}, {"type": "Feature", "geometry": {"type": "Point", "coordinates": [629145.98, 5220797.7]}, "properties": {"type": "gap", "gap_m": 4.1, "vineyard_id": "V02", "row_id": "V02-R69", "reachable": true, "id": "T0199", "x": 629145.98, "y": 5220797.7, "order": 256, "visited": true}}, {"type": "Feature", "geometry": {"type": "Point", "coordinates": [629145.36, 5220792.81]}, "properties": {"type": "gap", "gap_m": 3.1, "vineyard_id": "V02", "row_id": "V02-R70", "reachable": true, "id": "T0203", "x": 629145.36, "y": 5220792.81, "order": 250, "visited": true}}, {"type": "Feature", "geometry": {"type": "Point", "coordinates": [629153.66, 5220772.3]}, "properties": {"type": "gap", "gap_m": 3.6, "vineyard_id": "V02", "row_id": "V02-R70", "reachable": true, "id": "T0204", "x": 629153.66, "y": 5220772.3, "order": 257, "visited": true}}, {"type": "Feature", "geometry": {"type": "Point", "coordinates": [629154.05, 5220764.57]}, "properties": {"type": "gap", "gap_m": 3.4, "vineyard_id": "V02", "row_id": "V02-R71", "reachable": true, "id": "T0207", "x": 629154.05, "y": 5220764.57, "order": 251, "visited": true}}, {"type": "Feature", "geometry": {"type": "Point", "coordinates": [629134.38, 5220812.79]}, "properties": {"type": "gap", "gap_m": 3.5, "vineyard_id": "V02", "row_id": "V02-R71", "reachable": true, "id": "T0205", "x": 629134.38, "y": 5220812.79, "order": 249, "visited": true}}, {"type": "Feature", "geometry": {"type": "Point", "coordinates": [629162.37, 5220744.38]}, "properties": {"type": "gap", "gap_m": 3.5, "vineyard_id": "V02", "row_id": "V02-R71", "reachable": true, "id": "T0208", "x": 629162.37, "y": 5220744.38, "order": 248, "visited": true}}, {"type": "Feature", "geometry": {"type": "Point", "coordinates": [629168.05, 5220730.49]}, "properties": {"type": "gap", "gap_m": 4.9, "vineyard_id": "V02", "row_id": "V02-R71", "reachable": true, "id": "T0209", "x": 629168.05, "y": 5220730.49, "order": 247, "visited": true}}, {"type": "Feature", "geometry": {"type": "Point", "coordinates": [629149.5, 5220768.91]}, "properties": {"type": "gap", "gap_m": 4.5, "vineyard_id": "V02", "row_id": "V02-R72", "reachable": true, "id": "T0213", "x": 629149.5, "y": 5220768.91, "order": 246, "visited": true}}, {"type": "Feature", "geometry": {"type": "Point", "coordinates": [629147.45, 5220773.81]}, "properties": {"type": "gap", "gap_m": 3.4, "vineyard_id": "V02", "row_id": "V02-R72", "reachable": true, "id": "T0212", "x": 629147.45, "y": 5220773.81, "order": 245, "visited": true}}, {"type": "Feature", "geometry": {"type": "Point", "coordinates": [629139.99, 5220798.9]}, "properties": {"type": "gap", "gap_m": 3.1, "vineyard_id": "V02", "row_id": "V02-R71", "reachable": true, "id": "T0206", "x": 629139.99, "y": 5220798.9, "order": 244, "visited": true}}, {"type": "Feature", "geometry": {"type": "Point", "coordinates": [629124.65, 5220828.81]}, "properties": {"type": "gap", "gap_m": 3.6, "vineyard_id": "V02", "row_id": "V02-R72", "reachable": true, "id": "T0210", "x": 629124.65, "y": 5220828.81, "order": 243, "visited": true}}, {"type": "Feature", "geometry": {"type": "Point", "coordinates": [629137.8, 5220797.35]}, "properties": {"type": "gap", "gap_m": 3.7, "vineyard_id": "V02", "row_id": "V02-R72", "reachable": true, "id": "T0211", "x": 629137.8, "y": 5220797.35, "order": 242, "visited": true}}, {"type": "Feature", "geometry": {"type": "Point", "coordinates": [629139.29, 5220787.0]}, "properties": {"type": "gap", "gap_m": 9.8, "vineyard_id": "V02", "row_id": "V02-R73", "reachable": true, "id": "T0215", "x": 629139.29, "y": 5220787.0, "order": 241, "visited": true}}, {"type": "Feature", "geometry": {"type": "Point", "coordinates": [629147.28, 5220767.82]}, "properties": {"type": "gap", "gap_m": 3.6, "vineyard_id": "V02", "row_id": "V02-R73", "reachable": true, "id": "T0216", "x": 629147.28, "y": 5220767.82, "order": 240, "visited": true}}, {"type": "Feature", "geometry": {"type": "Point", "coordinates": [629161.42, 5220732.87]}, "properties": {"type": "gap", "gap_m": 3.6, "vineyard_id": "V02", "row_id": "V02-R73", "reachable": true, "id": "T0217", "x": 629161.42, "y": 5220732.87, "order": null, "visited": true}}, {"type": "Feature", "geometry": {"type": "Point", "coordinates": [629168.89, 5220721.5]}, "properties": {"type": "gap", "gap_m": 3.6, "vineyard_id": "V02", "row_id": "V02-R72", "reachable": true, "id": "T0214", "x": 629168.89, "y": 5220721.5, "order": 239, "visited": true}}, {"type": "Feature", "geometry": {"type": "Point", "coordinates": [629129.95, 5220803.17]}, "properties": {"type": "gap", "gap_m": 9.4, "vineyard_id": "V02", "row_id": "V02-R74", "reachable": true, "id": "T0218", "x": 629129.95, "y": 5220803.17, "order": 238, "visited": true}}, {"type": "Feature", "geometry": {"type": "Point", "coordinates": [629113.28, 5220792.75]}, "properties": {"type": "gap", "gap_m": 15.1, "vineyard_id": "V04", "row_id": "V04-R01", "reachable": true, "id": "T0222", "x": 629113.28, "y": 5220792.75, "order": 237, "visited": true}}, {"type": "Feature", "geometry": {"type": "Point", "coordinates": [629127.93, 5220771.71]}, "properties": {"type": "gap", "gap_m": 13.5, "vineyard_id": "V04", "row_id": "V04-R01", "reachable": true, "id": "T0223", "x": 629127.93, "y": 5220771.71, "order": 236, "visited": true}}, {"type": "Feature", "geometry": {"type": "Point", "coordinates": [629109.62, 5220793.02]}, "properties": {"type": "gap", "gap_m": 12.1, "vineyard_id": "V04", "row_id": "V04-R02", "reachable": true, "id": "T0224", "x": 629109.62, "y": 5220793.02, "order": 235, "visited": true}}, {"type": "Feature", "geometry": {"type": "Point", "coordinates": [629129.7, 5220763.02]}, "properties": {"type": "gap", "gap_m": 24.1, "vineyard_id": "V04", "row_id": "V04-R02", "reachable": true, "id": "T0225", "x": 629129.7, "y": 5220763.02, "order": 234, "visited": true}}, {"type": "Feature", "geometry": {"type": "Point", "coordinates": [629139.79, 5220741.7]}, "properties": {"type": "gap", "gap_m": 11.9, "vineyard_id": "V04", "row_id": "V04-R04", "reachable": true, "id": "T0226", "x": 629139.79, "y": 5220741.7, "order": 233, "visited": true}}, {"type": "Feature", "geometry": {"type": "Point", "coordinates": [629103.24, 5220786.85]}, "properties": {"type": "gap", "gap_m": 4.5, "vineyard_id": "V04", "row_id": "V04-R07", "reachable": true, "id": "T0228", "x": 629103.24, "y": 5220786.85, "order": 232, "visited": true}}, {"type": "Feature", "geometry": {"type": "Point", "coordinates": [629107.91, 5220774.6]}, "properties": {"type": "gap", "gap_m": 3.9, "vineyard_id": "V04", "row_id": "V04-R09", "reachable": true, "id": "T0231", "x": 629107.91, "y": 5220774.6, "order": null, "visited": true}}, {"type": "Feature", "geometry": {"type": "Point", "coordinates": [629116.44, 5220767.54]}, "properties": {"type": "gap", "gap_m": 3.0, "vineyard_id": "V04", "row_id": "V04-R07", "reachable": true, "id": "T0229", "x": 629116.44, "y": 5220767.54, "order": 231, "visited": true}}, {"type": "Feature", "geometry": {"type": "Point", "coordinates": [629101.01, 5220784.77]}, "properties": {"type": "gap", "gap_m": 5.1, "vineyard_id": "V04", "row_id": "V04-R09", "reachable": true, "id": "T0230", "x": 629101.01, "y": 5220784.77, "order": 230, "visited": true}}, {"type": "Feature", "geometry": {"type": "Point", "coordinates": [629098.19, 5220770.56]}, "properties": {"type": "gap", "gap_m": 10.4, "vineyard_id": "V04", "row_id": "V04-R14", "reachable": true, "id": "T0238", "x": 629098.19, "y": 5220770.56, "order": 228, "visited": true}}, {"type": "Feature", "geometry": {"type": "Point", "coordinates": [629101.5, 5220770.5]}, "properties": {"type": "gap", "gap_m": 10.7, "vineyard_id": "V04", "row_id": "V04-R13", "reachable": true, "id": "T0235", "x": 629101.5, "y": 5220770.5, "order": 227, "visited": true}}, {"type": "Feature", "geometry": {"type": "Point", "coordinates": [629095.54, 5220785.12]}, "properties": {"type": "gap", "gap_m": 4.8, "vineyard_id": "V04", "row_id": "V04-R13", "reachable": true, "id": "T0234", "x": 629095.54, "y": 5220785.12, "order": 229, "visited": true}}, {"type": "Feature", "geometry": {"type": "Point", "coordinates": [629143.74, 5220686.77]}, "properties": {"type": "gap", "gap_m": 6.0, "vineyard_id": "V04", "row_id": "V04-R18", "reachable": true, "id": "T0239", "x": 629143.74, "y": 5220686.77, "order": 226, "visited": true}}, {"type": "Feature", "geometry": {"type": "Point", "coordinates": [629097.9, 5220662.8]}, "properties": {"type": "gap", "gap_m": 5.4, "vineyard_id": "V04", "row_id": "V04-R35", "reachable": true, "id": "T0251", "x": 629097.9, "y": 5220662.8, "order": 225, "visited": true}}, {"type": "Feature", "geometry": {"type": "Point", "coordinates": [629021.16, 5220725.02]}, "properties": {"type": "gap", "gap_m": 6.4, "vineyard_id": "V04", "row_id": "V04-R46", "reachable": true, "id": "T0256", "x": 629021.16, "y": 5220725.02, "order": 224, "visited": true}}, {"type": "Feature", "geometry": {"type": "Point", "coordinates": [629032.15, 5220708.82]}, "properties": {"type": "gap", "gap_m": 4.2, "vineyard_id": "V04", "row_id": "V04-R46", "reachable": true, "id": "T0257", "x": 629032.15, "y": 5220708.82, "order": 223, "visited": true}}, {"type": "Feature", "geometry": {"type": "Point", "coordinates": [629019.47, 5220722.3]}, "properties": {"type": "gap", "gap_m": 3.1, "vineyard_id": "V04", "row_id": "V04-R47", "reachable": true, "id": "T0262", "x": 629019.47, "y": 5220722.3, "order": 221, "visited": true}}, {"type": "Feature", "geometry": {"type": "Point", "coordinates": [629048.97, 5220677.43]}, "properties": {"type": "gap", "gap_m": 4.3, "vineyard_id": "V04", "row_id": "V04-R47", "reachable": true, "id": "T0264", "x": 629048.97, "y": 5220677.43, "order": 220, "visited": true}}, {"type": "Feature", "geometry": {"type": "Point", "coordinates": [629041.25, 5220688.94]}, "properties": {"type": "gap", "gap_m": 3.4, "vineyard_id": "V04", "row_id": "V04-R47", "reachable": true, "id": "T0263", "x": 629041.25, "y": 5220688.94, "order": 222, "visited": true}}, {"type": "Feature", "geometry": {"type": "Point", "coordinates": [629010.15, 5220720.03]}, "properties": {"type": "gap", "gap_m": 7.3, "vineyard_id": "V04", "row_id": "V04-R50", "reachable": true, "id": "T0267", "x": 629010.15, "y": 5220720.03, "order": 218, "visited": true}}, {"type": "Feature", "geometry": {"type": "Point", "coordinates": [629034.75, 5220693.78]}, "properties": {"type": "gap", "gap_m": 4.6, "vineyard_id": "V04", "row_id": "V04-R48", "reachable": true, "id": "T0265", "x": 629034.75, "y": 5220693.78, "order": 219, "visited": true}}, {"type": "Feature", "geometry": {"type": "Point", "coordinates": [629101.19, 5220663.99]}, "properties": {"type": "gap", "gap_m": 5.2, "vineyard_id": "V04", "row_id": "V04-R34", "reachable": true, "id": "T0250", "x": 629101.19, "y": 5220663.99, "order": 217, "visited": true}}, {"type": "Feature", "geometry": {"type": "Point", "coordinates": [629481.2, 5220534.3]}, "properties": {"type": "gap", "gap_m": 30.8, "vineyard_id": "V08", "row_id": "V08-R12", "reachable": true, "id": "T0309", "x": 629481.2, "y": 5220534.3, "order": 216, "visited": true}}, {"type": "Feature", "geometry": {"type": "Point", "coordinates": [629479.3, 5220531.57]}, "properties": {"type": "gap", "gap_m": 25.8, "vineyard_id": "V08", "row_id": "V08-R13", "reachable": true, "id": "T0311", "x": 629479.3, "y": 5220531.57, "order": 215, "visited": true}}, {"type": "Feature", "geometry": {"type": "Point", "coordinates": [629481.43, 5220527.65]}, "properties": {"type": "gap", "gap_m": 13.6, "vineyard_id": "V08", "row_id": "V08-R15", "reachable": true, "id": "T0313", "x": 629481.43, "y": 5220527.65, "order": 214, "visited": true}}, {"type": "Feature", "geometry": {"type": "Point", "coordinates": [629479.26, 5220529.31]}, "properties": {"type": "gap", "gap_m": 27.2, "vineyard_id": "V08", "row_id": "V08-R14", "reachable": true, "id": "T0312", "x": 629479.26, "y": 5220529.31, "order": 213, "visited": true}}, {"type": "Feature", "geometry": {"type": "Point", "coordinates": [629471.02, 5220525.04]}, "properties": {"type": "gap", "gap_m": 7.0, "vineyard_id": "V08", "row_id": "V08-R15", "reachable": true, "id": "T0314", "x": 629471.02, "y": 5220525.04, "order": 212, "visited": true}}, {"type": "Feature", "geometry": {"type": "Point", "coordinates": [629476.77, 5220508.51]}, "properties": {"type": "gap", "gap_m": 8.0, "vineyard_id": "V10", "row_id": "V10-R03", "reachable": true, "id": "T0355", "x": 629476.77, "y": 5220508.51, "order": 211, "visited": true}}, {"type": "Feature", "geometry": {"type": "Point", "coordinates": [629487.96, 5220511.37]}, "properties": {"type": "gap", "gap_m": 14.1, "vineyard_id": "V10", "row_id": "V10-R03", "reachable": true, "id": "T0354", "x": 629487.96, "y": 5220511.37, "order": 209, "visited": true}}, {"type": "Feature", "geometry": {"type": "Point", "coordinates": [629480.64, 5220511.78]}, "properties": {"type": "gap", "gap_m": 3.9, "vineyard_id": "V10", "row_id": "V10-R02", "reachable": true, "id": "T0353", "x": 629480.64, "y": 5220511.78, "order": 210, "visited": true}}, {"type": "Feature", "geometry": {"type": "Point", "coordinates": [629653.86, 5220274.54]}, "properties": {"type": "gap", "gap_m": 3.8, "vineyard_id": "V12", "row_id": "V12-R02", "reachable": true, "id": "T0357", "x": 629653.86, "y": 5220274.54, "order": 204, "visited": true}}, {"type": "Feature", "geometry": {"type": "Point", "coordinates": [629666.81, 5220252.98]}, "properties": {"type": "gap", "gap_m": 3.4, "vineyard_id": "V12", "row_id": "V12-R03", "reachable": true, "id": "T0362", "x": 629666.81, "y": 5220252.98, "order": 206, "visited": true}}, {"type": "Feature", "geometry": {"type": "Point", "coordinates": [629661.13, 5220265.11]}, "properties": {"type": "gap", "gap_m": 4.4, "vineyard_id": "V12", "row_id": "V12-R02", "reachable": true, "id": "T0359", "x": 629661.13, "y": 5220265.11, "order": 208, "visited": true}}, {"type": "Feature", "geometry": {"type": "Point", "coordinates": [629656.79, 5220270.73]}, "properties": {"type": "gap", "gap_m": 3.3, "vineyard_id": "V12", "row_id": "V12-R02", "reachable": true, "id": "T0358", "x": 629656.79, "y": 5220270.73, "order": 205, "visited": true}}, {"type": "Feature", "geometry": {"type": "Point", "coordinates": [629652.04, 5220272.11]}, "properties": {"type": "gap", "gap_m": 3.6, "vineyard_id": "V12", "row_id": "V12-R03", "reachable": true, "id": "T0360", "x": 629652.04, "y": 5220272.11, "order": 207, "visited": true}}, {"type": "Feature", "geometry": {"type": "Point", "coordinates": [629639.79, 5220279.32]}, "properties": {"type": "gap", "gap_m": 4.1, "vineyard_id": "V12", "row_id": "V12-R05", "reachable": true, "id": "T0366", "x": 629639.79, "y": 5220279.32, "order": 203, "visited": true}}, {"type": "Feature", "geometry": {"type": "Point", "coordinates": [629658.91, 5220254.33]}, "properties": {"type": "gap", "gap_m": 4.4, "vineyard_id": "V12", "row_id": "V12-R05", "reachable": true, "id": "T0367", "x": 629658.91, "y": 5220254.33, "order": 202, "visited": true}}, {"type": "Feature", "geometry": {"type": "Point", "coordinates": [629644.12, 5220264.38]}, "properties": {"type": "gap", "gap_m": 3.9, "vineyard_id": "V12", "row_id": "V12-R07", "reachable": true, "id": "T0368", "x": 629644.12, "y": 5220264.38, "order": 201, "visited": true}}, {"type": "Feature", "geometry": {"type": "Point", "coordinates": [629662.39, 5220258.76]}, "properties": {"type": "gap", "gap_m": 3.2, "vineyard_id": "V12", "row_id": "V12-R03", "reachable": true, "id": "T0361", "x": 629662.39, "y": 5220258.76, "order": 200, "visited": true}}, {"type": "Feature", "geometry": {"type": "Point", "coordinates": [629671.2, 5220247.31]}, "properties": {"type": "gap", "gap_m": 3.3, "vineyard_id": "V12", "row_id": "V12-R03", "reachable": true, "id": "T0363", "x": 629671.2, "y": 5220247.31, "order": 199, "visited": true}}, {"type": "Feature", "geometry": {"type": "Point", "coordinates": [629675.26, 5220237.6]}, "properties": {"type": "gap", "gap_m": 3.3, "vineyard_id": "V12", "row_id": "V12-R04", "reachable": true, "id": "T0365", "x": 629675.26, "y": 5220237.6, "order": 198, "visited": true}}, {"type": "Feature", "geometry": {"type": "Point", "coordinates": [629680.37, 5220235.43]}, "properties": {"type": "gap", "gap_m": 3.0, "vineyard_id": "V12", "row_id": "V12-R03", "reachable": true, "id": "T0364", "x": 629680.37, "y": 5220235.43, "order": 197, "visited": true}}, {"type": "Feature", "geometry": {"type": "Point", "coordinates": [629735.66, 5220154.55]}, "properties": {"type": "gap", "gap_m": 6.5, "vineyard_id": "V14", "row_id": "V14-R06", "reachable": true, "id": "T0459", "x": 629735.66, "y": 5220154.55, "order": 196, "visited": true}}, {"type": "Feature", "geometry": {"type": "Point", "coordinates": [629750.2, 5220161.93]}, "properties": {"type": "gap", "gap_m": 5.6, "vineyard_id": "V14", "row_id": "V14-R01", "reachable": true, "id": "T0457", "x": 629750.2, "y": 5220161.93, "order": 195, "visited": true}}, {"type": "Feature", "geometry": {"type": "Point", "coordinates": [629746.16, 5220117.76]}, "properties": {"type": "gap", "gap_m": 3.9, "vineyard_id": "V14", "row_id": "V14-R11", "reachable": true, "id": "T0462", "x": 629746.16, "y": 5220117.76, "order": 194, "visited": true}}, {"type": "Feature", "geometry": {"type": "Point", "coordinates": [629748.47, 5220119.41]}, "properties": {"type": "gap", "gap_m": 5.3, "vineyard_id": "V14", "row_id": "V14-R10", "reachable": true, "id": "T0461", "x": 629748.47, "y": 5220119.41, "order": 193, "visited": true}}, {"type": "Feature", "geometry": {"type": "Point", "coordinates": [629704.03, 5220154.41]}, "properties": {"type": "gap", "gap_m": 3.3, "vineyard_id": "V14", "row_id": "V14-R15", "reachable": true, "id": "T0463", "x": 629704.03, "y": 5220154.41, "order": null, "visited": true}}, {"type": "Feature", "geometry": {"type": "Point", "coordinates": [629725.91, 5220120.91]}, "properties": {"type": "gap", "gap_m": 3.9, "vineyard_id": "V14", "row_id": "V14-R16", "reachable": true, "id": "T0466", "x": 629725.91, "y": 5220120.91, "order": 192, "visited": true}}, {"type": "Feature", "geometry": {"type": "Point", "coordinates": [629720.86, 5220123.22]}, "properties": {"type": "gap", "gap_m": 4.2, "vineyard_id": "V14", "row_id": "V14-R17", "reachable": true, "id": "T0472", "x": 629720.86, "y": 5220123.22, "order": null, "visited": true}}, {"type": "Feature", "geometry": {"type": "Point", "coordinates": [629717.99, 5220126.95]}, "properties": {"type": "gap", "gap_m": 3.6, "vineyard_id": "V14", "row_id": "V14-R17", "reachable": true, "id": "T0471", "x": 629717.99, "y": 5220126.95, "order": 191, "visited": true}}, {"type": "Feature", "geometry": {"type": "Point", "coordinates": [629715.43, 5220130.29]}, "properties": {"type": "gap", "gap_m": 3.4, "vineyard_id": "V14", "row_id": "V14-R17", "reachable": true, "id": "T0470", "x": 629715.43, "y": 5220130.29, "order": 190, "visited": true}}, {"type": "Feature", "geometry": {"type": "Point", "coordinates": [629706.11, 5220142.63]}, "properties": {"type": "gap", "gap_m": 4.8, "vineyard_id": "V14", "row_id": "V14-R17", "reachable": true, "id": "T0469", "x": 629706.11, "y": 5220142.63, "order": 189, "visited": true}}, {"type": "Feature", "geometry": {"type": "Point", "coordinates": [629693.55, 5220158.67]}, "properties": {"type": "gap", "gap_m": 8.4, "vineyard_id": "V14", "row_id": "V14-R17", "reachable": true, "id": "T0468", "x": 629693.55, "y": 5220158.67, "order": 188, "visited": true}}, {"type": "Feature", "geometry": {"type": "Point", "coordinates": [629682.86, 5220176.79]}, "properties": {"type": "gap", "gap_m": 4.3, "vineyard_id": "V14", "row_id": "V14-R16", "reachable": true, "id": "T0465", "x": 629682.86, "y": 5220176.79, "order": 187, "visited": true}}, {"type": "Feature", "geometry": {"type": "Point", "coordinates": [629680.42, 5220175.79]}, "properties": {"type": "gap", "gap_m": 10.9, "vineyard_id": "V14", "row_id": "V14-R17", "reachable": true, "id": "T0467", "x": 629680.42, "y": 5220175.79, "order": 186, "visited": true}}, {"type": "Feature", "geometry": {"type": "Point", "coordinates": [629675.24, 5220186.69]}, "properties": {"type": "gap", "gap_m": 19.7, "vineyard_id": "V14", "row_id": "V14-R16", "reachable": true, "id": "T0464", "x": 629675.24, "y": 5220186.69, "order": 185, "visited": true}}, {"type": "Feature", "geometry": {"type": "Point", "coordinates": [629665.28, 5220200.58]}, "properties": {"type": "gap", "gap_m": 3.4, "vineyard_id": "V12", "row_id": "V12-R15", "reachable": true, "id": "T0372", "x": 629665.28, "y": 5220200.58, "order": 184, "visited": true}}, {"type": "Feature", "geometry": {"type": "Point", "coordinates": [629606.72, 5220276.79]}, "properties": {"type": "gap", "gap_m": 4.3, "vineyard_id": "V12", "row_id": "V12-R15", "reachable": true, "id": "T0371", "x": 629606.72, "y": 5220276.79, "order": null, "visited": true}}, {"type": "Feature", "geometry": {"type": "Point", "coordinates": [629595.61, 5220236.94]}, "properties": {"type": "gap", "gap_m": 4.2, "vineyard_id": "V12", "row_id": "V12-R27", "reachable": true, "id": "T0382", "x": 629595.61, "y": 5220236.94, "order": 183, "visited": true}}, {"type": "Feature", "geometry": {"type": "Point", "coordinates": [629602.83, 5220227.54]}, "properties": {"type": "gap", "gap_m": 3.4, "vineyard_id": "V12", "row_id": "V12-R27", "reachable": true, "id": "T0383", "x": 629602.83, "y": 5220227.54, "order": 182, "visited": true}}, {"type": "Feature", "geometry": {"type": "Point", "coordinates": [629640.18, 5220183.08]}, "properties": {"type": "gap", "gap_m": 3.4, "vineyard_id": "V14", "row_id": "V14-R28", "reachable": true, "id": "T0480", "x": 629640.18, "y": 5220183.08, "order": 181, "visited": true}}, {"type": "Feature", "geometry": {"type": "Point", "coordinates": [629646.21, 5220170.33]}, "properties": {"type": "gap", "gap_m": 3.2, "vineyard_id": "V14", "row_id": "V14-R29", "reachable": true, "id": "T0481", "x": 629646.21, "y": 5220170.33, "order": 180, "visited": true}}, {"type": "Feature", "geometry": {"type": "Point", "coordinates": [629597.23, 5220216.68]}, "properties": {"type": "gap", "gap_m": 4.8, "vineyard_id": "V12", "row_id": "V12-R31", "reachable": true, "id": "T0385", "x": 629597.23, "y": 5220216.68, "order": 179, "visited": true}}, {"type": "Feature", "geometry": {"type": "Point", "coordinates": [629602.17, 5220210.27]}, "properties": {"type": "gap", "gap_m": 10.2, "vineyard_id": "V12", "row_id": "V12-R31", "reachable": true, "id": "T0386", "x": 629602.17, "y": 5220210.27, "order": 178, "visited": true}}, {"type": "Feature", "geometry": {"type": "Point", "coordinates": [629617.55, 5220175.57]}, "properties": {"type": "gap", "gap_m": 3.8, "vineyard_id": "V14", "row_id": "V14-R36", "reachable": true, "id": "T0482", "x": 629617.55, "y": 5220175.57, "order": 177, "visited": true}}, {"type": "Feature", "geometry": {"type": "Point", "coordinates": [629588.64, 5220191.98]}, "properties": {"type": "gap", "gap_m": 5.4, "vineyard_id": "V12", "row_id": "V12-R45", "reachable": true, "id": "T0400", "x": 629588.64, "y": 5220191.98, "order": 176, "visited": true}}, {"type": "Feature", "geometry": {"type": "Point", "coordinates": [629570.79, 5220216.86]}, "properties": {"type": "gap", "gap_m": 4.6, "vineyard_id": "V12", "row_id": "V12-R44", "reachable": true, "id": "T0399", "x": 629570.79, "y": 5220216.86, "order": 175, "visited": true}}, {"type": "Feature", "geometry": {"type": "Point", "coordinates": [629567.89, 5220220.48]}, "properties": {"type": "gap", "gap_m": 3.8, "vineyard_id": "V12", "row_id": "V12-R44", "reachable": true, "id": "T0398", "x": 629567.89, "y": 5220220.48, "order": 174, "visited": true}}, {"type": "Feature", "geometry": {"type": "Point", "coordinates": [629564.43, 5220224.8]}, "properties": {"type": "gap", "gap_m": 3.1, "vineyard_id": "V12", "row_id": "V12-R44", "reachable": true, "id": "T0397", "x": 629564.43, "y": 5220224.8, "order": 173, "visited": true}}, {"type": "Feature", "geometry": {"type": "Point", "coordinates": [629554.36, 5220237.75]}, "properties": {"type": "gap", "gap_m": 3.6, "vineyard_id": "V12", "row_id": "V12-R44", "reachable": true, "id": "T0396", "x": 629554.36, "y": 5220237.75, "order": 172, "visited": true}}, {"type": "Feature", "geometry": {"type": "Point", "coordinates": [629588.98, 5220198.07]}, "properties": {"type": "gap", "gap_m": 3.3, "vineyard_id": "V12", "row_id": "V12-R42", "reachable": true, "id": "T0394", "x": 629588.98, "y": 5220198.07, "order": null, "visited": true}}, {"type": "Feature", "geometry": {"type": "Point", "coordinates": [629592.1, 5220193.93]}, "properties": {"type": "gap", "gap_m": 3.6, "vineyard_id": "V12", "row_id": "V12-R42", "reachable": true, "id": "T0393", "x": 629592.1, "y": 5220193.93, "order": 171, "visited": true}}, {"type": "Feature", "geometry": {"type": "Point", "coordinates": [629640.05, 5220124.32]}, "properties": {"type": "gap", "gap_m": 58.0, "vineyard_id": "V14", "row_id": "V14-R42", "reachable": true, "id": "T0483", "x": 629640.05, "y": 5220124.32, "order": 170, "visited": true}}, {"type": "Feature", "geometry": {"type": "Point", "coordinates": [629573.69, 5220198.49]}, "properties": {"type": "gap", "gap_m": 5.4, "vineyard_id": "V12", "row_id": "V12-R48", "reachable": true, "id": "T0405", "x": 629573.69, "y": 5220198.49, "order": null, "visited": true}}, {"type": "Feature", "geometry": {"type": "Point", "coordinates": [629570.55, 5220202.54]}, "properties": {"type": "gap", "gap_m": 3.4, "vineyard_id": "V12", "row_id": "V12-R48", "reachable": true, "id": "T0404", "x": 629570.55, "y": 5220202.54, "order": 169, "visited": true}}, {"type": "Feature", "geometry": {"type": "Point", "coordinates": [629558.45, 5220218.12]}, "properties": {"type": "gap", "gap_m": 3.4, "vineyard_id": "V12", "row_id": "V12-R48", "reachable": true, "id": "T0403", "x": 629558.45, "y": 5220218.12, "order": 168, "visited": true}}, {"type": "Feature", "geometry": {"type": "Point", "coordinates": [629570.72, 5220197.53]}, "properties": {"type": "gap", "gap_m": 3.7, "vineyard_id": "V12", "row_id": "V12-R49", "reachable": true, "id": "T0407", "x": 629570.72, "y": 5220197.53, "order": null, "visited": true}}, {"type": "Feature", "geometry": {"type": "Point", "coordinates": [629555.24, 5220213.58]}, "properties": {"type": "gap", "gap_m": 5.6, "vineyard_id": "V12", "row_id": "V12-R50", "reachable": true, "id": "T0409", "x": 629555.24, "y": 5220213.58, "order": null, "visited": true}}, {"type": "Feature", "geometry": {"type": "Point", "coordinates": [629544.0, 5220223.94]}, "properties": {"type": "gap", "gap_m": 3.7, "vineyard_id": "V12", "row_id": "V12-R51", "reachable": true, "id": "T0413", "x": 629544.0, "y": 5220223.94, "order": 167, "visited": true}}, {"type": "Feature", "geometry": {"type": "Point", "coordinates": [629528.11, 5220245.09]}, "properties": {"type": "gap", "gap_m": 3.9, "vineyard_id": "V12", "row_id": "V12-R51", "reachable": true, "id": "T0410", "x": 629528.11, "y": 5220245.09, "order": 166, "visited": true}}, {"type": "Feature", "geometry": {"type": "Point", "coordinates": [629529.3, 5220248.04]}, "properties": {"type": "gap", "gap_m": 6.6, "vineyard_id": "V12", "row_id": "V12-R50", "reachable": true, "id": "T0408", "x": 629529.3, "y": 5220248.04, "order": 165, "visited": true}}, {"type": "Feature", "geometry": {"type": "Point", "coordinates": [629550.59, 5220215.17]}, "properties": {"type": "gap", "gap_m": 3.0, "vineyard_id": "V12", "row_id": "V12-R51", "reachable": true, "id": "T0415", "x": 629550.59, "y": 5220215.17, "order": 164, "visited": true}}, {"type": "Feature", "geometry": {"type": "Point", "coordinates": [629548.38, 5220218.11]}, "properties": {"type": "gap", "gap_m": 3.6, "vineyard_id": "V12", "row_id": "V12-R51", "reachable": true, "id": "T0414", "x": 629548.38, "y": 5220218.11, "order": 163, "visited": true}}, {"type": "Feature", "geometry": {"type": "Point", "coordinates": [629539.2, 5220230.33]}, "properties": {"type": "gap", "gap_m": 6.5, "vineyard_id": "V12", "row_id": "V12-R51", "reachable": true, "id": "T0412", "x": 629539.2, "y": 5220230.33, "order": 162, "visited": true}}, {"type": "Feature", "geometry": {"type": "Point", "coordinates": [629531.27, 5220240.88]}, "properties": {"type": "gap", "gap_m": 5.2, "vineyard_id": "V12", "row_id": "V12-R51", "reachable": true, "id": "T0411", "x": 629531.27, "y": 5220240.88, "order": 161, "visited": true}}, {"type": "Feature", "geometry": {"type": "Point", "coordinates": [629532.54, 5220234.34]}, "properties": {"type": "gap", "gap_m": 3.2, "vineyard_id": "V12", "row_id": "V12-R52", "reachable": true, "id": "T0419", "x": 629532.54, "y": 5220234.34, "order": 160, "visited": true}}, {"type": "Feature", "geometry": {"type": "Point", "coordinates": [629542.07, 5220221.64]}, "properties": {"type": "gap", "gap_m": 3.0, "vineyard_id": "V12", "row_id": "V12-R52", "reachable": true, "id": "T0420", "x": 629542.07, "y": 5220221.64, "order": 159, "visited": true}}, {"type": "Feature", "geometry": {"type": "Point", "coordinates": [629552.72, 5220212.33]}, "properties": {"type": "gap", "gap_m": 3.1, "vineyard_id": "V12", "row_id": "V12-R51", "reachable": true, "id": "T0416", "x": 629552.72, "y": 5220212.33, "order": 158, "visited": true}}, {"type": "Feature", "geometry": {"type": "Point", "coordinates": [629555.46, 5220208.19]}, "properties": {"type": "gap", "gap_m": 5.2, "vineyard_id": "V12", "row_id": "V12-R51", "reachable": true, "id": "T0417", "x": 629555.46, "y": 5220208.19, "order": 157, "visited": true}}, {"type": "Feature", "geometry": {"type": "Point", "coordinates": [629585.4, 5220164.67]}, "properties": {"type": "gap", "gap_m": 3.3, "vineyard_id": "V14", "row_id": "V14-R49", "reachable": true, "id": "T0486", "x": 629585.4, "y": 5220164.67, "order": 154, "visited": true}}, {"type": "Feature", "geometry": {"type": "Point", "coordinates": [629585.95, 5220159.33]}, "properties": {"type": "gap", "gap_m": 3.3, "vineyard_id": "V14", "row_id": "V14-R50", "reachable": true, "id": "T0488", "x": 629585.95, "y": 5220159.33, "order": 156, "visited": true}}, {"type": "Feature", "geometry": {"type": "Point", "coordinates": [629609.29, 5220128.68]}, "properties": {"type": "gap", "gap_m": 3.1, "vineyard_id": "V14", "row_id": "V14-R50", "reachable": true, "id": "T0489", "x": 629609.29, "y": 5220128.68, "order": 155, "visited": true}}, {"type": "Feature", "geometry": {"type": "Point", "coordinates": [629619.47, 5220124.84]}, "properties": {"type": "gap", "gap_m": 7.6, "vineyard_id": "V14", "row_id": "V14-R48", "reachable": true, "id": "T0485", "x": 629619.47, "y": 5220124.84, "order": 153, "visited": true}}, {"type": "Feature", "geometry": {"type": "Point", "coordinates": [629636.65, 5220097.83]}, "properties": {"type": "gap", "gap_m": 3.5, "vineyard_id": "V14", "row_id": "V14-R49", "reachable": true, "id": "T0487", "x": 629636.65, "y": 5220097.83, "order": 152, "visited": true}}, {"type": "Feature", "geometry": {"type": "Point", "coordinates": [629775.77, 5220014.08]}, "properties": {"type": "gap", "gap_m": 23.2, "vineyard_id": "V16", "row_id": "V16-R45", "reachable": true, "id": "T0572", "x": 629775.77, "y": 5220014.08, "order": 35, "visited": true}}, {"type": "Feature", "geometry": {"type": "Point", "coordinates": [629963.79, 5219787.55]}, "properties": {"type": "gap", "gap_m": 3.2, "vineyard_id": "V17", "row_id": "V17-R01", "reachable": true, "id": "T0582", "x": 629963.79, "y": 5219787.55, "order": null, "visited": true}}, {"type": "Feature", "geometry": {"type": "Point", "coordinates": [629943.64, 5219827.34]}, "properties": {"type": "gap", "gap_m": 3.0, "vineyard_id": "V16", "row_id": "V16-R31", "reachable": true, "id": "T0550", "x": 629943.64, "y": 5219827.34, "order": 135, "visited": true}}, {"type": "Feature", "geometry": {"type": "Point", "coordinates": [629928.3, 5219846.66]}, "properties": {"type": "gap", "gap_m": 3.0, "vineyard_id": "V16", "row_id": "V16-R31", "reachable": true, "id": "T0549", "x": 629928.3, "y": 5219846.66, "order": 136, "visited": true}}, {"type": "Feature", "geometry": {"type": "Point", "coordinates": [629925.42, 5219850.36]}, "properties": {"type": "gap", "gap_m": 4.1, "vineyard_id": "V16", "row_id": "V16-R31", "reachable": true, "id": "T0548", "x": 629925.42, "y": 5219850.36, "order": null, "visited": true}}, {"type": "Feature", "geometry": {"type": "Point", "coordinates": [629900.96, 5219881.75]}, "properties": {"type": "gap", "gap_m": 4.5, "vineyard_id": "V16", "row_id": "V16-R31", "reachable": true, "id": "T0547", "x": 629900.96, "y": 5219881.75, "order": null, "visited": true}}, {"type": "Feature", "geometry": {"type": "Point", "coordinates": [629891.2, 5219889.6]}, "properties": {"type": "gap", "gap_m": 3.2, "vineyard_id": "V16", "row_id": "V16-R34", "reachable": true, "id": "T0556", "x": 629891.2, "y": 5219889.6, "order": 137, "visited": true}}, {"type": "Feature", "geometry": {"type": "Point", "coordinates": [629875.88, 5219913.82]}, "properties": {"type": "gap", "gap_m": 8.0, "vineyard_id": "V16", "row_id": "V16-R31", "reachable": true, "id": "T0546", "x": 629875.88, "y": 5219913.82, "order": null, "visited": true}}, {"type": "Feature", "geometry": {"type": "Point", "coordinates": [629867.29, 5219924.83]}, "properties": {"type": "gap", "gap_m": 11.8, "vineyard_id": "V16", "row_id": "V16-R31", "reachable": true, "id": "T0545", "x": 629867.29, "y": 5219924.83, "order": 139, "visited": true}}, {"type": "Feature", "geometry": {"type": "Point", "coordinates": [629875.37, 5219909.78]}, "properties": {"type": "gap", "gap_m": 3.2, "vineyard_id": "V16", "row_id": "V16-R34", "reachable": true, "id": "T0553", "x": 629875.37, "y": 5219909.78, "order": 138, "visited": true}}, {"type": "Feature", "geometry": {"type": "Point", "coordinates": [629880.65, 5219903.1]}, "properties": {"type": "gap", "gap_m": 3.1, "vineyard_id": "V16", "row_id": "V16-R34", "reachable": true, "id": "T0554", "x": 629880.65, "y": 5219903.1, "order": 140, "visited": true}}, {"type": "Feature", "geometry": {"type": "Point", "coordinates": [629887.88, 5219893.95]}, "properties": {"type": "gap", "gap_m": 5.9, "vineyard_id": "V16", "row_id": "V16-R34", "reachable": true, "id": "T0555", "x": 629887.88, "y": 5219893.95, "order": 141, "visited": true}}, {"type": "Feature", "geometry": {"type": "Point", "coordinates": [630017.83, 5219757.99]}, "properties": {"type": "gap", "gap_m": 3.3, "vineyard_id": "V19", "row_id": "V19-R06", "reachable": true, "id": "T0611", "x": 630017.83, "y": 5219757.99, "order": 117, "visited": true}}, {"type": "Feature", "geometry": {"type": "Point", "coordinates": [630019.23, 5219752.2]}, "properties": {"type": "gap", "gap_m": 3.1, "vineyard_id": "V19", "row_id": "V19-R06", "reachable": true, "id": "T0612", "x": 630019.23, "y": 5219752.2, "order": null, "visited": true}}, {"type": "Feature", "geometry": {"type": "Point", "coordinates": [630020.68, 5219746.19]}, "properties": {"type": "gap", "gap_m": 3.7, "vineyard_id": "V19", "row_id": "V19-R06", "reachable": true, "id": "T0613", "x": 630020.68, "y": 5219746.19, "order": 114, "visited": true}}, {"type": "Feature", "geometry": {"type": "Point", "coordinates": [630024.43, 5219743.65]}, "properties": {"type": "gap", "gap_m": 3.7, "vineyard_id": "V19", "row_id": "V19-R05", "reachable": true, "id": "T0609", "x": 630024.43, "y": 5219743.65, "order": 115, "visited": true}}, {"type": "Feature", "geometry": {"type": "Point", "coordinates": [630022.82, 5219750.21]}, "properties": {"type": "gap", "gap_m": 4.3, "vineyard_id": "V19", "row_id": "V19-R05", "reachable": true, "id": "T0608", "x": 630022.82, "y": 5219750.21, "order": 116, "visited": true}}, {"type": "Feature", "geometry": {"type": "Point", "coordinates": [630019.99, 5219761.73]}, "properties": {"type": "gap", "gap_m": 3.6, "vineyard_id": "V19", "row_id": "V19-R05", "reachable": true, "id": "T0606", "x": 630019.99, "y": 5219761.73, "order": null, "visited": true}}, {"type": "Feature", "geometry": {"type": "Point", "coordinates": [630025.79, 5219738.1]}, "properties": {"type": "gap", "gap_m": 4.0, "vineyard_id": "V19", "row_id": "V19-R05", "reachable": true, "id": "T0610", "x": 630025.79, "y": 5219738.1, "order": 118, "visited": true}}, {"type": "Feature", "geometry": {"type": "Point", "coordinates": [630028.03, 5219741.37]}, "properties": {"type": "gap", "gap_m": 3.3, "vineyard_id": "V19", "row_id": "V19-R04", "reachable": true, "id": "T0605", "x": 630028.03, "y": 5219741.37, "order": 119, "visited": true}}, {"type": "Feature", "geometry": {"type": "Point", "coordinates": [630026.54, 5219747.45]}, "properties": {"type": "gap", "gap_m": 3.2, "vineyard_id": "V19", "row_id": "V19-R04", "reachable": true, "id": "T0604", "x": 630026.54, "y": 5219747.45, "order": 120, "visited": true}}, {"type": "Feature", "geometry": {"type": "Point", "coordinates": [630025.08, 5219753.39]}, "properties": {"type": "gap", "gap_m": 3.2, "vineyard_id": "V19", "row_id": "V19-R04", "reachable": true, "id": "T0603", "x": 630025.08, "y": 5219753.39, "order": 121, "visited": true}}, {"type": "Feature", "geometry": {"type": "Point", "coordinates": [630021.61, 5219755.12]}, "properties": {"type": "gap", "gap_m": 4.2, "vineyard_id": "V19", "row_id": "V19-R05", "reachable": true, "id": "T0607", "x": 630021.61, "y": 5219755.12, "order": 122, "visited": true}}, {"type": "Feature", "geometry": {"type": "Point", "coordinates": [630021.65, 5219767.32]}, "properties": {"type": "gap", "gap_m": 10.6, "vineyard_id": "V19", "row_id": "V19-R04", "reachable": true, "id": "T0601", "x": 630021.65, "y": 5219767.32, "order": 123, "visited": true}}, {"type": "Feature", "geometry": {"type": "Point", "coordinates": [630023.56, 5219759.57]}, "properties": {"type": "gap", "gap_m": 4.5, "vineyard_id": "V19", "row_id": "V19-R04", "reachable": true, "id": "T0602", "x": 630023.56, "y": 5219759.57, "order": 124, "visited": true}}, {"type": "Feature", "geometry": {"type": "Point", "coordinates": [630027.17, 5219757.3]}, "properties": {"type": "gap", "gap_m": 3.7, "vineyard_id": "V19", "row_id": "V19-R03", "reachable": true, "id": "T0598", "x": 630027.17, "y": 5219757.3, "order": 125, "visited": true}}, {"type": "Feature", "geometry": {"type": "Point", "coordinates": [630027.91, 5219778.32]}, "properties": {"type": "gap", "gap_m": 5.7, "vineyard_id": "V19", "row_id": "V19-R01", "reachable": true, "id": "T0591", "x": 630027.91, "y": 5219778.32, "order": 127, "visited": true}}, {"type": "Feature", "geometry": {"type": "Point", "coordinates": [630029.28, 5219772.73]}, "properties": {"type": "gap", "gap_m": 4.1, "vineyard_id": "V19", "row_id": "V19-R01", "reachable": true, "id": "T0592", "x": 630029.28, "y": 5219772.73, "order": 128, "visited": true}}, {"type": "Feature", "geometry": {"type": "Point", "coordinates": [630034.2, 5219752.63]}, "properties": {"type": "gap", "gap_m": 3.3, "vineyard_id": "V19", "row_id": "V19-R01", "reachable": true, "id": "T0593", "x": 630034.2, "y": 5219752.63, "order": 129, "visited": true}}, {"type": "Feature", "geometry": {"type": "Point", "coordinates": [630035.73, 5219746.39]}, "properties": {"type": "gap", "gap_m": 3.3, "vineyard_id": "V19", "row_id": "V19-R01", "reachable": true, "id": "T0594", "x": 630035.73, "y": 5219746.39, "order": 130, "visited": true}}, {"type": "Feature", "geometry": {"type": "Point", "coordinates": [630030.93, 5219754.86]}, "properties": {"type": "gap", "gap_m": 4.2, "vineyard_id": "V19", "row_id": "V19-R02", "reachable": true, "id": "T0595", "x": 630030.93, "y": 5219754.86, "order": 131, "visited": true}}, {"type": "Feature", "geometry": {"type": "Point", "coordinates": [630028.81, 5219750.65]}, "properties": {"type": "gap", "gap_m": 4.2, "vineyard_id": "V19", "row_id": "V19-R03", "reachable": true, "id": "T0599", "x": 630028.81, "y": 5219750.65, "order": 126, "visited": true}}, {"type": "Feature", "geometry": {"type": "Point", "coordinates": [630029.99, 5219745.86]}, "properties": {"type": "gap", "gap_m": 3.9, "vineyard_id": "V19", "row_id": "V19-R03", "reachable": true, "id": "T0600", "x": 630029.99, "y": 5219745.86, "order": 132, "visited": true}}, {"type": "Feature", "geometry": {"type": "Point", "coordinates": [630033.72, 5219743.23]}, "properties": {"type": "gap", "gap_m": 3.6, "vineyard_id": "V19", "row_id": "V19-R02", "reachable": true, "id": "T0596", "x": 630033.72, "y": 5219743.23, "order": 133, "visited": true}}, {"type": "Feature", "geometry": {"type": "Point", "coordinates": [630024.07, 5219769.87]}, "properties": {"type": "gap", "gap_m": 12.9, "vineyard_id": "V19", "row_id": "V19-R03", "reachable": true, "id": "T0597", "x": 630024.07, "y": 5219769.87, "order": 134, "visited": true}}, {"type": "Feature", "geometry": {"type": "Point", "coordinates": [630259.37, 5219361.49]}, "properties": {"type": "gap", "gap_m": 3.1, "vineyard_id": "V42", "row_id": "V42-R06", "reachable": true, "id": "T0793", "x": 630259.37, "y": 5219361.49, "order": null, "visited": false}}, {"type": "Feature", "geometry": {"type": "Point", "coordinates": [630259.48, 5219357.02]}, "properties": {"type": "gap", "gap_m": 9.1, "vineyard_id": "V42", "row_id": "V42-R07", "reachable": true, "id": "T0799", "x": 630259.48, "y": 5219357.02, "order": 99, "visited": true}}, {"type": "Feature", "geometry": {"type": "Point", "coordinates": [630255.71, 5219351.09]}, "properties": {"type": "gap", "gap_m": 3.2, "vineyard_id": "V42", "row_id": "V42-R07", "reachable": true, "id": "T0800", "x": 630255.71, "y": 5219351.09, "order": null, "visited": true}}, {"type": "Feature", "geometry": {"type": "Point", "coordinates": [630237.66, 5219327.52]}, "properties": {"type": "gap", "gap_m": 3.5, "vineyard_id": "V42", "row_id": "V42-R06", "reachable": true, "id": "T0794", "x": 630237.66, "y": 5219327.52, "order": 103, "visited": true}}, {"type": "Feature", "geometry": {"type": "Point", "coordinates": [630237.65, 5219322.88]}, "properties": {"type": "gap", "gap_m": 5.9, "vineyard_id": "V42", "row_id": "V42-R07", "reachable": true, "id": "T0801", "x": 630237.65, "y": 5219322.88, "order": 104, "visited": true}}, {"type": "Feature", "geometry": {"type": "Point", "coordinates": [630233.66, 5219321.29]}, "properties": {"type": "gap", "gap_m": 8.6, "vineyard_id": "V42", "row_id": "V42-R06", "reachable": true, "id": "T0795", "x": 630233.66, "y": 5219321.29, "order": 105, "visited": true}}, {"type": "Feature", "geometry": {"type": "Point", "coordinates": [630230.01, 5219311.09]}, "properties": {"type": "gap", "gap_m": 10.7, "vineyard_id": "V42", "row_id": "V42-R07", "reachable": true, "id": "T0802", "x": 630230.01, "y": 5219311.09, "order": 106, "visited": true}}, {"type": "Feature", "geometry": {"type": "Point", "coordinates": [630227.21, 5219311.23]}, "properties": {"type": "gap", "gap_m": 7.4, "vineyard_id": "V42", "row_id": "V42-R06", "reachable": true, "id": "T0796", "x": 630227.21, "y": 5219311.23, "order": 102, "visited": true}}, {"type": "Feature", "geometry": {"type": "Point", "coordinates": [630222.57, 5219304.02]}, "properties": {"type": "gap", "gap_m": 8.2, "vineyard_id": "V42", "row_id": "V42-R06", "reachable": true, "id": "T0797", "x": 630222.57, "y": 5219304.02, "order": 101, "visited": true}}, {"type": "Feature", "geometry": {"type": "Point", "coordinates": [630223.41, 5219300.9]}, "properties": {"type": "gap", "gap_m": 5.2, "vineyard_id": "V42", "row_id": "V42-R07", "reachable": true, "id": "T0803", "x": 630223.41, "y": 5219300.9, "order": 100, "visited": true}}, {"type": "Feature", "geometry": {"type": "Point", "coordinates": [630232.29, 5219305.41]}, "properties": {"type": "gap", "gap_m": 35.3, "vineyard_id": "V42", "row_id": "V42-R09", "reachable": true, "id": "T0811", "x": 630232.29, "y": 5219305.41, "order": 94, "visited": true}}, {"type": "Feature", "geometry": {"type": "Point", "coordinates": [630244.72, 5219319.89]}, "properties": {"type": "gap", "gap_m": 7.7, "vineyard_id": "V42", "row_id": "V42-R10", "reachable": true, "id": "T0815", "x": 630244.72, "y": 5219319.89, "order": 93, "visited": true}}, {"type": "Feature", "geometry": {"type": "Point", "coordinates": [630243.01, 5219322.02]}, "properties": {"type": "gap", "gap_m": 3.1, "vineyard_id": "V42", "row_id": "V42-R09", "reachable": true, "id": "T0810", "x": 630243.01, "y": 5219322.02, "order": 92, "visited": true}}, {"type": "Feature", "geometry": {"type": "Point", "coordinates": [630254.88, 5219335.66]}, "properties": {"type": "gap", "gap_m": 6.9, "vineyard_id": "V42", "row_id": "V42-R10", "reachable": true, "id": "T0814", "x": 630254.88, "y": 5219335.66, "order": 91, "visited": true}}, {"type": "Feature", "geometry": {"type": "Point", "coordinates": [630258.45, 5219341.27]}, "properties": {"type": "gap", "gap_m": 5.2, "vineyard_id": "V42", "row_id": "V42-R10", "reachable": true, "id": "T0813", "x": 630258.45, "y": 5219341.27, "order": 90, "visited": true}}, {"type": "Feature", "geometry": {"type": "Point", "coordinates": [630266.36, 5219353.68]}, "properties": {"type": "gap", "gap_m": 7.5, "vineyard_id": "V42", "row_id": "V42-R10", "reachable": true, "id": "T0812", "x": 630266.36, "y": 5219353.68, "order": 89, "visited": true}}, {"type": "Feature", "geometry": {"type": "Point", "coordinates": [630263.0, 5219357.84]}, "properties": {"type": "gap", "gap_m": 4.8, "vineyard_id": "V42", "row_id": "V42-R08", "reachable": true, "id": "T0804", "x": 630263.0, "y": 5219357.84, "order": null, "visited": true}}, {"type": "Feature", "geometry": {"type": "Point", "coordinates": [630251.78, 5219340.29]}, "properties": {"type": "gap", "gap_m": 3.9, "vineyard_id": "V42", "row_id": "V42-R08", "reachable": true, "id": "T0805", "x": 630251.78, "y": 5219340.29, "order": 95, "visited": true}}, {"type": "Feature", "geometry": {"type": "Point", "coordinates": [630248.86, 5219331.0]}, "properties": {"type": "gap", "gap_m": 10.9, "vineyard_id": "V42", "row_id": "V42-R09", "reachable": true, "id": "T0809", "x": 630248.86, "y": 5219331.0, "order": 98, "visited": true}}, {"type": "Feature", "geometry": {"type": "Point", "coordinates": [630258.61, 5219346.33]}, "properties": {"type": "gap", "gap_m": 4.2, "vineyard_id": "V42", "row_id": "V42-R09", "reachable": true, "id": "T0808", "x": 630258.61, "y": 5219346.33, "order": 96, "visited": true}}, {"type": "Feature", "geometry": {"type": "Point", "coordinates": [630264.93, 5219356.27]}, "properties": {"type": "gap", "gap_m": 5.6, "vineyard_id": "V42", "row_id": "V42-R09", "reachable": true, "id": "T0807", "x": 630264.93, "y": 5219356.27, "order": 97, "visited": true}}, {"type": "Feature", "geometry": {"type": "Point", "coordinates": [630255.08, 5219325.86]}, "properties": {"type": "gap", "gap_m": 13.0, "vineyard_id": "V42", "row_id": "V42-R12", "reachable": true, "id": "T0823", "x": 630255.08, "y": 5219325.86, "order": 87, "visited": true}}, {"type": "Feature", "geometry": {"type": "Point", "coordinates": [630245.81, 5219306.46]}, "properties": {"type": "gap", "gap_m": 7.0, "vineyard_id": "V42", "row_id": "V42-R13", "reachable": true, "id": "T0833", "x": 630245.81, "y": 5219306.46, "order": 78, "visited": true}}, {"type": "Feature", "geometry": {"type": "Point", "coordinates": [630248.19, 5219315.06]}, "properties": {"type": "gap", "gap_m": 9.6, "vineyard_id": "V42", "row_id": "V42-R12", "reachable": true, "id": "T0824", "x": 630248.19, "y": 5219315.06, "order": 79, "visited": true}}, {"type": "Feature", "geometry": {"type": "Point", "coordinates": [630251.11, 5219314.76]}, "properties": {"type": "gap", "gap_m": 8.8, "vineyard_id": "V42", "row_id": "V42-R13", "reachable": true, "id": "T0832", "x": 630251.11, "y": 5219314.76, "order": 80, "visited": true}}, {"type": "Feature", "geometry": {"type": "Point", "coordinates": [630243.43, 5219307.6]}, "properties": {"type": "gap", "gap_m": 4.9, "vineyard_id": "V42", "row_id": "V42-R12", "reachable": true, "id": "T0825", "x": 630243.43, "y": 5219307.6, "order": 81, "visited": true}}, {"type": "Feature", "geometry": {"type": "Point", "coordinates": [630240.06, 5219302.32]}, "properties": {"type": "gap", "gap_m": 4.1, "vineyard_id": "V42", "row_id": "V42-R12", "reachable": true, "id": "T0826", "x": 630240.06, "y": 5219302.32, "order": 82, "visited": true}}, {"type": "Feature", "geometry": {"type": "Point", "coordinates": [630237.78, 5219293.88]}, "properties": {"type": "gap", "gap_m": 13.7, "vineyard_id": "V42", "row_id": "V42-R13", "reachable": true, "id": "T0834", "x": 630237.78, "y": 5219293.88, "order": null, "visited": true}}, {"type": "Feature", "geometry": {"type": "Point", "coordinates": [630231.76, 5219289.31]}, "properties": {"type": "gap", "gap_m": 4.5, "vineyard_id": "V42", "row_id": "V42-R12", "reachable": true, "id": "T0828", "x": 630231.76, "y": 5219289.31, "order": 83, "visited": true}}, {"type": "Feature", "geometry": {"type": "Point", "coordinates": [630231.22, 5219283.6]}, "properties": {"type": "gap", "gap_m": 7.4, "vineyard_id": "V42", "row_id": "V42-R13", "reachable": true, "id": "T0835", "x": 630231.22, "y": 5219283.6, "order": 84, "visited": true}}, {"type": "Feature", "geometry": {"type": "Point", "coordinates": [630226.07, 5219285.41]}, "properties": {"type": "gap", "gap_m": 3.0, "vineyard_id": "V42", "row_id": "V42-R11", "reachable": true, "id": "T0821", "x": 630226.07, "y": 5219285.41, "order": 85, "visited": true}}, {"type": "Feature", "geometry": {"type": "Point", "coordinates": [630234.72, 5219293.95]}, "properties": {"type": "gap", "gap_m": 3.6, "vineyard_id": "V42", "row_id": "V42-R12", "reachable": true, "id": "T0827", "x": 630234.72, "y": 5219293.95, "order": 86, "visited": true}}, {"type": "Feature", "geometry": {"type": "Point", "coordinates": [630267.45, 5219345.18]}, "properties": {"type": "gap", "gap_m": 10.0, "vineyard_id": "V42", "row_id": "V42-R12", "reachable": true, "id": "T0822", "x": 630267.45, "y": 5219345.18, "order": null, "visited": true}}, {"type": "Feature", "geometry": {"type": "Point", "coordinates": [630267.81, 5219350.88]}, "properties": {"type": "gap", "gap_m": 11.2, "vineyard_id": "V42", "row_id": "V42-R11", "reachable": true, "id": "T0819", "x": 630267.81, "y": 5219350.88, "order": 88, "visited": true}}, {"type": "Feature", "geometry": {"type": "Point", "coordinates": [630259.44, 5219337.75]}, "properties": {"type": "gap", "gap_m": 3.1, "vineyard_id": "V42", "row_id": "V42-R11", "reachable": true, "id": "T0820", "x": 630259.44, "y": 5219337.75, "order": 77, "visited": true}}, {"type": "Feature", "geometry": {"type": "Point", "coordinates": [630237.56, 5219308.74]}, "properties": {"type": "gap", "gap_m": 16.4, "vineyard_id": "V42", "row_id": "V42-R10", "reachable": true, "id": "T0816", "x": 630237.56, "y": 5219308.74, "order": 76, "visited": true}}, {"type": "Feature", "geometry": {"type": "Point", "coordinates": [630230.23, 5219297.32]}, "properties": {"type": "gap", "gap_m": 9.2, "vineyard_id": "V42", "row_id": "V42-R10", "reachable": true, "id": "T0817", "x": 630230.23, "y": 5219297.32, "order": 75, "visited": true}}, {"type": "Feature", "geometry": {"type": "Point", "coordinates": [630224.76, 5219288.8]}, "properties": {"type": "gap", "gap_m": 8.1, "vineyard_id": "V42", "row_id": "V42-R10", "reachable": true, "id": "T0818", "x": 630224.76, "y": 5219288.8, "order": 74, "visited": true}}, {"type": "Feature", "geometry": {"type": "Point", "coordinates": [630213.77, 5219310.65]}, "properties": {"type": "gap", "gap_m": 4.6, "vineyard_id": "V42", "row_id": "V42-R02", "reachable": true, "id": "T0777", "x": 630213.77, "y": 5219310.65, "order": 107, "visited": true}}, {"type": "Feature", "geometry": {"type": "Point", "coordinates": [630252.48, 5219366.23]}, "properties": {"type": "gap", "gap_m": 3.1, "vineyard_id": "V42", "row_id": "V42-R03", "reachable": true, "id": "T0778", "x": 630252.48, "y": 5219366.23, "order": 110, "visited": true}}, {"type": "Feature", "geometry": {"type": "Point", "coordinates": [630254.6, 5219363.8]}, "properties": {"type": "gap", "gap_m": 4.4, "vineyard_id": "V42", "row_id": "V42-R04", "reachable": true, "id": "T0782", "x": 630254.6, "y": 5219363.8, "order": null, "visited": true}}, {"type": "Feature", "geometry": {"type": "Point", "coordinates": [630229.82, 5219325.23]}, "properties": {"type": "gap", "gap_m": 13.6, "vineyard_id": "V42", "row_id": "V42-R04", "reachable": true, "id": "T0784", "x": 630229.82, "y": 5219325.23, "order": 112, "visited": true}}, {"type": "Feature", "geometry": {"type": "Point", "coordinates": [630249.4, 5219355.66]}, "properties": {"type": "gap", "gap_m": 5.3, "vineyard_id": "V42", "row_id": "V42-R04", "reachable": true, "id": "T0783", "x": 630249.4, "y": 5219355.66, "order": 113, "visited": true}}, {"type": "Feature", "geometry": {"type": "Point", "coordinates": [630250.14, 5219368.01]}, "properties": {"type": "gap", "gap_m": 7.2, "vineyard_id": "V42", "row_id": "V42-R02", "reachable": true, "id": "T0776", "x": 630250.14, "y": 5219368.01, "order": 109, "visited": true}}, {"type": "Feature", "geometry": {"type": "Point", "coordinates": [630229.92, 5219330.77]}, "properties": {"type": "gap", "gap_m": 7.5, "vineyard_id": "V42", "row_id": "V42-R03", "reachable": true, "id": "T0779", "x": 630229.92, "y": 5219330.77, "order": 108, "visited": true}}, {"type": "Feature", "geometry": {"type": "Point", "coordinates": [630223.4, 5219320.43]}, "properties": {"type": "gap", "gap_m": 4.1, "vineyard_id": "V42", "row_id": "V42-R03", "reachable": true, "id": "T0780", "x": 630223.4, "y": 5219320.43, "order": 111, "visited": true}}, {"type": "Feature", "geometry": {"type": "Point", "coordinates": [630213.56, 5219304.99]}, "properties": {"type": "gap", "gap_m": 4.3, "vineyard_id": "V42", "row_id": "V42-R03", "reachable": true, "id": "T0781", "x": 630213.56, "y": 5219304.99, "order": null, "visited": true}}, {"type": "Feature", "geometry": {"type": "Point", "coordinates": [630177.75, 5219283.29]}, "properties": {"type": "gap", "gap_m": 5.9, "vineyard_id": "V45", "row_id": "V45-R11", "reachable": true, "id": "T0855", "x": 630177.75, "y": 5219283.29, "order": 69, "visited": true}}, {"type": "Feature", "geometry": {"type": "Point", "coordinates": [630188.09, 5219275.21]}, "properties": {"type": "gap", "gap_m": 3.5, "vineyard_id": "V45", "row_id": "V45-R11", "reachable": true, "id": "T0856", "x": 630188.09, "y": 5219275.21, "order": 70, "visited": true}}, {"type": "Feature", "geometry": {"type": "Point", "coordinates": [630211.45, 5219256.93]}, "properties": {"type": "gap", "gap_m": 5.4, "vineyard_id": "V45", "row_id": "V45-R11", "reachable": true, "id": "T0858", "x": 630211.45, "y": 5219256.93, "order": 71, "visited": true}}, {"type": "Feature", "geometry": {"type": "Point", "coordinates": [630206.21, 5219257.4]}, "properties": {"type": "gap", "gap_m": 3.6, "vineyard_id": "V45", "row_id": "V45-R12", "reachable": true, "id": "T0860", "x": 630206.21, "y": 5219257.4, "order": null, "visited": true}}, {"type": "Feature", "geometry": {"type": "Point", "coordinates": [630198.67, 5219266.93]}, "properties": {"type": "gap", "gap_m": 8.5, "vineyard_id": "V45", "row_id": "V45-R11", "reachable": true, "id": "T0857", "x": 630198.67, "y": 5219266.93, "order": 72, "visited": true}}, {"type": "Feature", "geometry": {"type": "Point", "coordinates": [630192.33, 5219268.35]}, "properties": {"type": "gap", "gap_m": 5.2, "vineyard_id": "V45", "row_id": "V45-R12", "reachable": true, "id": "T0859", "x": 630192.33, "y": 5219268.35, "order": 73, "visited": true}}, {"type": "Feature", "geometry": {"type": "Point", "coordinates": [630192.37, 5219257.64]}, "properties": {"type": "gap", "gap_m": 3.0, "vineyard_id": "V45", "row_id": "V45-R15", "reachable": true, "id": "T0864", "x": 630192.37, "y": 5219257.64, "order": 67, "visited": true}}, {"type": "Feature", "geometry": {"type": "Point", "coordinates": [630202.43, 5219246.27]}, "properties": {"type": "gap", "gap_m": 5.0, "vineyard_id": "V45", "row_id": "V45-R16", "reachable": true, "id": "T0869", "x": 630202.43, "y": 5219246.27, "order": 66, "visited": true}}, {"type": "Feature", "geometry": {"type": "Point", "coordinates": [630197.08, 5219250.44]}, "properties": {"type": "gap", "gap_m": 3.1, "vineyard_id": "V45", "row_id": "V45-R16", "reachable": true, "id": "T0868", "x": 630197.08, "y": 5219250.44, "order": 65, "visited": true}}, {"type": "Feature", "geometry": {"type": "Point", "coordinates": [630188.93, 5219256.81]}, "properties": {"type": "gap", "gap_m": 7.6, "vineyard_id": "V45", "row_id": "V45-R16", "reachable": true, "id": "T0866", "x": 630188.93, "y": 5219256.81, "order": 68, "visited": true}}, {"type": "Feature", "geometry": {"type": "Point", "coordinates": [630194.04, 5219252.82]}, "properties": {"type": "gap", "gap_m": 3.2, "vineyard_id": "V45", "row_id": "V45-R16", "reachable": true, "id": "T0867", "x": 630194.04, "y": 5219252.82, "order": 63, "visited": true}}, {"type": "Feature", "geometry": {"type": "Point", "coordinates": [630190.9, 5219251.92]}, "properties": {"type": "gap", "gap_m": 3.4, "vineyard_id": "V45", "row_id": "V45-R17", "reachable": true, "id": "T0877", "x": 630190.9, "y": 5219251.92, "order": 62, "visited": true}}, {"type": "Feature", "geometry": {"type": "Point", "coordinates": [630178.0, 5219265.34]}, "properties": {"type": "gap", "gap_m": 12.9, "vineyard_id": "V45", "row_id": "V45-R16", "reachable": true, "id": "T0865", "x": 630178.0, "y": 5219265.34, "order": 64, "visited": true}}, {"type": "Feature", "geometry": {"type": "Point", "coordinates": [630177.3, 5219262.59]}, "properties": {"type": "gap", "gap_m": 3.3, "vineyard_id": "V45", "row_id": "V45-R17", "reachable": true, "id": "T0874", "x": 630177.3, "y": 5219262.59, "order": 61, "visited": true}}, {"type": "Feature", "geometry": {"type": "Point", "coordinates": [630180.19, 5219260.32]}, "properties": {"type": "gap", "gap_m": 3.1, "vineyard_id": "V45", "row_id": "V45-R17", "reachable": true, "id": "T0875", "x": 630180.19, "y": 5219260.32, "order": 55, "visited": true}}, {"type": "Feature", "geometry": {"type": "Point", "coordinates": [630202.6, 5219242.75]}, "properties": {"type": "gap", "gap_m": 3.8, "vineyard_id": "V45", "row_id": "V45-R17", "reachable": true, "id": "T0878", "x": 630202.6, "y": 5219242.75, "order": 56, "visited": true}}, {"type": "Feature", "geometry": {"type": "Point", "coordinates": [630201.15, 5219240.47]}, "properties": {"type": "gap", "gap_m": 3.9, "vineyard_id": "V45", "row_id": "V45-R18", "reachable": true, "id": "T0881", "x": 630201.15, "y": 5219240.47, "order": 57, "visited": true}}, {"type": "Feature", "geometry": {"type": "Point", "coordinates": [630185.13, 5219256.45]}, "properties": {"type": "gap", "gap_m": 8.2, "vineyard_id": "V45", "row_id": "V45-R17", "reachable": true, "id": "T0876", "x": 630185.13, "y": 5219256.45, "order": 58, "visited": true}}, {"type": "Feature", "geometry": {"type": "Point", "coordinates": [630173.35, 5219265.69]}, "properties": {"type": "gap", "gap_m": 5.8, "vineyard_id": "V45", "row_id": "V45-R17", "reachable": true, "id": "T0873", "x": 630173.35, "y": 5219265.69, "order": 59, "visited": true}}, {"type": "Feature", "geometry": {"type": "Point", "coordinates": [630167.53, 5219270.39]}, "properties": {"type": "gap", "gap_m": 7.9, "vineyard_id": "V45", "row_id": "V45-R17", "reachable": true, "id": "T0872", "x": 630167.53, "y": 5219270.39, "order": 60, "visited": true}}, {"type": "Feature", "geometry": {"type": "Point", "coordinates": [630179.47, 5219257.43]}, "properties": {"type": "gap", "gap_m": 3.2, "vineyard_id": "V45", "row_id": "V45-R18", "reachable": true, "id": "T0879", "x": 630179.47, "y": 5219257.43, "order": 54, "visited": true}}, {"type": "Feature", "geometry": {"type": "Point", "coordinates": [630187.4, 5219251.23]}, "properties": {"type": "gap", "gap_m": 6.6, "vineyard_id": "V45", "row_id": "V45-R18", "reachable": true, "id": "T0880", "x": 630187.4, "y": 5219251.23, "order": 53, "visited": true}}, {"type": "Feature", "geometry": {"type": "Point", "coordinates": [630160.07, 5219269.31]}, "properties": {"type": "gap", "gap_m": 5.2, "vineyard_id": "V45", "row_id": "V45-R19", "reachable": true, "id": "T0883", "x": 630160.07, "y": 5219269.31, "order": 51, "visited": true}}, {"type": "Feature", "geometry": {"type": "Point", "coordinates": [630168.69, 5219258.66]}, "properties": {"type": "gap", "gap_m": 10.8, "vineyard_id": "V45", "row_id": "V45-R20", "reachable": true, "id": "T0886", "x": 630168.69, "y": 5219258.66, "order": null, "visited": true}}, {"type": "Feature", "geometry": {"type": "Point", "coordinates": [630178.87, 5219250.75]}, "properties": {"type": "gap", "gap_m": 4.3, "vineyard_id": "V45", "row_id": "V45-R20", "reachable": true, "id": "T0887", "x": 630178.87, "y": 5219250.75, "order": null, "visited": true}}, {"type": "Feature", "geometry": {"type": "Point", "coordinates": [630212.26, 5219228.34]}, "properties": {"type": "gap", "gap_m": 3.0, "vineyard_id": "V45", "row_id": "V45-R19", "reachable": true, "id": "T0884", "x": 630212.26, "y": 5219228.34, "order": 50, "visited": true}}, {"type": "Feature", "geometry": {"type": "Point", "coordinates": [630216.37, 5219224.79]}, "properties": {"type": "gap", "gap_m": 5.6, "vineyard_id": "V45", "row_id": "V45-R19", "reachable": true, "id": "T0885", "x": 630216.37, "y": 5219224.79, "order": 49, "visited": true}}, {"type": "Feature", "geometry": {"type": "Point", "coordinates": [630187.26, 5219244.25]}, "properties": {"type": "gap", "gap_m": 3.9, "vineyard_id": "V45", "row_id": "V45-R20", "reachable": true, "id": "T0889", "x": 630187.26, "y": 5219244.25, "order": null, "visited": true}}, {"type": "Feature", "geometry": {"type": "Point", "coordinates": [630182.76, 5219247.73]}, "properties": {"type": "gap", "gap_m": 4.7, "vineyard_id": "V45", "row_id": "V45-R20", "reachable": true, "id": "T0888", "x": 630182.76, "y": 5219247.73, "order": 52, "visited": true}}, {"type": "Feature", "geometry": {"type": "Point", "coordinates": [630033.79, 5219544.65]}, "properties": {"type": "gap", "gap_m": 3.6, "vineyard_id": "V32", "row_id": "V32-R07", "reachable": true, "id": "T0667", "x": 630033.79, "y": 5219544.65, "order": null, "visited": true}}, {"type": "Feature", "geometry": {"type": "Point", "coordinates": [629996.6, 5219621.81]}, "properties": {"type": "gap", "gap_m": 4.6, "vineyard_id": "V28", "row_id": "V28-R05", "reachable": true, "id": "T0647", "x": 629996.6, "y": 5219621.81, "order": 47, "visited": true}}, {"type": "Feature", "geometry": {"type": "Point", "coordinates": [629995.69, 5219624.7]}, "properties": {"type": "gap", "gap_m": 5.5, "vineyard_id": "V28", "row_id": "V28-R04", "reachable": true, "id": "T0644", "x": 629995.69, "y": 5219624.7, "order": 48, "visited": true}}, {"type": "Feature", "geometry": {"type": "Point", "coordinates": [629990.77, 5219614.98]}, "properties": {"type": "gap", "gap_m": 4.7, "vineyard_id": "V28", "row_id": "V28-R05", "reachable": true, "id": "T0648", "x": 629990.77, "y": 5219614.98, "order": 46, "visited": true}}, {"type": "Feature", "geometry": {"type": "Point", "coordinates": [629880.56, 5219655.28]}, "properties": {"type": "gap", "gap_m": 3.2, "vineyard_id": "V26", "row_id": "V26-R03", "reachable": true, "id": "T0632", "x": 629880.56, "y": 5219655.28, "order": 44, "visited": true}}, {"type": "Feature", "geometry": {"type": "Point", "coordinates": [629868.2, 5219642.05]}, "properties": {"type": "gap", "gap_m": 5.5, "vineyard_id": "V26", "row_id": "V26-R03", "reachable": true, "id": "T0633", "x": 629868.2, "y": 5219642.05, "order": 43, "visited": true}}, {"type": "Feature", "geometry": {"type": "Point", "coordinates": [629870.57, 5219641.19]}, "properties": {"type": "gap", "gap_m": 3.1, "vineyard_id": "V26", "row_id": "V26-R04", "reachable": true, "id": "T0636", "x": 629870.57, "y": 5219641.19, "order": 45, "visited": true}}, {"type": "Feature", "geometry": {"type": "Point", "coordinates": [629873.78, 5219644.65]}, "properties": {"type": "gap", "gap_m": 3.2, "vineyard_id": "V26", "row_id": "V26-R04", "reachable": true, "id": "T0635", "x": 629873.78, "y": 5219644.65, "order": 42, "visited": true}}, {"type": "Feature", "geometry": {"type": "Point", "coordinates": [629877.8, 5219648.97]}, "properties": {"type": "gap", "gap_m": 3.7, "vineyard_id": "V26", "row_id": "V26-R04", "reachable": true, "id": "T0634", "x": 629877.8, "y": 5219648.97, "order": 41, "visited": true}}, {"type": "Feature", "geometry": {"type": "Point", "coordinates": [629983.36, 5219758.43]}, "properties": {"type": "gap", "gap_m": 16.8, "vineyard_id": "V17", "row_id": "V17-R02", "reachable": true, "id": "T0584", "x": 629983.36, "y": 5219758.43, "order": 40, "visited": true}}, {"type": "Feature", "geometry": {"type": "Point", "coordinates": [629973.62, 5219770.77]}, "properties": {"type": "gap", "gap_m": 4.6, "vineyard_id": "V17", "row_id": "V17-R02", "reachable": true, "id": "T0583", "x": 629973.62, "y": 5219770.77, "order": 39, "visited": true}}, {"type": "Feature", "geometry": {"type": "Point", "coordinates": [629950.65, 5219797.02]}, "properties": {"type": "gap", "gap_m": 10.7, "vineyard_id": "V17", "row_id": "V17-R03", "reachable": true, "id": "T0588", "x": 629950.65, "y": 5219797.02, "order": 38, "visited": true}}, {"type": "Feature", "geometry": {"type": "Point", "coordinates": [629939.53, 5219811.11]}, "properties": {"type": "gap", "gap_m": 3.2, "vineyard_id": "V17", "row_id": "V17-R03", "reachable": true, "id": "T0587", "x": 629939.53, "y": 5219811.11, "order": 37, "visited": true}}, {"type": "Feature", "geometry": {"type": "Point", "coordinates": [629936.77, 5219814.6]}, "properties": {"type": "gap", "gap_m": 3.2, "vineyard_id": "V17", "row_id": "V17-R03", "reachable": true, "id": "T0586", "x": 629936.77, "y": 5219814.6, "order": 36, "visited": true}}, {"type": "Feature", "geometry": {"type": "Point", "coordinates": [629931.25, 5219821.6]}, "properties": {"type": "gap", "gap_m": 6.1, "vineyard_id": "V17", "row_id": "V17-R03", "reachable": true, "id": "T0585", "x": 629931.25, "y": 5219821.6, "order": 142, "visited": true}}, {"type": "Feature", "geometry": {"type": "Point", "coordinates": [629790.97, 5220003.37]}, "properties": {"type": "gap", "gap_m": 3.7, "vineyard_id": "V16", "row_id": "V16-R42", "reachable": true, "id": "T0570", "x": 629790.97, "y": 5220003.37, "order": 143, "visited": true}}, {"type": "Feature", "geometry": {"type": "Point", "coordinates": [629785.66, 5220010.57]}, "properties": {"type": "gap", "gap_m": 4.3, "vineyard_id": "V16", "row_id": "V16-R42", "reachable": true, "id": "T0569", "x": 629785.66, "y": 5220010.57, "order": 144, "visited": true}}, {"type": "Feature", "geometry": {"type": "Point", "coordinates": [629779.0, 5220014.86]}, "properties": {"type": "gap", "gap_m": 19.6, "vineyard_id": "V16", "row_id": "V16-R43", "reachable": true, "id": "T0571", "x": 629779.0, "y": 5220014.86, "order": 145, "visited": true}}, {"type": "Feature", "geometry": {"type": "Point", "coordinates": [629788.88, 5220010.64]}, "properties": {"type": "gap", "gap_m": 7.1, "vineyard_id": "V16", "row_id": "V16-R41", "reachable": true, "id": "T0566", "x": 629788.88, "y": 5220010.64, "order": 146, "visited": true}}, {"type": "Feature", "geometry": {"type": "Point", "coordinates": [629781.18, 5220021.1]}, "properties": {"type": "gap", "gap_m": 9.2, "vineyard_id": "V16", "row_id": "V16-R41", "reachable": true, "id": "T0565", "x": 629781.18, "y": 5220021.1, "order": 147, "visited": true}}, {"type": "Feature", "geometry": {"type": "Point", "coordinates": [629778.14, 5220020.75]}, "properties": {"type": "gap", "gap_m": 7.7, "vineyard_id": "V16", "row_id": "V16-R42", "reachable": true, "id": "T0568", "x": 629778.14, "y": 5220020.75, "order": 148, "visited": true}}, {"type": "Feature", "geometry": {"type": "Point", "coordinates": [629769.35, 5220017.72]}, "properties": {"type": "gap", "gap_m": 9.7, "vineyard_id": "V16", "row_id": "V16-R46", "reachable": true, "id": "T0573", "x": 629769.35, "y": 5220017.72, "order": 149, "visited": true}}, {"type": "Feature", "geometry": {"type": "Point", "coordinates": [629694.74, 5220048.38]}, "properties": {"type": "gap", "gap_m": 7.0, "vineyard_id": "V16", "row_id": "V16-R61", "reachable": true, "id": "T0577", "x": 629694.74, "y": 5220048.38, "order": 150, "visited": true}}, {"type": "Feature", "geometry": {"type": "Point", "coordinates": [629692.07, 5220047.82]}, "properties": {"type": "gap", "gap_m": 6.7, "vineyard_id": "V16", "row_id": "V16-R62", "reachable": true, "id": "T0578", "x": 629692.07, "y": 5220047.82, "order": 151, "visited": true}}, {"type": "Feature", "geometry": {"type": "Point", "coordinates": [629619.95, 5220105.12]}, "properties": {"type": "gap", "gap_m": 3.1, "vineyard_id": "V14", "row_id": "V14-R52", "reachable": true, "id": "T0491", "x": 629619.95, "y": 5220105.12, "order": 34, "visited": true}}, {"type": "Feature", "geometry": {"type": "Point", "coordinates": [629635.13, 5220067.3]}, "properties": {"type": "gap", "gap_m": 3.8, "vineyard_id": "V16", "row_id": "V16-R74", "reachable": true, "id": "T0580", "x": 629635.13, "y": 5220067.3, "order": 33, "visited": true}}, {"type": "Feature", "geometry": {"type": "Point", "coordinates": [629639.02, 5220062.22]}, "properties": {"type": "gap", "gap_m": 3.2, "vineyard_id": "V16", "row_id": "V16-R74", "reachable": true, "id": "T0581", "x": 629639.02, "y": 5220062.22, "order": 32, "visited": true}}, {"type": "Feature", "geometry": {"type": "Point", "coordinates": [629601.25, 5220120.8]}, "properties": {"type": "gap", "gap_m": 3.7, "vineyard_id": "V14", "row_id": "V14-R54", "reachable": true, "id": "T0492", "x": 629601.25, "y": 5220120.8, "order": 31, "visited": true}}, {"type": "Feature", "geometry": {"type": "Point", "coordinates": [629588.25, 5220132.56]}, "properties": {"type": "gap", "gap_m": 6.3, "vineyard_id": "V14", "row_id": "V14-R55", "reachable": true, "id": "T0493", "x": 629588.25, "y": 5220132.56, "order": 30, "visited": true}}, {"type": "Feature", "geometry": {"type": "Point", "coordinates": [629577.21, 5220142.41]}, "properties": {"type": "gap", "gap_m": 3.0, "vineyard_id": "V14", "row_id": "V14-R56", "reachable": true, "id": "T0496", "x": 629577.21, "y": 5220142.41, "order": 29, "visited": true}}, {"type": "Feature", "geometry": {"type": "Point", "coordinates": [629574.6, 5220145.75]}, "properties": {"type": "gap", "gap_m": 3.1, "vineyard_id": "V14", "row_id": "V14-R56", "reachable": true, "id": "T0495", "x": 629574.6, "y": 5220145.75, "order": 28, "visited": true}}, {"type": "Feature", "geometry": {"type": "Point", "coordinates": [629560.32, 5220164.96]}, "properties": {"type": "gap", "gap_m": 5.9, "vineyard_id": "V14", "row_id": "V14-R56", "reachable": true, "id": "T0494", "x": 629560.32, "y": 5220164.96, "order": 27, "visited": true}}, {"type": "Feature", "geometry": {"type": "Point", "coordinates": [629537.81, 5220199.77]}, "properties": {"type": "gap", "gap_m": 5.0, "vineyard_id": "V12", "row_id": "V12-R58", "reachable": true, "id": "T0445", "x": 629537.81, "y": 5220199.77, "order": 26, "visited": true}}, {"type": "Feature", "geometry": {"type": "Point", "coordinates": [629531.31, 5220203.38]}, "properties": {"type": "gap", "gap_m": 4.4, "vineyard_id": "V13", "row_id": "V13-R01", "reachable": true, "id": "T0449", "x": 629531.31, "y": 5220203.38, "order": 25, "visited": true}}, {"type": "Feature", "geometry": {"type": "Point", "coordinates": [629532.45, 5220197.71]}, "properties": {"type": "gap", "gap_m": 3.1, "vineyard_id": "V13", "row_id": "V13-R02", "reachable": true, "id": "T0452", "x": 629532.45, "y": 5220197.71, "order": 24, "visited": true}}, {"type": "Feature", "geometry": {"type": "Point", "coordinates": [629523.22, 5220209.94]}, "properties": {"type": "gap", "gap_m": 5.0, "vineyard_id": "V13", "row_id": "V13-R02", "reachable": true, "id": "T0451", "x": 629523.22, "y": 5220209.94, "order": 23, "visited": true}}, {"type": "Feature", "geometry": {"type": "Point", "coordinates": [629521.79, 5220216.02]}, "properties": {"type": "gap", "gap_m": 9.1, "vineyard_id": "V13", "row_id": "V13-R01", "reachable": true, "id": "T0448", "x": 629521.79, "y": 5220216.02, "order": 22, "visited": true}}, {"type": "Feature", "geometry": {"type": "Point", "coordinates": [629517.1, 5220218.06]}, "properties": {"type": "gap", "gap_m": 10.8, "vineyard_id": "V13", "row_id": "V13-R02", "reachable": true, "id": "T0450", "x": 629517.1, "y": 5220218.06, "order": 21, "visited": true}}, {"type": "Feature", "geometry": {"type": "Point", "coordinates": [629526.1, 5220215.31]}, "properties": {"type": "gap", "gap_m": 3.8, "vineyard_id": "V12", "row_id": "V12-R58", "reachable": true, "id": "T0444", "x": 629526.1, "y": 5220215.31, "order": null, "visited": true}}, {"type": "Feature", "geometry": {"type": "Point", "coordinates": [629523.35, 5220218.95]}, "properties": {"type": "gap", "gap_m": 3.9, "vineyard_id": "V12", "row_id": "V12-R58", "reachable": true, "id": "T0443", "x": 629523.35, "y": 5220218.95, "order": 20, "visited": true}}, {"type": "Feature", "geometry": {"type": "Point", "coordinates": [629530.49, 5220213.81]}, "properties": {"type": "gap", "gap_m": 3.0, "vineyard_id": "V12", "row_id": "V12-R57", "reachable": true, "id": "T0439", "x": 629530.49, "y": 5220213.81, "order": 19, "visited": true}}, {"type": "Feature", "geometry": {"type": "Point", "coordinates": [629516.92, 5220222.49]}, "properties": {"type": "gap", "gap_m": 5.8, "vineyard_id": "V13", "row_id": "V13-R01", "reachable": true, "id": "T0447", "x": 629516.92, "y": 5220222.49, "order": 18, "visited": true}}, {"type": "Feature", "geometry": {"type": "Point", "coordinates": [629518.36, 5220229.79]}, "properties": {"type": "gap", "gap_m": 7.2, "vineyard_id": "V12", "row_id": "V12-R57", "reachable": true, "id": "T0437", "x": 629518.36, "y": 5220229.79, "order": 17, "visited": true}}, {"type": "Feature", "geometry": {"type": "Point", "coordinates": [629509.64, 5220232.15]}, "properties": {"type": "gap", "gap_m": 15.9, "vineyard_id": "V13", "row_id": "V13-R01", "reachable": true, "id": "T0446", "x": 629509.64, "y": 5220232.15, "order": 16, "visited": true}}, {"type": "Feature", "geometry": {"type": "Point", "coordinates": [629509.85, 5220236.86]}, "properties": {"type": "gap", "gap_m": 14.4, "vineyard_id": "V12", "row_id": "V12-R58", "reachable": true, "id": "T0442", "x": 629509.85, "y": 5220236.86, "order": 15, "visited": true}}, {"type": "Feature", "geometry": {"type": "Point", "coordinates": [629523.7, 5220222.75]}, "properties": {"type": "gap", "gap_m": 8.8, "vineyard_id": "V12", "row_id": "V12-R57", "reachable": true, "id": "T0438", "x": 629523.7, "y": 5220222.75, "order": 14, "visited": true}}, {"type": "Feature", "geometry": {"type": "Point", "coordinates": [629535.22, 5220207.56]}, "properties": {"type": "gap", "gap_m": 8.4, "vineyard_id": "V12", "row_id": "V12-R57", "reachable": true, "id": "T0440", "x": 629535.22, "y": 5220207.56, "order": 13, "visited": true}}, {"type": "Feature", "geometry": {"type": "Point", "coordinates": [629549.88, 5220188.17]}, "properties": {"type": "gap", "gap_m": 4.9, "vineyard_id": "V12", "row_id": "V12-R57", "reachable": true, "id": "T0441", "x": 629549.88, "y": 5220188.17, "order": 12, "visited": true}}, {"type": "Feature", "geometry": {"type": "Point", "coordinates": [629555.97, 5220185.14]}, "properties": {"type": "gap", "gap_m": 4.1, "vineyard_id": "V12", "row_id": "V12-R56", "reachable": true, "id": "T0436", "x": 629555.97, "y": 5220185.14, "order": null, "visited": true}}, {"type": "Feature", "geometry": {"type": "Point", "coordinates": [629601.84, 5220129.16]}, "properties": {"type": "gap", "gap_m": 3.4, "vineyard_id": "V14", "row_id": "V14-R52", "reachable": true, "id": "T0490", "x": 629601.84, "y": 5220129.16, "order": 11, "visited": true}}, {"type": "Feature", "geometry": {"type": "Point", "coordinates": [629559.09, 5220185.53]}, "properties": {"type": "gap", "gap_m": 3.0, "vineyard_id": "V12", "row_id": "V12-R55", "reachable": true, "id": "T0434", "x": 629559.09, "y": 5220185.53, "order": 10, "visited": true}}, {"type": "Feature", "geometry": {"type": "Point", "coordinates": [629545.92, 5220207.83]}, "properties": {"type": "gap", "gap_m": 4.3, "vineyard_id": "V12", "row_id": "V12-R54", "reachable": true, "id": "T0429", "x": 629545.92, "y": 5220207.83, "order": 4, "visited": true}}, {"type": "Feature", "geometry": {"type": "Point", "coordinates": [629535.29, 5220221.87]}, "properties": {"type": "gap", "gap_m": 3.2, "vineyard_id": "V12", "row_id": "V12-R54", "reachable": true, "id": "T0428", "x": 629535.29, "y": 5220221.87, "order": 9, "visited": true}}, {"type": "Feature", "geometry": {"type": "Point", "coordinates": [629527.02, 5220227.89]}, "properties": {"type": "gap", "gap_m": 3.3, "vineyard_id": "V12", "row_id": "V12-R55", "reachable": true, "id": "T0432", "x": 629527.02, "y": 5220227.89, "order": 8, "visited": true}}, {"type": "Feature", "geometry": {"type": "Point", "coordinates": [629523.22, 5220232.92]}, "properties": {"type": "gap", "gap_m": 4.7, "vineyard_id": "V12", "row_id": "V12-R55", "reachable": true, "id": "T0431", "x": 629523.22, "y": 5220232.92, "order": null, "visited": true}}, {"type": "Feature", "geometry": {"type": "Point", "coordinates": [629523.44, 5220237.53]}, "properties": {"type": "gap", "gap_m": 5.0, "vineyard_id": "V12", "row_id": "V12-R54", "reachable": true, "id": "T0427", "x": 629523.44, "y": 5220237.53, "order": 7, "visited": true}}, {"type": "Feature", "geometry": {"type": "Point", "coordinates": [629517.43, 5220240.62]}, "properties": {"type": "gap", "gap_m": 4.9, "vineyard_id": "V12", "row_id": "V12-R55", "reachable": true, "id": "T0430", "x": 629517.43, "y": 5220240.62, "order": 6, "visited": true}}, {"type": "Feature", "geometry": {"type": "Point", "coordinates": [629520.0, 5220246.58]}, "properties": {"type": "gap", "gap_m": 5.3, "vineyard_id": "V12", "row_id": "V12-R53", "reachable": true, "id": "T0421", "x": 629520.0, "y": 5220246.58, "order": 1, "visited": true}}, {"type": "Feature", "geometry": {"type": "Point", "coordinates": [629523.37, 5220242.11]}, "properties": {"type": "gap", "gap_m": 4.4, "vineyard_id": "V12", "row_id": "V12-R53", "reachable": true, "id": "T0422", "x": 629523.37, "y": 5220242.11, "order": 2, "visited": true}}, {"type": "Feature", "geometry": {"type": "Point", "coordinates": [629528.79, 5220234.91]}, "properties": {"type": "gap", "gap_m": 3.2, "vineyard_id": "V12", "row_id": "V12-R53", "reachable": true, "id": "T0423", "x": 629528.79, "y": 5220234.91, "order": null, "visited": true}}, {"type": "Feature", "geometry": {"type": "Point", "coordinates": [629533.73, 5220228.36]}, "properties": {"type": "gap", "gap_m": 5.6, "vineyard_id": "V12", "row_id": "V12-R53", "reachable": true, "id": "T0424", "x": 629533.73, "y": 5220228.36, "order": 3, "visited": true}}, {"type": "Feature", "geometry": {"type": "Point", "coordinates": [629549.02, 5220208.08]}, "properties": {"type": "gap", "gap_m": 6.7, "vineyard_id": "V12", "row_id": "V12-R53", "reachable": true, "id": "T0425", "x": 629549.02, "y": 5220208.08, "order": 5, "visited": true}}]}