{"type":"FeatureCollection","features":[{"type":"Feature","properties":{"vineyard_id":"V02","interrow_cover":"bare_soil","tile":"siret3_r005_c004.tif","area_m2":20.242},"geometry":{"type":"Polygon","coordinates":[[[629248.0,5220949.94],[629248.0,5220954.74],[629245.17,5220961.7],[629244.9,5220961.7],[629244.8,5220961.8],[629244.6,5220961.8],[629244.6,5220962.0],[629244.5,5220962.1],[629244.4,5220962.1],[629244.3,5220962.0],[629244.2,5220962.1],[629244.2,5220962.2],[629244.1,5220962.3],[629244.0,5220962.3],[629243.8,5220962.5],[629243.7,5220962.4],[629243.7,5220962.3],[629243.6,5220962.3],[629243.4,5220962.5],[629242.8,5220962.5],[629242.76,5220962.46],[629248.0,5220949.94]]]}},{"type":"Feature","properties":{"vineyard_id":"V02","interrow_cover":"bare_soil","tile":"siret3_r005_c004.tif","area_m2":29.1},"geometry":{"type":"Polygon","coordinates":[[[629248.0,5220943.33],[629248.0,5220948.38],[629242.4,5220961.75],[629242.4,5220961.7],[629242.3,5220961.7],[629242.2,5220961.6],[629242.3,5220961.5],[629242.2,5220961.5],[629242.1,5220961.4],[629242.0,5220961.4],[629241.9,5220961.3],[629241.8,5220961.3],[629241.7,5220961.2],[629241.7,5220960.9],[629241.8,5220960.8],[629241.7,5220960.7],[629241.7,5220960.3],[629241.8,5220960.2],[629241.9,5220960.3],[629241.9,5220960.2],[629241.8,5220960.1],[629241.8,5220960.0],[629241.7,5220960.1],[629241.6,5220960.0],[629241.6,5220959.7],[629241.7,5220959.6],[629241.8,5220959.5],[629241.8,5220959.3],[629241.7,5220959.2],[629241.8,5220959.1],[629241.8,5220958.8],[629241.78,5220958.78],[629248.0,5220943.33]]]}},{"type":"Feature","properties":{"vineyard_id":"V02","interrow_cover":"bare_soil","tile":"siret3_r005_c004.tif","area_m2":34.99},"geometry":{"type":"Polygon","coordinates":[[[629248.0,5220936.7],[629248.0,5220941.72],[629241.52,5220957.82],[629241.5,5220957.8],[629241.5,5220957.7],[629241.6,5220957.6],[629241.6,5220957.4],[629241.5,5220957.3],[629241.5,5220957.0],[629241.6,5220956.9],[629241.6,5220956.7],[629241.5,5220956.7],[629241.4,5220956.6],[629241.4,5220956.5],[629241.5,5220956.4],[629241.5,5220956.3],[629241.4,5220956.3],[629241.3,5220956.2],[629241.3,5220956.1],[629241.4,5220956.0],[629241.4,5220955.9],[629241.5,5220955.8],[629241.5,5220955.7],[629241.4,5220955.8],[629241.3,5220955.7],[629241.3,5220955.6],[629241.5,5220955.4],[629241.5,5220955.0],[629241.4,5220955.0],[629241.2,5220954.8],[629241.2,5220954.6],[629241.1,5220954.5],[629241.1,5220954.4],[629241.0,5220954.5],[629240.8,5220954.5],[629240.7,5220954.4],[629240.7,5220954.38],[629248.0,5220936.7]]]}},{"type":"Feature","properties":{"vineyard_id":"V02","interrow_cover":"bare_soil","tile":"siret3_r005_c004.tif","area_m2":46.013},"geometry":{"type":"Polygon","coordinates":[[[629248.0,5220929.84],[629248.0,5220935.13],[629240.21,5220954.01],[629240.2,5220954.0],[629240.1,5220954.1],[629240.0,5220954.1],[629239.9,5220954.0],[629240.0,5220953.9],[629240.0,5220953.8],[629239.9,5220953.8],[629239.8,5220953.7],[629239.6,5220953.7],[629239.5,5220953.6],[629239.4,5220953.7],[629239.3,5220953.6],[629239.3,5220953.4],[629239.2,5220953.5],[629239.1,5220953.5],[629238.9,5220953.3],[629238.9,5220953.2],[629238.8,5220953.3],[629238.7,5220953.2],[629238.7,5220953.1],[629238.6,5220953.0],[629238.5,5220953.0],[629238.4,5220953.1],[629238.39,5220953.09],[629248.0,5220929.84]]]}},{"type":"Feature","properties":{"vineyard_id":"V02","interrow_cover":"bare_soil","tile":"siret3_r005_c004.tif","area_m2":53.709},"geometry":{"type":"Polygon","coordinates":[[[629248.0,5220923.5],[629248.0,5220928.27],[629237.93,5220952.63],[629237.9,5220952.6],[629237.8,5220952.7],[629237.7,5220952.6],[629237.7,5220952.5],[629237.6,5220952.5],[629237.5,5220952.4],[629237.4,5220952.4],[629237.3,5220952.5],[629237.2,5220952.5],[629237.1,5220952.4],[629237.1,5220952.2],[629237.0,5220952.1],[629236.4,5220952.1],[629236.3,5220952.0],[629236.3,5220951.8],[629236.2,5220951.9],[629236.17,5220951.87],[629248.0,5220923.5]]]}},{"type":"Feature","properties":{"vineyard_id":"V02","interrow_cover":"bare_soil","tile":"siret3_r005_c004.tif","area_m2":56.844},"geometry":{"type":"Polygon","coordinates":[[[629248.0,5220917.46],[629248.0,5220921.94],[629235.67,5220951.5],[629235.4,5220951.5],[629235.3,5220951.4],[629235.3,5220951.3],[629235.0,5220951.3],[629234.9,5220951.2],[629234.9,5220951.1],[629234.8,5220951.1],[629234.7,5220951.0],[629234.6,5220951.0],[629234.5,5220950.9],[629234.4,5220951.0],[629234.3,5220950.9],[629234.17,5220950.9],[629248.0,5220917.46]]]}},{"type":"Feature","properties":{"vineyard_id":"V02","interrow_cover":"bare_soil","tile":"siret3_r005_c004.tif","area_m2":62.923},"geometry":{"type":"Polygon","coordinates":[[[629233.59,5220948.61],[629233.6,5220948.6],[629233.7,5220948.6],[629233.7,5220948.5],[629233.8,5220948.4],[629233.9,5220948.4],[629233.9,5220948.1],[629234.0,5220948.0],[629234.5,5220948.0],[629234.5,5220947.9],[629234.6,5220947.8],[629234.7,5220947.8],[629234.7,5220947.0],[629234.6,5220946.9],[629234.4,5220946.9],[629234.3,5220946.8],[629234.3,5220946.7],[629234.1,5220946.5],[629234.0,5220946.5],[629233.9,5220946.4],[629233.9,5220946.3],[629233.8,5220946.2],[629233.8,5220946.1],[629233.6,5220946.1],[629233.59,5220946.09],[629246.21,5220915.21],[629247.8,5220916.36],[629233.79,5220950.25],[629233.59,5220948.61]]]}},{"type":"Feature","properties":{"vineyard_id":"V02","interrow_cover":"bare_soil","tile":"siret3_r005_c004.tif","area_m2":63.085},"geometry":{"type":"Polygon","coordinates":[[[629243.65,5220915.2],[629245.56,5220915.2],[629233.1,5220945.7],[629233.1,5220945.7],[629233.0,5220945.7],[629232.7,5220945.4],[629232.7,5220945.3],[629232.5,5220945.1],[629232.5,5220945.2],[629232.4,5220945.3],[629232.3,5220945.2],[629232.3,5220944.9],[629232.2,5220944.9],[629232.1,5220944.8],[629232.1,5220944.7],[629232.0,5220944.7],[629231.9,5220944.6],[629231.9,5220944.5],[629231.8,5220944.4],[629231.7,5220944.4],[629231.5,5220944.2],[629231.5,5220944.1],[629231.44,5220944.1],[629243.65,5220915.2]]]}},{"type":"Feature","properties":{"vineyard_id":"V02","interrow_cover":"bare_soil","tile":"siret3_r005_c004.tif","area_m2":60.156},"geometry":{"type":"Polygon","coordinates":[[[629240.97,5220915.2],[629243.0,5220915.2],[629230.94,5220943.74],[629230.9,5220943.7],[629230.8,5220943.7],[629230.7,5220943.6],[629230.7,5220943.5],[629230.6,5220943.5],[629230.5,5220943.4],[629230.6,5220943.3],[629230.3,5220943.3],[629230.2,5220943.2],[629230.1,5220943.2],[629230.0,5220943.3],[629229.6,5220943.3],[629229.5,5220943.2],[629229.5,5220943.1],[629229.6,5220943.0],[629229.5,5220943.0],[629229.4,5220943.1],[629229.3,5220943.0],[629229.2,5220943.1],[629229.1,5220943.0],[629229.1,5220942.9],[629229.03,5220942.9],[629240.97,5220915.2]]]}},{"type":"Feature","properties":{"vineyard_id":"V02","interrow_cover":"bare_soil","tile":"siret3_r005_c004.tif","area_m2":64.836},"geometry":{"type":"Polygon","coordinates":[[[629237.99,5220915.2],[629240.32,5220915.2],[629228.38,5220942.9],[629228.1,5220942.9],[629228.0,5220942.8],[629227.9,5220942.9],[629227.7,5220942.9],[629227.5,5220942.7],[629227.4,5220942.7],[629227.4,5220942.8],[629227.3,5220942.9],[629227.2,5220942.9],[629227.1,5220942.8],[629227.1,5220942.7],[629226.7,5220942.7],[629226.6,5220942.6],[629226.5,5220942.7],[629226.2,5220942.7],[629226.13,5220942.63],[629237.99,5220915.2]]]}},{"type":"Feature","properties":{"vineyard_id":"V02","interrow_cover":"bare_soil","tile":"siret3_r005_c004.tif","area_m2":57.856},"geometry":{"type":"Polygon","coordinates":[[[629235.2,5220915.2],[629237.33,5220915.2],[629225.5,5220942.57],[629225.5,5220942.5],[629225.4,5220942.5],[629225.3,5220942.4],[629225.3,5220942.3],[629225.4,5220942.2],[629225.3,5220942.2],[629225.2,5220942.3],[629225.1,5220942.2],[629225.1,5220942.1],[629224.8,5220942.1],[629224.7,5220942.0],[629224.7,5220941.9],[629224.8,5220941.8],[629224.7,5220941.7],[629224.6,5220941.7],[629224.5,5220941.6],[629224.5,5220941.5],[629224.4,5220941.5],[629224.3,5220941.4],[629224.3,5220941.3],[629224.2,5220941.3],[629224.1,5220941.2],[629224.1,5220941.1],[629224.0,5220941.2],[629223.92,5220941.12],[629235.2,5220915.2]]]}},{"type":"Feature","properties":{"vineyard_id":"V02","interrow_cover":"bare_soil","tile":"siret3_r005_c004.tif","area_m2":49.087},"geometry":{"type":"Polygon","coordinates":[[[629232.43,5220915.2],[629234.55,5220915.2],[629223.5,5220940.57],[629223.5,5220940.5],[629223.2,5220940.5],[629223.1,5220940.4],[629223.1,5220940.1],[629223.0,5220940.1],[629222.9,5220940.0],[629222.9,5220939.9],[629222.8,5220939.9],[629222.7,5220939.8],[629222.7,5220939.7],[629222.6,5220939.6],[629222.4,5220939.6],[629222.3,5220939.5],[629222.3,5220939.2],[629222.24,5220939.2],[629232.43,5220915.2]]]}},{"type":"Feature","properties":{"vineyard_id":"V02","interrow_cover":"bare_soil","tile":"siret3_r005_c004.tif","area_m2":48.26},"geometry":{"type":"Polygon","coordinates":[[[629229.66,5220915.2],[629231.77,5220915.2],[629221.74,5220938.84],[629221.5,5220938.6],[629221.5,5220938.5],[629221.4,5220938.5],[629221.3,5220938.4],[629221.3,5220938.2],[629221.2,5220938.1],[629220.9,5220938.1],[629220.8,5220938.0],[629220.8,5220937.8],[629220.7,5220937.7],[629220.7,5220937.0],[629221.1,5220936.6],[629221.1,5220935.9],[629221.2,5220935.8],[629221.2,5220935.7],[629220.9,5220935.7],[629229.66,5220915.2]]]}},{"type":"Feature","properties":{"vineyard_id":"V02","interrow_cover":"bare_soil","tile":"siret3_r005_c004.tif","area_m2":28.646},"geometry":{"type":"Polygon","coordinates":[[[629226.28,5220921.6],[629220.44,5220935.27],[629220.4,5220935.3],[629220.3,5220935.2],[629220.3,5220934.9],[629220.0,5220934.9],[629219.9,5220934.8],[629220.0,5220934.7],[629219.9,5220934.7],[629219.7,5220934.5],[629219.5,5220934.5],[629219.4,5220934.4],[629219.5,5220934.3],[629219.2,5220934.3],[629219.1,5220934.2],[629219.1,5220934.1],[629218.8,5220934.1],[629218.77,5220934.07],[629224.49,5220920.84],[629226.28,5220921.6]]]}},{"type":"Feature","properties":{"vineyard_id":"V02","interrow_cover":"bare_soil","tile":"siret3_r005_c004.tif","area_m2":25.519},"geometry":{"type":"Polygon","coordinates":[[[629223.94,5220920.61],[629218.31,5220933.61],[629218.3,5220933.6],[629218.3,5220933.4],[629218.2,5220933.4],[629218.1,5220933.3],[629218.0,5220933.3],[629217.9,5220933.2],[629217.8,5220933.2],[629217.7,5220933.1],[629217.6,5220933.1],[629217.5,5220933.0],[629217.6,5220932.9],[629217.2,5220932.9],[629217.1,5220932.8],[629217.1,5220932.7],[629217.0,5220932.6],[629217.1,5220932.5],[629216.92,5220932.5],[629222.14,5220919.85],[629223.94,5220920.61]]]}},{"type":"Feature","properties":{"vineyard_id":"V02","interrow_cover":"bare_soil","tile":"siret3_r005_c004.tif","area_m2":31.26},"geometry":{"type":"Polygon","coordinates":[[[629221.63,5220915.2],[629223.41,5220915.2],[629216.42,5220932.12],[629216.4,5220932.1],[629216.2,5220932.1],[629216.1,5220932.0],[629216.2,5220931.9],[629216.0,5220931.9],[629215.9,5220931.8],[629215.9,5220931.7],[629215.8,5220931.6],[629215.7,5220931.7],[629215.6,5220931.7],[629215.5,5220931.6],[629215.5,5220931.3],[629215.2,5220931.3],[629215.1,5220931.2],[629215.1,5220931.1],[629215.0,5220931.1],[629214.9,5220931.0],[629214.9,5220930.9],[629214.9,5220930.9],[629221.63,5220915.2]]]}},{"type":"Feature","properties":{"vineyard_id":"V02","interrow_cover":"bare_soil","tile":"siret3_r005_c004.tif","area_m2":36.611},"geometry":{"type":"Polygon","coordinates":[[[629218.54,5220915.2],[629220.97,5220915.2],[629214.32,5220930.72],[629214.3,5220930.7],[629214.3,5220930.5],[629214.0,5220930.5],[629213.9,5220930.4],[629213.9,5220930.2],[629213.8,5220930.3],[629213.7,5220930.2],[629213.7,5220930.1],[629213.6,5220930.1],[629213.5,5220930.0],[629213.5,5220929.8],[629213.4,5220929.9],[629213.3,5220929.9],[629213.1,5220929.7],[629212.25,5220929.7],[629218.54,5220915.2]]]}},{"type":"Feature","properties":{"vineyard_id":"V02","interrow_cover":"bare_soil","tile":"siret3_r005_c004.tif","area_m2":27.815},"geometry":{"type":"Polygon","coordinates":[[[629215.79,5220915.2],[629217.89,5220915.2],[629211.75,5220929.35],[629211.3,5220928.9],[629211.2,5220928.9],[629211.1,5220928.8],[629211.1,5220928.7],[629211.0,5220928.7],[629210.9,5220928.6],[629211.0,5220928.5],[629210.7,5220928.5],[629210.6,5220928.4],[629210.6,5220928.3],[629210.5,5220928.3],[629210.3,5220928.1],[629210.27,5220928.1],[629215.79,5220915.2]]]}},{"type":"Feature","properties":{"vineyard_id":"V02","interrow_cover":"bare_soil","tile":"siret3_r005_c004.tif","area_m2":30.192},"geometry":{"type":"Polygon","coordinates":[[[629213.18,5220915.2],[629215.13,5220915.2],[629209.61,5220928.1],[629209.2,5220928.1],[629209.1,5220928.0],[629209.0,5220928.0],[629209.0,5220928.2],[629208.9,5220928.3],[629208.8,5220928.2],[629208.8,5220928.4],[629208.7,5220928.5],[629208.8,5220928.6],[629208.8,5220928.8],[629208.7,5220928.9],[629208.4,5220928.9],[629208.4,5220929.2],[629208.2,5220929.4],[629208.2,5220929.5],[629208.3,5220929.6],[629208.2,5220929.7],[629208.0,5220929.7],[629208.0,5220930.4],[629207.9,5220930.5],[629207.8,5220930.5],[629207.8,5220930.6],[629207.7,5220930.7],[629207.6,5220930.6],[629207.6,5220930.7],[629207.4,5220930.9],[629207.2,5220930.9],[629207.0,5220931.1],[629206.9,5220931.0],[629206.8,5220931.1],[629206.7,5220931.2],[629206.4,5220931.2],[629206.3,5220931.3],[629206.11,5220931.3],[629213.18,5220915.2]]]}},{"type":"Feature","properties":{"vineyard_id":"V02","interrow_cover":"bare_soil","tile":"siret3_r005_c004.tif","area_m2":28.612},"geometry":{"type":"Polygon","coordinates":[[[629206.57,5220928.77],[629204.7,5220927.98],[629210.4,5220915.2],[629212.52,5220915.2],[629206.57,5220928.77]]]}},{"type":"Feature","properties":{"vineyard_id":"V02","interrow_cover":"bare_soil","tile":"siret3_r005_c004.tif","area_m2":28.277},"geometry":{"type":"Polygon","coordinates":[[[629204.15,5220927.75],[629202.31,5220926.97],[629207.27,5220915.2],[629209.74,5220915.2],[629204.15,5220927.75]]]}},{"type":"Feature","properties":{"vineyard_id":"V02","interrow_cover":"mixed","tile":"siret3_r005_c004.tif","area_m2":38.664},"geometry":{"type":"Polygon","coordinates":[[[629204.32,5220915.2],[629206.61,5220915.2],[629199.08,5220933.1],[629198.7,5220933.1],[629198.5,5220932.9],[629198.4,5220932.9],[629198.3,5220932.8],[629198.3,5220932.5],[629198.1,5220932.5],[629198.0,5220932.4],[629198.0,5220932.3],[629197.9,5220932.2],[629197.9,5220932.1],[629197.8,5220932.1],[629197.6,5220931.9],[629197.5,5220931.9],[629197.45,5220931.85],[629204.32,5220915.2]]]}},{"type":"Feature","properties":{"vineyard_id":"V02","interrow_cover":"bare_soil","tile":"siret3_r006_c002.tif","area_m2":10.284},"geometry":{"type":"Polygon","coordinates":[[[629145.6,5220878.55],[629145.6,5220883.16],[629144.27,5220886.47],[629144.2,5220886.4],[629144.3,5220886.3],[629144.0,5220886.3],[629143.9,5220886.2],[629144.0,5220886.1],[629143.6,5220886.1],[629143.5,5220886.0],[629143.5,5220885.9],[629143.3,5220885.7],[629143.2,5220885.7],[629143.1,5220885.6],[629143.1,5220885.5],[629142.8,5220885.2],[629142.7,5220885.3],[629142.62,5220885.3],[629145.6,5220878.55]]]}},{"type":"Feature","properties":{"vineyard_id":"V02","interrow_cover":"bare_soil","tile":"siret3_r006_c002.tif","area_m2":13.265},"geometry":{"type":"Polygon","coordinates":[[[629144.81,5220878.87],[629142.1,5220884.99],[629142.1,5220884.9],[629141.9,5220884.9],[629141.8,5220884.8],[629141.8,5220884.7],[629141.6,5220884.7],[629141.5,5220884.6],[629141.5,5220884.5],[629141.2,5220884.5],[629141.1,5220884.4],[629141.1,5220884.2],[629141.0,5220884.2],[629140.9,5220884.1],[629140.6,5220884.1],[629140.5,5220884.0],[629140.5,5220883.9],[629140.43,5220883.83],[629142.9,5220878.05],[629144.81,5220878.87]]]}},{"type":"Feature","properties":{"vineyard_id":"V02","interrow_cover":"bare_soil","tile":"siret3_r006_c002.tif","area_m2":11.168},"geometry":{"type":"Polygon","coordinates":[[[629142.34,5220877.82],[629139.85,5220883.65],[629139.8,5220883.6],[629139.9,5220883.5],[629139.7,5220883.3],[629139.6,5220883.4],[629139.3,5220883.1],[629139.2,5220883.2],[629139.1,5220883.1],[629139.1,5220882.9],[629138.8,5220882.9],[629138.7,5220882.8],[629138.6,5220882.8],[629138.5,5220882.7],[629138.5,5220882.8],[629138.4,5220882.9],[629138.3,5220882.8],[629138.3,5220882.63],[629140.65,5220877.1],[629142.34,5220877.82]]]}},{"type":"Feature","properties":{"vineyard_id":"V02","interrow_cover":"bare_soil","tile":"siret3_r006_c002.tif","area_m2":36.81},"geometry":{"type":"Polygon","coordinates":[[[629137.8,5220882.29],[629137.7,5220882.2],[629137.7,5220882.1],[629137.4,5220882.1],[629137.3,5220882.0],[629137.3,5220881.9],[629137.2,5220881.8],[629137.1,5220881.8],[629137.0,5220881.7],[629136.8,5220881.7],[629136.7,5220881.6],[629136.7,5220881.5],[629136.6,5220881.5],[629136.5,5220881.4],[629136.6,5220881.3],[629136.4,5220881.3],[629136.2,5220881.1],[629136.18,5220881.08],[629143.54,5220864.0],[629145.56,5220864.0],[629145.56,5220864.0],[629137.8,5220882.29]]]}},{"type":"Feature","properties":{"vineyard_id":"V02","interrow_cover":"bare_soil","tile":"siret3_r006_c002.tif","area_m2":30.343},"geometry":{"type":"Polygon","coordinates":[[[629140.91,5220864.0],[629142.89,5220864.0],[629135.72,5220880.62],[629135.7,5220880.6],[629135.7,5220880.5],[629135.6,5220880.5],[629135.5,5220880.4],[629135.5,5220880.3],[629135.3,5220880.3],[629135.2,5220880.2],[629135.1,5220880.2],[629135.2,5220880.3],[629135.2,5220880.4],[629135.1,5220880.5],[629134.4,5220880.5],[629134.3,5220880.4],[629134.3,5220880.1],[629134.22,5220880.1],[629140.91,5220864.0]]]}},{"type":"Feature","properties":{"vineyard_id":"V02","interrow_cover":"bare_soil","tile":"siret3_r006_c002.tif","area_m2":35.926},"geometry":{"type":"Polygon","coordinates":[[[629137.98,5220864.0],[629140.26,5220864.0],[629133.66,5220879.9],[629133.6,5220879.9],[629133.5,5220879.8],[629133.5,5220879.7],[629133.2,5220879.7],[629133.1,5220879.6],[629133.1,5220879.5],[629133.0,5220879.4],[629132.9,5220879.5],[629132.8,5220879.5],[629132.7,5220879.4],[629132.8,5220879.3],[629132.7,5220879.3],[629132.6,5220879.2],[629132.4,5220879.2],[629132.3,5220879.1],[629132.3,5220879.0],[629132.2,5220879.0],[629132.1,5220878.9],[629132.0,5220878.9],[629131.9,5220878.8],[629131.9,5220878.7],[629131.74,5220878.7],[629137.98,5220864.0]]]}},{"type":"Feature","properties":{"vineyard_id":"V02","interrow_cover":"bare_soil","tile":"siret3_r006_c002.tif","area_m2":25.36},"geometry":{"type":"Polygon","coordinates":[[[629135.3,5220864.0],[629137.33,5220864.0],[629131.18,5220878.5],[629131.1,5220878.5],[629130.9,5220878.3],[629130.8,5220878.4],[629130.7,5220878.3],[629130.7,5220878.1],[629130.4,5220878.1],[629130.3,5220878.0],[629130.3,5220877.9],[629130.2,5220877.9],[629130.1,5220877.8],[629130.0,5220877.8],[629129.93,5220877.73],[629135.3,5220864.0]]]}},{"type":"Feature","properties":{"vineyard_id":"V02","interrow_cover":"bare_soil","tile":"siret3_r006_c002.tif","area_m2":27.311},"geometry":{"type":"Polygon","coordinates":[[[629132.55,5220864.0],[629134.65,5220864.0],[629129.39,5220877.49],[629129.3,5220877.4],[629129.3,5220877.3],[629129.1,5220877.3],[629129.0,5220877.2],[629128.9,5220877.3],[629128.8,5220877.3],[629128.7,5220877.2],[629128.7,5220877.1],[629128.5,5220876.9],[629128.4,5220876.9],[629128.3,5220876.8],[629128.0,5220876.8],[629127.9,5220876.9],[629127.8,5220876.9],[629127.7,5220876.8],[629127.8,5220876.7],[629127.8,5220876.6],[629127.7,5220876.7],[629127.63,5220876.63],[629132.55,5220864.0]]]}},{"type":"Feature","properties":{"vineyard_id":"V02","interrow_cover":"bare_soil","tile":"siret3_r006_c002.tif","area_m2":27.63},"geometry":{"type":"Polygon","coordinates":[[[629129.66,5220864.0],[629131.91,5220864.0],[629127.1,5220876.33],[629127.1,5220876.2],[629127.0,5220876.3],[629126.9,5220876.3],[629126.8,5220876.2],[629126.8,5220876.1],[629126.3,5220876.1],[629126.2,5220876.0],[629126.3,5220875.9],[629126.1,5220875.9],[629126.1,5220876.0],[629126.0,5220876.1],[629125.9,5220876.0],[629125.9,5220875.9],[629125.6,5220875.6],[629125.5,5220875.7],[629125.4,5220875.7],[629125.3,5220875.6],[629125.2,5220875.7],[629125.1,5220875.6],[629125.1,5220875.4],[629125.08,5220875.4],[629129.66,5220864.0]]]}},{"type":"Feature","properties":{"vineyard_id":"V02","interrow_cover":"bare_soil","tile":"siret3_r006_c002.tif","area_m2":22.932},"geometry":{"type":"Polygon","coordinates":[[[629126.96,5220864.0],[629129.01,5220864.0],[629124.47,5220875.3],[629124.4,5220875.3],[629124.2,5220875.5],[629124.1,5220875.4],[629124.1,5220875.3],[629122.47,5220875.3],[629126.96,5220864.0]]]}},{"type":"Feature","properties":{"vineyard_id":"V02","interrow_cover":"bare_soil","tile":"siret3_r006_c002.tif","area_m2":22.203},"geometry":{"type":"Polygon","coordinates":[[[629124.35,5220864.0],[629126.32,5220864.0],[629121.83,5220875.3],[629120.8,5220875.3],[629120.7,5220875.2],[629120.7,5220875.1],[629120.6,5220875.0],[629120.6,5220874.9],[629120.4,5220874.9],[629120.3,5220874.8],[629120.3,5220874.7],[629120.2,5220874.6],[629120.3,5220874.5],[629120.2,5220874.5],[629120.14,5220874.44],[629124.35,5220864.0]]]}},{"type":"Feature","properties":{"vineyard_id":"V02","interrow_cover":"bare_soil","tile":"siret3_r006_c002.tif","area_m2":20.82},"geometry":{"type":"Polygon","coordinates":[[[629121.4,5220864.0],[629123.7,5220864.0],[629119.65,5220874.05],[629119.6,5220874.0],[629119.7,5220873.9],[629119.6,5220873.9],[629119.5,5220873.8],[629119.5,5220873.6],[629119.4,5220873.6],[629119.3,5220873.5],[629119.3,5220873.4],[629119.2,5220873.4],[629119.1,5220873.3],[629119.1,5220873.0],[629119.0,5220873.0],[629118.9,5220872.9],[629118.8,5220872.9],[629118.7,5220872.8],[629118.8,5220872.7],[629118.7,5220872.7],[629118.6,5220872.6],[629118.6,5220872.5],[629118.4,5220872.5],[629118.3,5220872.4],[629118.3,5220872.2],[629118.2,5220872.1],[629118.1,5220872.1],[629121.4,5220864.0]]]}},{"type":"Feature","properties":{"vineyard_id":"V02","interrow_cover":"bare_soil","tile":"siret3_r006_c002.tif","area_m2":15.806},"geometry":{"type":"Polygon","coordinates":[[[629118.86,5220864.0],[629120.76,5220864.0],[629117.49,5220872.0],[629117.1,5220872.0],[629117.0,5220872.1],[629116.9,5220872.1],[629116.7,5220871.9],[629116.7,5220872.0],[629116.6,5220872.1],[629116.5,5220872.1],[629116.4,5220872.0],[629116.3,5220872.1],[629115.43,5220872.1],[629118.86,5220864.0]]]}},{"type":"Feature","properties":{"vineyard_id":"V02","interrow_cover":"bare_soil","tile":"siret3_r006_c002.tif","area_m2":18.053},"geometry":{"type":"Polygon","coordinates":[[[629116.23,5220864.0],[629118.21,5220864.0],[629114.6,5220872.5],[629114.4,5220872.5],[629114.3,5220872.4],[629114.3,5220872.3],[629114.1,5220872.3],[629114.1,5220872.4],[629114.0,5220872.5],[629113.7,5220872.5],[629113.6,5220872.4],[629113.3,5220872.4],[629113.2,5220872.5],[629113.1,5220872.5],[629113.0,5220872.4],[629113.0,5220872.5],[629112.8,5220872.7],[629112.7,5220872.6],[629112.6,5220872.6],[629112.5,5220872.7],[629112.4,5220872.6],[629112.3,5220872.7],[629112.24,5220872.7],[629116.23,5220864.0]]]}},{"type":"Feature","properties":{"vineyard_id":"V02","interrow_cover":"bare_soil","tile":"siret3_r006_c002.tif","area_m2":9.176},"geometry":{"type":"Polygon","coordinates":[[[629113.33,5220864.0],[629115.57,5220864.0],[629111.54,5220872.8],[629111.3,5220872.8],[629111.2,5220872.9],[629111.1,5220872.8],[629111.1,5220872.4],[629111.3,5220872.2],[629111.3,5220872.0],[629111.4,5220871.9],[629111.5,5220871.9],[629111.5,5220871.5],[629111.7,5220871.3],[629111.7,5220870.9],[629111.8,5220870.8],[629111.9,5220870.9],[629111.9,5220870.5],[629112.1,5220870.3],[629112.1,5220870.1],[629112.2,5220870.0],[629112.3,5220870.0],[629112.3,5220869.6],[629112.4,5220869.5],[629112.3,5220869.4],[629112.3,5220869.3],[629112.4,5220869.2],[629112.5,5220869.2],[629112.5,5220869.1],[629112.6,5220869.0],[629112.7,5220869.0],[629112.7,5220868.5],[629112.8,5220868.4],[629112.7,5220868.3],[629112.7,5220868.1],[629112.8,5220868.0],[629112.9,5220868.0],[629113.0,5220867.9],[629113.1,5220867.9],[629113.1,5220867.6],[629113.2,5220867.5],[629113.2,5220867.3],[629113.4,5220867.1],[629113.3,5220867.0],[629113.5,5220866.8],[629113.5,5220866.5],[629113.4,5220866.4],[629113.5,5220866.3],[629113.4,5220866.3],[629113.3,5220866.2],[629113.3,5220866.1],[629113.1,5220865.9],[629113.0,5220865.9],[629112.9,5220865.8],[629112.9,5220865.7],[629112.8,5220865.7],[629112.7,5220865.6],[629112.7,5220865.53],[629113.33,5220864.0]]]}},{"type":"Feature","properties":{"vineyard_id":"V02","interrow_cover":"bare_soil","tile":"siret3_r006_c003.tif","area_m2":11.143},"geometry":{"type":"Polygon","coordinates":[[[629195.72,5220915.2],[629193.54,5220915.2],[629196.8,5220907.51],[629196.8,5220912.63],[629195.72,5220915.2]]]}},{"type":"Feature","properties":{"vineyard_id":"V02","interrow_cover":"bare_soil","tile":"siret3_r006_c003.tif","area_m2":21.993},"geometry":{"type":"Polygon","coordinates":[[[629192.89,5220915.2],[629190.92,5220915.2],[629196.8,5220901.58],[629196.8,5220905.97],[629192.89,5220915.2]]]}},{"type":"Feature","properties":{"vineyard_id":"V02","interrow_cover":"bare_soil","tile":"siret3_r006_c003.tif","area_m2":32.063},"geometry":{"type":"Polygon","coordinates":[[[629190.27,5220915.2],[629188.39,5220915.2],[629196.8,5220895.82],[629196.8,5220900.07],[629190.27,5220915.2]]]}},{"type":"Feature","properties":{"vineyard_id":"V02","interrow_cover":"bare_soil","tile":"siret3_r006_c003.tif","area_m2":55.865},"geometry":{"type":"Polygon","coordinates":[[[629187.74,5220915.2],[629185.65,5220915.2],[629196.8,5220888.21],[629196.8,5220894.31],[629187.74,5220915.2]]]}},{"type":"Feature","properties":{"vineyard_id":"V02","interrow_cover":"bare_soil","tile":"siret3_r006_c003.tif","area_m2":63.327},"geometry":{"type":"Polygon","coordinates":[[[629185.0,5220915.2],[629182.86,5220915.2],[629196.8,5220881.94],[629196.8,5220886.63],[629185.0,5220915.2]]]}},{"type":"Feature","properties":{"vineyard_id":"V02","interrow_cover":"bare_soil","tile":"siret3_r006_c003.tif","area_m2":73.683},"geometry":{"type":"Polygon","coordinates":[[[629181.4,5220915.2],[629181.3,5220915.1],[629181.3,5220915.0],[629181.2,5220915.0],[629181.1,5220914.9],[629181.0,5220914.9],[629180.9,5220914.8],[629180.9,5220914.6],[629180.8,5220914.5],[629180.47,5220914.5],[629196.8,5220875.72],[629196.8,5220880.38],[629182.21,5220915.2],[629181.4,5220915.2]]]}},{"type":"Feature","properties":{"vineyard_id":"V02","interrow_cover":"bare_soil","tile":"siret3_r006_c003.tif","area_m2":89.099},"geometry":{"type":"Polygon","coordinates":[[[629196.8,5220869.33],[629196.8,5220874.17],[629180.02,5220914.02],[629180.0,5220914.0],[629180.0,5220913.9],[629179.9,5220913.8],[629179.8,5220913.8],[629179.9,5220913.9],[629179.8,5220914.0],[629179.2,5220914.0],[629179.1,5220914.1],[629177.83,5220914.1],[629196.8,5220869.33]]]}},{"type":"Feature","properties":{"vineyard_id":"V02","interrow_cover":"bare_soil","tile":"siret3_r006_c003.tif","area_m2":100.23},"geometry":{"type":"Polygon","coordinates":[[[629196.28,5220864.0],[629196.75,5220864.0],[629196.8,5220864.02],[629196.8,5220867.79],[629177.18,5220914.08],[629177.1,5220914.0],[629177.1,5220913.9],[629177.0,5220914.0],[629176.6,5220914.0],[629176.5,5220914.1],[629176.2,5220914.1],[629176.1,5220914.0],[629175.8,5220914.0],[629175.7,5220914.1],[629175.6,5220914.1],[629175.5,5220914.0],[629175.4,5220914.0],[629175.3,5220914.1],[629175.18,5220914.1],[629196.28,5220864.0]]]}},{"type":"Feature","properties":{"vineyard_id":"V02","interrow_cover":"bare_soil","tile":"siret3_r006_c003.tif","area_m2":110.169},"geometry":{"type":"Polygon","coordinates":[[[629193.38,5220864.0],[629195.63,5220864.0],[629174.53,5220914.1],[629173.2,5220914.1],[629173.1,5220914.0],[629173.1,5220913.9],[629173.0,5220913.9],[629172.9,5220913.8],[629172.9,5220913.7],[629172.8,5220913.6],[629172.8,5220913.5],[629172.61,5220913.5],[629193.38,5220864.0]]]}},{"type":"Feature","properties":{"vineyard_id":"V02","interrow_cover":"bare_soil","tile":"siret3_r006_c003.tif","area_m2":103.226},"geometry":{"type":"Polygon","coordinates":[[[629190.5,5220864.0],[629192.73,5220864.0],[629172.18,5220912.98],[629171.9,5220912.7],[629171.9,5220912.5],[629171.7,5220912.3],[629171.6,5220912.3],[629171.5,5220912.2],[629171.5,5220912.1],[629171.4,5220912.1],[629171.3,5220912.0],[629171.3,5220911.8],[629171.2,5220911.9],[629171.1,5220911.8],[629171.1,5220911.7],[629170.9,5220911.5],[629170.9,5220911.3],[629170.8,5220911.4],[629170.79,5220911.39],[629190.5,5220864.0]]]}},{"type":"Feature","properties":{"vineyard_id":"V02","interrow_cover":"bare_soil","tile":"siret3_r006_c003.tif","area_m2":96.146},"geometry":{"type":"Polygon","coordinates":[[[629187.83,5220864.0],[629189.85,5220864.0],[629170.33,5220910.93],[629170.3,5220910.9],[629170.3,5220910.7],[629170.2,5220910.7],[629170.1,5220910.6],[629170.2,5220910.5],[629170.0,5220910.5],[629169.9,5220910.4],[629169.9,5220910.2],[629169.8,5220910.2],[629169.7,5220910.1],[629169.7,5220910.0],[629169.6,5220910.0],[629169.5,5220909.9],[629169.6,5220909.8],[629169.5,5220909.7],[629169.4,5220909.8],[629169.3,5220909.7],[629169.3,5220909.5],[629169.2,5220909.5],[629169.1,5220909.4],[629169.1,5220909.1],[629169.0,5220909.1],[629168.95,5220909.05],[629187.83,5220864.0]]]}},{"type":"Feature","properties":{"vineyard_id":"V02","interrow_cover":"bare_soil","tile":"siret3_r006_c003.tif","area_m2":93.079},"geometry":{"type":"Polygon","coordinates":[[[629185.1,5220864.0],[629187.18,5220864.0],[629168.53,5220908.53],[629168.5,5220908.5],[629168.4,5220908.5],[629168.3,5220908.4],[629168.3,5220908.3],[629168.2,5220908.3],[629168.1,5220908.2],[629168.1,5220908.1],[629168.0,5220908.1],[629167.9,5220908.0],[629168.0,5220907.9],[629167.8,5220907.9],[629167.7,5220907.8],[629167.8,5220907.7],[629167.7,5220907.7],[629167.5,5220907.5],[629167.4,5220907.5],[629167.3,5220907.4],[629167.3,5220907.3],[629167.2,5220907.2],[629167.2,5220907.0],[629167.1,5220906.9],[629167.03,5220906.9],[629185.1,5220864.0]]]}},{"type":"Feature","properties":{"vineyard_id":"V02","interrow_cover":"bare_soil","tile":"siret3_r006_c003.tif","area_m2":91.497},"geometry":{"type":"Polygon","coordinates":[[[629182.22,5220864.0],[629184.45,5220864.0],[629166.55,5220906.5],[629166.4,5220906.5],[629166.3,5220906.4],[629166.4,5220906.3],[629166.3,5220906.2],[629166.3,5220906.1],[629166.1,5220906.1],[629165.9,5220905.9],[629166.0,5220905.8],[629166.1,5220905.8],[629165.9,5220905.6],[629165.9,5220905.5],[629165.8,5220905.5],[629165.7,5220905.4],[629165.7,5220905.3],[629165.6,5220905.3],[629165.5,5220905.2],[629165.5,5220905.1],[629165.4,5220905.1],[629165.3,5220905.0],[629165.4,5220904.9],[629165.2,5220904.9],[629165.1,5220904.8],[629182.22,5220864.0]]]}},{"type":"Feature","properties":{"vineyard_id":"V02","interrow_cover":"bare_soil","tile":"siret3_r006_c003.tif","area_m2":85.172},"geometry":{"type":"Polygon","coordinates":[[[629179.42,5220864.0],[629181.57,5220864.0],[629164.66,5220904.3],[629164.6,5220904.3],[629164.5,5220904.2],[629164.6,5220904.1],[629164.5,5220904.1],[629164.4,5220904.2],[629164.3,5220904.1],[629164.3,5220904.0],[629164.4,5220903.9],[629164.3,5220903.8],[629164.3,5220903.7],[629164.2,5220903.7],[629164.0,5220903.5],[629164.0,5220903.4],[629163.8,5220903.2],[629163.7,5220903.3],[629163.6,5220903.3],[629163.5,5220903.2],[629163.5,5220903.0],[629163.4,5220902.9],[629163.2,5220902.9],[629163.12,5220902.82],[629179.42,5220864.0]]]}},{"type":"Feature","properties":{"vineyard_id":"V02","interrow_cover":"bare_soil","tile":"siret3_r006_c003.tif","area_m2":77.422},"geometry":{"type":"Polygon","coordinates":[[[629176.73,5220864.0],[629178.76,5220864.0],[629162.72,5220902.22],[629162.7,5220902.2],[629162.7,5220902.1],[629162.6,5220902.1],[629162.5,5220902.0],[629162.5,5220901.9],[629162.4,5220902.0],[629162.3,5220901.9],[629162.3,5220901.7],[629162.1,5220901.5],[629162.1,5220901.4],[629162.0,5220901.4],[629161.6,5220901.0],[629161.6,5220900.9],[629161.5,5220900.8],[629161.5,5220900.12],[629176.73,5220864.0]]]}},{"type":"Feature","properties":{"vineyard_id":"V02","interrow_cover":"bare_soil","tile":"siret3_r006_c003.tif","area_m2":73.561},"geometry":{"type":"Polygon","coordinates":[[[629173.84,5220864.0],[629176.07,5220864.0],[629161.5,5220898.57],[629161.5,5220898.5],[629161.3,5220898.5],[629161.2,5220898.4],[629161.2,5220898.3],[629161.1,5220898.2],[629161.0,5220898.3],[629160.9,5220898.2],[629160.9,5220898.1],[629160.8,5220898.1],[629160.7,5220898.0],[629160.7,5220897.7],[629160.2,5220897.7],[629160.1,5220897.6],[629160.1,5220897.4],[629160.0,5220897.4],[629159.93,5220897.33],[629173.84,5220864.0]]]}},{"type":"Feature","properties":{"vineyard_id":"V02","interrow_cover":"mixed","tile":"siret3_r006_c003.tif","area_m2":67.949},"geometry":{"type":"Polygon","coordinates":[[[629171.21,5220864.0],[629173.19,5220864.0],[629159.45,5220896.9],[629159.2,5220896.9],[629159.1,5220896.8],[629159.1,5220896.7],[629159.0,5220896.7],[629158.9,5220896.6],[629159.0,5220896.5],[629158.9,5220896.5],[629158.8,5220896.4],[629158.7,5220896.5],[629158.4,5220896.5],[629158.3,5220896.4],[629158.3,5220896.1],[629158.2,5220896.1],[629158.1,5220896.0],[629158.1,5220895.9],[629158.0,5220895.9],[629157.9,5220895.8],[629157.9,5220895.7],[629157.74,5220895.7],[629171.21,5220864.0]]]}},{"type":"Feature","properties":{"vineyard_id":"V02","interrow_cover":"mixed","tile":"siret3_r006_c003.tif","area_m2":71.997},"geometry":{"type":"Polygon","coordinates":[[[629168.12,5220864.0],[629170.56,5220864.0],[629157.25,5220895.3],[629157.2,5220895.3],[629157.1,5220895.2],[629157.1,5220895.1],[629157.0,5220895.2],[629156.9,5220895.2],[629156.8,5220895.1],[629156.8,5220895.0],[629156.9,5220894.9],[629156.7,5220894.9],[629156.6,5220894.8],[629156.5,5220894.8],[629156.4,5220894.9],[629156.3,5220894.8],[629156.3,5220894.5],[629156.0,5220894.5],[629155.9,5220894.4],[629155.8,5220894.4],[629155.7,5220894.3],[629155.7,5220894.2],[629155.6,5220894.2],[629155.51,5220894.11],[629168.12,5220864.0]]]}},{"type":"Feature","properties":{"vineyard_id":"V02","interrow_cover":"mixed","tile":"siret3_r006_c003.tif","area_m2":52.087},"geometry":{"type":"Polygon","coordinates":[[[629165.72,5220864.0],[629167.47,5220864.0],[629155.03,5220893.7],[629154.8,5220893.7],[629154.7,5220893.6],[629154.7,5220893.5],[629154.5,5220893.3],[629154.4,5220893.3],[629154.3,5220893.2],[629154.2,5220893.2],[629154.1,5220893.1],[629154.1,5220892.9],[629154.0,5220893.0],[629153.9,5220892.9],[629153.7,5220892.9],[629153.6,5220892.8],[629153.7,5220892.7],[629153.64,5220892.7],[629165.72,5220864.0]]]}},{"type":"Feature","properties":{"vineyard_id":"V02","interrow_cover":"bare_soil","tile":"siret3_r006_c003.tif","area_m2":57.178},"geometry":{"type":"Polygon","coordinates":[[[629163.08,5220864.0],[629165.07,5220864.0],[629153.11,5220892.41],[629153.1,5220892.4],[629153.1,5220892.3],[629152.9,5220892.1],[629152.8,5220892.1],[629152.7,5220892.0],[629152.7,5220891.8],[629152.6,5220891.8],[629152.5,5220891.7],[629152.4,5220891.7],[629152.3,5220891.6],[629152.3,5220891.5],[629152.2,5220891.5],[629152.1,5220891.4],[629152.1,5220891.2],[629152.0,5220891.3],[629151.9,5220891.2],[629151.9,5220891.0],[629151.8,5220890.9],[629151.6,5220890.9],[629151.6,5220890.9],[629163.08,5220864.0]]]}},{"type":"Feature","properties":{"vineyard_id":"V02","interrow_cover":"bare_soil","tile":"siret3_r006_c003.tif","area_m2":61.981},"geometry":{"type":"Polygon","coordinates":[[[629160.12,5220864.0],[629162.43,5220864.0],[629151.14,5220890.44],[629151.1,5220890.4],[629151.1,5220890.1],[629151.0,5220890.0],[629150.9,5220890.1],[629150.8,5220890.1],[629150.7,5220890.0],[629150.7,5220889.9],[629150.6,5220889.8],[629150.5,5220889.8],[629150.4,5220889.9],[629150.4,5220890.0],[629150.3,5220890.1],[629150.2,5220890.1],[629150.2,5220890.2],[629150.1,5220890.3],[629149.9,5220890.1],[629149.8,5220890.1],[629149.7,5220890.0],[629149.8,5220889.9],[629149.7,5220889.9],[629149.6,5220889.8],[629149.5,5220889.9],[629149.4,5220889.9],[629149.3,5220889.8],[629149.4,5220889.7],[629149.2,5220889.7],[629149.1,5220889.6],[629149.1,5220889.44],[629160.12,5220864.0]]]}},{"type":"Feature","properties":{"vineyard_id":"V02","interrow_cover":"bare_soil","tile":"siret3_r006_c003.tif","area_m2":50.533},"geometry":{"type":"Polygon","coordinates":[[[629157.47,5220864.0],[629159.47,5220864.0],[629148.54,5220889.24],[629148.4,5220889.1],[629148.2,5220889.1],[629148.1,5220889.0],[629148.2,5220888.9],[629148.0,5220888.9],[629147.9,5220888.8],[629147.9,5220888.7],[629147.6,5220888.7],[629147.5,5220888.6],[629147.5,5220888.5],[629147.4,5220888.5],[629147.3,5220888.4],[629147.2,5220888.4],[629147.1,5220888.3],[629147.1,5220888.1],[629147.0,5220888.0],[629146.95,5220888.05],[629157.47,5220864.0]]]}},{"type":"Feature","properties":{"vineyard_id":"V02","interrow_cover":"bare_soil","tile":"siret3_r006_c003.tif","area_m2":46.936},"geometry":{"type":"Polygon","coordinates":[[[629145.6,5220885.06],[629154.71,5220864.0],[629156.82,5220864.0],[629146.49,5220887.61],[629146.4,5220887.7],[629146.2,5220887.7],[629146.1,5220887.6],[629146.0,5220887.6],[629145.9,5220887.5],[629145.9,5220887.3],[629145.8,5220887.3],[629145.7,5220887.2],[629145.6,5220887.3],[629145.6,5220885.06]]]}},{"type":"Feature","properties":{"vineyard_id":"V02","interrow_cover":"bare_soil","tile":"siret3_r006_c003.tif","area_m2":35.839},"geometry":{"type":"Polygon","coordinates":[[[629145.6,5220883.54],[629145.6,5220878.59],[629152.01,5220864.0],[629154.06,5220864.0],[629145.6,5220883.54]]]}},{"type":"Feature","properties":{"vineyard_id":"V02","interrow_cover":"bare_soil","tile":"siret3_r006_c004.tif","area_m2":15.517},"geometry":{"type":"Polygon","coordinates":[[[629245.54,5220915.2],[629243.66,5220915.2],[629248.0,5220904.81],[629248.0,5220909.49],[629245.54,5220915.2]]]}},{"type":"Feature","properties":{"vineyard_id":"V02","interrow_cover":"bare_soil","tile":"siret3_r006_c004.tif","area_m2":30.436},"geometry":{"type":"Polygon","coordinates":[[[629243.01,5220915.2],[629240.85,5220915.2],[629248.0,5220898.36],[629248.0,5220903.25],[629243.01,5220915.2]]]}},{"type":"Feature","properties":{"vineyard_id":"V02","interrow_cover":"bare_soil","tile":"siret3_r006_c004.tif","area_m2":49.05},"geometry":{"type":"Polygon","coordinates":[[[629240.19,5220915.2],[629237.82,5220915.2],[629248.0,5220891.48],[629248.0,5220896.83],[629240.19,5220915.2]]]}},{"type":"Feature","properties":{"vineyard_id":"V02","interrow_cover":"bare_soil","tile":"siret3_r006_c004.tif","area_m2":58.012},"geometry":{"type":"Polygon","coordinates":[[[629237.16,5220915.2],[629235.22,5220915.2],[629248.0,5220884.71],[629248.0,5220889.96],[629237.16,5220915.2]]]}},{"type":"Feature","properties":{"vineyard_id":"V02","interrow_cover":"bare_soil","tile":"siret3_r006_c004.tif","area_m2":74.099},"geometry":{"type":"Polygon","coordinates":[[[629234.57,5220915.2],[629232.46,5220915.2],[629248.0,5220877.97],[629248.0,5220883.16],[629234.57,5220915.2]]]}},{"type":"Feature","properties":{"vineyard_id":"V02","interrow_cover":"bare_soil","tile":"siret3_r006_c004.tif","area_m2":86.999},"geometry":{"type":"Polygon","coordinates":[[[629231.81,5220915.2],[629229.46,5220915.2],[629248.0,5220871.96],[629248.0,5220876.41],[629231.81,5220915.2]]]}},{"type":"Feature","properties":{"vineyard_id":"V02","interrow_cover":"bare_soil","tile":"siret3_r006_c004.tif","area_m2":106.494},"geometry":{"type":"Polygon","coordinates":[[[629228.81,5220915.2],[629226.78,5220915.2],[629248.0,5220864.67],[629248.0,5220870.43],[629228.81,5220915.2]]]}},{"type":"Feature","properties":{"vineyard_id":"V02","interrow_cover":"bare_soil","tile":"siret3_r006_c004.tif","area_m2":102.016},"geometry":{"type":"Polygon","coordinates":[[[629226.13,5220915.2],[629224.09,5220915.2],[629245.69,5220864.0],[629247.63,5220864.0],[629226.13,5220915.2]]]}},{"type":"Feature","properties":{"vineyard_id":"V02","interrow_cover":"bare_soil","tile":"siret3_r006_c004.tif","area_m2":105.344},"geometry":{"type":"Polygon","coordinates":[[[629223.43,5220915.2],[629221.48,5220915.2],[629242.88,5220864.0],[629245.04,5220864.0],[629223.43,5220915.2]]]}},{"type":"Feature","properties":{"vineyard_id":"V02","interrow_cover":"bare_soil","tile":"siret3_r006_c004.tif","area_m2":116.8},"geometry":{"type":"Polygon","coordinates":[[[629220.83,5220915.2],[629218.51,5220915.2],[629239.98,5220864.0],[629242.23,5220864.0],[629220.83,5220915.2]]]}},{"type":"Feature","properties":{"vineyard_id":"V02","interrow_cover":"bare_soil","tile":"siret3_r006_c004.tif","area_m2":104.896},"geometry":{"type":"Polygon","coordinates":[[[629217.86,5220915.2],[629215.87,5220915.2],[629237.23,5220864.0],[629239.33,5220864.0],[629217.86,5220915.2]]]}},{"type":"Feature","properties":{"vineyard_id":"V02","interrow_cover":"bare_soil","tile":"siret3_r006_c004.tif","area_m2":108.864},"geometry":{"type":"Polygon","coordinates":[[[629215.22,5220915.2],[629213.01,5220915.2],[629234.53,5220864.0],[629236.58,5220864.0],[629215.22,5220915.2]]]}},{"type":"Feature","properties":{"vineyard_id":"V02","interrow_cover":"bare_soil","tile":"siret3_r006_c004.tif","area_m2":108.48},"geometry":{"type":"Polygon","coordinates":[[[629212.36,5220915.2],[629210.27,5220915.2],[629231.73,5220864.0],[629233.88,5220864.0],[629212.36,5220915.2]]]}},{"type":"Feature","properties":{"vineyard_id":"V02","interrow_cover":"bare_soil","tile":"siret3_r006_c004.tif","area_m2":110.848},"geometry":{"type":"Polygon","coordinates":[[[629209.62,5220915.2],[629207.31,5220915.2],[629229.06,5220864.0],[629231.08,5220864.0],[629209.62,5220915.2]]]}},{"type":"Feature","properties":{"vineyard_id":"V02","interrow_cover":"mixed","tile":"siret3_r006_c004.tif","area_m2":112.96},"geometry":{"type":"Polygon","coordinates":[[[629206.66,5220915.2],[629204.42,5220915.2],[629226.24,5220864.0],[629228.41,5220864.0],[629206.66,5220915.2]]]}},{"type":"Feature","properties":{"vineyard_id":"V02","interrow_cover":"mixed","tile":"siret3_r006_c004.tif","area_m2":99.2},"geometry":{"type":"Polygon","coordinates":[[[629203.77,5220915.2],[629202.02,5220915.2],[629223.46,5220864.0],[629225.59,5220864.0],[629203.77,5220915.2]]]}},{"type":"Feature","properties":{"vineyard_id":"V02","interrow_cover":"mixed","tile":"siret3_r006_c004.tif","area_m2":111.104},"geometry":{"type":"Polygon","coordinates":[[[629201.36,5220915.2],[629199.21,5220915.2],[629220.63,5220864.0],[629222.81,5220864.0],[629201.36,5220915.2]]]}},{"type":"Feature","properties":{"vineyard_id":"V02","interrow_cover":"mixed","tile":"siret3_r006_c004.tif","area_m2":102.307},"geometry":{"type":"Polygon","coordinates":[[[629198.56,5220915.2],[629196.8,5220915.2],[629196.8,5220914.19],[629218.16,5220864.0],[629219.98,5220864.0],[629198.56,5220915.2]]]}},{"type":"Feature","properties":{"vineyard_id":"V02","interrow_cover":"bare_soil","tile":"siret3_r006_c004.tif","area_m2":101.404},"geometry":{"type":"Polygon","coordinates":[[[629196.8,5220912.66],[629196.8,5220907.58],[629215.27,5220864.0],[629217.51,5220864.0],[629196.8,5220912.66]]]}},{"type":"Feature","properties":{"vineyard_id":"V02","interrow_cover":"bare_soil","tile":"siret3_r006_c004.tif","area_m2":75.33},"geometry":{"type":"Polygon","coordinates":[[[629196.8,5220906.04],[629196.8,5220901.54],[629212.74,5220864.0],[629214.62,5220864.0],[629196.8,5220906.04]]]}},{"type":"Feature","properties":{"vineyard_id":"V02","interrow_cover":"bare_soil","tile":"siret3_r006_c004.tif","area_m2":66.446},"geometry":{"type":"Polygon","coordinates":[[[629196.8,5220900.0],[629196.8,5220895.8],[629209.93,5220864.0],[629212.09,5220864.0],[629196.8,5220900.0]]]}},{"type":"Feature","properties":{"vineyard_id":"V02","interrow_cover":"bare_soil","tile":"siret3_r006_c004.tif","area_m2":64.116},"geometry":{"type":"Polygon","coordinates":[[[629196.8,5220894.23],[629196.8,5220888.47],[629206.98,5220864.0],[629209.28,5220864.0],[629196.8,5220894.23]]]}},{"type":"Feature","properties":{"vineyard_id":"V02","interrow_cover":"bare_soil","tile":"siret3_r006_c004.tif","area_m2":41.93},"geometry":{"type":"Polygon","coordinates":[[[629196.8,5220886.91],[629196.8,5220881.97],[629204.28,5220864.0],[629206.33,5220864.0],[629196.8,5220886.91]]]}},{"type":"Feature","properties":{"vineyard_id":"V02","interrow_cover":"bare_soil","tile":"siret3_r006_c004.tif","area_m2":27.01},"geometry":{"type":"Polygon","coordinates":[[[629196.8,5220880.41],[629196.8,5220875.9],[629201.68,5220864.0],[629203.63,5220864.0],[629196.8,5220880.41]]]}},{"type":"Feature","properties":{"vineyard_id":"V02","interrow_cover":"bare_soil","tile":"siret3_r006_c004.tif","area_m2":15.781},"geometry":{"type":"Polygon","coordinates":[[[629196.8,5220874.32],[629196.8,5220869.52],[629198.99,5220864.0],[629201.03,5220864.0],[629196.8,5220874.32]]]}},{"type":"Feature","properties":{"vineyard_id":"V02","interrow_cover":"mixed","tile":"siret3_r007_c002.tif","area_m2":16.867},"geometry":{"type":"Polygon","coordinates":[[[629142.79,5220864.0],[629140.88,5220864.0],[629145.6,5220852.69],[629145.6,5220857.0],[629142.79,5220864.0]]]}},{"type":"Feature","properties":{"vineyard_id":"V02","interrow_cover":"bare_soil","tile":"siret3_r007_c002.tif","area_m2":29.337},"geometry":{"type":"Polygon","coordinates":[[[629140.23,5220864.0],[629138.31,5220864.0],[629145.6,5220846.46],[629145.6,5220851.13],[629140.23,5220864.0]]]}},{"type":"Feature","properties":{"vineyard_id":"V02","interrow_cover":"bare_soil","tile":"siret3_r007_c002.tif","area_m2":48.671},"geometry":{"type":"Polygon","coordinates":[[[629137.66,5220864.0],[629135.32,5220864.0],[629145.6,5220839.79],[629145.6,5220844.9],[629137.66,5220864.0]]]}},{"type":"Feature","properties":{"vineyard_id":"V02","interrow_cover":"bare_soil","tile":"siret3_r007_c002.tif","area_m2":58.532},"geometry":{"type":"Polygon","coordinates":[[[629134.66,5220864.0],[629132.58,5220864.0],[629145.6,5220833.38],[629145.6,5220838.26],[629134.66,5220864.0]]]}},{"type":"Feature","properties":{"vineyard_id":"V02","interrow_cover":"mixed","tile":"siret3_r007_c002.tif","area_m2":102.788},"geometry":{"type":"Polygon","coordinates":[[[629126.43,5220864.0],[629124.4,5220864.0],[629145.5,5220812.8],[629145.55,5220812.8],[629145.6,5220812.82],[629145.6,5220817.83],[629126.43,5220864.0]]]}},{"type":"Feature","properties":{"vineyard_id":"V02","interrow_cover":"bare_soil","tile":"siret3_r007_c002.tif","area_m2":108.096},"geometry":{"type":"Polygon","coordinates":[[[629123.75,5220864.0],[629121.55,5220864.0],[629142.83,5220812.8],[629144.85,5220812.8],[629123.75,5220864.0]]]}},{"type":"Feature","properties":{"vineyard_id":"V02","interrow_cover":"bare_soil","tile":"siret3_r007_c002.tif","area_m2":107.456},"geometry":{"type":"Polygon","coordinates":[[[629120.9,5220864.0],[629118.73,5220864.0],[629140.15,5220812.8],[629142.18,5220812.8],[629120.9,5220864.0]]]}},{"type":"Feature","properties":{"vineyard_id":"V02","interrow_cover":"bare_soil","tile":"siret3_r007_c002.tif","area_m2":108.992},"geometry":{"type":"Polygon","coordinates":[[[629118.08,5220864.0],[629115.97,5220864.0],[629137.35,5220812.8],[629139.5,5220812.8],[629118.08,5220864.0]]]}},{"type":"Feature","properties":{"vineyard_id":"V02","interrow_cover":"bare_soil","tile":"siret3_r007_c002.tif","area_m2":108.096},"geometry":{"type":"Polygon","coordinates":[[[629115.33,5220864.0],[629113.21,5220864.0],[629134.59,5220812.8],[629136.7,5220812.8],[629115.33,5220864.0]]]}},{"type":"Feature","properties":{"vineyard_id":"V02","interrow_cover":"mixed","tile":"siret3_r007_c002.tif","area_m2":116.481},"geometry":{"type":"Polygon","coordinates":[[[629111.3,5220864.0],[629111.3,5220863.9],[629111.2,5220864.0],[629111.1,5220863.9],[629111.1,5220863.7],[629110.8,5220863.7],[629110.7,5220863.6],[629110.8,5220863.5],[629110.7,5220863.4],[629110.7,5220863.3],[629110.61,5220863.21],[629131.66,5220812.8],[629133.94,5220812.8],[629112.56,5220864.0],[629111.3,5220864.0]]]}},{"type":"Feature","properties":{"vineyard_id":"V02","interrow_cover":"mixed","tile":"siret3_r007_c002.tif","area_m2":97.455},"geometry":{"type":"Polygon","coordinates":[[[629129.03,5220812.8],[629131.01,5220812.8],[629110.15,5220862.75],[629110.1,5220862.7],[629110.0,5220862.7],[629109.9,5220862.6],[629109.9,5220862.5],[629109.7,5220862.3],[629109.6,5220862.3],[629109.5,5220862.2],[629109.5,5220862.1],[629109.3,5220861.9],[629109.2,5220861.9],[629109.1,5220861.8],[629109.1,5220861.7],[629109.0,5220861.6],[629109.0,5220861.5],[629108.8,5220861.5],[629108.73,5220861.43],[629129.03,5220812.8]]]}},{"type":"Feature","properties":{"vineyard_id":"V02","interrow_cover":"bare_soil","tile":"siret3_r007_c002.tif","area_m2":88.955},"geometry":{"type":"Polygon","coordinates":[[[629126.42,5220812.8],[629128.38,5220812.8],[629109.1,5220858.99],[629109.1,5220857.7],[629108.8,5220857.7],[629108.7,5220857.6],[629108.7,5220857.3],[629108.2,5220857.3],[629108.1,5220857.2],[629108.1,5220857.1],[629108.0,5220857.1],[629107.92,5220857.02],[629126.42,5220812.8]]]}},{"type":"Feature","properties":{"vineyard_id":"V02","interrow_cover":"bare_soil","tile":"siret3_r007_c002.tif","area_m2":90.472},"geometry":{"type":"Polygon","coordinates":[[[629123.63,5220812.8],[629125.77,5220812.8],[629107.43,5220856.63],[629107.3,5220856.5],[629107.2,5220856.5],[629107.1,5220856.4],[629107.1,5220856.3],[629107.0,5220856.2],[629106.9,5220856.3],[629106.8,5220856.2],[629106.8,5220856.1],[629106.6,5220856.1],[629106.5,5220856.0],[629106.4,5220856.1],[629106.3,5220856.0],[629106.3,5220855.7],[629106.1,5220855.5],[629106.0,5220855.5],[629105.9,5220855.4],[629105.9,5220855.39],[629123.63,5220812.8]]]}},{"type":"Feature","properties":{"vineyard_id":"V02","interrow_cover":"bare_soil","tile":"siret3_r007_c002.tif","area_m2":95.396},"geometry":{"type":"Polygon","coordinates":[[[629120.83,5220812.8],[629122.98,5220812.8],[629105.38,5220855.08],[629105.3,5220855.0],[629105.3,5220854.9],[629105.2,5220854.8],[629105.1,5220854.8],[629105.0,5220854.9],[629104.9,5220854.8],[629104.9,5220854.7],[629104.8,5220854.7],[629104.7,5220854.6],[629104.7,5220854.5],[629104.6,5220854.4],[629104.5,5220854.4],[629104.4,5220854.5],[629104.3,5220854.4],[629104.3,5220854.3],[629104.1,5220854.1],[629103.9,5220854.1],[629103.8,5220854.0],[629103.9,5220853.9],[629103.6,5220853.9],[629103.5,5220853.8],[629103.5,5220853.75],[629120.83,5220812.8]]]}},{"type":"Feature","properties":{"vineyard_id":"V02","interrow_cover":"bare_soil","tile":"siret3_r007_c002.tif","area_m2":95.849},"geometry":{"type":"Polygon","coordinates":[[[629117.72,5220812.8],[629120.18,5220812.8],[629103.0,5220853.39],[629103.0,5220853.3],[629102.8,5220853.3],[629102.7,5220853.2],[629102.8,5220853.1],[629102.7,5220853.0],[629102.6,5220853.0],[629102.5,5220852.9],[629102.4,5220852.9],[629102.3,5220852.8],[629102.2,5220852.9],[629102.0,5220852.9],[629101.9,5220852.8],[629101.9,5220852.5],[629101.8,5220852.5],[629101.7,5220852.4],[629101.7,5220852.3],[629101.6,5220852.3],[629101.5,5220852.2],[629101.5,5220852.1],[629101.2,5220852.1],[629101.2,5220852.1],[629117.72,5220812.8]]]}},{"type":"Feature","properties":{"vineyard_id":"V02","interrow_cover":"bare_soil","tile":"siret3_r007_c003.tif","area_m2":10.862},"geometry":{"type":"Polygon","coordinates":[[[629195.21,5220864.0],[629193.48,5220864.0],[629196.8,5220855.61],[629196.8,5220860.17],[629195.21,5220864.0]]]}},{"type":"Feature","properties":{"vineyard_id":"V02","interrow_cover":"mixed","tile":"siret3_r007_c003.tif","area_m2":25.397},"geometry":{"type":"Polygon","coordinates":[[[629192.84,5220864.0],[629190.7,5220864.0],[629196.8,5220849.15],[629196.8,5220853.98],[629192.84,5220864.0]]]}},{"type":"Feature","properties":{"vineyard_id":"V02","interrow_cover":"mixed","tile":"siret3_r007_c003.tif","area_m2":39.568},"geometry":{"type":"Polygon","coordinates":[[[629190.05,5220864.0],[629187.94,5220864.0],[629196.8,5220842.56],[629196.8,5220847.57],[629190.05,5220864.0]]]}},{"type":"Feature","properties":{"vineyard_id":"V02","interrow_cover":"mixed","tile":"siret3_r007_c003.tif","area_m2":56.092},"geometry":{"type":"Polygon","coordinates":[[[629187.29,5220864.0],[629185.07,5220864.0],[629196.8,5220835.79],[629196.8,5220840.99],[629187.29,5220864.0]]]}},{"type":"Feature","properties":{"vineyard_id":"V02","interrow_cover":"bare_soil","tile":"siret3_r007_c003.tif","area_m2":66.929},"geometry":{"type":"Polygon","coordinates":[[[629184.42,5220864.0],[629182.27,5220864.0],[629196.8,5220829.42],[629196.8,5220834.22],[629184.42,5220864.0]]]}},{"type":"Feature","properties":{"vineyard_id":"V02","interrow_cover":"bare_soil","tile":"siret3_r007_c003.tif","area_m2":85.067},"geometry":{"type":"Polygon","coordinates":[[[629181.62,5220864.0],[629179.37,5220864.0],[629196.8,5220822.77],[629196.8,5220827.87],[629181.62,5220864.0]]]}},{"type":"Feature","properties":{"vineyard_id":"V02","interrow_cover":"bare_soil","tile":"siret3_r007_c003.tif","area_m2":99.843},"geometry":{"type":"Polygon","coordinates":[[[629178.72,5220864.0],[629176.65,5220864.0],[629196.8,5220815.7],[629196.8,5220821.23],[629178.72,5220864.0]]]}},{"type":"Feature","properties":{"vineyard_id":"V02","interrow_cover":"bare_soil","tile":"siret3_r007_c003.tif","area_m2":108.552},"geometry":{"type":"Polygon","coordinates":[[[629176.0,5220864.0],[629173.86,5220864.0],[629195.25,5220812.8],[629196.74,5220812.8],[629196.8,5220812.83],[629196.8,5220814.14],[629176.0,5220864.0]]]}},{"type":"Feature","properties":{"vineyard_id":"V02","interrow_cover":"mixed","tile":"siret3_r007_c003.tif","area_m2":106.112},"geometry":{"type":"Polygon","coordinates":[[[629173.21,5220864.0],[629171.31,5220864.0],[629192.36,5220812.8],[629194.6,5220812.8],[629173.21,5220864.0]]]}},{"type":"Feature","properties":{"vineyard_id":"V02","interrow_cover":"bare_soil","tile":"siret3_r007_c003.tif","area_m2":104.589},"geometry":{"type":"Polygon","coordinates":[[[629171.83,5220861.16],[629169.8,5220860.32],[629189.72,5220812.8],[629191.71,5220812.8],[629171.83,5220861.16]]]}},{"type":"Feature","properties":{"vineyard_id":"V02","interrow_cover":"bare_soil","tile":"siret3_r007_c003.tif","area_m2":95.56},"geometry":{"type":"Polygon","coordinates":[[[629169.24,5220860.09],[629167.54,5220859.38],[629187.0,5220812.8],[629189.07,5220812.8],[629169.24,5220860.09]]]}},{"type":"Feature","properties":{"vineyard_id":"V02","interrow_cover":"bare_soil","tile":"siret3_r007_c003.tif","area_m2":107.84},"geometry":{"type":"Polygon","coordinates":[[[629164.96,5220864.0],[629162.94,5220864.0],[629184.15,5220812.8],[629186.35,5220812.8],[629164.96,5220864.0]]]}},{"type":"Feature","properties":{"vineyard_id":"V02","interrow_cover":"bare_soil","tile":"siret3_r007_c003.tif","area_m2":110.08},"geometry":{"type":"Polygon","coordinates":[[[629162.29,5220864.0],[629160.14,5220864.0],[629181.36,5220812.8],[629183.51,5220812.8],[629162.29,5220864.0]]]}},{"type":"Feature","properties":{"vineyard_id":"V02","interrow_cover":"bare_soil","tile":"siret3_r007_c003.tif","area_m2":109.44},"geometry":{"type":"Polygon","coordinates":[[[629159.49,5220864.0],[629157.46,5220864.0],[629178.47,5220812.8],[629180.71,5220812.8],[629159.49,5220864.0]]]}},{"type":"Feature","properties":{"vineyard_id":"V02","interrow_cover":"bare_soil","tile":"siret3_r007_c003.tif","area_m2":100.736},"geometry":{"type":"Polygon","coordinates":[[[629156.81,5220864.0],[629154.7,5220864.0],[629175.99,5220812.8],[629177.82,5220812.8],[629156.81,5220864.0]]]}},{"type":"Feature","properties":{"vineyard_id":"V02","interrow_cover":"bare_soil","tile":"siret3_r007_c003.tif","area_m2":112.064},"geometry":{"type":"Polygon","coordinates":[[[629154.05,5220864.0],[629151.8,5220864.0],[629173.22,5220812.8],[629175.35,5220812.8],[629154.05,5220864.0]]]}},{"type":"Feature","properties":{"vineyard_id":"V02","interrow_cover":"mixed","tile":"siret3_r007_c003.tif","area_m2":105.216},"geometry":{"type":"Polygon","coordinates":[[[629151.15,5220864.0],[629149.03,5220864.0],[629170.58,5220812.8],[629172.57,5220812.8],[629151.15,5220864.0]]]}},{"type":"Feature","properties":{"vineyard_id":"V02","interrow_cover":"mixed","tile":"siret3_r007_c003.tif","area_m2":100.928},"geometry":{"type":"Polygon","coordinates":[[[629148.38,5220864.0],[629146.51,5220864.0],[629167.86,5220812.8],[629169.93,5220812.8],[629148.38,5220864.0]]]}},{"type":"Feature","properties":{"vineyard_id":"V02","interrow_cover":"mixed","tile":"siret3_r007_c003.tif","area_m2":103.539},"geometry":{"type":"Polygon","coordinates":[[[629145.86,5220864.0],[629145.6,5220864.0],[629145.6,5220859.71],[629165.05,5220812.8],[629167.21,5220812.8],[629145.86,5220864.0]]]}},{"type":"Feature","properties":{"vineyard_id":"V02","interrow_cover":"mixed","tile":"siret3_r007_c003.tif","area_m2":93.21},"geometry":{"type":"Polygon","coordinates":[[[629145.6,5220858.14],[629145.6,5220852.96],[629162.18,5220812.8],[629164.4,5220812.8],[629145.6,5220858.14]]]}},{"type":"Feature","properties":{"vineyard_id":"V02","interrow_cover":"mixed","tile":"siret3_r007_c003.tif","area_m2":73.234},"geometry":{"type":"Polygon","coordinates":[[[629145.6,5220851.39],[629145.6,5220846.42],[629159.53,5220812.8],[629161.53,5220812.8],[629145.6,5220851.39]]]}},{"type":"Feature","properties":{"vineyard_id":"V02","interrow_cover":"bare_soil","tile":"siret3_r007_c003.tif","area_m2":61.868},"geometry":{"type":"Polygon","coordinates":[[[629145.6,5220844.85],[629145.6,5220840.08],[629156.67,5220812.8],[629158.88,5220812.8],[629145.6,5220844.85]]]}},{"type":"Feature","properties":{"vineyard_id":"V02","interrow_cover":"bare_soil","tile":"siret3_r007_c003.tif","area_m2":53.27},"geometry":{"type":"Polygon","coordinates":[[[629145.6,5220838.49],[629145.6,5220832.78],[629153.67,5220812.8],[629156.02,5220812.8],[629145.6,5220838.49]]]}},{"type":"Feature","properties":{"vineyard_id":"V02","interrow_cover":"mixed","tile":"siret3_r007_c003.tif","area_m2":31.973},"geometry":{"type":"Polygon","coordinates":[[[629145.6,5220831.17],[629145.6,5220826.31],[629150.96,5220812.8],[629153.02,5220812.8],[629145.6,5220831.17]]]}},{"type":"Feature","properties":{"vineyard_id":"V02","interrow_cover":"bare_soil","tile":"siret3_r007_c003.tif","area_m2":18.873},"geometry":{"type":"Polygon","coordinates":[[[629145.6,5220824.68],[629145.6,5220819.68],[629148.25,5220812.8],[629150.31,5220812.8],[629145.6,5220824.68]]]}},{"type":"Feature","properties":{"vineyard_id":"V02","interrow_cover":"bare_soil","tile":"siret3_r007_c004.tif","area_m2":20.964},"geometry":{"type":"Polygon","coordinates":[[[629245.07,5220864.0],[629242.89,5220864.0],[629248.0,5220851.6],[629248.0,5220856.68],[629245.07,5220864.0]]]}},{"type":"Feature","properties":{"vineyard_id":"V02","interrow_cover":"mixed","tile":"siret3_r007_c004.tif","area_m2":35.384},"geometry":{"type":"Polygon","coordinates":[[[629242.24,5220864.0],[629240.05,5220864.0],[629248.0,5220844.97],[629248.0,5220850.03],[629242.24,5220864.0]]]}},{"type":"Feature","properties":{"vineyard_id":"V02","interrow_cover":"mixed","tile":"siret3_r007_c004.tif","area_m2":49.81},"geometry":{"type":"Polygon","coordinates":[[[629239.4,5220864.0],[629237.32,5220864.0],[629248.0,5220838.11],[629248.0,5220843.42],[629239.4,5220864.0]]]}},{"type":"Feature","properties":{"vineyard_id":"V02","interrow_cover":"mixed","tile":"siret3_r007_c004.tif","area_m2":62.186},"geometry":{"type":"Polygon","coordinates":[[[629236.67,5220864.0],[629234.68,5220864.0],[629248.0,5220831.29],[629248.0,5220836.54],[629236.67,5220864.0]]]}},{"type":"Feature","properties":{"vineyard_id":"V02","interrow_cover":"mixed","tile":"siret3_r007_c004.tif","area_m2":75.043},"geometry":{"type":"Polygon","coordinates":[[[629234.03,5220864.0],[629231.95,5220864.0],[629248.0,5220824.8],[629248.0,5220829.71],[629234.03,5220864.0]]]}},{"type":"Feature","properties":{"vineyard_id":"V02","interrow_cover":"mixed","tile":"siret3_r007_c004.tif","area_m2":89.773},"geometry":{"type":"Polygon","coordinates":[[[629231.31,5220864.0],[629229.26,5220864.0],[629248.0,5220818.08],[629248.0,5220823.21],[629231.31,5220864.0]]]}},{"type":"Feature","properties":{"vineyard_id":"V02","interrow_cover":"mixed","tile":"siret3_r007_c004.tif","area_m2":109.649},"geometry":{"type":"Polygon","coordinates":[[[629247.17,5220813.01],[629247.98,5220816.54],[629228.61,5220864.0],[629226.41,5220864.0],[629247.17,5220813.01]]]}},{"type":"Feature","properties":{"vineyard_id":"V02","interrow_cover":"mixed","tile":"siret3_r007_c004.tif","area_m2":107.008},"geometry":{"type":"Polygon","coordinates":[[[629212.02,5220864.0],[629209.92,5220864.0],[629230.9,5220812.8],[629232.98,5220812.8],[629212.02,5220864.0]]]}},{"type":"Feature","properties":{"vineyard_id":"V02","interrow_cover":"mixed","tile":"siret3_r007_c004.tif","area_m2":108.352},"geometry":{"type":"Polygon","coordinates":[[[629209.27,5220864.0],[629207.18,5220864.0],[629228.12,5220812.8],[629230.26,5220812.8],[629209.27,5220864.0]]]}},{"type":"Feature","properties":{"vineyard_id":"V02","interrow_cover":"mixed","tile":"siret3_r007_c004.tif","area_m2":104.576},"geometry":{"type":"Polygon","coordinates":[[[629206.53,5220864.0],[629204.41,5220864.0],[629225.5,5220812.8],[629227.47,5220812.8],[629206.53,5220864.0]]]}},{"type":"Feature","properties":{"vineyard_id":"V02","interrow_cover":"bare_soil","tile":"siret3_r007_c004.tif","area_m2":106.944},"geometry":{"type":"Polygon","coordinates":[[[629203.76,5220864.0],[629201.78,5220864.0],[629222.66,5220812.8],[629224.85,5220812.8],[629203.76,5220864.0]]]}},{"type":"Feature","properties":{"vineyard_id":"V02","interrow_cover":"bare_soil","tile":"siret3_r007_c004.tif","area_m2":105.28},"geometry":{"type":"Polygon","coordinates":[[[629201.13,5220864.0],[629199.06,5220864.0],[629219.97,5220812.8],[629222.01,5220812.8],[629201.13,5220864.0]]]}},{"type":"Feature","properties":{"vineyard_id":"V02","interrow_cover":"bare_soil","tile":"siret3_r007_c004.tif","area_m2":109.216},"geometry":{"type":"Polygon","coordinates":[[[629219.33,5220812.8],[629198.43,5220863.95],[629196.94,5220862.21],[629217.19,5220812.8],[629219.33,5220812.8]]]}},{"type":"Feature","properties":{"vineyard_id":"V02","interrow_cover":"bare_soil","tile":"siret3_r007_c004.tif","area_m2":94.417},"geometry":{"type":"Polygon","coordinates":[[[629196.8,5220860.96],[629196.8,5220855.92],[629214.47,5220812.8],[629216.54,5220812.8],[629196.8,5220860.96]]]}},{"type":"Feature","properties":{"vineyard_id":"V02","interrow_cover":"bare_soil","tile":"siret3_r007_c004.tif","area_m2":81.702},"geometry":{"type":"Polygon","coordinates":[[[629196.8,5220854.34],[629196.8,5220849.42],[629211.64,5220812.8],[629213.82,5220812.8],[629196.8,5220854.34]]]}},{"type":"Feature","properties":{"vineyard_id":"V02","interrow_cover":"bare_soil","tile":"siret3_r007_c004.tif","area_m2":69.929},"geometry":{"type":"Polygon","coordinates":[[[629196.8,5220847.83],[629196.8,5220842.38],[629208.88,5220812.8],[629210.99,5220812.8],[629196.8,5220847.83]]]}},{"type":"Feature","properties":{"vineyard_id":"V02","interrow_cover":"bare_soil","tile":"siret3_r007_c004.tif","area_m2":51.814},"geometry":{"type":"Polygon","coordinates":[[[629196.8,5220840.79],[629196.8,5220835.83],[629206.2,5220812.8],[629208.23,5220812.8],[629196.8,5220840.79]]]}},{"type":"Feature","properties":{"vineyard_id":"V02","interrow_cover":"bare_soil","tile":"siret3_r007_c004.tif","area_m2":38.859},"geometry":{"type":"Polygon","coordinates":[[[629196.8,5220834.24],[629196.8,5220829.39],[629203.42,5220812.8],[629205.55,5220812.8],[629196.8,5220834.24]]]}},{"type":"Feature","properties":{"vineyard_id":"V02","interrow_cover":"bare_soil","tile":"siret3_r007_c004.tif","area_m2":24.832},"geometry":{"type":"Polygon","coordinates":[[[629196.8,5220827.77],[629196.8,5220822.62],[629200.86,5220812.8],[629202.78,5220812.8],[629196.8,5220827.77]]]}},{"type":"Feature","properties":{"vineyard_id":"V02","interrow_cover":"bare_soil","tile":"siret3_r007_c004.tif","area_m2":11.794},"geometry":{"type":"Polygon","coordinates":[[[629196.8,5220821.05],[629196.8,5220816.14],[629198.15,5220812.8],[629200.21,5220812.8],[629196.8,5220821.05]]]}},{"type":"Feature","properties":{"vineyard_id":"V04","interrow_cover":"mixed","tile":"siret3_r008_c001.tif","area_m2":57.617},"geometry":{"type":"Polygon","coordinates":[[[629091.68,5220761.6],[629094.38,5220761.6],[629094.4,5220761.62],[629094.4,5220762.21],[629081.66,5220780.91],[629079.48,5220779.64],[629091.68,5220761.6]]]}},{"type":"Feature","properties":{"vineyard_id":"V04","interrow_cover":"bare_soil","tile":"siret3_r008_c001.tif","area_m2":35.453},"geometry":{"type":"Polygon","coordinates":[[[629075.54,5220774.39],[629073.54,5220773.04],[629081.25,5220761.6],[629084.19,5220761.6],[629075.54,5220774.39]]]}},{"type":"Feature","properties":{"vineyard_id":"V04","interrow_cover":"bare_soil","tile":"siret3_r008_c001.tif","area_m2":37.424},"geometry":{"type":"Polygon","coordinates":[[[629072.01,5220774.23],[629069.89,5220772.8],[629077.33,5220761.6],[629080.53,5220761.6],[629072.01,5220774.23]]]}},{"type":"Feature","properties":{"vineyard_id":"V04","interrow_cover":"bare_soil","tile":"siret3_r008_c001.tif","area_m2":21.913},"geometry":{"type":"Polygon","coordinates":[[[629070.25,5220771.17],[629068.46,5220769.96],[629074.35,5220761.6],[629076.61,5220761.6],[629070.25,5220771.17]]]}},{"type":"Feature","properties":{"vineyard_id":"V04","interrow_cover":"bare_soil","tile":"siret3_r008_c001.tif","area_m2":20.765},"geometry":{"type":"Polygon","coordinates":[[[629067.96,5220769.62],[629066.17,5220768.41],[629070.63,5220761.6],[629073.61,5220761.6],[629067.96,5220769.62]]]}},{"type":"Feature","properties":{"vineyard_id":"V04","interrow_cover":"bare_soil","tile":"siret3_r008_c001.tif","area_m2":16.892},"geometry":{"type":"Polygon","coordinates":[[[629064.96,5220769.16],[629063.3,5220768.04],[629067.47,5220761.6],[629069.91,5220761.6],[629064.96,5220769.16]]]}},{"type":"Feature","properties":{"vineyard_id":"V04","interrow_cover":"bare_soil","tile":"siret3_r008_c001.tif","area_m2":20.963},"geometry":{"type":"Polygon","coordinates":[[[629062.55,5220768.1],[629059.84,5220766.26],[629063.2,5220761.6],[629066.76,5220761.6],[629062.55,5220768.1]]]}},{"type":"Feature","properties":{"vineyard_id":"V02","interrow_cover":"bare_soil","tile":"siret3_r008_c002.tif","area_m2":9.513},"geometry":{"type":"Polygon","coordinates":[[[629144.58,5220812.8],[629142.58,5220812.8],[629145.6,5220805.66],[629145.6,5220810.31],[629144.58,5220812.8]]]}},{"type":"Feature","properties":{"vineyard_id":"V02","interrow_cover":"bare_soil","tile":"siret3_r008_c002.tif","area_m2":21.875},"geometry":{"type":"Polygon","coordinates":[[[629141.93,5220812.8],[629139.96,5220812.8],[629145.6,5220799.39],[629145.6,5220804.12],[629141.93,5220812.8]]]}},{"type":"Feature","properties":{"vineyard_id":"V02","interrow_cover":"bare_soil","tile":"siret3_r008_c002.tif","area_m2":34.424},"geometry":{"type":"Polygon","coordinates":[[[629139.31,5220812.8],[629137.36,5220812.8],[629145.6,5220793.01],[629145.6,5220797.84],[629139.31,5220812.8]]]}},{"type":"Feature","properties":{"vineyard_id":"V02","interrow_cover":"bare_soil","tile":"siret3_r008_c002.tif","area_m2":52.133},"geometry":{"type":"Polygon","coordinates":[[[629136.71,5220812.8],[629134.7,5220812.8],[629145.6,5220785.82],[629145.6,5220791.45],[629136.71,5220812.8]]]}},{"type":"Feature","properties":{"vineyard_id":"V02","interrow_cover":"bare_soil","tile":"siret3_r008_c002.tif","area_m2":67.758},"geometry":{"type":"Polygon","coordinates":[[[629134.06,5220812.8],[629131.84,5220812.8],[629145.6,5220778.96],[629145.6,5220784.22],[629134.06,5220812.8]]]}},{"type":"Feature","properties":{"vineyard_id":"V02","interrow_cover":"bare_soil","tile":"siret3_r008_c002.tif","area_m2":79.382},"geometry":{"type":"Polygon","coordinates":[[[629131.2,5220812.8],[629129.03,5220812.8],[629145.6,5220772.42],[629145.6,5220777.37],[629131.2,5220812.8]]]}},{"type":"Feature","properties":{"vineyard_id":"V02","interrow_cover":"bare_soil","tile":"siret3_r008_c002.tif","area_m2":89.305},"geometry":{"type":"Polygon","coordinates":[[[629128.38,5220812.8],[629126.28,5220812.8],[629145.6,5220766.15],[629145.6,5220770.84],[629128.38,5220812.8]]]}},{"type":"Feature","properties":{"vineyard_id":"V02","interrow_cover":"bare_soil","tile":"siret3_r008_c002.tif","area_m2":103.407},"geometry":{"type":"Polygon","coordinates":[[[629144.67,5220761.78],[629145.57,5220764.67],[629125.64,5220812.8],[629123.56,5220812.8],[629144.67,5220761.78]]]}},{"type":"Feature","properties":{"vineyard_id":"V02","interrow_cover":"bare_soil","tile":"siret3_r008_c002.tif","area_m2":113.408},"geometry":{"type":"Polygon","coordinates":[[[629122.91,5220812.8],[629120.77,5220812.8],[629141.81,5220761.6],[629144.09,5220761.6],[629122.91,5220812.8]]]}},{"type":"Feature","properties":{"vineyard_id":"V02","interrow_cover":"bare_soil","tile":"siret3_r008_c002.tif","area_m2":120.256},"geometry":{"type":"Polygon","coordinates":[[[629120.11,5220812.8],[629117.7,5220812.8],[629138.87,5220761.6],[629141.16,5220761.6],[629120.11,5220812.8]]]}},{"type":"Feature","properties":{"vineyard_id":"V04","interrow_cover":"bare_soil","tile":"siret3_r008_c002.tif","area_m2":59.034},"geometry":{"type":"Polygon","coordinates":[[[629094.4,5220787.14],[629094.4,5220780.5],[629102.21,5220761.6],[629104.81,5220761.6],[629094.4,5220787.14]]]}},{"type":"Feature","properties":{"vineyard_id":"V04","interrow_cover":"bare_soil","tile":"siret3_r008_c002.tif","area_m2":12.38},"geometry":{"type":"Polygon","coordinates":[[[629096.82,5220769.1],[629098.22,5220769.68],[629094.4,5220778.93],[629094.4,5220774.98],[629096.82,5220769.1]]]}},{"type":"Feature","properties":{"vineyard_id":"V04","interrow_cover":"bare_soil","tile":"siret3_r008_c002.tif","area_m2":4.76},"geometry":{"type":"Polygon","coordinates":[[[629094.77,5220768.25],[629096.27,5220768.87],[629094.4,5220773.41],[629094.4,5220769.14],[629094.77,5220768.25]]]}},{"type":"Feature","properties":{"vineyard_id":"V04","interrow_cover":"bare_soil","tile":"siret3_r008_c002.tif","area_m2":6.65},"geometry":{"type":"Polygon","coordinates":[[[629094.4,5220767.57],[629094.4,5220763.41],[629095.17,5220761.6],[629096.86,5220761.6],[629094.4,5220767.57]]]}},{"type":"Feature","properties":{"vineyard_id":"V01","interrow_cover":"mixed","tile":"siret3_r008_c002.tif","area_m2":12.435},"geometry":{"type":"Polygon","coordinates":[[[629111.48,5220806.46],[629112.83,5220807.41],[629109.09,5220812.8],[629106.88,5220812.8],[629111.48,5220806.46]]]}},{"type":"Feature","properties":{"vineyard_id":"V04","interrow_cover":"bare_soil","tile":"siret3_r008_c002.tif","area_m2":82.237},"geometry":{"type":"Polygon","coordinates":[[[629128.93,5220769.75],[629108.04,5220799.75],[629106.41,5220798.16],[629127.07,5220768.45],[629128.93,5220769.75]]]}},{"type":"Feature","properties":{"vineyard_id":"V04","interrow_cover":"bare_soil","tile":"siret3_r008_c002.tif","area_m2":69.791},"geometry":{"type":"Polygon","coordinates":[[[629124.75,5220770.73],[629105.98,5220797.73],[629104.45,5220796.22],[629122.99,5220769.5],[629124.75,5220770.73]]]}},{"type":"Feature","properties":{"vineyard_id":"V04","interrow_cover":"bare_soil","tile":"siret3_r008_c002.tif","area_m2":84.156},"geometry":{"type":"Polygon","coordinates":[[[629122.49,5220769.16],[629104.01,5220795.8],[629102.16,5220793.98],[629120.31,5220767.62],[629122.49,5220769.16]]]}},{"type":"Feature","properties":{"vineyard_id":"V04","interrow_cover":"bare_soil","tile":"siret3_r008_c002.tif","area_m2":86.82},"geometry":{"type":"Polygon","coordinates":[[[629120.85,5220761.6],[629123.72,5220761.6],[629101.72,5220793.55],[629100.11,5220791.97],[629120.85,5220761.6]]]}},{"type":"Feature","properties":{"vineyard_id":"V03","interrow_cover":"bare_soil","tile":"siret3_r008_c002.tif","area_m2":11.118},"geometry":{"type":"Polygon","coordinates":[[[629094.4,5220795.03],[629096.0,5220792.67],[629097.33,5220793.44],[629097.96,5220794.06],[629094.4,5220799.27],[629094.4,5220795.03]]]}},{"type":"Feature","properties":{"vineyard_id":"V04","interrow_cover":"bare_soil","tile":"siret3_r008_c002.tif","area_m2":86.836},"geometry":{"type":"Polygon","coordinates":[[[629117.1,5220761.6],[629120.13,5220761.6],[629099.68,5220791.54],[629099.3,5220791.17],[629099.2,5220791.09],[629099.1,5220791.01],[629099.0,5220790.94],[629097.69,5220790.19],[629117.1,5220761.6]]]}},{"type":"Feature","properties":{"vineyard_id":"V04","interrow_cover":"bare_soil","tile":"siret3_r008_c002.tif","area_m2":69.566},"geometry":{"type":"Polygon","coordinates":[[[629097.29,5220789.7],[629098.42,5220784.25],[629113.43,5220761.6],[629116.37,5220761.6],[629097.29,5220789.7]]]}},{"type":"Feature","properties":{"vineyard_id":"V04","interrow_cover":"bare_soil","tile":"siret3_r008_c002.tif","area_m2":43.968},"geometry":{"type":"Polygon","coordinates":[[[629112.71,5220761.6],[629098.89,5220782.45],[629103.77,5220770.48],[629109.98,5220761.6],[629112.71,5220761.6]]]}},{"type":"Feature","properties":{"vineyard_id":"V02","interrow_cover":"mixed","tile":"siret3_r008_c003.tif","area_m2":19.966},"geometry":{"type":"Polygon","coordinates":[[[629194.73,5220812.8],[629192.27,5220812.8],[629196.8,5220801.59],[629196.8,5220807.58],[629194.73,5220812.8]]]}},{"type":"Feature","properties":{"vineyard_id":"V02","interrow_cover":"bare_soil","tile":"siret3_r008_c003.tif","area_m2":32.722},"geometry":{"type":"Polygon","coordinates":[[[629191.62,5220812.8],[629189.44,5220812.8],[629196.8,5220794.91],[629196.8,5220800.0],[629191.62,5220812.8]]]}},{"type":"Feature","properties":{"vineyard_id":"V02","interrow_cover":"bare_soil","tile":"siret3_r008_c003.tif","area_m2":43.792},"geometry":{"type":"Polygon","coordinates":[[[629188.79,5220812.8],[629186.96,5220812.8],[629196.8,5220788.04],[629196.8,5220793.34],[629188.79,5220812.8]]]}},{"type":"Feature","properties":{"vineyard_id":"V02","interrow_cover":"bare_soil","tile":"siret3_r008_c003.tif","area_m2":59.308},"geometry":{"type":"Polygon","coordinates":[[[629186.32,5220812.8],[629183.97,5220812.8],[629196.8,5220782.0],[629196.8,5220786.42],[629186.32,5220812.8]]]}},{"type":"Feature","properties":{"vineyard_id":"V02","interrow_cover":"bare_soil","tile":"siret3_r008_c003.tif","area_m2":70.467},"geometry":{"type":"Polygon","coordinates":[[[629183.32,5220812.8],[629181.23,5220812.8],[629196.8,5220775.73],[629196.8,5220780.44],[629183.32,5220812.8]]]}},{"type":"Feature","properties":{"vineyard_id":"V02","interrow_cover":"bare_soil","tile":"siret3_r008_c003.tif","area_m2":88.985},"geometry":{"type":"Polygon","coordinates":[[[629180.58,5220812.8],[629178.57,5220812.8],[629196.8,5220768.68],[629196.8,5220774.18],[629180.58,5220812.8]]]}},{"type":"Feature","properties":{"vineyard_id":"V02","interrow_cover":"bare_soil","tile":"siret3_r008_c003.tif","area_m2":93.164},"geometry":{"type":"Polygon","coordinates":[[[629177.92,5220812.8],[629176.19,5220812.8],[629196.8,5220761.91],[629196.8,5220767.11],[629177.92,5220812.8]]]}},{"type":"Feature","properties":{"vineyard_id":"V02","interrow_cover":"bare_soil","tile":"siret3_r008_c003.tif","area_m2":117.312},"geometry":{"type":"Polygon","coordinates":[[[629175.54,5220812.8],[629173.33,5220812.8],[629193.91,5220761.6],[629196.28,5220761.6],[629175.54,5220812.8]]]}},{"type":"Feature","properties":{"vineyard_id":"V02","interrow_cover":"bare_soil","tile":"siret3_r008_c003.tif","area_m2":105.856},"geometry":{"type":"Polygon","coordinates":[[[629172.68,5220812.8],[629170.53,5220812.8],[629191.28,5220761.6],[629193.26,5220761.6],[629172.68,5220812.8]]]}},{"type":"Feature","properties":{"vineyard_id":"V02","interrow_cover":"bare_soil","tile":"siret3_r008_c003.tif","area_m2":102.208},"geometry":{"type":"Polygon","coordinates":[[[629169.89,5220812.8],[629167.8,5220812.8],[629188.72,5220761.6],[629190.63,5220761.6],[629169.89,5220812.8]]]}},{"type":"Feature","properties":{"vineyard_id":"V02","interrow_cover":"bare_soil","tile":"siret3_r008_c003.tif","area_m2":105.344},"geometry":{"type":"Polygon","coordinates":[[[629167.15,5220812.8],[629165.03,5220812.8],[629186.08,5220761.6],[629188.07,5220761.6],[629167.15,5220812.8]]]}},{"type":"Feature","properties":{"vineyard_id":"V02","interrow_cover":"bare_soil","tile":"siret3_r008_c003.tif","area_m2":112.704},"geometry":{"type":"Polygon","coordinates":[[[629164.38,5220812.8],[629162.19,5220812.8],[629183.22,5220761.6],[629185.44,5220761.6],[629164.38,5220812.8]]]}},{"type":"Feature","properties":{"vineyard_id":"V02","interrow_cover":"mixed","tile":"siret3_r008_c003.tif","area_m2":107.072},"geometry":{"type":"Polygon","coordinates":[[[629161.54,5220812.8],[629159.5,5220812.8],[629180.43,5220761.6],[629182.57,5220761.6],[629161.54,5220812.8]]]}},{"type":"Feature","properties":{"vineyard_id":"V02","interrow_cover":"bare_soil","tile":"siret3_r008_c003.tif","area_m2":111.872},"geometry":{"type":"Polygon","coordinates":[[[629158.85,5220812.8],[629156.58,5220812.8],[629177.68,5220761.6],[629179.79,5220761.6],[629158.85,5220812.8]]]}},{"type":"Feature","properties":{"vineyard_id":"V02","interrow_cover":"bare_soil","tile":"siret3_r008_c003.tif","area_m2":109.76},"geometry":{"type":"Polygon","coordinates":[[[629155.93,5220812.8],[629153.77,5220812.8],[629174.91,5220761.6],[629177.03,5220761.6],[629155.93,5220812.8]]]}},{"type":"Feature","properties":{"vineyard_id":"V02","interrow_cover":"bare_soil","tile":"siret3_r008_c003.tif","area_m2":106.496},"geometry":{"type":"Polygon","coordinates":[[[629153.12,5220812.8],[629150.99,5220812.8],[629172.23,5220761.6],[629174.26,5220761.6],[629153.12,5220812.8]]]}},{"type":"Feature","properties":{"vineyard_id":"V02","interrow_cover":"bare_soil","tile":"siret3_r008_c003.tif","area_m2":106.112},"geometry":{"type":"Polygon","coordinates":[[[629150.34,5220812.8],[629148.17,5220812.8],[629169.61,5220761.6],[629171.58,5220761.6],[629150.34,5220812.8]]]}},{"type":"Feature","properties":{"vineyard_id":"V02","interrow_cover":"bare_soil","tile":"siret3_r008_c003.tif","area_m2":106.51},"geometry":{"type":"Polygon","coordinates":[[[629147.52,5220812.8],[629145.6,5220812.8],[629145.6,5220812.44],[629166.87,5220761.6],[629168.96,5220761.6],[629147.52,5220812.8]]]}},{"type":"Feature","properties":{"vineyard_id":"V02","interrow_cover":"bare_soil","tile":"siret3_r008_c003.tif","area_m2":103.107},"geometry":{"type":"Polygon","coordinates":[[[629145.6,5220810.88],[629145.6,5220806.0],[629163.84,5220761.6],[629166.22,5220761.6],[629145.6,5220810.88]]]}},{"type":"Feature","properties":{"vineyard_id":"V02","interrow_cover":"bare_soil","tile":"siret3_r008_c003.tif","area_m2":82.682},"geometry":{"type":"Polygon","coordinates":[[[629145.6,5220804.42],[629145.6,5220799.4],[629161.15,5220761.6],[629163.19,5220761.6],[629145.6,5220804.42]]]}},{"type":"Feature","properties":{"vineyard_id":"V02","interrow_cover":"bare_soil","tile":"siret3_r008_c003.tif","area_m2":70.907},"geometry":{"type":"Polygon","coordinates":[[[629145.6,5220797.82],[629145.6,5220792.75],[629158.38,5220761.6],[629160.51,5220761.6],[629145.6,5220797.82]]]}},{"type":"Feature","properties":{"vineyard_id":"V02","interrow_cover":"mixed","tile":"siret3_r008_c003.tif","area_m2":57.079},"geometry":{"type":"Polygon","coordinates":[[[629145.6,5220791.17],[629145.6,5220786.08],[629155.59,5220761.6],[629157.73,5220761.6],[629145.6,5220791.17]]]}},{"type":"Feature","properties":{"vineyard_id":"V02","interrow_cover":"bare_soil","tile":"siret3_r008_c003.tif","area_m2":43.464},"geometry":{"type":"Polygon","coordinates":[[[629145.6,5220784.5],[629145.6,5220778.99],[629152.9,5220761.6],[629154.94,5220761.6],[629145.6,5220784.5]]]}},{"type":"Feature","properties":{"vineyard_id":"V02","interrow_cover":"bare_soil","tile":"siret3_r008_c003.tif","area_m2":27.313},"geometry":{"type":"Polygon","coordinates":[[[629145.6,5220777.44],[629145.6,5220772.83],[629150.11,5220761.6],[629152.24,5220761.6],[629145.6,5220777.44]]]}},{"type":"Feature","properties":{"vineyard_id":"V02","interrow_cover":"bare_soil","tile":"siret3_r008_c004.tif","area_m2":84.538},"geometry":{"type":"Polygon","coordinates":[[[629233.03,5220812.8],[629230.82,5220812.8],[629248.0,5220770.75],[629248.0,5220775.83],[629233.03,5220812.8]]]}},{"type":"Feature","properties":{"vineyard_id":"V02","interrow_cover":"mixed","tile":"siret3_r008_c004.tif","area_m2":96.614},"geometry":{"type":"Polygon","coordinates":[[[629230.17,5220812.8],[629228.04,5220812.8],[629248.0,5220764.15],[629248.0,5220769.16],[629230.17,5220812.8]]]}},{"type":"Feature","properties":{"vineyard_id":"V02","interrow_cover":"mixed","tile":"siret3_r008_c004.tif","area_m2":103.347},"geometry":{"type":"Polygon","coordinates":[[[629227.39,5220812.8],[629225.38,5220812.8],[629246.36,5220761.6],[629247.97,5220761.6],[629248.0,5220761.61],[629248.0,5220762.57],[629227.39,5220812.8]]]}},{"type":"Feature","properties":{"vineyard_id":"V02","interrow_cover":"bare_soil","tile":"siret3_r008_c004.tif","area_m2":107.968},"geometry":{"type":"Polygon","coordinates":[[[629224.73,5220812.8],[629222.64,5220812.8],[629243.59,5220761.6],[629245.71,5220761.6],[629224.73,5220812.8]]]}},{"type":"Feature","properties":{"vineyard_id":"V02","interrow_cover":"bare_soil","tile":"siret3_r008_c004.tif","area_m2":107.136},"geometry":{"type":"Polygon","coordinates":[[[629221.99,5220812.8],[629219.89,5220812.8],[629240.86,5220761.6],[629242.94,5220761.6],[629221.99,5220812.8]]]}},{"type":"Feature","properties":{"vineyard_id":"V02","interrow_cover":"bare_soil","tile":"siret3_r008_c004.tif","area_m2":115.136},"geometry":{"type":"Polygon","coordinates":[[[629219.24,5220812.8],[629217.12,5220812.8],[629237.84,5220761.6],[629240.21,5220761.6],[629219.24,5220812.8]]]}},{"type":"Feature","properties":{"vineyard_id":"V02","interrow_cover":"bare_soil","tile":"siret3_r008_c004.tif","area_m2":105.856},"geometry":{"type":"Polygon","coordinates":[[[629216.47,5220812.8],[629214.4,5220812.8],[629235.13,5220761.6],[629237.19,5220761.6],[629216.47,5220812.8]]]}},{"type":"Feature","properties":{"vineyard_id":"V02","interrow_cover":"bare_soil","tile":"siret3_r008_c004.tif","area_m2":104.768},"geometry":{"type":"Polygon","coordinates":[[[629213.75,5220812.8],[629211.65,5220812.8],[629232.49,5220761.6],[629234.48,5220761.6],[629213.75,5220812.8]]]}},{"type":"Feature","properties":{"vineyard_id":"V02","interrow_cover":"bare_soil","tile":"siret3_r008_c004.tif","area_m2":104.192},"geometry":{"type":"Polygon","coordinates":[[[629211.0,5220812.8],[629209.0,5220812.8],[629229.78,5220761.6],[629231.84,5220761.6],[629211.0,5220812.8]]]}},{"type":"Feature","properties":{"vineyard_id":"V02","interrow_cover":"bare_soil","tile":"siret3_r008_c004.tif","area_m2":108.864},"geometry":{"type":"Polygon","coordinates":[[[629208.35,5220812.8],[629206.19,5220812.8],[629227.03,5220761.6],[629229.13,5220761.6],[629208.35,5220812.8]]]}},{"type":"Feature","properties":{"vineyard_id":"V02","interrow_cover":"bare_soil","tile":"siret3_r008_c004.tif","area_m2":106.176},"geometry":{"type":"Polygon","coordinates":[[[629205.55,5220812.8],[629203.48,5220812.8],[629224.31,5220761.6],[629226.39,5220761.6],[629205.55,5220812.8]]]}},{"type":"Feature","properties":{"vineyard_id":"V02","interrow_cover":"bare_soil","tile":"siret3_r008_c004.tif","area_m2":113.408},"geometry":{"type":"Polygon","coordinates":[[[629202.83,5220812.8],[629200.65,5220812.8],[629221.41,5220761.6],[629223.66,5220761.6],[629202.83,5220812.8]]]}},{"type":"Feature","properties":{"vineyard_id":"V02","interrow_cover":"bare_soil","tile":"siret3_r008_c004.tif","area_m2":103.232},"geometry":{"type":"Polygon","coordinates":[[[629200.0,5220812.8],[629198.11,5220812.8],[629218.62,5220761.6],[629220.77,5220761.6],[629200.0,5220812.8]]]}},{"type":"Feature","properties":{"vineyard_id":"V02","interrow_cover":"bare_soil","tile":"siret3_r008_c004.tif","area_m2":108.164},"geometry":{"type":"Polygon","coordinates":[[[629197.47,5220812.8],[629196.8,5220812.8],[629196.8,5220808.91],[629215.86,5220761.6],[629217.97,5220761.6],[629197.47,5220812.8]]]}},{"type":"Feature","properties":{"vineyard_id":"V02","interrow_cover":"bare_soil","tile":"siret3_r008_c004.tif","area_m2":89.06},"geometry":{"type":"Polygon","coordinates":[[[629196.8,5220807.3],[629196.8,5220801.67],[629213.36,5220761.6],[629215.22,5220761.6],[629196.8,5220807.3]]]}},{"type":"Feature","properties":{"vineyard_id":"V02","interrow_cover":"bare_soil","tile":"siret3_r008_c004.tif","area_m2":74.565},"geometry":{"type":"Polygon","coordinates":[[[629196.8,5220800.1],[629196.8,5220794.93],[629210.71,5220761.6],[629212.71,5220761.6],[629196.8,5220800.1]]]}},{"type":"Feature","properties":{"vineyard_id":"V02","interrow_cover":"bare_soil","tile":"siret3_r008_c004.tif","area_m2":62.261},"geometry":{"type":"Polygon","coordinates":[[[629196.8,5220793.37],[629196.8,5220788.22],[629207.94,5220761.6],[629210.06,5220761.6],[629196.8,5220793.37]]]}},{"type":"Feature","properties":{"vineyard_id":"V02","interrow_cover":"bare_soil","tile":"siret3_r008_c004.tif","area_m2":45.953},"geometry":{"type":"Polygon","coordinates":[[[629196.8,5220786.67],[629196.8,5220781.64],[629205.34,5220761.6],[629207.29,5220761.6],[629196.8,5220786.67]]]}},{"type":"Feature","properties":{"vineyard_id":"V02","interrow_cover":"bare_soil","tile":"siret3_r008_c004.tif","area_m2":34.186},"geometry":{"type":"Polygon","coordinates":[[[629196.8,5220780.11],[629196.8,5220775.65],[629202.33,5220761.6],[629204.69,5220761.6],[629196.8,5220780.11]]]}},{"type":"Feature","properties":{"vineyard_id":"V02","interrow_cover":"bare_soil","tile":"siret3_r008_c004.tif","area_m2":20.163},"geometry":{"type":"Polygon","coordinates":[[[629196.8,5220774.01],[629196.8,5220768.69],[629199.66,5220761.6],[629201.68,5220761.6],[629196.8,5220774.01]]]}},{"type":"Feature","properties":{"vineyard_id":"V02","interrow_cover":"mixed","tile":"siret3_r008_c005.tif","area_m2":89.36},"geometry":{"type":"Polygon","coordinates":[[[629274.47,5220812.8],[629292.56,5220768.38],[629294.03,5220769.48],[629276.64,5220812.8],[629274.47,5220812.8]]]}},{"type":"Feature","properties":{"vineyard_id":"V02","interrow_cover":"bare_soil","tile":"siret3_r008_c005.tif","area_m2":97.113},"geometry":{"type":"Polygon","coordinates":[[[629291.05,5220765.47],[629292.81,5220766.19],[629273.82,5220812.8],[629271.74,5220812.8],[629291.05,5220765.47]]]}},{"type":"Feature","properties":{"vineyard_id":"V02","interrow_cover":"bare_soil","tile":"siret3_r008_c005.tif","area_m2":96.522},"geometry":{"type":"Polygon","coordinates":[[[629288.82,5220764.56],[629290.5,5220765.25],[629271.09,5220812.8],[629269.02,5220812.8],[629288.82,5220764.56]]]}},{"type":"Feature","properties":{"vineyard_id":"V02","interrow_cover":"bare_soil","tile":"siret3_r008_c005.tif","area_m2":109.824},"geometry":{"type":"Polygon","coordinates":[[[629268.37,5220812.8],[629266.25,5220812.8],[629287.22,5220761.6],[629289.38,5220761.6],[629268.37,5220812.8]]]}},{"type":"Feature","properties":{"vineyard_id":"V02","interrow_cover":"bare_soil","tile":"siret3_r008_c005.tif","area_m2":122.24},"geometry":{"type":"Polygon","coordinates":[[[629265.6,5220812.8],[629263.26,5220812.8],[629284.14,5220761.6],[629286.57,5220761.6],[629265.6,5220812.8]]]}},{"type":"Feature","properties":{"vineyard_id":"V02","interrow_cover":"mixed","tile":"siret3_r008_c005.tif","area_m2":81.408},"geometry":{"type":"Polygon","coordinates":[[[629262.61,5220812.8],[629261.08,5220812.8],[629281.83,5220761.6],[629283.49,5220761.6],[629262.61,5220812.8]]]}},{"type":"Feature","properties":{"vineyard_id":"V02","interrow_cover":"bare_soil","tile":"siret3_r008_c005.tif","area_m2":104.448},"geometry":{"type":"Polygon","coordinates":[[[629260.44,5220812.8],[629258.24,5220812.8],[629279.31,5220761.6],[629281.19,5220761.6],[629260.44,5220812.8]]]}},{"type":"Feature","properties":{"vineyard_id":"V02","interrow_cover":"bare_soil","tile":"siret3_r008_c005.tif","area_m2":102.72},"geometry":{"type":"Polygon","coordinates":[[[629257.59,5220812.8],[629255.66,5220812.8],[629276.57,5220761.6],[629278.66,5220761.6],[629257.59,5220812.8]]]}},{"type":"Feature","properties":{"vineyard_id":"V02","interrow_cover":"bare_soil","tile":"siret3_r008_c005.tif","area_m2":110.848},"geometry":{"type":"Polygon","coordinates":[[[629255.01,5220812.8],[629252.88,5220812.8],[629273.72,5220761.6],[629275.92,5220761.6],[629255.01,5220812.8]]]}},{"type":"Feature","properties":{"vineyard_id":"V02","interrow_cover":"bare_soil","tile":"siret3_r008_c005.tif","area_m2":115.072},"geometry":{"type":"Polygon","coordinates":[[[629252.23,5220812.8],[629250.02,5220812.8],[629270.8,5220761.6],[629273.08,5220761.6],[629252.23,5220812.8]]]}},{"type":"Feature","properties":{"vineyard_id":"V02","interrow_cover":"bare_soil","tile":"siret3_r008_c005.tif","area_m2":107.256},"geometry":{"type":"Polygon","coordinates":[[[629270.15,5220761.6],[629249.41,5220812.71],[629248.1,5220810.66],[629268.0,5220761.6],[629270.15,5220761.6]]]}},{"type":"Feature","properties":{"vineyard_id":"V02","interrow_cover":"mixed","tile":"siret3_r008_c005.tif","area_m2":84.52},"geometry":{"type":"Polygon","coordinates":[[[629248.0,5220809.33],[629248.0,5220804.58],[629265.56,5220761.6],[629267.35,5220761.6],[629248.0,5220809.33]]]}},{"type":"Feature","properties":{"vineyard_id":"V02","interrow_cover":"mixed","tile":"siret3_r008_c005.tif","area_m2":81.379},"geometry":{"type":"Polygon","coordinates":[[[629248.0,5220803.0],[629248.0,5220798.02],[629262.75,5220761.6],[629264.91,5220761.6],[629248.0,5220803.0]]]}},{"type":"Feature","properties":{"vineyard_id":"V02","interrow_cover":"bare_soil","tile":"siret3_r008_c005.tif","area_m2":26.07},"geometry":{"type":"Polygon","coordinates":[[[629248.0,5220776.37],[629248.0,5220771.09],[629251.85,5220761.6],[629254.01,5220761.6],[629248.0,5220776.37]]]}},{"type":"Feature","properties":{"vineyard_id":"V02","interrow_cover":"mixed","tile":"siret3_r008_c005.tif","area_m2":11.592},"geometry":{"type":"Polygon","coordinates":[[[629248.0,5220769.5],[629248.0,5220763.88],[629248.93,5220761.6],[629251.2,5220761.6],[629248.0,5220769.5]]]}},{"type":"Feature","properties":{"vineyard_id":"V04","interrow_cover":"vegetation","tile":"siret3_r009_c000.tif","area_m2":18.867},"geometry":{"type":"Polygon","coordinates":[[[629043.2,5220741.69],[629043.2,5220746.16],[629039.93,5220751.04],[629037.97,5220749.58],[629043.2,5220741.69]]]}},{"type":"Feature","properties":{"vineyard_id":"V04","interrow_cover":"mixed","tile":"siret3_r009_c000.tif","area_m2":29.916},"geometry":{"type":"Polygon","coordinates":[[[629043.2,5220736.12],[629043.2,5220740.6],[629037.49,5220749.22],[629035.52,5220747.75],[629043.2,5220736.12]]]}},{"type":"Feature","properties":{"vineyard_id":"V04","interrow_cover":"mixed","tile":"siret3_r009_c000.tif","area_m2":38.376},"geometry":{"type":"Polygon","coordinates":[[[629043.2,5220730.78],[629043.2,5220735.04],[629035.03,5220747.39],[629033.18,5220746.01],[629043.2,5220730.78]]]}},{"type":"Feature","properties":{"vineyard_id":"V04","interrow_cover":"mixed","tile":"siret3_r009_c000.tif","area_m2":50.65},"geometry":{"type":"Polygon","coordinates":[[[629043.2,5220725.26],[629043.2,5220729.69],[629032.7,5220745.65],[629030.76,5220744.21],[629043.2,5220725.26]]]}},{"type":"Feature","properties":{"vineyard_id":"V04","interrow_cover":"mixed","tile":"siret3_r009_c000.tif","area_m2":58.815},"geometry":{"type":"Polygon","coordinates":[[[629043.2,5220719.94],[629043.2,5220724.17],[629030.28,5220743.85],[629028.4,5220742.45],[629043.2,5220719.94]]]}},{"type":"Feature","properties":{"vineyard_id":"V04","interrow_cover":"mixed","tile":"siret3_r009_c000.tif","area_m2":74.288},"geometry":{"type":"Polygon","coordinates":[[[629043.2,5220714.32],[629043.2,5220718.85],[629027.92,5220742.09],[629025.89,5220740.58],[629043.2,5220714.32]]]}},{"type":"Feature","properties":{"vineyard_id":"V04","interrow_cover":"mixed","tile":"siret3_r009_c000.tif","area_m2":75.345},"geometry":{"type":"Polygon","coordinates":[[[629023.58,5220738.86],[629042.21,5220710.57],[629043.19,5220713.25],[629025.41,5220740.22],[629023.58,5220738.86]]]}},{"type":"Feature","properties":{"vineyard_id":"V04","interrow_cover":"mixed","tile":"siret3_r009_c000.tif","area_m2":73.024},"geometry":{"type":"Polygon","coordinates":[[[629034.16,5220710.4],[629017.9,5220735.19],[629015.72,5220733.8],[629031.19,5220710.4],[629034.16,5220710.4]]]}},{"type":"Feature","properties":{"vineyard_id":"V04","interrow_cover":"mixed","tile":"siret3_r009_c000.tif","area_m2":62.488},"geometry":{"type":"Polygon","coordinates":[[[629027.59,5220710.4],[629030.47,5220710.4],[629015.22,5220733.47],[629013.33,5220732.26],[629027.59,5220710.4]]]}},{"type":"Feature","properties":{"vineyard_id":"V04","interrow_cover":"bare_soil","tile":"siret3_r009_c000.tif","area_m2":58.08},"geometry":{"type":"Polygon","coordinates":[[[629024.3,5220710.4],[629026.88,5220710.4],[629012.54,5220732.37],[629009.63,5220732.75],[629009.63,5220732.75],[629024.3,5220710.4]]]}},{"type":"Feature","properties":{"vineyard_id":"V04","interrow_cover":"bare_soil","tile":"siret3_r009_c000.tif","area_m2":62.755},"geometry":{"type":"Polygon","coordinates":[[[629020.52,5220710.4],[629023.58,5220710.4],[629009.1,5220732.46],[629009.1,5220732.0],[629009.2,5220731.9],[629009.3,5220732.0],[629009.4,5220731.9],[629009.4,5220731.8],[629009.3,5220731.7],[629009.5,5220731.5],[629009.5,5220731.4],[629009.4,5220731.3],[629009.5,5220731.2],[629009.5,5220730.7],[629009.6,5220730.6],[629009.5,5220730.5],[629009.4,5220730.5],[629009.3,5220730.4],[629009.2,5220730.4],[629009.1,5220730.3],[629009.1,5220730.1],[629008.6,5220730.1],[629008.3,5220729.8],[629008.4,5220729.7],[629008.1,5220729.7],[629008.0,5220729.6],[629007.85,5220729.45],[629020.52,5220710.4]]]}},{"type":"Feature","properties":{"vineyard_id":"V04","interrow_cover":"bare_soil","tile":"siret3_r009_c000.tif","area_m2":52.39},"geometry":{"type":"Polygon","coordinates":[[[629016.89,5220710.4],[629019.8,5220710.4],[629007.3,5220729.2],[629007.3,5220729.2],[629007.2,5220729.2],[629007.1,5220729.1],[629007.1,5220729.0],[629007.2,5220728.9],[629007.0,5220728.9],[629006.9,5220728.8],[629006.8,5220728.8],[629006.7,5220728.7],[629006.6,5220728.7],[629006.5,5220728.6],[629006.5,5220728.5],[629006.0,5220728.5],[629005.9,5220728.4],[629005.9,5220728.3],[629006.0,5220728.2],[629005.9,5220728.1],[629005.6,5220728.1],[629005.5,5220728.0],[629005.5,5220727.8],[629005.4,5220727.9],[629005.33,5220727.83],[629016.89,5220710.4]]]}},{"type":"Feature","properties":{"vineyard_id":"V04","interrow_cover":"bare_soil","tile":"siret3_r009_c000.tif","area_m2":33.771},"geometry":{"type":"Polygon","coordinates":[[[629005.27,5220726.85],[629005.28,5220726.28],[629005.3,5220726.3],[629005.3,5220726.2],[629005.28,5220726.2],[629005.29,5220725.71],[629005.3,5220725.7],[629005.3,5220725.5],[629005.3,5220725.5],[629005.34,5220723.26],[629012.9,5220711.56],[629015.97,5220710.4],[629016.17,5220710.4],[629005.27,5220726.85]]]}},{"type":"Feature","properties":{"vineyard_id":"V04","interrow_cover":"bare_soil","tile":"siret3_r009_c001.tif","area_m2":19.498},"geometry":{"type":"Polygon","coordinates":[[[629090.93,5220761.6],[629088.24,5220761.6],[629094.4,5220752.1],[629094.4,5220755.98],[629090.93,5220761.6]]]}},{"type":"Feature","properties":{"vineyard_id":"V04","interrow_cover":"bare_soil","tile":"siret3_r009_c001.tif","area_m2":33.703},"geometry":{"type":"Polygon","coordinates":[[[629087.53,5220761.6],[629084.9,5220761.6],[629094.4,5220746.83],[629094.4,5220751.0],[629087.53,5220761.6]]]}},{"type":"Feature","properties":{"vineyard_id":"V04","interrow_cover":"bare_soil","tile":"siret3_r009_c001.tif","area_m2":51.889},"geometry":{"type":"Polygon","coordinates":[[[629084.19,5220761.6],[629081.23,5220761.6],[629094.4,5220741.42],[629094.4,5220745.72],[629084.19,5220761.6]]]}},{"type":"Feature","properties":{"vineyard_id":"V04","interrow_cover":"bare_soil","tile":"siret3_r009_c001.tif","area_m2":75.635},"geometry":{"type":"Polygon","coordinates":[[[629080.51,5220761.6],[629077.26,5220761.6],[629094.4,5220735.53],[629094.4,5220740.32],[629080.51,5220761.6]]]}},{"type":"Feature","properties":{"vineyard_id":"V04","interrow_cover":"bare_soil","tile":"siret3_r009_c001.tif","area_m2":73.554},"geometry":{"type":"Polygon","coordinates":[[[629076.54,5220761.6],[629074.13,5220761.6],[629094.4,5220730.42],[629094.4,5220734.44],[629076.54,5220761.6]]]}},{"type":"Feature","properties":{"vineyard_id":"V04","interrow_cover":"bare_soil","tile":"siret3_r009_c001.tif","area_m2":99.183},"geometry":{"type":"Polygon","coordinates":[[[629073.41,5220761.6],[629070.53,5220761.6],[629094.4,5220724.9],[629094.4,5220729.31],[629073.41,5220761.6]]]}},{"type":"Feature","properties":{"vineyard_id":"V04","interrow_cover":"bare_soil","tile":"siret3_r009_c001.tif","area_m2":102.658},"geometry":{"type":"Polygon","coordinates":[[[629069.82,5220761.6],[629067.18,5220761.6],[629094.4,5220719.91],[629094.4,5220723.8],[629069.82,5220761.6]]]}},{"type":"Feature","properties":{"vineyard_id":"V04","interrow_cover":"bare_soil","tile":"siret3_r009_c001.tif","area_m2":164.139},"geometry":{"type":"Polygon","coordinates":[[[629066.47,5220761.6],[629062.8,5220761.6],[629094.4,5220713.39],[629094.4,5220718.81],[629066.47,5220761.6]]]}},{"type":"Feature","properties":{"vineyard_id":"V04","interrow_cover":"bare_soil","tile":"siret3_r009_c001.tif","area_m2":131.666},"geometry":{"type":"Polygon","coordinates":[[[629092.98,5220710.51],[629094.31,5220712.43],[629062.08,5220761.6],[629059.43,5220761.6],[629092.98,5220710.51]]]}},{"type":"Feature","properties":{"vineyard_id":"V04","interrow_cover":"bare_soil","tile":"siret3_r009_c001.tif","area_m2":146.56},"geometry":{"type":"Polygon","coordinates":[[[629058.71,5220761.6],[629055.86,5220761.6],[629089.45,5220710.4],[629092.33,5220710.4],[629058.71,5220761.6]]]}},{"type":"Feature","properties":{"vineyard_id":"V04","interrow_cover":"bare_soil","tile":"siret3_r009_c001.tif","area_m2":154.432},"geometry":{"type":"Polygon","coordinates":[[[629055.14,5220761.6],[629052.03,5220761.6],[629085.81,5220710.4],[629088.74,5220710.4],[629055.14,5220761.6]]]}},{"type":"Feature","properties":{"vineyard_id":"V04","interrow_cover":"bare_soil","tile":"siret3_r009_c001.tif","area_m2":147.393},"geometry":{"type":"Polygon","coordinates":[[[629085.09,5220710.4],[629051.39,5220761.49],[629050.16,5220759.13],[629081.96,5220710.4],[629085.09,5220710.4]]]}},{"type":"Feature","properties":{"vineyard_id":"V04","interrow_cover":"bare_soil","tile":"siret3_r009_c001.tif","area_m2":139.467},"geometry":{"type":"Polygon","coordinates":[[[629078.34,5220710.4],[629081.24,5220710.4],[629049.88,5220758.46],[629047.87,5220756.96],[629078.34,5220710.4]]]}},{"type":"Feature","properties":{"vineyard_id":"V04","interrow_cover":"bare_soil","tile":"siret3_r009_c001.tif","area_m2":135.88},"geometry":{"type":"Polygon","coordinates":[[[629074.63,5220710.4],[629077.62,5220710.4],[629047.39,5220756.6],[629045.38,5220755.1],[629074.63,5220710.4]]]}},{"type":"Feature","properties":{"vineyard_id":"V04","interrow_cover":"bare_soil","tile":"siret3_r009_c001.tif","area_m2":122.748},"geometry":{"type":"Polygon","coordinates":[[[629073.92,5220710.4],[629044.82,5220754.86],[629043.29,5220753.06],[629070.99,5220710.4],[629073.92,5220710.4]]]}},{"type":"Feature","properties":{"vineyard_id":"V04","interrow_cover":"bare_soil","tile":"siret3_r009_c001.tif","area_m2":118.494},"geometry":{"type":"Polygon","coordinates":[[[629043.2,5220752.09],[629043.2,5220747.35],[629067.33,5220710.4],[629070.27,5220710.4],[629043.2,5220752.09]]]}},{"type":"Feature","properties":{"vineyard_id":"V04","interrow_cover":"mixed","tile":"siret3_r009_c001.tif","area_m2":97.303},"geometry":{"type":"Polygon","coordinates":[[[629043.2,5220746.25],[629043.2,5220741.67],[629063.83,5220710.4],[629066.62,5220710.4],[629043.2,5220746.25]]]}},{"type":"Feature","properties":{"vineyard_id":"V04","interrow_cover":"bare_soil","tile":"siret3_r009_c001.tif","area_m2":83.37},"geometry":{"type":"Polygon","coordinates":[[[629043.2,5220740.58],[629043.2,5220736.05],[629060.12,5220710.4],[629063.11,5220710.4],[629043.2,5220740.58]]]}},{"type":"Feature","properties":{"vineyard_id":"V04","interrow_cover":"bare_soil","tile":"siret3_r009_c001.tif","area_m2":64.611},"geometry":{"type":"Polygon","coordinates":[[[629043.2,5220734.96],[629043.2,5220730.72],[629056.43,5220710.4],[629059.4,5220710.4],[629043.2,5220734.96]]]}},{"type":"Feature","properties":{"vineyard_id":"V04","interrow_cover":"bare_soil","tile":"siret3_r009_c001.tif","area_m2":49.579},"geometry":{"type":"Polygon","coordinates":[[[629043.2,5220729.62],[629043.2,5220725.07],[629052.83,5220710.4],[629055.71,5220710.4],[629043.2,5220729.62]]]}},{"type":"Feature","properties":{"vineyard_id":"V04","interrow_cover":"bare_soil","tile":"siret3_r009_c001.tif","area_m2":30.737},"geometry":{"type":"Polygon","coordinates":[[[629043.2,5220723.97],[629043.2,5220719.92],[629049.46,5220710.4],[629052.12,5220710.4],[629043.2,5220723.97]]]}},{"type":"Feature","properties":{"vineyard_id":"V04","interrow_cover":"bare_soil","tile":"siret3_r009_c001.tif","area_m2":18.005},"geometry":{"type":"Polygon","coordinates":[[[629043.2,5220718.83],[629043.2,5220714.51],[629045.79,5220710.4],[629048.74,5220710.4],[629043.2,5220718.83]]]}},{"type":"Feature","properties":{"vineyard_id":"V02","interrow_cover":"mixed","tile":"siret3_r009_c002.tif","area_m2":13.684},"geometry":{"type":"Polygon","coordinates":[[[629144.07,5220761.6],[629141.11,5220761.6],[629145.6,5220754.69],[629145.6,5220759.23],[629144.07,5220761.6]]]}},{"type":"Feature","properties":{"vineyard_id":"V02","interrow_cover":"mixed","tile":"siret3_r009_c002.tif","area_m2":23.453},"geometry":{"type":"Polygon","coordinates":[[[629141.78,5220759.47],[629139.6,5220758.06],[629145.6,5220748.81],[629145.6,5220753.59],[629141.78,5220759.47]]]}},{"type":"Feature","properties":{"vineyard_id":"V04","interrow_cover":"bare_soil","tile":"siret3_r009_c002.tif","area_m2":52.168},"geometry":{"type":"Polygon","coordinates":[[[629138.77,5220743.81],[629140.91,5220745.2],[629130.26,5220761.6],[629127.2,5220761.6],[629138.77,5220743.81]]]}},{"type":"Feature","properties":{"vineyard_id":"V04","interrow_cover":"bare_soil","tile":"siret3_r009_c002.tif","area_m2":89.545},"geometry":{"type":"Polygon","coordinates":[[[629126.49,5220761.6],[629123.76,5220761.6],[629145.6,5220727.68],[629145.6,5220732.21],[629126.49,5220761.6]]]}},{"type":"Feature","properties":{"vineyard_id":"V04","interrow_cover":"bare_soil","tile":"siret3_r009_c002.tif","area_m2":103.426},"geometry":{"type":"Polygon","coordinates":[[[629123.05,5220761.6],[629120.18,5220761.6],[629145.6,5220722.39],[629145.6,5220726.57],[629123.05,5220761.6]]]}},{"type":"Feature","properties":{"vineyard_id":"V04","interrow_cover":"bare_soil","tile":"siret3_r009_c002.tif","area_m2":115.174},"geometry":{"type":"Polygon","coordinates":[[[629119.46,5220761.6],[629116.77,5220761.6],[629145.6,5220717.07],[629145.6,5220721.29],[629119.46,5220761.6]]]}},{"type":"Feature","properties":{"vineyard_id":"V04","interrow_cover":"bare_soil","tile":"siret3_r009_c002.tif","area_m2":141.754},"geometry":{"type":"Polygon","coordinates":[[[629116.05,5220761.6],[629113.07,5220761.6],[629145.6,5220711.43],[629145.6,5220715.97],[629116.05,5220761.6]]]}},{"type":"Feature","properties":{"vineyard_id":"V04","interrow_cover":"bare_soil","tile":"siret3_r009_c002.tif","area_m2":145.024},"geometry":{"type":"Polygon","coordinates":[[[629112.35,5220761.6],[629109.49,5220761.6],[629142.76,5220710.4],[629145.56,5220710.4],[629112.35,5220761.6]]]}},{"type":"Feature","properties":{"vineyard_id":"V04","interrow_cover":"bare_soil","tile":"siret3_r009_c002.tif","area_m2":142.464},"geometry":{"type":"Polygon","coordinates":[[[629108.78,5220761.6],[629105.97,5220761.6],[629139.28,5220710.4],[629142.04,5220710.4],[629108.78,5220761.6]]]}},{"type":"Feature","properties":{"vineyard_id":"V04","interrow_cover":"bare_soil","tile":"siret3_r009_c002.tif","area_m2":142.336},"geometry":{"type":"Polygon","coordinates":[[[629105.25,5220761.6],[629102.48,5220761.6],[629135.78,5220710.4],[629138.57,5220710.4],[629105.25,5220761.6]]]}},{"type":"Feature","properties":{"vineyard_id":"V04","interrow_cover":"bare_soil","tile":"siret3_r009_c002.tif","area_m2":148.48},"geometry":{"type":"Polygon","coordinates":[[[629101.77,5220761.6],[629098.85,5220761.6],[629132.17,5220710.4],[629135.06,5220710.4],[629101.77,5220761.6]]]}},{"type":"Feature","properties":{"vineyard_id":"V04","interrow_cover":"bare_soil","tile":"siret3_r009_c002.tif","area_m2":145.024},"geometry":{"type":"Polygon","coordinates":[[[629098.14,5220761.6],[629095.28,5220761.6],[629128.65,5220710.4],[629131.46,5220710.4],[629098.14,5220761.6]]]}},{"type":"Feature","properties":{"vineyard_id":"V04","interrow_cover":"bare_soil","tile":"siret3_r009_c002.tif","area_m2":147.536},"geometry":{"type":"Polygon","coordinates":[[[629094.56,5220761.6],[629094.4,5220761.6],[629094.4,5220757.2],[629124.95,5220710.4],[629127.93,5220710.4],[629094.56,5220761.6]]]}},{"type":"Feature","properties":{"vineyard_id":"V04","interrow_cover":"bare_soil","tile":"siret3_r009_c002.tif","area_m2":114.627},"geometry":{"type":"Polygon","coordinates":[[[629094.4,5220756.1],[629094.4,5220752.27],[629121.49,5220710.4],[629124.24,5220710.4],[629094.4,5220756.1]]]}},{"type":"Feature","properties":{"vineyard_id":"V04","interrow_cover":"bare_soil","tile":"siret3_r009_c002.tif","area_m2":102.83},"geometry":{"type":"Polygon","coordinates":[[[629094.4,5220751.17],[629094.4,5220746.95],[629118.2,5220710.4],[629120.78,5220710.4],[629094.4,5220751.17]]]}},{"type":"Feature","properties":{"vineyard_id":"V04","interrow_cover":"bare_soil","tile":"siret3_r009_c002.tif","area_m2":98.344},"geometry":{"type":"Polygon","coordinates":[[[629094.4,5220745.85],[629094.4,5220741.2],[629114.58,5220710.4],[629117.48,5220710.4],[629094.4,5220745.85]]]}},{"type":"Feature","properties":{"vineyard_id":"V04","interrow_cover":"bare_soil","tile":"siret3_r009_c002.tif","area_m2":86.581},"geometry":{"type":"Polygon","coordinates":[[[629094.4,5220740.11],[629094.4,5220735.31],[629110.66,5220710.4],[629113.86,5220710.4],[629094.4,5220740.11]]]}},{"type":"Feature","properties":{"vineyard_id":"V04","interrow_cover":"bare_soil","tile":"siret3_r009_c002.tif","area_m2":55.774},"geometry":{"type":"Polygon","coordinates":[[[629094.4,5220734.21],[629094.4,5220730.56],[629107.22,5220710.4],[629109.94,5220710.4],[629094.4,5220734.21]]]}},{"type":"Feature","properties":{"vineyard_id":"V04","interrow_cover":"bare_soil","tile":"siret3_r009_c002.tif","area_m2":46.363},"geometry":{"type":"Polygon","coordinates":[[[629094.4,5220729.44],[629094.4,5220724.97],[629103.85,5220710.4],[629106.51,5220710.4],[629094.4,5220729.44]]]}},{"type":"Feature","properties":{"vineyard_id":"V04","interrow_cover":"bare_soil","tile":"siret3_r009_c002.tif","area_m2":28.142},"geometry":{"type":"Polygon","coordinates":[[[629094.4,5220723.87],[629094.4,5220720.17],[629100.69,5220710.4],[629103.14,5220710.4],[629094.4,5220723.87]]]}},{"type":"Feature","properties":{"vineyard_id":"V04","interrow_cover":"bare_soil","tile":"siret3_r009_c002.tif","area_m2":20.686},"geometry":{"type":"Polygon","coordinates":[[[629094.4,5220719.06],[629094.4,5220713.68],[629096.51,5220710.4],[629099.97,5220710.4],[629094.4,5220719.06]]]}},{"type":"Feature","properties":{"vineyard_id":"V02","interrow_cover":"bare_soil","tile":"siret3_r009_c003.tif","area_m2":22.321},"geometry":{"type":"Polygon","coordinates":[[[629193.37,5220761.6],[629191.25,5220761.6],[629196.8,5220748.16],[629196.8,5220752.87],[629193.37,5220761.6]]]}},{"type":"Feature","properties":{"vineyard_id":"V02","interrow_cover":"bare_soil","tile":"siret3_r009_c003.tif","area_m2":35.707},"geometry":{"type":"Polygon","coordinates":[[[629190.6,5220761.6],[629188.67,5220761.6],[629196.8,5220741.37],[629196.8,5220746.58],[629190.6,5220761.6]]]}},{"type":"Feature","properties":{"vineyard_id":"V02","interrow_cover":"bare_soil","tile":"siret3_r009_c003.tif","area_m2":47.386},"geometry":{"type":"Polygon","coordinates":[[[629188.03,5220761.6],[629185.98,5220761.6],[629196.8,5220735.13],[629196.8,5220739.76],[629188.03,5220761.6]]]}},{"type":"Feature","properties":{"vineyard_id":"V02","interrow_cover":"bare_soil","tile":"siret3_r009_c003.tif","area_m2":64.016},"geometry":{"type":"Polygon","coordinates":[[[629185.33,5220761.6],[629183.16,5220761.6],[629196.8,5220728.62],[629196.8,5220733.55],[629185.33,5220761.6]]]}},{"type":"Feature","properties":{"vineyard_id":"V02","interrow_cover":"bare_soil","tile":"siret3_r009_c003.tif","area_m2":76.026},"geometry":{"type":"Polygon","coordinates":[[[629182.51,5220761.6],[629180.54,5220761.6],[629196.8,5220721.89],[629196.8,5220727.05],[629182.51,5220761.6]]]}},{"type":"Feature","properties":{"vineyard_id":"V02","interrow_cover":"bare_soil","tile":"siret3_r009_c003.tif","area_m2":93.347},"geometry":{"type":"Polygon","coordinates":[[[629179.89,5220761.6],[629177.77,5220761.6],[629196.8,5220715.11],[629196.8,5220720.3],[629179.89,5220761.6]]]}},{"type":"Feature","properties":{"vineyard_id":"V02","interrow_cover":"bare_soil","tile":"siret3_r009_c003.tif","area_m2":105.234},"geometry":{"type":"Polygon","coordinates":[[[629177.12,5220761.6],[629174.92,5220761.6],[629196.09,5220710.4],[629196.74,5220710.4],[629196.8,5220710.43],[629196.8,5220713.53],[629177.12,5220761.6]]]}},{"type":"Feature","properties":{"vineyard_id":"V02","interrow_cover":"bare_soil","tile":"siret3_r009_c003.tif","area_m2":104.192},"geometry":{"type":"Polygon","coordinates":[[[629174.27,5220761.6],[629172.31,5220761.6],[629193.33,5220710.4],[629195.44,5220710.4],[629174.27,5220761.6]]]}},{"type":"Feature","properties":{"vineyard_id":"V02","interrow_cover":"mixed","tile":"siret3_r009_c003.tif","area_m2":105.792},"geometry":{"type":"Polygon","coordinates":[[[629171.66,5220761.6],[629169.79,5220761.6],[629190.42,5220710.4],[629192.69,5220710.4],[629171.66,5220761.6]]]}},{"type":"Feature","properties":{"vineyard_id":"V02","interrow_cover":"bare_soil","tile":"siret3_r009_c003.tif","area_m2":114.88},"geometry":{"type":"Polygon","coordinates":[[[629169.15,5220761.6],[629166.78,5220761.6],[629187.65,5220710.4],[629189.77,5220710.4],[629169.15,5220761.6]]]}},{"type":"Feature","properties":{"vineyard_id":"V02","interrow_cover":"bare_soil","tile":"siret3_r009_c003.tif","area_m2":115.328},"geometry":{"type":"Polygon","coordinates":[[[629166.13,5220761.6],[629163.72,5220761.6],[629184.92,5220710.4],[629187.01,5220710.4],[629166.13,5220761.6]]]}},{"type":"Feature","properties":{"vineyard_id":"V02","interrow_cover":"bare_soil","tile":"siret3_r009_c003.tif","area_m2":104.256},"geometry":{"type":"Polygon","coordinates":[[[629163.07,5220761.6],[629161.06,5220761.6],[629182.2,5220710.4],[629184.27,5220710.4],[629163.07,5220761.6]]]}},{"type":"Feature","properties":{"vineyard_id":"V02","interrow_cover":"bare_soil","tile":"siret3_r009_c003.tif","area_m2":107.072},"geometry":{"type":"Polygon","coordinates":[[[629160.41,5220761.6],[629158.39,5220761.6],[629179.39,5220710.4],[629181.55,5220710.4],[629160.41,5220761.6]]]}},{"type":"Feature","properties":{"vineyard_id":"V02","interrow_cover":"bare_soil","tile":"siret3_r009_c003.tif","area_m2":108.544},"geometry":{"type":"Polygon","coordinates":[[[629157.74,5220761.6],[629155.64,5220761.6],[629176.61,5220710.4],[629178.74,5220710.4],[629157.74,5220761.6]]]}},{"type":"Feature","properties":{"vineyard_id":"V02","interrow_cover":"bare_soil","tile":"siret3_r009_c003.tif","area_m2":111.36},"geometry":{"type":"Polygon","coordinates":[[[629154.99,5220761.6],[629152.86,5220761.6],[629173.74,5220710.4],[629175.96,5220710.4],[629154.99,5220761.6]]]}},{"type":"Feature","properties":{"vineyard_id":"V02","interrow_cover":"bare_soil","tile":"siret3_r009_c003.tif","area_m2":93.347},"geometry":{"type":"Polygon","coordinates":[[[629167.8,5220717.8],[629169.75,5220718.6],[629152.21,5220761.6],[629150.18,5220761.6],[629167.8,5220717.8]]]}},{"type":"Feature","properties":{"vineyard_id":"V02","interrow_cover":"bare_soil","tile":"siret3_r009_c003.tif","area_m2":90.962},"geometry":{"type":"Polygon","coordinates":[[[629165.62,5220716.9],[629167.25,5220717.57],[629149.54,5220761.6],[629147.34,5220761.6],[629165.62,5220716.9]]]}},{"type":"Feature","properties":{"vineyard_id":"V02","interrow_cover":"bare_soil","tile":"siret3_r009_c003.tif","area_m2":101.292},"geometry":{"type":"Polygon","coordinates":[[[629146.69,5220761.6],[629145.6,5220761.6],[629145.6,5220759.51],[629165.57,5220710.4],[629167.63,5220710.4],[629146.69,5220761.6]]]}},{"type":"Feature","properties":{"vineyard_id":"V02","interrow_cover":"bare_soil","tile":"siret3_r009_c003.tif","area_m2":99.246},"geometry":{"type":"Polygon","coordinates":[[[629145.6,5220757.92],[629145.6,5220752.4],[629162.74,5220710.4],[629164.92,5220710.4],[629145.6,5220757.92]]]}},{"type":"Feature","properties":{"vineyard_id":"V02","interrow_cover":"bare_soil","tile":"siret3_r009_c003.tif","area_m2":86.313},"geometry":{"type":"Polygon","coordinates":[[[629145.6,5220750.81],[629145.6,5220745.01],[629159.87,5220710.4],[629162.09,5220710.4],[629145.6,5220750.81]]]}},{"type":"Feature","properties":{"vineyard_id":"V02","interrow_cover":"bare_soil","tile":"siret3_r009_c004.tif","area_m2":18.046},"geometry":{"type":"Polygon","coordinates":[[[629245.71,5220761.6],[629243.51,5220761.6],[629248.0,5220750.43],[629248.0,5220755.46],[629245.71,5220761.6]]]}},{"type":"Feature","properties":{"vineyard_id":"V02","interrow_cover":"bare_soil","tile":"siret3_r009_c004.tif","area_m2":31.798},"geometry":{"type":"Polygon","coordinates":[[[629242.86,5220761.6],[629240.88,5220761.6],[629248.0,5220743.45],[629248.0,5220748.82],[629242.86,5220761.6]]]}},{"type":"Feature","properties":{"vineyard_id":"V02","interrow_cover":"bare_soil","tile":"siret3_r009_c004.tif","area_m2":48.859},"geometry":{"type":"Polygon","coordinates":[[[629247.36,5220737.68],[629248.0,5220741.58],[629248.0,5220741.81],[629240.24,5220761.6],[629238.03,5220761.6],[629247.36,5220737.68]]]}},{"type":"Feature","properties":{"vineyard_id":"V02","interrow_cover":"bare_soil","tile":"siret3_r009_c004.tif","area_m2":50.949},"geometry":{"type":"Polygon","coordinates":[[[629235.16,5220761.6],[629245.27,5220736.52],[629246.85,5220737.33],[629237.39,5220761.6],[629235.16,5220761.6]]]}},{"type":"Feature","properties":{"vineyard_id":"V02","interrow_cover":"bare_soil","tile":"siret3_r009_c004.tif","area_m2":50.692},"geometry":{"type":"Polygon","coordinates":[[[629232.52,5220761.6],[629243.12,5220735.42],[629244.74,5220736.24],[629234.51,5220761.6],[629232.52,5220761.6]]]}},{"type":"Feature","properties":{"vineyard_id":"V02","interrow_cover":"bare_soil","tile":"siret3_r009_c004.tif","area_m2":53.487},"geometry":{"type":"Polygon","coordinates":[[[629231.88,5220761.6],[629229.85,5220761.6],[629240.97,5220734.31],[629242.59,5220735.14],[629231.88,5220761.6]]]}},{"type":"Feature","properties":{"vineyard_id":"V05","interrow_cover":"bare_soil","tile":"siret3_r009_c004.tif","area_m2":7.842},"geometry":{"type":"Polygon","coordinates":[[[629243.69,5220726.04],[629242.33,5220729.38],[629240.34,5220728.36],[629241.61,5220725.2],[629243.69,5220726.04]]]}},{"type":"Feature","properties":{"vineyard_id":"V02","interrow_cover":"bare_soil","tile":"siret3_r009_c004.tif","area_m2":64.632},"geometry":{"type":"Polygon","coordinates":[[[629229.2,5220761.6],[629226.97,5220761.6],[629238.47,5220733.02],[629240.43,5220734.03],[629229.2,5220761.6]]]}},{"type":"Feature","properties":{"vineyard_id":"V05","interrow_cover":"bare_soil","tile":"siret3_r009_c004.tif","area_m2":6.1},"geometry":{"type":"Polygon","coordinates":[[[629241.06,5220724.97],[629239.8,5220728.09],[629238.14,5220727.23],[629239.34,5220724.27],[629241.06,5220724.97]]]}},{"type":"Feature","properties":{"vineyard_id":"V02","interrow_cover":"bare_soil","tile":"siret3_r009_c004.tif","area_m2":60.389},"geometry":{"type":"Polygon","coordinates":[[[629226.33,5220761.6],[629224.22,5220761.6],[629236.26,5220731.89],[629237.93,5220732.75],[629226.33,5220761.6]]]}},{"type":"Feature","properties":{"vineyard_id":"V02","interrow_cover":"mixed","tile":"siret3_r009_c004.tif","area_m2":63.823},"geometry":{"type":"Polygon","coordinates":[[[629223.58,5220761.6],[629221.47,5220761.6],[629233.99,5220730.72],[629235.72,5220731.61],[629223.58,5220761.6]]]}},{"type":"Feature","properties":{"vineyard_id":"V02","interrow_cover":"mixed","tile":"siret3_r009_c004.tif","area_m2":60.848},"geometry":{"type":"Polygon","coordinates":[[[629220.82,5220761.6],[629218.87,5220761.6],[629231.88,5220729.64],[629233.46,5220730.45],[629220.82,5220761.6]]]}},{"type":"Feature","properties":{"vineyard_id":"V02","interrow_cover":"mixed","tile":"siret3_r009_c004.tif","area_m2":67.442},"geometry":{"type":"Polygon","coordinates":[[[629216.16,5220761.6],[629229.63,5220728.48],[629231.34,5220729.36],[629218.22,5220761.6],[629216.16,5220761.6]]]}},{"type":"Feature","properties":{"vineyard_id":"V02","interrow_cover":"mixed","tile":"siret3_r009_c004.tif","area_m2":69.711},"geometry":{"type":"Polygon","coordinates":[[[629213.47,5220761.6],[629227.38,5220727.33],[629229.1,5220728.21],[629215.52,5220761.6],[629213.47,5220761.6]]]}},{"type":"Feature","properties":{"vineyard_id":"V02","interrow_cover":"mixed","tile":"siret3_r009_c004.tif","area_m2":72.879},"geometry":{"type":"Polygon","coordinates":[[[629210.73,5220761.6],[629225.12,5220726.17],[629226.84,5220727.05],[629212.82,5220761.6],[629210.73,5220761.6]]]}},{"type":"Feature","properties":{"vineyard_id":"V02","interrow_cover":"bare_soil","tile":"siret3_r009_c004.tif","area_m2":76.157},"geometry":{"type":"Polygon","coordinates":[[[629207.93,5220761.6],[629222.89,5220725.02],[629224.59,5220725.89],[629210.08,5220761.6],[629207.93,5220761.6]]]}},{"type":"Feature","properties":{"vineyard_id":"V02","interrow_cover":"bare_soil","tile":"siret3_r009_c004.tif","area_m2":79.728},"geometry":{"type":"Polygon","coordinates":[[[629205.23,5220761.6],[629220.52,5220723.8],[629222.36,5220724.74],[629207.28,5220761.6],[629205.23,5220761.6]]]}},{"type":"Feature","properties":{"vineyard_id":"V02","interrow_cover":"bare_soil","tile":"siret3_r009_c004.tif","area_m2":82.835},"geometry":{"type":"Polygon","coordinates":[[[629202.42,5220761.6],[629218.22,5220722.62],[629219.98,5220723.52],[629204.58,5220761.6],[629202.42,5220761.6]]]}},{"type":"Feature","properties":{"vineyard_id":"V02","interrow_cover":"bare_soil","tile":"siret3_r009_c004.tif","area_m2":85.531},"geometry":{"type":"Polygon","coordinates":[[[629199.58,5220761.6],[629215.93,5220721.44],[629217.68,5220722.34],[629201.77,5220761.6],[629199.58,5220761.6]]]}},{"type":"Feature","properties":{"vineyard_id":"V02","interrow_cover":"bare_soil","tile":"siret3_r009_c004.tif","area_m2":79.566},"geometry":{"type":"Polygon","coordinates":[[[629197.01,5220761.6],[629213.76,5220720.33],[629215.39,5220721.17],[629198.93,5220761.6],[629197.01,5220761.6]]]}},{"type":"Feature","properties":{"vineyard_id":"V02","interrow_cover":"bare_soil","tile":"siret3_r009_c004.tif","area_m2":88.735},"geometry":{"type":"Polygon","coordinates":[[[629196.8,5220754.82],[629211.28,5220719.05],[629213.23,5220720.05],[629196.8,5220760.51],[629196.8,5220754.82]]]}},{"type":"Feature","properties":{"vineyard_id":"V02","interrow_cover":"bare_soil","tile":"siret3_r009_c004.tif","area_m2":64.992},"geometry":{"type":"Polygon","coordinates":[[[629210.41,5220719.62],[629196.8,5220753.22],[629196.8,5220748.19],[629208.59,5220718.92],[629210.41,5220719.62]]]}},{"type":"Feature","properties":{"vineyard_id":"V02","interrow_cover":"bare_soil","tile":"siret3_r009_c004.tif","area_m2":52.499},"geometry":{"type":"Polygon","coordinates":[[[629208.01,5220718.75],[629196.8,5220746.58],[629196.8,5220741.38],[629206.12,5220718.39],[629208.01,5220718.75]]]}},{"type":"Feature","properties":{"vineyard_id":"V02","interrow_cover":"bare_soil","tile":"siret3_r009_c004.tif","area_m2":39.456},"geometry":{"type":"Polygon","coordinates":[[[629196.8,5220735.39],[629204.68,5220715.66],[629206.25,5220716.47],[629196.8,5220739.78],[629196.8,5220735.39]]]}},{"type":"Feature","properties":{"vineyard_id":"V02","interrow_cover":"bare_soil","tile":"siret3_r009_c004.tif","area_m2":40.291},"geometry":{"type":"Polygon","coordinates":[[[629204.09,5220710.51],[629205.36,5220712.33],[629196.8,5220733.78],[629196.8,5220728.6],[629204.09,5220710.51]]]}},{"type":"Feature","properties":{"vineyard_id":"V02","interrow_cover":"mixed","tile":"siret3_r009_c004.tif","area_m2":29.61},"geometry":{"type":"Polygon","coordinates":[[[629196.8,5220727.0],[629196.8,5220721.85],[629201.32,5220710.4],[629203.49,5220710.4],[629196.8,5220727.0]]]}},{"type":"Feature","properties":{"vineyard_id":"V02","interrow_cover":"mixed","tile":"siret3_r009_c004.tif","area_m2":14.489},"geometry":{"type":"Polygon","coordinates":[[[629196.8,5220720.22],[629196.8,5220715.25],[629198.67,5220710.4],[629200.68,5220710.4],[629196.8,5220720.22]]]}},{"type":"Feature","properties":{"vineyard_id":"V04","interrow_cover":"bare_soil","tile":"siret3_r010_c000.tif","area_m2":14.027},"geometry":{"type":"Polygon","coordinates":[[[629041.42,5220710.4],[629038.49,5220710.4],[629043.2,5220703.4],[629043.2,5220707.64],[629041.42,5220710.4]]]}},{"type":"Feature","properties":{"vineyard_id":"V04","interrow_cover":"bare_soil","tile":"siret3_r010_c000.tif","area_m2":29.713},"geometry":{"type":"Polygon","coordinates":[[[629037.77,5220710.4],[629034.92,5220710.4],[629043.2,5220697.93],[629043.2,5220702.33],[629037.77,5220710.4]]]}},{"type":"Feature","properties":{"vineyard_id":"V04","interrow_cover":"bare_soil","tile":"siret3_r010_c000.tif","area_m2":47.48},"geometry":{"type":"Polygon","coordinates":[[[629034.19,5220710.4],[629031.51,5220710.4],[629043.2,5220691.85],[629043.2,5220696.85],[629034.19,5220710.4]]]}},{"type":"Feature","properties":{"vineyard_id":"V04","interrow_cover":"bare_soil","tile":"siret3_r010_c000.tif","area_m2":65.019},"geometry":{"type":"Polygon","coordinates":[[[629030.8,5220710.4],[629027.54,5220710.4],[629043.2,5220686.52],[629043.2,5220690.72],[629030.8,5220710.4]]]}},{"type":"Feature","properties":{"vineyard_id":"V04","interrow_cover":"bare_soil","tile":"siret3_r010_c000.tif","area_m2":70.204},"geometry":{"type":"Polygon","coordinates":[[[629026.82,5220710.4],[629024.31,5220710.4],[629043.2,5220681.32],[629043.2,5220685.43],[629026.82,5220710.4]]]}},{"type":"Feature","properties":{"vineyard_id":"V04","interrow_cover":"bare_soil","tile":"siret3_r010_c000.tif","area_m2":106.33},"geometry":{"type":"Polygon","coordinates":[[[629023.59,5220710.4],[629020.23,5220710.4],[629043.2,5220675.36],[629043.2,5220680.21],[629023.59,5220710.4]]]}},{"type":"Feature","properties":{"vineyard_id":"V04","interrow_cover":"bare_soil","tile":"siret3_r010_c000.tif","area_m2":84.716},"geometry":{"type":"Polygon","coordinates":[[[629042.74,5220674.97],[629019.52,5220710.4],[629016.91,5220710.4],[629036.5,5220680.54],[629042.74,5220674.97]]]}},{"type":"Feature","properties":{"vineyard_id":"V04","interrow_cover":"bare_soil","tile":"siret3_r010_c000.tif","area_m2":61.107},"geometry":{"type":"Polygon","coordinates":[[[629034.55,5220682.35],[629034.58,5220682.38],[629016.19,5220710.4],[629013.66,5220710.4],[629027.22,5220689.81],[629034.55,5220682.35]]]}},{"type":"Feature","properties":{"vineyard_id":"V04","interrow_cover":"bare_soil","tile":"siret3_r010_c001.tif","area_m2":33.947},"geometry":{"type":"Polygon","coordinates":[[[629088.82,5220710.4],[629085.69,5220710.4],[629094.4,5220696.88],[629094.4,5220701.48],[629088.82,5220710.4]]]}},{"type":"Feature","properties":{"vineyard_id":"V04","interrow_cover":"bare_soil","tile":"siret3_r010_c001.tif","area_m2":49.073},"geometry":{"type":"Polygon","coordinates":[[[629084.98,5220710.4],[629081.97,5220710.4],[629094.4,5220691.42],[629094.4,5220695.77],[629084.98,5220710.4]]]}},{"type":"Feature","properties":{"vineyard_id":"V04","interrow_cover":"bare_soil","tile":"siret3_r010_c001.tif","area_m2":65.33},"geometry":{"type":"Polygon","coordinates":[[[629081.25,5220710.4],[629078.25,5220710.4],[629094.4,5220685.97],[629094.4,5220690.33],[629081.25,5220710.4]]]}},{"type":"Feature","properties":{"vineyard_id":"V04","interrow_cover":"bare_soil","tile":"siret3_r010_c001.tif","area_m2":78.276},"geometry":{"type":"Polygon","coordinates":[[[629077.53,5220710.4],[629074.73,5220710.4],[629094.4,5220680.56],[629094.4,5220684.88],[629077.53,5220710.4]]]}},{"type":"Feature","properties":{"vineyard_id":"V04","interrow_cover":"bare_soil","tile":"siret3_r010_c001.tif","area_m2":99.179},"geometry":{"type":"Polygon","coordinates":[[[629074.01,5220710.4],[629071.11,5220710.4],[629094.4,5220674.8],[629094.4,5220679.47],[629074.01,5220710.4]]]}},{"type":"Feature","properties":{"vineyard_id":"V04","interrow_cover":"bare_soil","tile":"siret3_r010_c001.tif","area_m2":112.843},"geometry":{"type":"Polygon","coordinates":[[[629070.39,5220710.4],[629067.39,5220710.4],[629094.4,5220669.43],[629094.4,5220673.7],[629070.39,5220710.4]]]}},{"type":"Feature","properties":{"vineyard_id":"V04","interrow_cover":"mixed","tile":"siret3_r010_c001.tif","area_m2":129.992},"geometry":{"type":"Polygon","coordinates":[[[629066.67,5220710.4],[629063.73,5220710.4],[629094.4,5220663.9],[629094.4,5220668.34],[629066.67,5220710.4]]]}},{"type":"Feature","properties":{"vineyard_id":"V04","interrow_cover":"mixed","tile":"siret3_r010_c001.tif","area_m2":145.984},"geometry":{"type":"Polygon","coordinates":[[[629063.01,5220710.4],[629060.08,5220710.4],[629093.84,5220659.2],[629094.38,5220659.2],[629094.4,5220659.22],[629094.4,5220662.81],[629063.01,5220710.4]]]}},{"type":"Feature","properties":{"vineyard_id":"V04","interrow_cover":"mixed","tile":"siret3_r010_c001.tif","area_m2":156.352},"geometry":{"type":"Polygon","coordinates":[[[629059.36,5220710.4],[629056.31,5220710.4],[629090.07,5220659.2],[629093.12,5220659.2],[629059.36,5220710.4]]]}},{"type":"Feature","properties":{"vineyard_id":"V04","interrow_cover":"mixed","tile":"siret3_r010_c001.tif","area_m2":143.36},"geometry":{"type":"Polygon","coordinates":[[[629055.59,5220710.4],[629052.81,5220710.4],[629086.53,5220659.2],[629089.35,5220659.2],[629055.59,5220710.4]]]}},{"type":"Feature","properties":{"vineyard_id":"V04","interrow_cover":"mixed","tile":"siret3_r010_c001.tif","area_m2":140.224},"geometry":{"type":"Polygon","coordinates":[[[629052.1,5220710.4],[629049.3,5220710.4],[629083.13,5220659.2],[629085.81,5220659.2],[629052.1,5220710.4]]]}},{"type":"Feature","properties":{"vineyard_id":"V04","interrow_cover":"bare_soil","tile":"siret3_r010_c001.tif","area_m2":143.36},"geometry":{"type":"Polygon","coordinates":[[[629048.58,5220710.4],[629045.75,5220710.4],[629079.63,5220659.2],[629082.41,5220659.2],[629048.58,5220710.4]]]}},{"type":"Feature","properties":{"vineyard_id":"V04","interrow_cover":"bare_soil","tile":"siret3_r010_c001.tif","area_m2":145.431},"geometry":{"type":"Polygon","coordinates":[[[629078.92,5220659.2],[629045.06,5220710.36],[629043.31,5220708.77],[629075.94,5220659.2],[629078.92,5220659.2]]]}},{"type":"Feature","properties":{"vineyard_id":"V04","interrow_cover":"bare_soil","tile":"siret3_r010_c001.tif","area_m2":133.883},"geometry":{"type":"Polygon","coordinates":[[[629043.2,5220707.85],[629043.2,5220703.46],[629072.35,5220659.2],[629075.22,5220659.2],[629043.2,5220707.85]]]}},{"type":"Feature","properties":{"vineyard_id":"V04","interrow_cover":"bare_soil","tile":"siret3_r010_c001.tif","area_m2":129.168},"geometry":{"type":"Polygon","coordinates":[[[629043.2,5220702.37],[629043.2,5220697.61],[629068.42,5220659.2],[629071.63,5220659.2],[629043.2,5220702.37]]]}},{"type":"Feature","properties":{"vineyard_id":"V04","interrow_cover":"bare_soil","tile":"siret3_r010_c001.tif","area_m2":102.661},"geometry":{"type":"Polygon","coordinates":[[[629043.2,5220696.52],[629043.2,5220691.98],[629064.83,5220659.2],[629067.7,5220659.2],[629043.2,5220696.52]]]}},{"type":"Feature","properties":{"vineyard_id":"V04","interrow_cover":"bare_soil","tile":"siret3_r010_c001.tif","area_m2":82.67},"geometry":{"type":"Polygon","coordinates":[[[629043.2,5220690.89],[629043.2,5220686.84],[629061.19,5220659.2],[629064.11,5220659.2],[629043.2,5220690.89]]]}},{"type":"Feature","properties":{"vineyard_id":"V04","interrow_cover":"bare_soil","tile":"siret3_r010_c001.tif","area_m2":74.598},"geometry":{"type":"Polygon","coordinates":[[[629043.2,5220685.74],[629043.2,5220680.79],[629057.52,5220659.2],[629060.47,5220659.2],[629043.2,5220685.74]]]}},{"type":"Feature","properties":{"vineyard_id":"V04","interrow_cover":"bare_soil","tile":"siret3_r010_c001.tif","area_m2":48.916},"geometry":{"type":"Polygon","coordinates":[[[629043.2,5220679.71],[629043.2,5220675.58],[629054.26,5220659.2],[629056.8,5220659.2],[629043.2,5220679.71]]]}},{"type":"Feature","properties":{"vineyard_id":"V04","interrow_cover":"bare_soil","tile":"siret3_r010_c002.tif","area_m2":19.661},"geometry":{"type":"Polygon","coordinates":[[[629141.94,5220710.4],[629139.35,5220710.4],[629145.6,5220700.71],[629145.6,5220704.59],[629141.94,5220710.4]]]}},{"type":"Feature","properties":{"vineyard_id":"V04","interrow_cover":"bare_soil","tile":"siret3_r010_c002.tif","area_m2":35.941},"geometry":{"type":"Polygon","coordinates":[[[629138.64,5220710.4],[629135.74,5220710.4],[629145.6,5220695.48],[629145.6,5220699.6],[629138.64,5220710.4]]]}},{"type":"Feature","properties":{"vineyard_id":"V04","interrow_cover":"bare_soil","tile":"siret3_r010_c002.tif","area_m2":51.655},"geometry":{"type":"Polygon","coordinates":[[[629135.02,5220710.4],[629132.18,5220710.4],[629145.6,5220690.08],[629145.6,5220694.4],[629135.02,5220710.4]]]}},{"type":"Feature","properties":{"vineyard_id":"V04","interrow_cover":"bare_soil","tile":"siret3_r010_c002.tif","area_m2":68.346},"geometry":{"type":"Polygon","coordinates":[[[629131.46,5220710.4],[629128.65,5220710.4],[629145.6,5220684.48],[629145.6,5220688.99],[629131.46,5220710.4]]]}},{"type":"Feature","properties":{"vineyard_id":"V04","interrow_cover":"bare_soil","tile":"siret3_r010_c002.tif","area_m2":78.492},"geometry":{"type":"Polygon","coordinates":[[[629144.0,5220684.26],[629144.76,5220684.67],[629127.94,5220710.4],[629125.02,5220710.4],[629141.31,5220685.11],[629144.0,5220684.26]]]}},{"type":"Feature","properties":{"vineyard_id":"V04","interrow_cover":"bare_soil","tile":"siret3_r010_c002.tif","area_m2":66.393},"geometry":{"type":"Polygon","coordinates":[[[629140.48,5220685.29],[629124.3,5220710.4],[629121.63,5220710.4],[629138.03,5220685.06],[629140.48,5220685.29]]]}},{"type":"Feature","properties":{"vineyard_id":"V04","interrow_cover":"bare_soil","tile":"siret3_r010_c002.tif","area_m2":68.906},"geometry":{"type":"Polygon","coordinates":[[[629137.37,5220684.98],[629120.92,5220710.4],[629118.21,5220710.4],[629134.96,5220684.58],[629137.37,5220684.98]]]}},{"type":"Feature","properties":{"vineyard_id":"V04","interrow_cover":"bare_soil","tile":"siret3_r010_c002.tif","area_m2":77.18},"geometry":{"type":"Polygon","coordinates":[[[629134.35,5220684.4],[629117.49,5220710.4],[629114.65,5220710.4],[629132.16,5220683.22],[629134.35,5220684.4]]]}},{"type":"Feature","properties":{"vineyard_id":"V04","interrow_cover":"bare_soil","tile":"siret3_r010_c002.tif","area_m2":88.003},"geometry":{"type":"Polygon","coordinates":[[[629131.66,5220682.89],[629113.94,5220710.4],[629110.75,5220710.4],[629129.64,5220681.32],[629131.66,5220682.89]]]}},{"type":"Feature","properties":{"vineyard_id":"V04","interrow_cover":"bare_soil","tile":"siret3_r010_c002.tif","area_m2":80.932},"geometry":{"type":"Polygon","coordinates":[[[629126.96,5220680.28],[629129.11,5220681.02],[629110.04,5220710.4],[629107.24,5220710.4],[629126.96,5220680.28]]]}},{"type":"Feature","properties":{"vineyard_id":"V04","interrow_cover":"bare_soil","tile":"siret3_r010_c002.tif","area_m2":84.654},"geometry":{"type":"Polygon","coordinates":[[[629124.39,5220678.91],[629126.4,5220680.04],[629106.52,5220710.4],[629103.79,5220710.4],[629124.39,5220678.91]]]}},{"type":"Feature","properties":{"vineyard_id":"V04","interrow_cover":"bare_soil","tile":"siret3_r010_c002.tif","area_m2":76.525},"geometry":{"type":"Polygon","coordinates":[[[629123.86,5220678.63],[629103.07,5220710.4],[629100.74,5220710.4],[629122.05,5220677.69],[629123.86,5220678.63]]]}},{"type":"Feature","properties":{"vineyard_id":"V04","interrow_cover":"bare_soil","tile":"siret3_r010_c002.tif","area_m2":113.478},"geometry":{"type":"Polygon","coordinates":[[[629121.53,5220677.4],[629100.03,5220710.4],[629096.58,5220710.4],[629119.14,5220676.02],[629121.53,5220677.4]]]}},{"type":"Feature","properties":{"vineyard_id":"V04","interrow_cover":"bare_soil","tile":"siret3_r010_c002.tif","area_m2":98.503},"geometry":{"type":"Polygon","coordinates":[[[629118.61,5220675.72],[629095.92,5220710.32],[629094.47,5220708.36],[629116.39,5220674.48],[629118.61,5220675.72]]]}},{"type":"Feature","properties":{"vineyard_id":"V04","interrow_cover":"bare_soil","tile":"siret3_r010_c002.tif","area_m2":89.688},"geometry":{"type":"Polygon","coordinates":[[[629115.87,5220674.19],[629094.4,5220707.37],[629094.4,5220702.94],[629113.82,5220673.01],[629115.87,5220674.19]]]}},{"type":"Feature","properties":{"vineyard_id":"V04","interrow_cover":"bare_soil","tile":"siret3_r010_c002.tif","area_m2":81.474},"geometry":{"type":"Polygon","coordinates":[[[629113.29,5220672.71],[629094.4,5220701.83],[629094.4,5220697.15],[629111.15,5220671.55],[629113.29,5220672.71]]]}},{"type":"Feature","properties":{"vineyard_id":"V04","interrow_cover":"bare_soil","tile":"siret3_r010_c002.tif","area_m2":66.291},"geometry":{"type":"Polygon","coordinates":[[[629110.61,5220671.27],[629094.4,5220696.05],[629094.4,5220691.74],[629108.46,5220670.12],[629110.61,5220671.27]]]}},{"type":"Feature","properties":{"vineyard_id":"V04","interrow_cover":"bare_soil","tile":"siret3_r010_c002.tif","area_m2":55.064},"geometry":{"type":"Polygon","coordinates":[[[629107.94,5220669.83],[629094.4,5220690.64],[629094.4,5220686.19],[629105.88,5220668.63],[629107.94,5220669.83]]]}},{"type":"Feature","properties":{"vineyard_id":"V04","interrow_cover":"bare_soil","tile":"siret3_r010_c002.tif","area_m2":44.764},"geometry":{"type":"Polygon","coordinates":[[[629105.36,5220668.33],[629094.4,5220685.09],[629094.4,5220680.61],[629103.15,5220667.12],[629105.36,5220668.33]]]}},{"type":"Feature","properties":{"vineyard_id":"V04","interrow_cover":"bare_soil","tile":"siret3_r010_c002.tif","area_m2":41.591},"geometry":{"type":"Polygon","coordinates":[[[629103.94,5220662.24],[629103.22,5220665.9],[629094.4,5220679.51],[629094.4,5220674.84],[629102.93,5220661.89],[629103.94,5220662.24]]]}},{"type":"Feature","properties":{"vineyard_id":"V04","interrow_cover":"bare_soil","tile":"siret3_r010_c002.tif","area_m2":39.943},"geometry":{"type":"Polygon","coordinates":[[[629094.4,5220673.75],[629094.4,5220668.95],[629100.51,5220659.2],[629103.98,5220659.2],[629094.4,5220673.75]]]}},{"type":"Feature","properties":{"vineyard_id":"V04","interrow_cover":"mixed","tile":"siret3_r010_c002.tif","area_m2":19.268},"geometry":{"type":"Polygon","coordinates":[[[629094.4,5220667.82],[629094.4,5220662.79],[629096.63,5220659.2],[629099.8,5220659.2],[629094.4,5220667.82]]]}},{"type":"Feature","properties":{"vineyard_id":"V06","interrow_cover":"bare_soil","tile":"siret3_r011_c007.tif","area_m2":190.117},"geometry":{"type":"Polygon","coordinates":[[[629398.09,5220655.25],[629394.51,5220656.36],[629379.54,5220608.0],[629383.57,5220608.0],[629398.09,5220655.25]]]}},{"type":"Feature","properties":{"vineyard_id":"V06","interrow_cover":"mixed","tile":"siret3_r011_c007.tif","area_m2":87.232},"geometry":{"type":"Polygon","coordinates":[[[629394.76,5220659.2],[629393.01,5220659.2],[629377.25,5220608.0],[629378.91,5220608.0],[629394.76,5220659.2]]]}},{"type":"Feature","properties":{"vineyard_id":"V06","interrow_cover":"mixed","tile":"siret3_r011_c007.tif","area_m2":205.888},"geometry":{"type":"Polygon","coordinates":[[[629392.39,5220659.2],[629388.33,5220659.2],[629372.64,5220608.0],[629376.62,5220608.0],[629392.39,5220659.2]]]}},{"type":"Feature","properties":{"vineyard_id":"V06","interrow_cover":"mixed","tile":"siret3_r011_c007.tif","area_m2":231.04},"geometry":{"type":"Polygon","coordinates":[[[629387.7,5220659.2],[629383.29,5220659.2],[629367.4,5220608.0],[629372.02,5220608.0],[629387.7,5220659.2]]]}},{"type":"Feature","properties":{"vineyard_id":"V06","interrow_cover":"bare_soil","tile":"siret3_r011_c007.tif","area_m2":165.248},"geometry":{"type":"Polygon","coordinates":[[[629382.67,5220659.2],[629379.49,5220659.2],[629363.49,5220608.0],[629366.77,5220608.0],[629382.67,5220659.2]]]}},{"type":"Feature","properties":{"vineyard_id":"V06","interrow_cover":"bare_soil","tile":"siret3_r011_c007.tif","area_m2":126.208},"geometry":{"type":"Polygon","coordinates":[[[629378.86,5220659.2],[629376.38,5220659.2],[629360.42,5220608.0],[629362.86,5220608.0],[629378.86,5220659.2]]]}},{"type":"Feature","properties":{"vineyard_id":"V06","interrow_cover":"bare_soil","tile":"siret3_r011_c007.tif","area_m2":121.536},"geometry":{"type":"Polygon","coordinates":[[[629375.74,5220659.2],[629373.34,5220659.2],[629357.44,5220608.0],[629359.79,5220608.0],[629375.74,5220659.2]]]}},{"type":"Feature","properties":{"vineyard_id":"V06","interrow_cover":"mixed","tile":"siret3_r011_c007.tif","area_m2":15.866},"geometry":{"type":"Polygon","coordinates":[[[629397.65,5220652.12],[629393.93,5220656.17],[629392.94,5220652.98],[629396.67,5220648.94],[629397.65,5220652.12]]]}},{"type":"Feature","properties":{"vineyard_id":"V07","interrow_cover":"bare_soil","tile":"siret3_r012_c003.tif","area_m2":9.232},"geometry":{"type":"Polygon","coordinates":[[[629194.77,5220608.0],[629190.6,5220608.0],[629196.8,5220604.66],[629196.8,5220606.91],[629194.77,5220608.0]]]}},{"type":"Feature","properties":{"vineyard_id":"V07","interrow_cover":"mixed","tile":"siret3_r012_c003.tif","area_m2":64.495},"geometry":{"type":"Polygon","coordinates":[[[629165.04,5220608.0],[629161.43,5220608.0],[629196.8,5220589.03],[629196.8,5220590.93],[629165.04,5220608.0]]]}},{"type":"Feature","properties":{"vineyard_id":"V07","interrow_cover":"mixed","tile":"siret3_r012_c003.tif","area_m2":68.39},"geometry":{"type":"Polygon","coordinates":[[[629160.16,5220608.0],[629156.76,5220608.0],[629196.8,5220586.61],[629196.8,5220588.35],[629160.16,5220608.0]]]}},{"type":"Feature","properties":{"vineyard_id":"V07","interrow_cover":"mixed","tile":"siret3_r012_c003.tif","area_m2":79.789},"geometry":{"type":"Polygon","coordinates":[[[629155.48,5220608.0],[629152.18,5220608.0],[629196.8,5220583.98],[629196.8,5220585.92],[629155.48,5220608.0]]]}},{"type":"Feature","properties":{"vineyard_id":"V07","interrow_cover":"mixed","tile":"siret3_r012_c003.tif","area_m2":91.04},"geometry":{"type":"Polygon","coordinates":[[[629150.91,5220608.0],[629147.31,5220608.0],[629196.8,5220581.42],[629196.8,5220583.3],[629150.91,5220608.0]]]}},{"type":"Feature","properties":{"vineyard_id":"V07","interrow_cover":"mixed","tile":"siret3_r012_c003.tif","area_m2":91.2},"geometry":{"type":"Polygon","coordinates":[[[629145.6,5220603.16],[629145.6,5220601.32],[629196.8,5220573.76],[629196.8,5220575.48],[629145.6,5220603.16]]]}},{"type":"Feature","properties":{"vineyard_id":"V07","interrow_cover":"mixed","tile":"siret3_r012_c003.tif","area_m2":105.344},"geometry":{"type":"Polygon","coordinates":[[[629145.6,5220600.64],[629145.6,5220598.56],[629196.8,5220571.04],[629196.8,5220573.08],[629145.6,5220600.64]]]}},{"type":"Feature","properties":{"vineyard_id":"V07","interrow_cover":"mixed","tile":"siret3_r012_c003.tif","area_m2":87.424},"geometry":{"type":"Polygon","coordinates":[[[629145.6,5220597.88],[629145.6,5220596.22],[629196.8,5220568.6],[629196.8,5220570.36],[629145.6,5220597.88]]]}},{"type":"Feature","properties":{"vineyard_id":"V07","interrow_cover":"mixed","tile":"siret3_r012_c003.tif","area_m2":98.432},"geometry":{"type":"Polygon","coordinates":[[[629145.6,5220595.54],[629145.6,5220593.56],[629196.8,5220566.05],[629196.8,5220567.92],[629145.6,5220595.54]]]}},{"type":"Feature","properties":{"vineyard_id":"V07","interrow_cover":"mixed","tile":"siret3_r012_c003.tif","area_m2":97.408},"geometry":{"type":"Polygon","coordinates":[[[629145.6,5220592.88],[629145.6,5220591.03],[629196.8,5220563.42],[629196.8,5220565.37],[629145.6,5220592.88]]]}},{"type":"Feature","properties":{"vineyard_id":"V07","interrow_cover":"mixed","tile":"siret3_r012_c003.tif","area_m2":93.888},"geometry":{"type":"Polygon","coordinates":[[[629145.6,5220590.34],[629145.6,5220588.53],[629196.8,5220560.88],[629196.8,5220562.73],[629145.6,5220590.34]]]}},{"type":"Feature","properties":{"vineyard_id":"V07","interrow_cover":"mixed","tile":"siret3_r012_c003.tif","area_m2":96.0},"geometry":{"type":"Polygon","coordinates":[[[629145.6,5220587.85],[629145.6,5220585.98],[629196.8,5220558.32],[629196.8,5220560.2],[629145.6,5220587.85]]]}},{"type":"Feature","properties":{"vineyard_id":"V07","interrow_cover":"mixed","tile":"siret3_r012_c004.tif","area_m2":35.834},"geometry":{"type":"Polygon","coordinates":[[[629196.8,5220586.6],[629216.27,5220576.33],[629215.75,5220578.47],[629196.8,5220588.46],[629196.8,5220586.6]]]}},{"type":"Feature","properties":{"vineyard_id":"V07","interrow_cover":"mixed","tile":"siret3_r012_c004.tif","area_m2":40.322},"geometry":{"type":"Polygon","coordinates":[[[629196.8,5220583.87],[629217.03,5220573.25],[629216.47,5220575.55],[629196.8,5220585.92],[629196.8,5220583.87]]]}},{"type":"Feature","properties":{"vineyard_id":"V07","interrow_cover":"mixed","tile":"siret3_r012_c004.tif","area_m2":36.287},"geometry":{"type":"Polygon","coordinates":[[[629196.8,5220581.44],[629217.72,5220570.46],[629217.22,5220572.47],[629196.8,5220583.2],[629196.8,5220581.44]]]}},{"type":"Feature","properties":{"vineyard_id":"V07","interrow_cover":"bare_soil","tile":"siret3_r012_c004.tif","area_m2":44.089},"geometry":{"type":"Polygon","coordinates":[[[629196.8,5220578.7],[629218.49,5220567.31],[629217.91,5220569.67],[629196.8,5220580.76],[629196.8,5220578.7]]]}},{"type":"Feature","properties":{"vineyard_id":"V07","interrow_cover":"bare_soil","tile":"siret3_r012_c004.tif","area_m2":41.093},"geometry":{"type":"Polygon","coordinates":[[[629196.8,5220576.2],[629219.22,5220564.37],[629218.68,5220566.54],[629196.8,5220578.02],[629196.8,5220576.2]]]}},{"type":"Feature","properties":{"vineyard_id":"V07","interrow_cover":"bare_soil","tile":"siret3_r012_c004.tif","area_m2":42.074},"geometry":{"type":"Polygon","coordinates":[[[629220.62,5220561.16],[629221.36,5220562.55],[629196.8,5220575.52],[629196.8,5220573.83],[629220.62,5220561.16]]]}},{"type":"Feature","properties":{"vineyard_id":"V07","interrow_cover":"bare_soil","tile":"siret3_r012_c004.tif","area_m2":46.476},"geometry":{"type":"Polygon","coordinates":[[[629219.54,5220559.09],[629220.35,5220560.62],[629196.8,5220573.15],[629196.8,5220571.1],[629219.54,5220559.09]]]}},{"type":"Feature","properties":{"vineyard_id":"V07","interrow_cover":"bare_soil","tile":"siret3_r012_c004.tif","area_m2":50.89},"geometry":{"type":"Polygon","coordinates":[[[629218.19,5220556.84],[629220.62,5220557.84],[629196.8,5220570.42],[629196.8,5220568.21],[629218.19,5220556.84]]]}},{"type":"Feature","properties":{"vineyard_id":"V07","interrow_cover":"mixed","tile":"siret3_r012_c004.tif","area_m2":29.202},"geometry":{"type":"Polygon","coordinates":[[[629196.8,5220567.53],[629196.8,5220566.02],[629213.95,5220556.8],[629216.98,5220556.8],[629196.8,5220567.53]]]}},{"type":"Feature","properties":{"vineyard_id":"V07","interrow_cover":"mixed","tile":"siret3_r012_c004.tif","area_m2":29.029},"geometry":{"type":"Polygon","coordinates":[[[629196.8,5220565.34],[629196.8,5220563.12],[629209.06,5220556.8],[629212.69,5220556.8],[629196.8,5220565.34]]]}},{"type":"Feature","properties":{"vineyard_id":"V07","interrow_cover":"mixed","tile":"siret3_r012_c004.tif","area_m2":15.45},"geometry":{"type":"Polygon","coordinates":[[[629196.8,5220562.45],[629196.8,5220560.78],[629204.58,5220556.8],[629207.75,5220556.8],[629196.8,5220562.45]]]}},{"type":"Feature","properties":{"vineyard_id":"V07","interrow_cover":"mixed","tile":"siret3_r012_c004.tif","area_m2":9.162},"geometry":{"type":"Polygon","coordinates":[[[629196.8,5220560.11],[629196.8,5220558.07],[629199.21,5220556.8],[629203.26,5220556.8],[629196.8,5220560.11]]]}},{"type":"Feature","properties":{"vineyard_id":"V08","interrow_cover":"bare_soil","tile":"siret3_r012_c004.tif","area_m2":47.129},"geometry":{"type":"Polygon","coordinates":[[[629217.04,5220580.35],[629218.99,5220579.32],[629211.93,5220608.0],[629210.28,5220608.0],[629217.04,5220580.35]]]}},{"type":"Feature","properties":{"vineyard_id":"V07","interrow_cover":"bare_soil","tile":"siret3_r012_c004.tif","area_m2":28.902},"geometry":{"type":"Polygon","coordinates":[[[629215.05,5220581.41],[629216.33,5220580.72],[629209.67,5220608.0],[629208.64,5220608.0],[629215.05,5220581.41]]]}},{"type":"Feature","properties":{"vineyard_id":"V07","interrow_cover":"mixed","tile":"siret3_r012_c004.tif","area_m2":47.266},"geometry":{"type":"Polygon","coordinates":[[[629212.3,5220582.85],[629214.34,5220581.79],[629208.02,5220608.0],[629206.12,5220608.0],[629212.3,5220582.85]]]}},{"type":"Feature","properties":{"vineyard_id":"V10","interrow_cover":"bare_soil","tile":"siret3_r013_c003.tif","area_m2":97.28},"geometry":{"type":"Polygon","coordinates":[[[629145.6,5220551.45],[629145.6,5220549.47],[629196.8,5220521.95],[629196.8,5220523.76],[629145.6,5220551.45]]]}},{"type":"Feature","properties":{"vineyard_id":"V10","interrow_cover":"bare_soil","tile":"siret3_r013_c003.tif","area_m2":80.339},"geometry":{"type":"Polygon","coordinates":[[[629196.8,5220513.87],[629196.8,5220515.86],[629153.3,5220539.2],[629153.3,5220539.1],[629153.4,5220539.0],[629153.5,5220539.0],[629153.5,5220538.7],[629153.6,5220538.6],[629153.7,5220538.6],[629153.7,5220538.5],[629153.9,5220538.3],[629153.9,5220538.1],[629154.0,5220538.0],[629154.0,5220537.9],[629154.3,5220537.6],[629154.4,5220537.6],[629154.3,5220537.5],[629154.3,5220537.3],[629154.4,5220537.2],[629154.5,5220537.2],[629154.5,5220537.1],[629154.6,5220537.0],[629154.7,5220537.0],[629154.7,5220536.8],[629154.8,5220536.7],[629154.8,5220536.62],[629196.8,5220513.87]]]}},{"type":"Feature","properties":{"vineyard_id":"V10","interrow_cover":"mixed","tile":"siret3_r013_c003.tif","area_m2":25.056},"geometry":{"type":"Polygon","coordinates":[[[629178.64,5220523.14],[629171.17,5220530.17],[629162.82,5220534.66],[629170.21,5220527.71],[629178.64,5220523.14]]]}},{"type":"Feature","properties":{"vineyard_id":"V10","interrow_cover":"mixed","tile":"siret3_r013_c003.tif","area_m2":9.563},"geometry":{"type":"Polygon","coordinates":[[[629159.12,5220537.32],[629155.38,5220540.84],[629164.14,5220530.25],[629168.58,5220526.07],[629159.12,5220537.32]]]}},{"type":"Feature","properties":{"vineyard_id":"V08","interrow_cover":"mixed","tile":"siret3_r013_c004.tif","area_m2":22.633},"geometry":{"type":"Polygon","coordinates":[[[629237.66,5220551.28],[629236.89,5220549.88],[629248.0,5220543.37],[629248.0,5220545.75],[629237.66,5220551.28]]]}},{"type":"Feature","properties":{"vineyard_id":"V08","interrow_cover":"mixed","tile":"siret3_r013_c004.tif","area_m2":18.528},"geometry":{"type":"Polygon","coordinates":[[[629236.6,5220549.35],[629235.83,5220547.96],[629248.0,5220541.36],[629248.0,5220542.67],[629236.6,5220549.35]]]}},{"type":"Feature","properties":{"vineyard_id":"V10","interrow_cover":"bare_soil","tile":"siret3_r013_c004.tif","area_m2":57.541},"geometry":{"type":"Polygon","coordinates":[[[629196.8,5220523.62],[629196.8,5220521.76],[629226.67,5220505.6],[629229.97,5220505.6],[629196.8,5220523.62]]]}},{"type":"Feature","properties":{"vineyard_id":"V10","interrow_cover":"bare_soil","tile":"siret3_r013_c004.tif","area_m2":49.448},"geometry":{"type":"Polygon","coordinates":[[[629196.8,5220521.08],[629196.8,5220519.35],[629221.82,5220505.6],[629225.41,5220505.6],[629196.8,5220521.08]]]}},{"type":"Feature","properties":{"vineyard_id":"V10","interrow_cover":"bare_soil","tile":"siret3_r013_c004.tif","area_m2":48.278},"geometry":{"type":"Polygon","coordinates":[[[629196.8,5220518.67],[629196.8,5220516.44],[629216.54,5220505.6],[629220.57,5220505.6],[629196.8,5220518.67]]]}},{"type":"Feature","properties":{"vineyard_id":"V10","interrow_cover":"bare_soil","tile":"siret3_r013_c004.tif","area_m2":30.238},"geometry":{"type":"Polygon","coordinates":[[[629196.8,5220515.76],[629196.8,5220513.79],[629212.35,5220505.6],[629215.3,5220505.6],[629196.8,5220515.76]]]}},{"type":"Feature","properties":{"vineyard_id":"V10","interrow_cover":"bare_soil","tile":"siret3_r013_c004.tif","area_m2":29.367},"geometry":{"type":"Polygon","coordinates":[[[629196.8,5220513.12],[629196.8,5220510.67],[629206.35,5220505.6],[629211.06,5220505.6],[629196.8,5220513.12]]]}},{"type":"Feature","properties":{"vineyard_id":"V10","interrow_cover":"mixed","tile":"siret3_r013_c004.tif","area_m2":13.591},"geometry":{"type":"Polygon","coordinates":[[[629196.8,5220510.0],[629196.8,5220507.84],[629200.88,5220505.6],[629205.07,5220505.6],[629196.8,5220510.0]]]}},{"type":"Feature","properties":{"vineyard_id":"V11","interrow_cover":"mixed","tile":"siret3_r013_c009.tif","area_m2":36.686},"geometry":{"type":"Polygon","coordinates":[[[629504.0,5220509.54],[629504.0,5220511.55],[629481.23,5220505.6],[629488.26,5220505.6],[629504.0,5220509.54]]]}},{"type":"Feature","properties":{"vineyard_id":"V11","interrow_cover":"bare_soil","tile":"siret3_r013_c009.tif","area_m2":71.756},"geometry":{"type":"Polygon","coordinates":[[[629504.0,5220515.78],[629504.0,5220517.31],[629457.11,5220505.6],[629464.15,5220505.6],[629504.0,5220515.78]]]}},{"type":"Feature","properties":{"vineyard_id":"V11","interrow_cover":"mixed","tile":"siret3_r013_c009.tif","area_m2":91.785},"geometry":{"type":"Polygon","coordinates":[[[629452.91,5220507.01],[629455.29,5220505.76],[629504.0,5220517.93],[629504.0,5220519.77],[629452.91,5220507.01]]]}},{"type":"Feature","properties":{"vineyard_id":"V09","interrow_cover":"mixed","tile":"siret3_r013_c009.tif","area_m2":80.896},"geometry":{"type":"Polygon","coordinates":[[[629504.0,5220533.62],[629504.0,5220535.17],[629452.8,5220522.39],[629452.8,5220520.78],[629504.0,5220533.62]]]}},{"type":"Feature","properties":{"vineyard_id":"V09","interrow_cover":"bare_soil","tile":"siret3_r013_c009.tif","area_m2":83.584},"geometry":{"type":"Polygon","coordinates":[[[629504.0,5220535.79],[629504.0,5220537.46],[629452.8,5220524.6],[629452.8,5220523.01],[629504.0,5220535.79]]]}},{"type":"Feature","properties":{"vineyard_id":"V09","interrow_cover":"mixed","tile":"siret3_r013_c009.tif","area_m2":83.776},"geometry":{"type":"Polygon","coordinates":[[[629504.0,5220538.08],[629504.0,5220539.7],[629452.8,5220526.88],[629452.8,5220525.22],[629504.0,5220538.08]]]}},{"type":"Feature","properties":{"vineyard_id":"V09","interrow_cover":"mixed","tile":"siret3_r013_c009.tif","area_m2":77.056},"geometry":{"type":"Polygon","coordinates":[[[629504.0,5220540.32],[629504.0,5220541.76],[629452.8,5220529.07],[629452.8,5220527.5],[629504.0,5220540.32]]]}},{"type":"Feature","properties":{"vineyard_id":"V09","interrow_cover":"mixed","tile":"siret3_r013_c009.tif","area_m2":113.472},"geometry":{"type":"Polygon","coordinates":[[[629504.0,5220542.38],[629504.0,5220544.59],[629452.8,5220531.91],[629452.8,5220529.69],[629504.0,5220542.38]]]}},{"type":"Feature","properties":{"vineyard_id":"V09","interrow_cover":"mixed","tile":"siret3_r013_c009.tif","area_m2":77.12},"geometry":{"type":"Polygon","coordinates":[[[629504.0,5220545.21],[629504.0,5220546.78],[629452.8,5220533.96],[629452.8,5220532.53],[629504.0,5220545.21]]]}},{"type":"Feature","properties":{"vineyard_id":"V09","interrow_cover":"mixed","tile":"siret3_r013_c009.tif","area_m2":68.736},"geometry":{"type":"Polygon","coordinates":[[[629504.0,5220547.4],[629504.0,5220548.75],[629452.8,5220535.92],[629452.8,5220534.58],[629504.0,5220547.4]]]}},{"type":"Feature","properties":{"vineyard_id":"V09","interrow_cover":"mixed","tile":"siret3_r013_c009.tif","area_m2":97.088},"geometry":{"type":"Polygon","coordinates":[[[629504.0,5220549.37],[629504.0,5220551.25],[629452.8,5220538.45],[629452.8,5220536.54],[629504.0,5220549.37]]]}},{"type":"Feature","properties":{"vineyard_id":"V09","interrow_cover":"mixed","tile":"siret3_r013_c009.tif","area_m2":69.312},"geometry":{"type":"Polygon","coordinates":[[[629504.0,5220551.87],[629504.0,5220553.27],[629452.8,5220540.37],[629452.8,5220539.07],[629504.0,5220551.87]]]}},{"type":"Feature","properties":{"vineyard_id":"V09","interrow_cover":"mixed","tile":"siret3_r013_c009.tif","area_m2":83.968},"geometry":{"type":"Polygon","coordinates":[[[629504.0,5220553.89],[629504.0,5220555.49],[629452.8,5220542.67],[629452.8,5220540.99],[629504.0,5220553.89]]]}},{"type":"Feature","properties":{"vineyard_id":"V09","interrow_cover":"mixed","tile":"siret3_r013_c009.tif","area_m2":65.356},"geometry":{"type":"Polygon","coordinates":[[[629504.0,5220556.11],[629504.0,5220556.8],[629501.46,5220556.8],[629452.8,5220544.54],[629452.8,5220543.29],[629504.0,5220556.11]]]}},{"type":"Feature","properties":{"vineyard_id":"V09","interrow_cover":"mixed","tile":"siret3_r013_c009.tif","area_m2":17.832},"geometry":{"type":"Polygon","coordinates":[[[629484.74,5220556.8],[629481.89,5220556.8],[629452.8,5220549.26],[629452.8,5220548.81],[629484.74,5220556.8]]]}},{"type":"Feature","properties":{"vineyard_id":"V09","interrow_cover":"mixed","tile":"siret3_r013_c009.tif","area_m2":14.979},"geometry":{"type":"Polygon","coordinates":[[[629465.32,5220554.52],[629465.65,5220553.21],[629479.5,5220556.8],[629474.85,5220556.8],[629465.32,5220554.52]]]}},{"type":"Feature","properties":{"vineyard_id":"V10","interrow_cover":"mixed","tile":"siret3_r014_c004.tif","area_m2":33.012},"geometry":{"type":"Polygon","coordinates":[[[629234.97,5220493.26],[629232.09,5220496.48],[629215.32,5220505.6],[629212.22,5220505.6],[629234.97,5220493.26],[629234.97,5220493.26]]]}},{"type":"Feature","properties":{"vineyard_id":"V10","interrow_cover":"mixed","tile":"siret3_r014_c004.tif","area_m2":86.716},"geometry":{"type":"Polygon","coordinates":[[[629196.8,5220498.08],[629237.3,5220475.95],[629237.06,5220478.3],[629196.8,5220500.15],[629196.8,5220498.08]]]}},{"type":"Feature","properties":{"vineyard_id":"V12","interrow_cover":"mixed","tile":"siret3_r014_c004.tif","area_m2":39.829},"geometry":{"type":"Polygon","coordinates":[[[629234.18,5220454.4],[629237.21,5220454.4],[629208.4,5220469.93],[629208.4,5220469.9],[629208.5,5220469.8],[629208.5,5220469.7],[629208.6,5220469.6],[629208.6,5220469.5],[629208.7,5220469.4],[629208.7,5220469.1],[629208.8,5220469.0],[629208.8,5220468.9],[629208.9,5220468.8],[629209.0,5220468.8],[629209.1,5220468.7],[629209.1,5220468.5],[629209.2,5220468.4],[629209.2,5220468.3],[629209.3,5220468.2],[629209.4,5220468.3],[629209.4,5220468.06],[629234.18,5220454.4]]]}},{"type":"Feature","properties":{"vineyard_id":"V12","interrow_cover":"mixed","tile":"siret3_r014_c004.tif","area_m2":39.663},"geometry":{"type":"Polygon","coordinates":[[[629228.79,5220454.4],[629232.94,5220454.4],[629211.01,5220466.49],[629211.1,5220466.4],[629211.0,5220466.3],[629211.1,5220466.2],[629211.5,5220466.2],[629211.5,5220465.9],[629211.6,5220465.8],[629211.7,5220465.9],[629211.7,5220466.0],[629211.9,5220465.8],[629212.0,5220465.8],[629211.9,5220465.7],[629212.0,5220465.6],[629212.2,5220465.6],[629212.1,5220465.5],[629212.2,5220465.4],[629212.3,5220465.4],[629212.3,5220465.3],[629212.4,5220465.2],[629212.5,5220465.2],[629212.7,5220465.0],[629212.7,5220464.9],[629212.8,5220464.8],[629213.0,5220464.8],[629213.1,5220464.7],[629213.1,5220464.5],[629213.2,5220464.4],[629213.3,5220464.4],[629213.5,5220464.2],[629213.5,5220464.1],[629213.6,5220464.0],[629213.8,5220464.0],[629213.8,5220463.9],[629213.9,5220463.8],[629213.9,5220463.7],[629214.0,5220463.6],[629214.2,5220463.6],[629214.3,5220463.5],[629214.3,5220463.4],[629214.4,5220463.3],[629214.5,5220463.3],[629214.6,5220463.2],[629214.7,5220463.2],[629214.7,5220463.0],[629214.8,5220462.9],[629214.9,5220462.9],[629215.0,5220463.0],[629215.1,5220463.0],[629215.0,5220462.9],[629215.2,5220462.7],[629215.3,5220462.7],[629215.4,5220462.6],[629215.4,5220462.5],[629215.6,5220462.3],[629215.7,5220462.4],[629215.7,5220462.3],[629215.8,5220462.2],[629215.9,5220462.2],[629215.8,5220462.1],[629216.0,5220461.9],[629216.1,5220462.0],[629216.2,5220461.9],[629216.1,5220461.8],[629216.2,5220461.7],[629216.3,5220461.7],[629216.3,5220461.6],[629216.4,5220461.5],[629216.5,5220461.5],[629216.5,5220461.3],[629216.6,5220461.2],[629216.7,5220461.2],[629216.7,5220460.9],[629216.8,5220460.8],[629216.9,5220460.8],[629217.0,5220460.7],[629217.1,5220460.7],[629217.1,5220460.63],[629228.79,5220454.4]]]}},{"type":"Feature","properties":{"vineyard_id":"V12","interrow_cover":"mixed","tile":"siret3_r014_c004.tif","area_m2":10.208},"geometry":{"type":"Polygon","coordinates":[[[629224.02,5220454.4],[629227.52,5220454.4],[629218.96,5220458.96],[629218.9,5220458.9],[629219.0,5220458.8],[629219.1,5220458.8],[629219.1,5220458.7],[629219.2,5220458.6],[629219.4,5220458.6],[629219.3,5220458.5],[629219.4,5220458.4],[629219.7,5220458.4],[629219.8,5220458.3],[629219.7,5220458.2],[629219.7,5220458.1],[629219.8,5220458.0],[629219.9,5220458.1],[629219.9,5220457.9],[629220.0,5220457.8],[629220.1,5220457.8],[629220.2,5220457.9],[629220.3,5220457.8],[629220.3,5220457.7],[629220.4,5220457.6],[629220.5,5220457.6],[629220.6,5220457.5],[629220.5,5220457.4],[629220.5,5220457.3],[629220.6,5220457.2],[629220.8,5220457.2],[629220.7,5220457.1],[629220.7,5220456.7],[629220.6,5220456.6],[629220.6,5220456.5],[629220.4,5220456.5],[629220.31,5220456.41],[629224.02,5220454.4]]]}},{"type":"Feature","properties":{"vineyard_id":"V10","interrow_cover":"bare_soil","tile":"siret3_r014_c004.tif","area_m2":6.425},"geometry":{"type":"Polygon","coordinates":[[[629212.3,5220489.03],[629213.87,5220491.46],[629211.92,5220492.51],[629210.33,5220490.11],[629212.3,5220489.03]]]}},{"type":"Feature","properties":{"vineyard_id":"V14","interrow_cover":"mixed","tile":"siret3_r018_c011.tif","area_m2":29.433},"geometry":{"type":"Polygon","coordinates":[[[629598.72,5220277.85],[629596.17,5220277.93],[629606.4,5220264.38],[629606.4,5220267.65],[629598.72,5220277.85]]]}},{"type":"Feature","properties":{"vineyard_id":"V14","interrow_cover":"mixed","tile":"siret3_r018_c011.tif","area_m2":39.73},"geometry":{"type":"Polygon","coordinates":[[[629595.57,5220277.73],[629593.86,5220276.61],[629606.4,5220259.96],[629606.4,5220263.38],[629595.57,5220277.73]]]}},{"type":"Feature","properties":{"vineyard_id":"V14","interrow_cover":"mixed","tile":"siret3_r018_c011.tif","area_m2":57.798},"geometry":{"type":"Polygon","coordinates":[[[629593.3,5220276.35],[629590.87,5220275.52],[629606.4,5220254.94],[629606.4,5220258.97],[629593.3,5220276.35]]]}},{"type":"Feature","properties":{"vineyard_id":"V14","interrow_cover":"mixed","tile":"siret3_r018_c011.tif","area_m2":58.301},"geometry":{"type":"Polygon","coordinates":[[[629590.27,5220275.33],[629588.22,5220274.65],[629606.4,5220250.55],[629606.4,5220253.94],[629590.27,5220275.33]]]}},{"type":"Feature","properties":{"vineyard_id":"V14","interrow_cover":"mixed","tile":"siret3_r018_c011.tif","area_m2":71.162},"geometry":{"type":"Polygon","coordinates":[[[629606.18,5220249.84],[629587.65,5220274.41],[629585.5,5220273.33],[629603.43,5220249.6],[629604.37,5220249.6],[629606.18,5220249.84]]]}},{"type":"Feature","properties":{"vineyard_id":"V14","interrow_cover":"mixed","tile":"siret3_r018_c011.tif","area_m2":63.341},"geometry":{"type":"Polygon","coordinates":[[[629584.86,5220273.19],[629582.32,5220273.0],[629599.97,5220249.6],[629602.68,5220249.6],[629584.86,5220273.19]]]}},{"type":"Feature","properties":{"vineyard_id":"V14","interrow_cover":"mixed","tile":"siret3_r018_c011.tif","area_m2":67.555},"geometry":{"type":"Polygon","coordinates":[[[629581.61,5220272.94],[629578.86,5220272.74],[629596.31,5220249.6],[629599.22,5220249.6],[629581.61,5220272.94]]]}},{"type":"Feature","properties":{"vineyard_id":"V14","interrow_cover":"mixed","tile":"siret3_r018_c011.tif","area_m2":52.552},"geometry":{"type":"Polygon","coordinates":[[[629578.3,5220272.49],[629576.89,5220271.26],[629593.18,5220249.6],[629595.56,5220249.6],[629578.3,5220272.49]]]}},{"type":"Feature","properties":{"vineyard_id":"V14","interrow_cover":"mixed","tile":"siret3_r018_c011.tif","area_m2":56.254},"geometry":{"type":"Polygon","coordinates":[[[629576.31,5220271.03],[629573.94,5220270.64],[629589.79,5220249.6],[629592.43,5220249.6],[629576.31,5220271.03]]]}},{"type":"Feature","properties":{"vineyard_id":"V14","interrow_cover":"mixed","tile":"siret3_r018_c011.tif","area_m2":56.149},"geometry":{"type":"Polygon","coordinates":[[[629573.38,5220270.39],[629571.6,5220269.08],[629586.23,5220249.6],[629589.04,5220249.6],[629573.38,5220270.39]]]}},{"type":"Feature","properties":{"vineyard_id":"V14","interrow_cover":"mixed","tile":"siret3_r018_c011.tif","area_m2":52.81},"geometry":{"type":"Polygon","coordinates":[[[629570.99,5220268.89],[629568.41,5220268.63],[629582.74,5220249.6],[629585.48,5220249.6],[629570.99,5220268.89]]]}},{"type":"Feature","properties":{"vineyard_id":"V14","interrow_cover":"mixed","tile":"siret3_r018_c011.tif","area_m2":49.477},"geometry":{"type":"Polygon","coordinates":[[[629567.78,5220268.47],[629565.74,5220267.68],[629579.27,5220249.6],[629581.99,5220249.6],[629567.78,5220268.47]]]}},{"type":"Feature","properties":{"vineyard_id":"V14","interrow_cover":"bare_soil","tile":"siret3_r018_c011.tif","area_m2":46.954},"geometry":{"type":"Polygon","coordinates":[[[629565.13,5220267.49],[629562.93,5220266.87],[629575.85,5220249.6],[629578.53,5220249.6],[629565.13,5220267.49]]]}},{"type":"Feature","properties":{"vineyard_id":"V14","interrow_cover":"bare_soil","tile":"siret3_r018_c011.tif","area_m2":43.266},"geometry":{"type":"Polygon","coordinates":[[[629562.31,5220266.7],[629560.28,5220266.17],[629572.38,5220249.6],[629575.1,5220249.6],[629562.31,5220266.7]]]}},{"type":"Feature","properties":{"vineyard_id":"V14","interrow_cover":"bare_soil","tile":"siret3_r018_c011.tif","area_m2":48.227},"geometry":{"type":"Polygon","coordinates":[[[629568.94,5220249.6],[629571.63,5220249.6],[629558.98,5220266.93],[629556.57,5220266.14],[629568.94,5220249.6]]]}},{"type":"Feature","properties":{"vineyard_id":"V14","interrow_cover":"bare_soil","tile":"siret3_r018_c011.tif","area_m2":42.535},"geometry":{"type":"Polygon","coordinates":[[[629555.2,5220266.97],[629555.2,5220263.46],[629565.34,5220249.6],[629568.19,5220249.6],[629555.2,5220266.97]]]}},{"type":"Feature","properties":{"vineyard_id":"V14","interrow_cover":"bare_soil","tile":"siret3_r018_c011.tif","area_m2":29.931},"geometry":{"type":"Polygon","coordinates":[[[629555.2,5220262.44],[629555.2,5220258.78],[629561.83,5220249.6],[629564.6,5220249.6],[629555.2,5220262.44]]]}},{"type":"Feature","properties":{"vineyard_id":"V14","interrow_cover":"bare_soil","tile":"siret3_r018_c011.tif","area_m2":16.247},"geometry":{"type":"Polygon","coordinates":[[[629555.2,5220257.75],[629555.2,5220254.16],[629558.6,5220249.6],[629561.09,5220249.6],[629555.2,5220257.75]]]}},{"type":"Feature","properties":{"vineyard_id":"V14","interrow_cover":"mixed","tile":"siret3_r018_c012.tif","area_m2":49.394},"geometry":{"type":"Polygon","coordinates":[[[629657.6,5220270.17],[629657.6,5220273.46],[629653.69,5220278.6],[629653.55,5220278.79],[629653.04,5220279.61],[629644.1,5220291.02],[629641.95,5220290.5],[629657.6,5220270.17]]]}},{"type":"Feature","properties":{"vineyard_id":"V14","interrow_cover":"bare_soil","tile":"siret3_r018_c012.tif","area_m2":66.673},"geometry":{"type":"Polygon","coordinates":[[[629657.6,5220265.39],[629657.6,5220269.19],[629641.31,5220290.34],[629638.84,5220289.73],[629657.6,5220265.39]]]}},{"type":"Feature","properties":{"vineyard_id":"V14","interrow_cover":"bare_soil","tile":"siret3_r018_c012.tif","area_m2":76.612},"geometry":{"type":"Polygon","coordinates":[[[629657.6,5220260.63],[629657.6,5220264.41],[629638.21,5220289.58],[629635.84,5220288.99],[629657.6,5220260.63]]]}},{"type":"Feature","properties":{"vineyard_id":"V14","interrow_cover":"bare_soil","tile":"siret3_r018_c012.tif","area_m2":71.187},"geometry":{"type":"Polygon","coordinates":[[[629657.6,5220256.59],[629657.6,5220259.64],[629635.2,5220288.83],[629633.24,5220288.35],[629657.6,5220256.59]]]}},{"type":"Feature","properties":{"vineyard_id":"V14","interrow_cover":"bare_soil","tile":"siret3_r018_c012.tif","area_m2":96.802},"geometry":{"type":"Polygon","coordinates":[[[629657.6,5220251.91],[629657.6,5220255.6],[629632.6,5220288.19],[629630.22,5220287.61],[629657.6,5220251.91]]]}},{"type":"Feature","properties":{"vineyard_id":"V14","interrow_cover":"bare_soil","tile":"siret3_r018_c012.tif","area_m2":104.299},"geometry":{"type":"Polygon","coordinates":[[[629655.85,5220249.6],[629657.57,5220249.6],[629657.6,5220249.62],[629657.6,5220250.93],[629629.58,5220287.45],[629627.21,5220286.87],[629655.85,5220249.6]]]}},{"type":"Feature","properties":{"vineyard_id":"V14","interrow_cover":"mixed","tile":"siret3_r018_c012.tif","area_m2":100.83},"geometry":{"type":"Polygon","coordinates":[[[629652.36,5220249.6],[629655.1,5220249.6],[629626.57,5220286.71],[629624.27,5220286.14],[629652.36,5220249.6]]]}},{"type":"Feature","properties":{"vineyard_id":"V14","interrow_cover":"bare_soil","tile":"siret3_r018_c012.tif","area_m2":96.126},"geometry":{"type":"Polygon","coordinates":[[[629648.96,5220249.6],[629651.6,5220249.6],[629623.63,5220285.98],[629621.38,5220285.43],[629648.96,5220249.6]]]}},{"type":"Feature","properties":{"vineyard_id":"V14","interrow_cover":"mixed","tile":"siret3_r018_c012.tif","area_m2":95.232},"geometry":{"type":"Polygon","coordinates":[[[629621.19,5220284.7],[629619.01,5220283.99],[629645.44,5220249.6],[629648.2,5220249.6],[629621.19,5220284.7]]]}},{"type":"Feature","properties":{"vineyard_id":"V14","interrow_cover":"bare_soil","tile":"siret3_r018_c012.tif","area_m2":94.237},"geometry":{"type":"Polygon","coordinates":[[[629618.36,5220283.85],[629615.95,5220283.46],[629641.85,5220249.6],[629644.68,5220249.6],[629618.36,5220283.85]]]}},{"type":"Feature","properties":{"vineyard_id":"V14","interrow_cover":"bare_soil","tile":"siret3_r018_c012.tif","area_m2":90.251},"geometry":{"type":"Polygon","coordinates":[[[629615.32,5220283.31],[629613.09,5220282.67],[629638.42,5220249.6],[629641.1,5220249.6],[629615.32,5220283.31]]]}},{"type":"Feature","properties":{"vineyard_id":"V14","interrow_cover":"bare_soil","tile":"siret3_r018_c012.tif","area_m2":87.72},"geometry":{"type":"Polygon","coordinates":[[[629612.51,5220282.43],[629610.82,5220281.13],[629634.9,5220249.6],[629637.66,5220249.6],[629612.51,5220282.43]]]}},{"type":"Feature","properties":{"vineyard_id":"V14","interrow_cover":"bare_soil","tile":"siret3_r018_c012.tif","area_m2":83.159},"geometry":{"type":"Polygon","coordinates":[[[629610.34,5220280.76],[629608.6,5220279.43],[629631.45,5220249.6],[629634.14,5220249.6],[629610.34,5220280.76]]]}},{"type":"Feature","properties":{"vineyard_id":"V14","interrow_cover":"bare_soil","tile":"siret3_r018_c012.tif","area_m2":78.347},"geometry":{"type":"Polygon","coordinates":[[[629606.4,5220281.31],[629606.4,5220277.69],[629628.25,5220249.6],[629630.7,5220249.6],[629606.4,5220281.31]]]}},{"type":"Feature","properties":{"vineyard_id":"V14","interrow_cover":"bare_soil","tile":"siret3_r018_c012.tif","area_m2":74.029},"geometry":{"type":"Polygon","coordinates":[[[629606.4,5220276.71],[629606.4,5220273.17],[629624.38,5220249.6],[629627.49,5220249.6],[629606.4,5220276.71]]]}},{"type":"Feature","properties":{"vineyard_id":"V14","interrow_cover":"bare_soil","tile":"siret3_r018_c012.tif","area_m2":53.379},"geometry":{"type":"Polygon","coordinates":[[[629606.4,5220272.18],[629606.4,5220268.68],[629621.19,5220249.6],[629623.62,5220249.6],[629606.4,5220272.18]]]}},{"type":"Feature","properties":{"vineyard_id":"V14","interrow_cover":"bare_soil","tile":"siret3_r018_c012.tif","area_m2":41.837},"geometry":{"type":"Polygon","coordinates":[[[629606.4,5220267.7],[629606.4,5220264.6],[629617.75,5220249.6],[629620.43,5220249.6],[629606.4,5220267.7]]]}},{"type":"Feature","properties":{"vineyard_id":"V14","interrow_cover":"bare_soil","tile":"siret3_r018_c012.tif","area_m2":32.622},"geometry":{"type":"Polygon","coordinates":[[[629606.4,5220263.6],[629606.4,5220260.29],[629614.19,5220249.6],[629617.0,5220249.6],[629606.4,5220263.6]]]}},{"type":"Feature","properties":{"vineyard_id":"V14","interrow_cover":"bare_soil","tile":"siret3_r018_c012.tif","area_m2":22.491},"geometry":{"type":"Polygon","coordinates":[[[629606.4,5220259.27],[629606.4,5220255.14],[629610.57,5220249.6],[629613.44,5220249.6],[629606.4,5220259.27]]]}},{"type":"Feature","properties":{"vineyard_id":"V14","interrow_cover":"bare_soil","tile":"siret3_r018_c013.tif","area_m2":79.068},"geometry":{"type":"Polygon","coordinates":[[[629657.6,5220274.02],[629657.6,5220270.06],[629673.8,5220249.6],[629677.65,5220249.6],[629657.6,5220274.02]]]}},{"type":"Feature","properties":{"vineyard_id":"V14","interrow_cover":"bare_soil","tile":"siret3_r018_c013.tif","area_m2":53.613},"geometry":{"type":"Polygon","coordinates":[[[629657.6,5220269.09],[629657.6,5220265.5],[629669.78,5220249.6],[629673.04,5220249.6],[629657.6,5220269.09]]]}},{"type":"Feature","properties":{"vineyard_id":"V14","interrow_cover":"bare_soil","tile":"siret3_r018_c013.tif","area_m2":36.073},"geometry":{"type":"Polygon","coordinates":[[[629657.6,5220264.51],[629657.6,5220260.85],[629666.32,5220249.6],[629669.03,5220249.6],[629657.6,5220264.51]]]}},{"type":"Feature","properties":{"vineyard_id":"V14","interrow_cover":"bare_soil","tile":"siret3_r018_c013.tif","area_m2":22.07},"geometry":{"type":"Polygon","coordinates":[[[629657.6,5220259.88],[629657.6,5220256.42],[629663.13,5220249.6],[629665.56,5220249.6],[629657.6,5220259.88]]]}},{"type":"Feature","properties":{"vineyard_id":"V14","interrow_cover":"bare_soil","tile":"siret3_r018_c013.tif","area_m2":12.232},"geometry":{"type":"Polygon","coordinates":[[[629657.6,5220255.47],[629657.6,5220251.66],[629659.27,5220249.6],[629662.35,5220249.6],[629657.6,5220255.47]]]}},{"type":"Feature","properties":{"vineyard_id":"V14","interrow_cover":"bare_soil","tile":"siret3_r019_c010.tif","area_m2":8.588},"geometry":{"type":"Polygon","coordinates":[[[629554.15,5220249.6],[629551.42,5220249.6],[629555.2,5220244.67],[629555.2,5220248.21],[629554.15,5220249.6]]]}},{"type":"Feature","properties":{"vineyard_id":"V14","interrow_cover":"bare_soil","tile":"siret3_r019_c010.tif","area_m2":43.897},"geometry":{"type":"Polygon","coordinates":[[[629544.99,5220249.6],[629542.17,5220249.6],[629555.2,5220232.31],[629555.2,5220236.14],[629544.99,5220249.6]]]}},{"type":"Feature","properties":{"vineyard_id":"V14","interrow_cover":"bare_soil","tile":"siret3_r019_c010.tif","area_m2":57.0},"geometry":{"type":"Polygon","coordinates":[[[629541.42,5220249.6],[629538.62,5220249.6],[629555.2,5220227.53],[629555.2,5220231.31],[629541.42,5220249.6]]]}},{"type":"Feature","properties":{"vineyard_id":"V14","interrow_cover":"bare_soil","tile":"siret3_r019_c010.tif","area_m2":65.538},"geometry":{"type":"Polygon","coordinates":[[[629537.87,5220249.6],[629535.07,5220249.6],[629555.2,5220223.23],[629555.2,5220226.53],[629537.87,5220249.6]]]}},{"type":"Feature","properties":{"vineyard_id":"V14","interrow_cover":"bare_soil","tile":"siret3_r019_c010.tif","area_m2":68.917},"geometry":{"type":"Polygon","coordinates":[[[629534.31,5220249.6],[629532.17,5220249.6],[629555.2,5220218.81],[629555.2,5220222.24],[629534.31,5220249.6]]]}},{"type":"Feature","properties":{"vineyard_id":"V14","interrow_cover":"bare_soil","tile":"siret3_r019_c010.tif","area_m2":94.998},"geometry":{"type":"Polygon","coordinates":[[[629531.42,5220249.6],[629528.5,5220249.6],[629555.2,5220214.16],[629555.2,5220217.81],[629531.42,5220249.6]]]}},{"type":"Feature","properties":{"vineyard_id":"V14","interrow_cover":"bare_soil","tile":"siret3_r019_c010.tif","area_m2":103.063},"geometry":{"type":"Polygon","coordinates":[[[629527.75,5220249.6],[629525.09,5220249.6],[629555.2,5220209.53],[629555.2,5220213.17],[629527.75,5220249.6]]]}},{"type":"Feature","properties":{"vineyard_id":"V14","interrow_cover":"bare_soil","tile":"siret3_r019_c010.tif","area_m2":124.805},"geometry":{"type":"Polygon","coordinates":[[[629524.34,5220249.6],[629521.46,5220249.6],[629555.2,5220204.63],[629555.2,5220208.53],[629524.34,5220249.6]]]}},{"type":"Feature","properties":{"vineyard_id":"V14","interrow_cover":"bare_soil","tile":"siret3_r019_c010.tif","area_m2":120.529},"geometry":{"type":"Polygon","coordinates":[[[629520.71,5220249.6],[629518.1,5220249.6],[629555.2,5220200.38],[629555.2,5220203.63],[629520.71,5220249.6]]]}},{"type":"Feature","properties":{"vineyard_id":"V14","interrow_cover":"bare_soil","tile":"siret3_r019_c010.tif","area_m2":131.844},"geometry":{"type":"Polygon","coordinates":[[[629517.35,5220249.6],[629514.69,5220249.6],[629553.43,5220198.4],[629555.18,5220198.4],[629555.2,5220198.42],[629555.2,5220199.38],[629517.35,5220249.6]]]}},{"type":"Feature","properties":{"vineyard_id":"V14","interrow_cover":"bare_soil","tile":"siret3_r019_c010.tif","area_m2":139.137},"geometry":{"type":"Polygon","coordinates":[[[629517.01,5220245.55],[629515.15,5220244.14],[629549.6,5220198.4],[629552.68,5220198.4],[629517.01,5220245.55]]]}},{"type":"Feature","properties":{"vineyard_id":"V14","interrow_cover":"bare_soil","tile":"siret3_r019_c010.tif","area_m2":110.659},"geometry":{"type":"Polygon","coordinates":[[[629515.7,5220242.41],[629514.06,5220241.16],[629546.34,5220198.4],[629548.85,5220198.4],[629515.7,5220242.41]]]}},{"type":"Feature","properties":{"vineyard_id":"V14","interrow_cover":"bare_soil","tile":"siret3_r019_c010.tif","area_m2":118.974},"geometry":{"type":"Polygon","coordinates":[[[629516.09,5220237.47],[629514.07,5220235.94],[629542.55,5220198.4],[629545.58,5220198.4],[629516.09,5220237.47]]]}},{"type":"Feature","properties":{"vineyard_id":"V14","interrow_cover":"bare_soil","tile":"siret3_r019_c010.tif","area_m2":91.226},"geometry":{"type":"Polygon","coordinates":[[[629513.59,5220235.58],[629512.06,5220234.43],[629539.22,5220198.4],[629541.8,5220198.4],[629513.59,5220235.58]]]}},{"type":"Feature","properties":{"vineyard_id":"V13","interrow_cover":"bare_soil","tile":"siret3_r019_c010.tif","area_m2":131.869},"geometry":{"type":"Polygon","coordinates":[[[629504.0,5220244.12],[629504.0,5220240.13],[629535.44,5220198.4],[629538.46,5220198.4],[629504.0,5220244.12]]]}},{"type":"Feature","properties":{"vineyard_id":"V13","interrow_cover":"bare_soil","tile":"siret3_r019_c010.tif","area_m2":65.721},"geometry":{"type":"Polygon","coordinates":[[[629513.6,5220226.39],[629512.06,5220225.23],[629532.31,5220198.4],[629534.69,5220198.4],[629513.6,5220226.39]]]}},{"type":"Feature","properties":{"vineyard_id":"V14","interrow_cover":"bare_soil","tile":"siret3_r019_c011.tif","area_m2":16.859},"geometry":{"type":"Polygon","coordinates":[[[629602.55,5220249.6],[629600.16,5220249.6],[629606.4,5220241.43],[629606.4,5220245.12],[629602.55,5220249.6]]]}},{"type":"Feature","properties":{"vineyard_id":"V14","interrow_cover":"bare_soil","tile":"siret3_r019_c011.tif","area_m2":34.389},"geometry":{"type":"Polygon","coordinates":[[[629599.41,5220249.6],[629596.32,5220249.6],[629606.4,5220236.43],[629606.4,5220240.44],[629599.41,5220249.6]]]}},{"type":"Feature","properties":{"vineyard_id":"V14","interrow_cover":"bare_soil","tile":"siret3_r019_c011.tif","area_m2":38.854},"geometry":{"type":"Polygon","coordinates":[[[629595.56,5220249.6],[629593.03,5220249.6],[629606.4,5220232.31],[629606.4,5220235.44],[629595.56,5220249.6]]]}},{"type":"Feature","properties":{"vineyard_id":"V14","interrow_cover":"bare_soil","tile":"siret3_r019_c011.tif","area_m2":55.967},"geometry":{"type":"Polygon","coordinates":[[[629592.27,5220249.6],[629589.51,5220249.6],[629606.4,5220227.68],[629606.4,5220231.33],[629592.27,5220249.6]]]}},{"type":"Feature","properties":{"vineyard_id":"V14","interrow_cover":"bare_soil","tile":"siret3_r019_c011.tif","area_m2":62.1},"geometry":{"type":"Polygon","coordinates":[[[629588.76,5220249.6],[629586.24,5220249.6],[629606.4,5220223.39],[629606.4,5220226.7],[629588.76,5220249.6]]]}},{"type":"Feature","properties":{"vineyard_id":"V14","interrow_cover":"bare_soil","tile":"siret3_r019_c011.tif","area_m2":84.307},"geometry":{"type":"Polygon","coordinates":[[[629585.49,5220249.6],[629582.49,5220249.6],[629606.4,5220218.77],[629606.4,5220222.41],[629585.49,5220249.6]]]}},{"type":"Feature","properties":{"vineyard_id":"V14","interrow_cover":"bare_soil","tile":"siret3_r019_c011.tif","area_m2":91.983},"geometry":{"type":"Polygon","coordinates":[[[629581.73,5220249.6],[629579.0,5220249.6],[629606.4,5220214.24],[629606.4,5220217.79],[629581.73,5220249.6]]]}},{"type":"Feature","properties":{"vineyard_id":"V14","interrow_cover":"bare_soil","tile":"siret3_r019_c011.tif","area_m2":103.621},"geometry":{"type":"Polygon","coordinates":[[[629578.24,5220249.6],[629575.42,5220249.6],[629606.4,5220209.88],[629606.4,5220213.26],[629578.24,5220249.6]]]}},{"type":"Feature","properties":{"vineyard_id":"V14","interrow_cover":"bare_soil","tile":"siret3_r019_c011.tif","area_m2":112.196},"geometry":{"type":"Polygon","coordinates":[[[629574.66,5220249.6],[629572.2,5220249.6],[629606.4,5220205.28],[629606.4,5220208.9],[629574.66,5220249.6]]]}},{"type":"Feature","properties":{"vineyard_id":"V14","interrow_cover":"bare_soil","tile":"siret3_r019_c011.tif","area_m2":131.202},"geometry":{"type":"Polygon","coordinates":[[[629571.44,5220249.6],[629568.65,5220249.6],[629606.4,5220200.69],[629606.4,5220204.29],[629571.44,5220249.6]]]}},{"type":"Feature","properties":{"vineyard_id":"V14","interrow_cover":"bare_soil","tile":"siret3_r019_c011.tif","area_m2":141.432},"geometry":{"type":"Polygon","coordinates":[[[629567.89,5220249.6],[629565.13,5220249.6],[629604.62,5220198.4],[629606.37,5220198.4],[629606.4,5220198.42],[629606.4,5220199.71],[629567.89,5220249.6]]]}},{"type":"Feature","properties":{"vineyard_id":"V14","interrow_cover":"bare_soil","tile":"siret3_r019_c011.tif","area_m2":148.48},"geometry":{"type":"Polygon","coordinates":[[[629564.37,5220249.6],[629561.24,5220249.6],[629601.2,5220198.4],[629603.87,5220198.4],[629564.37,5220249.6]]]}},{"type":"Feature","properties":{"vineyard_id":"V14","interrow_cover":"bare_soil","tile":"siret3_r019_c011.tif","area_m2":130.496},"geometry":{"type":"Polygon","coordinates":[[[629560.48,5220249.6],[629558.21,5220249.6],[629597.61,5220198.4],[629600.44,5220198.4],[629560.48,5220249.6]]]}},{"type":"Feature","properties":{"vineyard_id":"V14","interrow_cover":"bare_soil","tile":"siret3_r019_c011.tif","area_m2":148.703},"geometry":{"type":"Polygon","coordinates":[[[629555.35,5220248.32],[629594.06,5220198.4],[629596.85,5220198.4],[629557.45,5220249.6],[629557.44,5220249.6],[629555.35,5220248.32]]]}},{"type":"Feature","properties":{"vineyard_id":"V14","interrow_cover":"bare_soil","tile":"siret3_r019_c011.tif","area_m2":138.706},"geometry":{"type":"Polygon","coordinates":[[[629555.2,5220247.53],[629555.2,5220243.06],[629590.9,5220198.4],[629593.3,5220198.4],[629555.2,5220247.53]]]}},{"type":"Feature","properties":{"vineyard_id":"V14","interrow_cover":"bare_soil","tile":"siret3_r019_c011.tif","area_m2":172.714},"geometry":{"type":"Polygon","coordinates":[[[629555.2,5220242.1],[629555.2,5220236.82],[629585.95,5220198.4],[629590.14,5220198.4],[629555.2,5220242.1]]]}},{"type":"Feature","properties":{"vineyard_id":"V14","interrow_cover":"bare_soil","tile":"siret3_r019_c011.tif","area_m2":123.386},"geometry":{"type":"Polygon","coordinates":[[[629555.2,5220235.86],[629555.2,5220232.08],[629581.22,5220198.4],[629585.18,5220198.4],[629555.2,5220235.86]]]}},{"type":"Feature","properties":{"vineyard_id":"V14","interrow_cover":"bare_soil","tile":"siret3_r019_c011.tif","area_m2":93.719},"geometry":{"type":"Polygon","coordinates":[[[629555.2,5220231.1],[629555.2,5220227.22],[629577.35,5220198.4],[629580.46,5220198.4],[629555.2,5220231.1]]]}},{"type":"Feature","properties":{"vineyard_id":"V14","interrow_cover":"bare_soil","tile":"siret3_r019_c011.tif","area_m2":66.781},"geometry":{"type":"Polygon","coordinates":[[[629555.2,5220226.24],[629555.2,5220222.79],[629574.15,5220198.4],[629576.6,5220198.4],[629555.2,5220226.24]]]}},{"type":"Feature","properties":{"vineyard_id":"V14","interrow_cover":"bare_soil","tile":"siret3_r019_c011.tif","area_m2":56.732},"geometry":{"type":"Polygon","coordinates":[[[629555.2,5220221.81],[629555.2,5220218.58],[629570.68,5220198.4],[629573.39,5220198.4],[629555.2,5220221.81]]]}},{"type":"Feature","properties":{"vineyard_id":"V14","interrow_cover":"bare_soil","tile":"siret3_r019_c011.tif","area_m2":46.981},"geometry":{"type":"Polygon","coordinates":[[[629555.2,5220217.59],[629555.2,5220214.12],[629567.19,5220198.4],[629569.92,5220198.4],[629555.2,5220217.59]]]}},{"type":"Feature","properties":{"vineyard_id":"V14","interrow_cover":"bare_soil","tile":"siret3_r019_c011.tif","area_m2":37.358},"geometry":{"type":"Polygon","coordinates":[[[629555.2,5220213.13],[629555.2,5220208.99],[629563.78,5220198.4],[629566.44,5220198.4],[629555.2,5220213.13]]]}},{"type":"Feature","properties":{"vineyard_id":"V14","interrow_cover":"bare_soil","tile":"siret3_r019_c011.tif","area_m2":21.836},"geometry":{"type":"Polygon","coordinates":[[[629555.2,5220208.04],[629555.2,5220204.76],[629560.17,5220198.4],[629563.01,5220198.4],[629555.2,5220208.04]]]}},{"type":"Feature","properties":{"vineyard_id":"V14","interrow_cover":"bare_soil","tile":"siret3_r019_c011.tif","area_m2":9.814},"geometry":{"type":"Polygon","coordinates":[[[629555.2,5220203.78],[629555.2,5220200.33],[629556.77,5220198.4],[629559.41,5220198.4],[629555.2,5220203.78]]]}},{"type":"Feature","properties":{"vineyard_id":"V14","interrow_cover":"bare_soil","tile":"siret3_r019_c012.tif","area_m2":12.953},"geometry":{"type":"Polygon","coordinates":[[[629655.04,5220249.6],[629652.39,5220249.6],[629657.6,5220242.96],[629657.6,5220246.2],[629655.04,5220249.6]]]}},{"type":"Feature","properties":{"vineyard_id":"V14","interrow_cover":"bare_soil","tile":"siret3_r019_c012.tif","area_m2":24.466},"geometry":{"type":"Polygon","coordinates":[[[629651.63,5220249.6],[629648.99,5220249.6],[629657.6,5220238.63],[629657.6,5220241.98],[629651.63,5220249.6]]]}},{"type":"Feature","properties":{"vineyard_id":"V14","interrow_cover":"bare_soil","tile":"siret3_r019_c012.tif","area_m2":40.077},"geometry":{"type":"Polygon","coordinates":[[[629648.23,5220249.6],[629645.51,5220249.6],[629657.6,5220233.72],[629657.6,5220237.66],[629648.23,5220249.6]]]}},{"type":"Feature","properties":{"vineyard_id":"V14","interrow_cover":"bare_soil","tile":"siret3_r019_c012.tif","area_m2":49.582},"geometry":{"type":"Polygon","coordinates":[[[629644.75,5220249.6],[629642.0,5220249.6],[629657.6,5220229.35],[629657.6,5220232.73],[629644.75,5220249.6]]]}},{"type":"Feature","properties":{"vineyard_id":"V14","interrow_cover":"bare_soil","tile":"siret3_r019_c012.tif","area_m2":67.731},"geometry":{"type":"Polygon","coordinates":[[[629641.24,5220249.6],[629638.22,5220249.6],[629657.6,5220224.68],[629657.6,5220228.37],[629641.24,5220249.6]]]}},{"type":"Feature","properties":{"vineyard_id":"V14","interrow_cover":"bare_soil","tile":"siret3_r019_c012.tif","area_m2":70.425},"geometry":{"type":"Polygon","coordinates":[[[629637.46,5220249.6],[629634.91,5220249.6],[629657.6,5220220.42],[629657.6,5220223.7],[629637.46,5220249.6]]]}},{"type":"Feature","properties":{"vineyard_id":"V14","interrow_cover":"bare_soil","tile":"siret3_r019_c012.tif","area_m2":87.289},"geometry":{"type":"Polygon","coordinates":[[[629634.15,5220249.6],[629631.62,5220249.6],[629657.6,5220215.64],[629657.6,5220219.44],[629634.15,5220249.6]]]}},{"type":"Feature","properties":{"vineyard_id":"V14","interrow_cover":"bare_soil","tile":"siret3_r019_c012.tif","area_m2":95.146},"geometry":{"type":"Polygon","coordinates":[[[629630.87,5220249.6],[629628.23,5220249.6],[629657.6,5220211.32],[629657.6,5220214.66],[629630.87,5220249.6]]]}},{"type":"Feature","properties":{"vineyard_id":"V14","interrow_cover":"bare_soil","tile":"siret3_r019_c012.tif","area_m2":120.545},"geometry":{"type":"Polygon","coordinates":[[[629627.47,5220249.6],[629624.49,5220249.6],[629657.6,5220206.59],[629657.6,5220210.33],[629627.47,5220249.6]]]}},{"type":"Feature","properties":{"vineyard_id":"V14","interrow_cover":"bare_soil","tile":"siret3_r019_c012.tif","area_m2":109.506},"geometry":{"type":"Polygon","coordinates":[[[629623.73,5220249.6],[629621.29,5220249.6],[629657.6,5220202.53],[629657.6,5220205.6],[629623.73,5220249.6]]]}},{"type":"Feature","properties":{"vineyard_id":"V14","interrow_cover":"bare_soil","tile":"siret3_r019_c012.tif","area_m2":137.673},"geometry":{"type":"Polygon","coordinates":[[[629620.54,5220249.6],[629617.8,5220249.6],[629657.24,5220198.4],[629657.57,5220198.4],[629657.6,5220198.42],[629657.6,5220201.55],[629620.54,5220249.6]]]}},{"type":"Feature","properties":{"vineyard_id":"V14","interrow_cover":"bare_soil","tile":"siret3_r019_c012.tif","area_m2":144.256},"geometry":{"type":"Polygon","coordinates":[[[629617.04,5220249.6],[629614.42,5220249.6],[629653.47,5220198.4],[629656.48,5220198.4],[629617.04,5220249.6]]]}},{"type":"Feature","properties":{"vineyard_id":"V14","interrow_cover":"bare_soil","tile":"siret3_r019_c012.tif","area_m2":150.784},"geometry":{"type":"Polygon","coordinates":[[[629613.66,5220249.6],[629610.56,5220249.6],[629649.93,5220198.4],[629652.71,5220198.4],[629613.66,5220249.6]]]}},{"type":"Feature","properties":{"vineyard_id":"V14","interrow_cover":"bare_soil","tile":"siret3_r019_c012.tif","area_m2":141.568},"geometry":{"type":"Polygon","coordinates":[[[629609.8,5220249.6],[629607.08,5220249.6],[629646.36,5220198.4],[629649.17,5220198.4],[629609.8,5220249.6]]]}},{"type":"Feature","properties":{"vineyard_id":"V14","interrow_cover":"bare_soil","tile":"siret3_r019_c012.tif","area_m2":130.545},"geometry":{"type":"Polygon","coordinates":[[[629606.4,5220249.5],[629606.4,5220246.04],[629642.97,5220198.4],[629645.6,5220198.4],[629606.4,5220249.5]]]}},{"type":"Feature","properties":{"vineyard_id":"V14","interrow_cover":"bare_soil","tile":"siret3_r019_c012.tif","area_m2":128.457},"geometry":{"type":"Polygon","coordinates":[[[629606.4,5220245.06],[629606.4,5220241.33],[629639.34,5220198.4],[629642.21,5220198.4],[629606.4,5220245.06]]]}},{"type":"Feature","properties":{"vineyard_id":"V14","interrow_cover":"bare_soil","tile":"siret3_r019_c012.tif","area_m2":121.15},"geometry":{"type":"Polygon","coordinates":[[[629606.4,5220240.34],[629606.4,5220236.34],[629635.59,5220198.4],[629638.58,5220198.4],[629606.4,5220240.34]]]}},{"type":"Feature","properties":{"vineyard_id":"V14","interrow_cover":"bare_soil","tile":"siret3_r019_c012.tif","area_m2":86.014},"geometry":{"type":"Polygon","coordinates":[[[629606.4,5220235.35],[629606.4,5220232.44],[629632.21,5220198.4],[629634.84,5220198.4],[629606.4,5220235.35]]]}},{"type":"Feature","properties":{"vineyard_id":"V14","interrow_cover":"bare_soil","tile":"siret3_r019_c012.tif","area_m2":90.904},"geometry":{"type":"Polygon","coordinates":[[[629606.4,5220231.45],[629606.4,5220227.27],[629628.8,5220198.4],[629631.46,5220198.4],[629606.4,5220231.45]]]}},{"type":"Feature","properties":{"vineyard_id":"V14","interrow_cover":"bare_soil","tile":"siret3_r019_c012.tif","area_m2":68.541},"geometry":{"type":"Polygon","coordinates":[[[629606.4,5220226.29],[629606.4,5220223.0],[629625.35,5220198.4],[629628.04,5220198.4],[629606.4,5220226.29]]]}},{"type":"Feature","properties":{"vineyard_id":"V14","interrow_cover":"bare_soil","tile":"siret3_r019_c012.tif","area_m2":62.338},"geometry":{"type":"Polygon","coordinates":[[[629606.4,5220222.02],[629606.4,5220218.36],[629621.68,5220198.4],[629624.59,5220198.4],[629606.4,5220222.02]]]}},{"type":"Feature","properties":{"vineyard_id":"V14","interrow_cover":"bare_soil","tile":"siret3_r019_c012.tif","area_m2":45.934},"geometry":{"type":"Polygon","coordinates":[[[629606.4,5220217.38],[629606.4,5220213.95],[629618.22,5220198.4],[629620.93,5220198.4],[629606.4,5220217.38]]]}},{"type":"Feature","properties":{"vineyard_id":"V14","interrow_cover":"bare_soil","tile":"siret3_r019_c012.tif","area_m2":34.457},"geometry":{"type":"Polygon","coordinates":[[[629606.4,5220212.96],[629606.4,5220209.53],[629614.68,5220198.4],[629617.46,5220198.4],[629606.4,5220212.96]]]}},{"type":"Feature","properties":{"vineyard_id":"V14","interrow_cover":"bare_soil","tile":"siret3_r019_c012.tif","area_m2":23.426},"geometry":{"type":"Polygon","coordinates":[[[629606.4,5220208.52],[629606.4,5220204.59],[629611.15,5220198.4],[629613.93,5220198.4],[629606.4,5220208.52]]]}},{"type":"Feature","properties":{"vineyard_id":"V14","interrow_cover":"bare_soil","tile":"siret3_r019_c012.tif","area_m2":9.615},"geometry":{"type":"Polygon","coordinates":[[[629606.4,5220203.6],[629606.4,5220199.83],[629607.49,5220198.4],[629610.4,5220198.4],[629606.4,5220203.6]]]}},{"type":"Feature","properties":{"vineyard_id":"V14","interrow_cover":"bare_soil","tile":"siret3_r019_c013.tif","area_m2":108.352},"geometry":{"type":"Polygon","coordinates":[[[629701.14,5220212.69],[629672.82,5220249.6],[629669.81,5220249.6],[629698.79,5220212.07],[629701.14,5220212.69]]]}},{"type":"Feature","properties":{"vineyard_id":"V15","interrow_cover":"bare_soil","tile":"siret3_r019_c013.tif","area_m2":20.106},"geometry":{"type":"Polygon","coordinates":[[[629708.8,5220199.11],[629708.8,5220202.7],[629704.35,5220208.49],[629702.1,5220207.79],[629708.8,5220199.11]]]}},{"type":"Feature","properties":{"vineyard_id":"V14","interrow_cover":"bare_soil","tile":"siret3_r019_c013.tif","area_m2":102.248},"geometry":{"type":"Polygon","coordinates":[[[629698.23,5220211.82],[629669.06,5220249.6],[629666.34,5220249.6],[629696.58,5220210.58],[629698.23,5220211.82]]]}},{"type":"Feature","properties":{"vineyard_id":"V15","interrow_cover":"bare_soil","tile":"siret3_r019_c013.tif","area_m2":22.88},"geometry":{"type":"Polygon","coordinates":[[[629706.03,5220198.4],[629708.59,5220198.4],[629701.49,5220207.59],[629699.41,5220206.94],[629706.03,5220198.4]]]}},{"type":"Feature","properties":{"vineyard_id":"V14","interrow_cover":"bare_soil","tile":"siret3_r019_c013.tif","area_m2":104.107},"geometry":{"type":"Polygon","coordinates":[[[629696.0,5220210.36],[629665.58,5220249.6],[629663.08,5220249.6],[629693.19,5220210.36],[629696.0,5220210.36]]]}},{"type":"Feature","properties":{"vineyard_id":"V15","interrow_cover":"bare_soil","tile":"siret3_r019_c013.tif","area_m2":22.929},"geometry":{"type":"Polygon","coordinates":[[[629702.37,5220198.4],[629705.27,5220198.4],[629698.8,5220206.74],[629696.51,5220206.02],[629702.37,5220198.4]]]}},{"type":"Feature","properties":{"vineyard_id":"V14","interrow_cover":"bare_soil","tile":"siret3_r019_c013.tif","area_m2":109.559},"geometry":{"type":"Polygon","coordinates":[[[629692.42,5220210.38],[629662.32,5220249.6],[629659.36,5220249.6],[629689.64,5220210.56],[629692.42,5220210.38]]]}},{"type":"Feature","properties":{"vineyard_id":"V15","interrow_cover":"bare_soil","tile":"siret3_r019_c013.tif","area_m2":18.23},"geometry":{"type":"Polygon","coordinates":[[[629699.08,5220198.4],[629701.61,5220198.4],[629695.91,5220205.83],[629693.82,5220205.17],[629699.08,5220198.4]]]}},{"type":"Feature","properties":{"vineyard_id":"V14","interrow_cover":"bare_soil","tile":"siret3_r019_c013.tif","area_m2":107.473},"geometry":{"type":"Polygon","coordinates":[[[629688.99,5220210.42],[629658.69,5220249.47],[629657.62,5220247.38],[629687.4,5220208.81],[629688.99,5220210.42]]]}},{"type":"Feature","properties":{"vineyard_id":"V15","interrow_cover":"bare_soil","tile":"siret3_r019_c013.tif","area_m2":17.87},"geometry":{"type":"Polygon","coordinates":[[[629695.44,5220198.4],[629698.32,5220198.4],[629693.21,5220204.98],[629690.91,5220204.26],[629695.44,5220198.4]]]}},{"type":"Feature","properties":{"vineyard_id":"V14","interrow_cover":"bare_soil","tile":"siret3_r019_c013.tif","area_m2":99.823},"geometry":{"type":"Polygon","coordinates":[[[629686.91,5220208.45],[629657.6,5220246.42],[629657.6,5220242.84],[629685.0,5220207.46],[629686.91,5220208.45]]]}},{"type":"Feature","properties":{"vineyard_id":"V15","interrow_cover":"bare_soil","tile":"siret3_r019_c013.tif","area_m2":14.185},"geometry":{"type":"Polygon","coordinates":[[[629692.02,5220198.4],[629694.68,5220198.4],[629690.3,5220204.07],[629688.16,5220203.39],[629692.02,5220198.4]]]}},{"type":"Feature","properties":{"vineyard_id":"V14","interrow_cover":"bare_soil","tile":"siret3_r019_c013.tif","area_m2":91.959},"geometry":{"type":"Polygon","coordinates":[[[629684.42,5220207.23],[629657.6,5220241.86],[629657.6,5220238.45],[629681.95,5220206.66],[629684.42,5220207.23]]]}},{"type":"Feature","properties":{"vineyard_id":"V15","interrow_cover":"bare_soil","tile":"siret3_r019_c013.tif","area_m2":13.137},"geometry":{"type":"Polygon","coordinates":[[[629688.28,5220198.4],[629691.26,5220198.4],[629687.55,5220203.2],[629685.17,5220202.45],[629688.28,5220198.4]]]}},{"type":"Feature","properties":{"vineyard_id":"V14","interrow_cover":"bare_soil","tile":"siret3_r019_c013.tif","area_m2":79.716},"geometry":{"type":"Polygon","coordinates":[[[629681.31,5220206.51],[629657.6,5220237.46],[629657.6,5220233.92],[629678.99,5220206.02],[629681.31,5220206.51]]]}},{"type":"Feature","properties":{"vineyard_id":"V15","interrow_cover":"bare_soil","tile":"siret3_r019_c013.tif","area_m2":9.483},"geometry":{"type":"Polygon","coordinates":[[[629684.83,5220198.4],[629687.52,5220198.4],[629684.57,5220202.26],[629682.39,5220201.57],[629684.83,5220198.4]]]}},{"type":"Feature","properties":{"vineyard_id":"V14","interrow_cover":"bare_soil","tile":"siret3_r019_c013.tif","area_m2":69.495},"geometry":{"type":"Polygon","coordinates":[[[629678.34,5220205.88],[629657.6,5220232.93],[629657.6,5220229.29],[629676.1,5220205.35],[629678.34,5220205.88]]]}},{"type":"Feature","properties":{"vineyard_id":"V15","interrow_cover":"bare_soil","tile":"siret3_r019_c013.tif","area_m2":6.913},"geometry":{"type":"Polygon","coordinates":[[[629681.47,5220198.4],[629684.07,5220198.4],[629681.78,5220201.38],[629679.68,5220200.72],[629681.47,5220198.4]]]}},{"type":"Feature","properties":{"vineyard_id":"V14","interrow_cover":"bare_soil","tile":"siret3_r019_c013.tif","area_m2":60.521},"geometry":{"type":"Polygon","coordinates":[[[629675.45,5220205.21],[629657.6,5220228.3],[629657.6,5220224.69],[629673.08,5220204.62],[629675.45,5220205.21]]]}},{"type":"Feature","properties":{"vineyard_id":"V15","interrow_cover":"bare_soil","tile":"siret3_r019_c013.tif","area_m2":5.007},"geometry":{"type":"Polygon","coordinates":[[[629677.88,5220198.4],[629680.71,5220198.4],[629679.07,5220200.53],[629676.79,5220199.81],[629677.88,5220198.4]]]}},{"type":"Feature","properties":{"vineyard_id":"V14","interrow_cover":"bare_soil","tile":"siret3_r019_c013.tif","area_m2":46.076},"geometry":{"type":"Polygon","coordinates":[[[629672.48,5220204.42],[629657.6,5220223.71],[629657.6,5220220.46],[629670.59,5220203.51],[629672.48,5220204.42]]]}},{"type":"Feature","properties":{"vineyard_id":"V15","interrow_cover":"bare_soil","tile":"siret3_r019_c013.tif","area_m2":2.315},"geometry":{"type":"Polygon","coordinates":[[[629674.51,5220198.4],[629677.12,5220198.4],[629676.18,5220199.62],[629674.08,5220198.96],[629674.51,5220198.4]]]}},{"type":"Feature","properties":{"vineyard_id":"V14","interrow_cover":"bare_soil","tile":"siret3_r019_c013.tif","area_m2":39.109},"geometry":{"type":"Polygon","coordinates":[[[629667.52,5220202.96],[629669.24,5220204.28],[629657.6,5220219.48],[629657.6,5220215.79],[629667.52,5220202.96]]]}},{"type":"Feature","properties":{"vineyard_id":"V14","interrow_cover":"bare_soil","tile":"siret3_r019_c013.tif","area_m2":32.127},"geometry":{"type":"Polygon","coordinates":[[[629665.21,5220201.17],[629667.05,5220202.59],[629657.6,5220214.81],[629657.6,5220211.07],[629665.21,5220201.17]]]}},{"type":"Feature","properties":{"vineyard_id":"V14","interrow_cover":"bare_soil","tile":"siret3_r019_c013.tif","area_m2":26.811},"geometry":{"type":"Polygon","coordinates":[[[629657.6,5220210.08],[629657.6,5220206.5],[629663.94,5220198.4],[629666.58,5220198.4],[629657.6,5220210.08]]]}},{"type":"Feature","properties":{"vineyard_id":"V14","interrow_cover":"bare_soil","tile":"siret3_r019_c013.tif","area_m2":13.88},"geometry":{"type":"Polygon","coordinates":[[[629657.6,5220205.52],[629657.6,5220202.32],[629660.66,5220198.4],[629663.18,5220198.4],[629657.6,5220205.52]]]}},{"type":"Feature","properties":{"vineyard_id":"V14","interrow_cover":"bare_soil","tile":"siret3_r020_c011.tif","area_m2":17.226},"geometry":{"type":"Polygon","coordinates":[[[629603.54,5220198.4],[629600.55,5220198.4],[629606.4,5220190.6],[629606.4,5220194.5],[629603.54,5220198.4]]]}},{"type":"Feature","properties":{"vineyard_id":"V14","interrow_cover":"bare_soil","tile":"siret3_r020_c011.tif","area_m2":28.703},"geometry":{"type":"Polygon","coordinates":[[[629599.8,5220198.4],[629597.13,5220198.4],[629606.4,5220185.94],[629606.4,5220189.6],[629599.8,5220198.4]]]}},{"type":"Feature","properties":{"vineyard_id":"V14","interrow_cover":"bare_soil","tile":"siret3_r020_c011.tif","area_m2":45.228},"geometry":{"type":"Polygon","coordinates":[[[629596.39,5220198.4],[629593.4,5220198.4],[629606.4,5220181.07],[629606.4,5220184.93],[629596.39,5220198.4]]]}},{"type":"Feature","properties":{"vineyard_id":"V14","interrow_cover":"bare_soil","tile":"siret3_r020_c011.tif","area_m2":63.795},"geometry":{"type":"Polygon","coordinates":[[[629589.11,5220198.4],[629603.17,5220179.76],[629605.98,5220180.64],[629592.65,5220198.4],[629589.11,5220198.4]]]}},{"type":"Feature","properties":{"vineyard_id":"V14","interrow_cover":"bare_soil","tile":"siret3_r020_c011.tif","area_m2":76.423},"geometry":{"type":"Polygon","coordinates":[[[629601.9,5220180.45],[629588.35,5220198.4],[629584.21,5220198.4],[629598.04,5220179.93],[629601.9,5220180.45]]]}},{"type":"Feature","properties":{"vineyard_id":"V15","interrow_cover":"bare_soil","tile":"siret3_r020_c011.tif","area_m2":20.736},"geometry":{"type":"Polygon","coordinates":[[[629606.4,5220168.77],[629606.4,5220174.48],[629604.48,5220177.02],[629601.04,5220175.94],[629606.4,5220168.77]]]}},{"type":"Feature","properties":{"vineyard_id":"V14","interrow_cover":"bare_soil","tile":"siret3_r020_c011.tif","area_m2":52.839},"geometry":{"type":"Polygon","coordinates":[[[629597.41,5220179.78],[629583.46,5220198.4],[629580.62,5220198.4],[629595.42,5220178.83],[629597.41,5220179.78]]]}},{"type":"Feature","properties":{"vineyard_id":"V15","interrow_cover":"bare_soil","tile":"siret3_r020_c011.tif","area_m2":24.668},"geometry":{"type":"Polygon","coordinates":[[[629606.4,5220164.32],[629606.4,5220167.77],[629600.43,5220175.74],[629598.27,5220175.07],[629606.4,5220164.32]]]}},{"type":"Feature","properties":{"vineyard_id":"V14","interrow_cover":"bare_soil","tile":"siret3_r020_c011.tif","area_m2":54.321},"geometry":{"type":"Polygon","coordinates":[[[629594.85,5220178.6],[629579.87,5220198.4],[629577.13,5220198.4],[629592.68,5220177.95],[629594.85,5220178.6]]]}},{"type":"Feature","properties":{"vineyard_id":"V15","interrow_cover":"bare_soil","tile":"siret3_r020_c011.tif","area_m2":33.816},"geometry":{"type":"Polygon","coordinates":[[[629606.4,5220159.91],[629606.4,5220163.32],[629597.66,5220174.87],[629595.53,5220174.2],[629606.4,5220159.91]]]}},{"type":"Feature","properties":{"vineyard_id":"V14","interrow_cover":"bare_soil","tile":"siret3_r020_c011.tif","area_m2":51.938},"geometry":{"type":"Polygon","coordinates":[[[629592.06,5220177.77],[629576.37,5220198.4],[629573.87,5220198.4],[629590.0,5220177.24],[629592.06,5220177.77]]]}},{"type":"Feature","properties":{"vineyard_id":"V15","interrow_cover":"bare_soil","tile":"siret3_r020_c011.tif","area_m2":40.023},"geometry":{"type":"Polygon","coordinates":[[[629606.4,5220155.72],[629606.4,5220158.91],[629594.92,5220174.01],[629592.94,5220173.38],[629606.4,5220155.72]]]}},{"type":"Feature","properties":{"vineyard_id":"V14","interrow_cover":"bare_soil","tile":"siret3_r020_c011.tif","area_m2":58.002},"geometry":{"type":"Polygon","coordinates":[[[629589.4,5220177.03],[629573.12,5220198.4],[629570.44,5220198.4],[629587.47,5220176.11],[629589.4,5220177.03]]]}},{"type":"Feature","properties":{"vineyard_id":"V15","interrow_cover":"bare_soil","tile":"siret3_r020_c011.tif","area_m2":51.892},"geometry":{"type":"Polygon","coordinates":[[[629606.4,5220151.33],[629606.4,5220154.73],[629592.33,5220173.19],[629590.21,5220172.52],[629606.4,5220151.33]]]}},{"type":"Feature","properties":{"vineyard_id":"V14","interrow_cover":"bare_soil","tile":"siret3_r020_c011.tif","area_m2":59.397},"geometry":{"type":"Polygon","coordinates":[[[629586.87,5220175.9],[629569.69,5220198.4],[629567.13,5220198.4],[629584.57,5220175.43],[629586.87,5220175.9]]]}},{"type":"Feature","properties":{"vineyard_id":"V15","interrow_cover":"bare_soil","tile":"siret3_r020_c011.tif","area_m2":64.098},"geometry":{"type":"Polygon","coordinates":[[[629606.0,5220147.2],[629606.36,5220147.2],[629606.4,5220147.23],[629606.4,5220150.34],[629589.6,5220172.33],[629587.44,5220171.65],[629606.0,5220147.2]]]}},{"type":"Feature","properties":{"vineyard_id":"V14","interrow_cover":"bare_soil","tile":"siret3_r020_c011.tif","area_m2":66.195},"geometry":{"type":"Polygon","coordinates":[[[629583.95,5220175.26],[629566.37,5220198.4],[629563.52,5220198.4],[629581.82,5220174.41],[629583.95,5220175.26]]]}},{"type":"Feature","properties":{"vineyard_id":"V15","interrow_cover":"bare_soil","tile":"siret3_r020_c011.tif","area_m2":65.001},"geometry":{"type":"Polygon","coordinates":[[[629602.57,5220147.2],[629605.25,5220147.2],[629586.83,5220171.46],[629584.61,5220170.76],[629602.57,5220147.2]]]}},{"type":"Feature","properties":{"vineyard_id":"V14","interrow_cover":"bare_soil","tile":"siret3_r020_c011.tif","area_m2":66.237},"geometry":{"type":"Polygon","coordinates":[[[629581.23,5220174.2],[629562.77,5220198.4],[629560.08,5220198.4],[629579.05,5220173.51],[629581.23,5220174.2]]]}},{"type":"Feature","properties":{"vineyard_id":"V15","interrow_cover":"bare_soil","tile":"siret3_r020_c011.tif","area_m2":62.436},"geometry":{"type":"Polygon","coordinates":[[[629599.1,5220147.2],[629601.82,5220147.2],[629584.0,5220170.57],[629581.81,5220169.88],[629599.1,5220147.2]]]}},{"type":"Feature","properties":{"vineyard_id":"V14","interrow_cover":"bare_soil","tile":"siret3_r020_c011.tif","area_m2":67.004},"geometry":{"type":"Polygon","coordinates":[[[629578.45,5220173.31],[629559.32,5220198.4],[629556.76,5220198.4],[629576.3,5220172.58],[629578.45,5220173.31]]]}},{"type":"Feature","properties":{"vineyard_id":"V15","interrow_cover":"bare_soil","tile":"siret3_r020_c011.tif","area_m2":61.639},"geometry":{"type":"Polygon","coordinates":[[[629595.5,5220147.2],[629598.34,5220147.2],[629581.21,5220169.69],[629579.01,5220168.99],[629595.5,5220147.2]]]}},{"type":"Feature","properties":{"vineyard_id":"V14","interrow_cover":"bare_soil","tile":"siret3_r020_c011.tif","area_m2":68.092},"geometry":{"type":"Polygon","coordinates":[[[629573.36,5220171.73],[629575.69,5220172.38],[629556.11,5220198.26],[629555.2,5220196.04],[629555.2,5220196.02],[629573.36,5220171.73]]]}},{"type":"Feature","properties":{"vineyard_id":"V15","interrow_cover":"bare_soil","tile":"siret3_r020_c011.tif","area_m2":62.652},"geometry":{"type":"Polygon","coordinates":[[[629591.7,5220147.2],[629594.75,5220147.2],[629578.4,5220168.8],[629576.09,5220168.08],[629591.7,5220147.2]]]}},{"type":"Feature","properties":{"vineyard_id":"V14","interrow_cover":"bare_soil","tile":"siret3_r020_c011.tif","area_m2":60.951},"geometry":{"type":"Polygon","coordinates":[[[629572.73,5220171.57],[629555.2,5220195.02],[629555.2,5220191.21],[629570.28,5220171.17],[629572.73,5220171.57]]]}},{"type":"Feature","properties":{"vineyard_id":"V15","interrow_cover":"bare_soil","tile":"siret3_r020_c011.tif","area_m2":54.679},"geometry":{"type":"Polygon","coordinates":[[[629588.31,5220147.2],[629590.95,5220147.2],[629575.49,5220167.88],[629573.27,5220167.19],[629588.31,5220147.2]]]}},{"type":"Feature","properties":{"vineyard_id":"V14","interrow_cover":"bare_soil","tile":"siret3_r020_c011.tif","area_m2":48.353},"geometry":{"type":"Polygon","coordinates":[[[629569.66,5220171.0],[629555.2,5220190.21],[629555.2,5220186.67],[629567.64,5220170.04],[629569.66,5220171.0]]]}},{"type":"Feature","properties":{"vineyard_id":"V15","interrow_cover":"bare_soil","tile":"siret3_r020_c011.tif","area_m2":54.509},"geometry":{"type":"Polygon","coordinates":[[[629584.71,5220147.2],[629587.56,5220147.2],[629572.67,5220167.0],[629570.44,5220166.29],[629584.71,5220147.2]]]}},{"type":"Feature","properties":{"vineyard_id":"V14","interrow_cover":"bare_soil","tile":"siret3_r020_c011.tif","area_m2":43.37},"geometry":{"type":"Polygon","coordinates":[[[629567.13,5220169.72],[629555.2,5220185.67],[629555.2,5220181.6],[629565.38,5220168.26],[629567.13,5220169.72]]]}},{"type":"Feature","properties":{"vineyard_id":"V15","interrow_cover":"bare_soil","tile":"siret3_r020_c011.tif","area_m2":49.353},"geometry":{"type":"Polygon","coordinates":[[[629581.44,5220147.2],[629583.96,5220147.2],[629569.83,5220166.1],[629567.57,5220165.39],[629581.44,5220147.2]]]}},{"type":"Feature","properties":{"vineyard_id":"V14","interrow_cover":"bare_soil","tile":"siret3_r020_c011.tif","area_m2":30.768},"geometry":{"type":"Polygon","coordinates":[[[629555.2,5220177.18],[629562.81,5220167.03],[629565.02,5220167.73],[629555.2,5220180.61],[629555.2,5220177.18]]]}},{"type":"Feature","properties":{"vineyard_id":"V15","interrow_cover":"bare_soil","tile":"siret3_r020_c011.tif","area_m2":50.985},"geometry":{"type":"Polygon","coordinates":[[[629577.68,5220147.2],[629580.68,5220147.2],[629566.96,5220165.2],[629564.71,5220164.49],[629577.68,5220147.2]]]}},{"type":"Feature","properties":{"vineyard_id":"V14","interrow_cover":"bare_soil","tile":"siret3_r020_c011.tif","area_m2":12.522},"geometry":{"type":"Polygon","coordinates":[[[629555.2,5220174.45],[629560.88,5220166.43],[629562.2,5220166.84],[629555.2,5220176.18],[629555.2,5220174.45]]]}},{"type":"Feature","properties":{"vineyard_id":"V15","interrow_cover":"bare_soil","tile":"siret3_r020_c011.tif","area_m2":35.306},"geometry":{"type":"Polygon","coordinates":[[[629576.93,5220147.2],[629564.11,5220164.3],[629562.7,5220163.85],[629574.48,5220147.2],[629576.93,5220147.2]]]}},{"type":"Feature","properties":{"vineyard_id":"V15","interrow_cover":"bare_soil","tile":"siret3_r020_c011.tif","area_m2":52.684},"geometry":{"type":"Polygon","coordinates":[[[629558.31,5220163.69],[629571.03,5220147.2],[629573.62,5220147.2],[629555.2,5220171.13],[629555.2,5220171.11],[629558.31,5220163.69]]]}},{"type":"Feature","properties":{"vineyard_id":"V15","interrow_cover":"bare_soil","tile":"siret3_r020_c012.tif","area_m2":18.795},"geometry":{"type":"Polygon","coordinates":[[[629657.6,5220183.61],[629657.6,5220187.17],[629653.55,5220192.49],[629651.27,5220191.77],[629657.6,5220183.61]]]}},{"type":"Feature","properties":{"vineyard_id":"V14","interrow_cover":"bare_soil","tile":"siret3_r020_c012.tif","area_m2":7.642},"geometry":{"type":"Polygon","coordinates":[[[629647.31,5220195.89],[629645.36,5220198.4],[629642.83,5220198.4],[629645.44,5220194.95],[629647.31,5220195.89]]]}},{"type":"Feature","properties":{"vineyard_id":"V15","interrow_cover":"bare_soil","tile":"siret3_r020_c012.tif","area_m2":29.195},"geometry":{"type":"Polygon","coordinates":[[[629657.6,5220178.85],[629657.6,5220182.63],[629650.66,5220191.58],[629648.5,5220190.9],[629657.6,5220178.85]]]}},{"type":"Feature","properties":{"vineyard_id":"V14","interrow_cover":"bare_soil","tile":"siret3_r020_c012.tif","area_m2":11.14},"geometry":{"type":"Polygon","coordinates":[[[629644.87,5220194.71],[629642.08,5220198.4],[629639.32,5220198.4],[629642.64,5220194.02],[629644.87,5220194.71]]]}},{"type":"Feature","properties":{"vineyard_id":"V15","interrow_cover":"bare_soil","tile":"siret3_r020_c012.tif","area_m2":38.905},"geometry":{"type":"Polygon","coordinates":[[[629657.6,5220174.28],[629657.6,5220177.86],[629647.9,5220190.7],[629645.68,5220190.01],[629657.6,5220174.28]]]}},{"type":"Feature","properties":{"vineyard_id":"V14","interrow_cover":"bare_soil","tile":"siret3_r020_c012.tif","area_m2":14.212},"geometry":{"type":"Polygon","coordinates":[[[629642.03,5220193.83],[629638.56,5220198.4],[629635.67,5220198.4],[629639.82,5220193.03],[629642.03,5220193.83]]]}},{"type":"Feature","properties":{"vineyard_id":"V15","interrow_cover":"bare_soil","tile":"siret3_r020_c012.tif","area_m2":47.191},"geometry":{"type":"Polygon","coordinates":[[[629657.6,5220169.99],[629657.6,5220173.29],[629645.07,5220189.81],[629642.84,5220189.11],[629657.6,5220169.99]]]}},{"type":"Feature","properties":{"vineyard_id":"V14","interrow_cover":"bare_soil","tile":"siret3_r020_c012.tif","area_m2":15.544},"geometry":{"type":"Polygon","coordinates":[[[629639.2,5220192.85],[629634.92,5220198.4],[629632.24,5220198.4],[629636.83,5220192.4],[629639.2,5220192.85]]]}},{"type":"Feature","properties":{"vineyard_id":"V15","interrow_cover":"bare_soil","tile":"siret3_r020_c012.tif","area_m2":60.179},"geometry":{"type":"Polygon","coordinates":[[[629657.6,5220165.26],[629657.6,5220169.01],[629642.23,5220188.92],[629640.03,5220188.23],[629657.6,5220165.26]]]}},{"type":"Feature","properties":{"vineyard_id":"V14","interrow_cover":"bare_soil","tile":"siret3_r020_c012.tif","area_m2":17.855},"geometry":{"type":"Polygon","coordinates":[[[629636.22,5220192.22],[629631.49,5220198.4],[629628.81,5220198.4],[629634.31,5220191.23],[629636.22,5220192.22]]]}},{"type":"Feature","properties":{"vineyard_id":"V15","interrow_cover":"bare_soil","tile":"siret3_r020_c012.tif","area_m2":66.476},"geometry":{"type":"Polygon","coordinates":[[[629657.6,5220160.84],[629657.6,5220164.27],[629639.42,5220188.03],[629637.28,5220187.36],[629657.6,5220160.84]]]}},{"type":"Feature","properties":{"vineyard_id":"V14","interrow_cover":"bare_soil","tile":"siret3_r020_c012.tif","area_m2":21.946},"geometry":{"type":"Polygon","coordinates":[[[629633.72,5220191.01],[629628.06,5220198.4],[629625.21,5220198.4],[629631.23,5220190.49],[629633.72,5220191.01]]]}},{"type":"Feature","properties":{"vineyard_id":"V15","interrow_cover":"bare_soil","tile":"siret3_r020_c012.tif","area_m2":86.165},"geometry":{"type":"Polygon","coordinates":[[[629657.6,5220155.87],[629657.6,5220159.86],[629636.67,5220187.17],[629634.33,5220186.43],[629657.6,5220155.87]]]}},{"type":"Feature","properties":{"vineyard_id":"V14","interrow_cover":"bare_soil","tile":"siret3_r020_c012.tif","area_m2":26.48},"geometry":{"type":"Polygon","coordinates":[[[629630.65,5220190.26],[629624.45,5220198.4],[629621.45,5220198.4],[629628.78,5220188.82],[629630.65,5220190.26]]]}},{"type":"Feature","properties":{"vineyard_id":"V15","interrow_cover":"bare_soil","tile":"siret3_r020_c012.tif","area_m2":95.142},"geometry":{"type":"Polygon","coordinates":[[[629657.6,5220151.16],[629657.6,5220154.88],[629633.72,5220186.24],[629631.33,5220185.48],[629657.6,5220151.16]]]}},{"type":"Feature","properties":{"vineyard_id":"V14","interrow_cover":"bare_soil","tile":"siret3_r020_c012.tif","area_m2":24.49},"geometry":{"type":"Polygon","coordinates":[[[629628.2,5220188.59],[629620.69,5220198.4],[629618.22,5220198.4],[629625.7,5220188.57],[629628.2,5220188.59]]]}},{"type":"Feature","properties":{"vineyard_id":"V15","interrow_cover":"bare_soil","tile":"siret3_r020_c012.tif","area_m2":95.316},"geometry":{"type":"Polygon","coordinates":[[[629657.18,5220147.2],[629657.58,5220147.2],[629657.6,5220147.22],[629657.6,5220150.18],[629630.72,5220185.29],[629628.69,5220184.65],[629657.18,5220147.2]]]}},{"type":"Feature","properties":{"vineyard_id":"V14","interrow_cover":"bare_soil","tile":"siret3_r020_c012.tif","area_m2":27.797},"geometry":{"type":"Polygon","coordinates":[[[629624.99,5220188.51],[629617.46,5220198.4],[629614.71,5220198.4],[629622.75,5220187.91],[629624.99,5220188.51]]]}},{"type":"Feature","properties":{"vineyard_id":"V15","interrow_cover":"bare_soil","tile":"siret3_r020_c012.tif","area_m2":95.679},"geometry":{"type":"Polygon","coordinates":[[[629653.93,5220147.2],[629656.43,5220147.2],[629628.08,5220184.46],[629625.91,5220183.78],[629653.93,5220147.2]]]}},{"type":"Feature","properties":{"vineyard_id":"V14","interrow_cover":"bare_soil","tile":"siret3_r020_c012.tif","area_m2":31.732},"geometry":{"type":"Polygon","coordinates":[[[629622.14,5220187.72],[629613.96,5220198.4],[629611.1,5220198.4],[629619.9,5220186.91],[629622.14,5220187.72]]]}},{"type":"Feature","properties":{"vineyard_id":"V15","interrow_cover":"bare_soil","tile":"siret3_r020_c012.tif","area_m2":103.851},"geometry":{"type":"Polygon","coordinates":[[[629650.28,5220147.2],[629653.17,5220147.2],[629625.31,5220183.58],[629622.99,5220182.86],[629650.28,5220147.2]]]}},{"type":"Feature","properties":{"vineyard_id":"V14","interrow_cover":"bare_soil","tile":"siret3_r020_c012.tif","area_m2":33.942},"geometry":{"type":"Polygon","coordinates":[[[629619.3,5220186.7],[629610.34,5220198.4],[629607.5,5220198.4],[629617.01,5220186.04],[629619.3,5220186.7]]]}},{"type":"Feature","properties":{"vineyard_id":"V15","interrow_cover":"bare_soil","tile":"siret3_r020_c012.tif","area_m2":94.695},"geometry":{"type":"Polygon","coordinates":[[[629646.9,5220147.2],[629649.52,5220147.2],[629622.39,5220182.66],[629620.15,5220181.96],[629646.9,5220147.2]]]}},{"type":"Feature","properties":{"vineyard_id":"V14","interrow_cover":"bare_soil","tile":"siret3_r020_c012.tif","area_m2":29.61},"geometry":{"type":"Polygon","coordinates":[[[629614.36,5220185.05],[629616.41,5220185.84],[629606.88,5220198.22],[629606.4,5220196.02],[629606.4,5220195.57],[629614.36,5220185.05]]]}},{"type":"Feature","properties":{"vineyard_id":"V15","interrow_cover":"bare_soil","tile":"siret3_r020_c012.tif","area_m2":100.268},"geometry":{"type":"Polygon","coordinates":[[[629642.98,5220147.2],[629646.14,5220147.2],[629619.54,5220181.77],[629617.36,5220181.08],[629642.98,5220147.2]]]}},{"type":"Feature","properties":{"vineyard_id":"V14","interrow_cover":"bare_soil","tile":"siret3_r020_c012.tif","area_m2":23.54},"geometry":{"type":"Polygon","coordinates":[[[629613.77,5220184.84],[629606.4,5220194.58],[629606.4,5220190.79],[629611.48,5220184.08],[629613.77,5220184.84]]]}},{"type":"Feature","properties":{"vineyard_id":"V15","interrow_cover":"bare_soil","tile":"siret3_r020_c012.tif","area_m2":94.614},"geometry":{"type":"Polygon","coordinates":[[[629639.41,5220147.2],[629642.23,5220147.2],[629616.75,5220180.89],[629614.45,5220180.16],[629639.41,5220147.2]]]}},{"type":"Feature","properties":{"vineyard_id":"V14","interrow_cover":"bare_soil","tile":"siret3_r020_c012.tif","area_m2":12.971},"geometry":{"type":"Polygon","coordinates":[[[629610.89,5220183.87],[629606.4,5220189.79],[629606.4,5220185.99],[629608.74,5220182.91],[629610.89,5220183.87]]]}},{"type":"Feature","properties":{"vineyard_id":"V15","interrow_cover":"bare_soil","tile":"siret3_r020_c012.tif","area_m2":92.006},"geometry":{"type":"Polygon","coordinates":[[[629635.85,5220147.2],[629638.66,5220147.2],[629613.84,5220179.97],[629611.53,5220179.24],[629635.85,5220147.2]]]}},{"type":"Feature","properties":{"vineyard_id":"V15","interrow_cover":"bare_soil","tile":"siret3_r020_c012.tif","area_m2":93.237},"geometry":{"type":"Polygon","coordinates":[[[629632.03,5220147.2],[629635.09,5220147.2],[629610.92,5220179.05],[629608.61,5220178.32],[629632.03,5220147.2]]]}},{"type":"Feature","properties":{"vineyard_id":"V15","interrow_cover":"bare_soil","tile":"siret3_r020_c012.tif","area_m2":84.067},"geometry":{"type":"Polygon","coordinates":[[[629631.28,5220147.2],[629607.98,5220178.16],[629606.49,5220176.5],[629628.44,5220147.2],[629631.28,5220147.2]]]}},{"type":"Feature","properties":{"vineyard_id":"V15","interrow_cover":"bare_soil","tile":"siret3_r020_c012.tif","area_m2":49.842},"geometry":{"type":"Polygon","coordinates":[[[629606.4,5220167.87],[629606.4,5220164.24],[629619.42,5220147.2],[629621.96,5220147.2],[629606.4,5220167.87]]]}},{"type":"Feature","properties":{"vineyard_id":"V15","interrow_cover":"bare_soil","tile":"siret3_r020_c012.tif","area_m2":35.72},"geometry":{"type":"Polygon","coordinates":[[[629606.4,5220163.25],[629606.4,5220160.22],[629616.04,5220147.2],[629618.67,5220147.2],[629606.4,5220163.25]]]}},{"type":"Feature","properties":{"vineyard_id":"V15","interrow_cover":"bare_soil","tile":"siret3_r020_c012.tif","area_m2":26.038},"geometry":{"type":"Polygon","coordinates":[[[629606.4,5220159.21],[629606.4,5220155.85],[629612.72,5220147.2],[629615.29,5220147.2],[629606.4,5220159.21]]]}},{"type":"Feature","properties":{"vineyard_id":"V15","interrow_cover":"bare_soil","tile":"siret3_r020_c012.tif","area_m2":15.01},"geometry":{"type":"Polygon","coordinates":[[[629606.4,5220154.83],[629606.4,5220151.27],[629609.48,5220147.2],[629611.97,5220147.2],[629606.4,5220154.83]]]}},{"type":"Feature","properties":{"vineyard_id":"V15","interrow_cover":"bare_soil","tile":"siret3_r020_c013.tif","area_m2":17.873},"geometry":{"type":"Polygon","coordinates":[[[629705.15,5220198.4],[629702.38,5220198.4],[629708.8,5220190.06],[629708.8,5220193.53],[629705.15,5220198.4]]]}},{"type":"Feature","properties":{"vineyard_id":"V15","interrow_cover":"bare_soil","tile":"siret3_r020_c013.tif","area_m2":27.796},"geometry":{"type":"Polygon","coordinates":[[[629701.63,5220198.4],[629699.06,5220198.4],[629708.8,5220185.83],[629708.8,5220189.07],[629701.63,5220198.4]]]}},{"type":"Feature","properties":{"vineyard_id":"V15","interrow_cover":"bare_soil","tile":"siret3_r020_c013.tif","area_m2":44.742},"geometry":{"type":"Polygon","coordinates":[[[629698.3,5220198.4],[629695.45,5220198.4],[629708.8,5220181.03],[629708.8,5220184.85],[629698.3,5220198.4]]]}},{"type":"Feature","properties":{"vineyard_id":"V15","interrow_cover":"bare_soil","tile":"siret3_r020_c013.tif","area_m2":50.669},"geometry":{"type":"Polygon","coordinates":[[[629694.7,5220198.4],[629692.24,5220198.4],[629708.8,5220176.65],[629708.8,5220180.04],[629694.7,5220198.4]]]}},{"type":"Feature","properties":{"vineyard_id":"V15","interrow_cover":"bare_soil","tile":"siret3_r020_c013.tif","area_m2":74.069},"geometry":{"type":"Polygon","coordinates":[[[629691.49,5220198.4],[629688.44,5220198.4],[629708.8,5220171.79],[629708.8,5220175.66],[629691.49,5220198.4]]]}},{"type":"Feature","properties":{"vineyard_id":"V15","interrow_cover":"bare_soil","tile":"siret3_r020_c013.tif","area_m2":78.601},"geometry":{"type":"Polygon","coordinates":[[[629687.69,5220198.4],[629684.96,5220198.4],[629708.8,5220167.37],[629708.8,5220170.8],[629687.69,5220198.4]]]}},{"type":"Feature","properties":{"vineyard_id":"V15","interrow_cover":"bare_soil","tile":"siret3_r020_c013.tif","area_m2":91.256},"geometry":{"type":"Polygon","coordinates":[[[629684.2,5220198.4],[629681.5,5220198.4],[629708.8,5220162.87],[629708.8,5220166.38],[629684.2,5220198.4]]]}},{"type":"Feature","properties":{"vineyard_id":"V15","interrow_cover":"bare_soil","tile":"siret3_r020_c013.tif","area_m2":118.827},"geometry":{"type":"Polygon","coordinates":[[[629680.74,5220198.4],[629677.7,5220198.4],[629708.8,5220157.81],[629708.8,5220161.88],[629680.74,5220198.4]]]}},{"type":"Feature","properties":{"vineyard_id":"V15","interrow_cover":"bare_soil","tile":"siret3_r020_c013.tif","area_m2":109.455},"geometry":{"type":"Polygon","coordinates":[[[629676.95,5220198.4],[629674.51,5220198.4],[629708.8,5220153.4],[629708.8,5220156.82],[629676.95,5220198.4]]]}},{"type":"Feature","properties":{"vineyard_id":"V15","interrow_cover":"bare_soil","tile":"siret3_r020_c013.tif","area_m2":142.075},"geometry":{"type":"Polygon","coordinates":[[[629673.75,5220198.4],[629670.66,5220198.4],[629708.8,5220148.69],[629708.8,5220152.41],[629673.75,5220198.4]]]}},{"type":"Feature","properties":{"vineyard_id":"V15","interrow_cover":"bare_soil","tile":"siret3_r020_c013.tif","area_m2":165.037},"geometry":{"type":"Polygon","coordinates":[[[629669.9,5220198.4],[629666.59,5220198.4],[629706.05,5220147.2],[629708.77,5220147.2],[629708.8,5220147.23],[629708.8,5220147.7],[629669.9,5220198.4]]]}},{"type":"Feature","properties":{"vineyard_id":"V15","interrow_cover":"mixed","tile":"siret3_r020_c013.tif","area_m2":126.4},"geometry":{"type":"Polygon","coordinates":[[[629665.83,5220198.4],[629663.45,5220198.4],[629702.74,5220147.2],[629705.29,5220147.2],[629665.83,5220198.4]]]}},{"type":"Feature","properties":{"vineyard_id":"V15","interrow_cover":"mixed","tile":"siret3_r020_c013.tif","area_m2":111.134},"geometry":{"type":"Polygon","coordinates":[[[629701.98,5220147.2],[629662.83,5220198.22],[629662.24,5220195.82],[629699.96,5220147.2],[629701.98,5220147.2]]]}},{"type":"Feature","properties":{"vineyard_id":"V15","interrow_cover":"bare_soil","tile":"siret3_r020_c013.tif","area_m2":120.86},"geometry":{"type":"Polygon","coordinates":[[[629657.6,5220191.81],[629657.6,5220187.98],[629689.26,5220147.2],[629691.96,5220147.2],[629657.6,5220191.81]]]}},{"type":"Feature","properties":{"vineyard_id":"V15","interrow_cover":"bare_soil","tile":"siret3_r020_c013.tif","area_m2":103.447},"geometry":{"type":"Polygon","coordinates":[[[629657.6,5220187.0],[629657.6,5220183.49],[629685.79,5220147.2],[629688.5,5220147.2],[629657.6,5220187.0]]]}},{"type":"Feature","properties":{"vineyard_id":"V15","interrow_cover":"bare_soil","tile":"siret3_r020_c013.tif","area_m2":91.389},"geometry":{"type":"Polygon","coordinates":[[[629657.6,5220182.52],[629657.6,5220179.16],[629682.19,5220147.2],[629685.03,5220147.2],[629657.6,5220182.52]]]}},{"type":"Feature","properties":{"vineyard_id":"V15","interrow_cover":"bare_soil","tile":"siret3_r020_c013.tif","area_m2":79.853},"geometry":{"type":"Polygon","coordinates":[[[629657.6,5220178.18],[629657.6,5220174.64],[629678.68,5220147.2],[629681.43,5220147.2],[629657.6,5220178.18]]]}},{"type":"Feature","properties":{"vineyard_id":"V15","interrow_cover":"bare_soil","tile":"siret3_r020_c013.tif","area_m2":69.748},"geometry":{"type":"Polygon","coordinates":[[[629657.6,5220173.66],[629657.6,5220169.94],[629675.11,5220147.2],[629677.92,5220147.2],[629657.6,5220173.66]]]}},{"type":"Feature","properties":{"vineyard_id":"V15","interrow_cover":"bare_soil","tile":"siret3_r020_c013.tif","area_m2":58.27},"geometry":{"type":"Polygon","coordinates":[[[629657.6,5220168.96],[629657.6,5220165.37],[629671.25,5220147.2],[629674.35,5220147.2],[629657.6,5220168.96]]]}},{"type":"Feature","properties":{"vineyard_id":"V15","interrow_cover":"bare_soil","tile":"siret3_r020_c013.tif","area_m2":38.811},"geometry":{"type":"Polygon","coordinates":[[[629657.6,5220164.37],[629657.6,5220160.89],[629668.11,5220147.2],[629670.5,5220147.2],[629657.6,5220164.37]]]}},{"type":"Feature","properties":{"vineyard_id":"V15","interrow_cover":"bare_soil","tile":"siret3_r020_c013.tif","area_m2":32.731},"geometry":{"type":"Polygon","coordinates":[[[629657.6,5220159.91],[629657.6,5220156.12],[629664.15,5220147.2],[629667.35,5220147.2],[629657.6,5220159.91]]]}},{"type":"Feature","properties":{"vineyard_id":"V15","interrow_cover":"bare_soil","tile":"siret3_r020_c013.tif","area_m2":15.987},"geometry":{"type":"Polygon","coordinates":[[[629657.6,5220155.11],[629657.6,5220151.46],[629660.87,5220147.2],[629663.4,5220147.2],[629657.6,5220155.11]]]}},{"type":"Feature","properties":{"vineyard_id":"V15","interrow_cover":"bare_soil","tile":"siret3_r020_c014.tif","area_m2":144.576},"geometry":{"type":"Polygon","coordinates":[[[629715.51,5220198.4],[629712.84,5220198.4],[629752.16,5220147.2],[629755.14,5220147.2],[629715.51,5220198.4]]]}},{"type":"Feature","properties":{"vineyard_id":"V15","interrow_cover":"bare_soil","tile":"siret3_r020_c014.tif","area_m2":140.48},"geometry":{"type":"Polygon","coordinates":[[[629712.09,5220198.4],[629709.33,5220198.4],[629748.68,5220147.2],[629751.4,5220147.2],[629712.09,5220198.4]]]}},{"type":"Feature","properties":{"vineyard_id":"V15","interrow_cover":"bare_soil","tile":"siret3_r020_c014.tif","area_m2":128.037},"geometry":{"type":"Polygon","coordinates":[[[629708.8,5220198.1],[629708.8,5220194.75],[629745.29,5220147.2],[629747.92,5220147.2],[629708.8,5220198.1]]]}},{"type":"Feature","properties":{"vineyard_id":"V15","interrow_cover":"bare_soil","tile":"siret3_r020_c014.tif","area_m2":128.579},"geometry":{"type":"Polygon","coordinates":[[[629708.8,5220193.76],[629708.8,5220189.96],[629741.7,5220147.2],[629744.54,5220147.2],[629708.8,5220193.76]]]}},{"type":"Feature","properties":{"vineyard_id":"V15","interrow_cover":"bare_soil","tile":"siret3_r020_c014.tif","area_m2":101.479},"geometry":{"type":"Polygon","coordinates":[[[629708.8,5220188.98],[629708.8,5220185.67],[629738.43,5220147.2],[629740.94,5220147.2],[629708.8,5220188.98]]]}},{"type":"Feature","properties":{"vineyard_id":"V15","interrow_cover":"bare_soil","tile":"siret3_r020_c014.tif","area_m2":102.565},"geometry":{"type":"Polygon","coordinates":[[[629708.8,5220184.69],[629708.8,5220180.91],[629734.82,5220147.2],[629737.67,5220147.2],[629708.8,5220184.69]]]}},{"type":"Feature","properties":{"vineyard_id":"V15","interrow_cover":"bare_soil","tile":"siret3_r020_c014.tif","area_m2":80.402},"geometry":{"type":"Polygon","coordinates":[[[629708.8,5220179.93],[629708.8,5220176.69],[629731.39,5220147.2],[629734.06,5220147.2],[629708.8,5220179.93]]]}},{"type":"Feature","properties":{"vineyard_id":"V15","interrow_cover":"bare_soil","tile":"siret3_r020_c014.tif","area_m2":81.308},"geometry":{"type":"Polygon","coordinates":[[[629708.8,5220175.7],[629708.8,5220171.58],[629727.65,5220147.2],[629730.63,5220147.2],[629708.8,5220175.7]]]}},{"type":"Feature","properties":{"vineyard_id":"V15","interrow_cover":"bare_soil","tile":"siret3_r020_c014.tif","area_m2":58.603},"geometry":{"type":"Polygon","coordinates":[[[629708.8,5220170.59],[629708.8,5220167.1],[629724.18,5220147.2],[629726.89,5220147.2],[629708.8,5220170.59]]]}},{"type":"Feature","properties":{"vineyard_id":"V15","interrow_cover":"bare_soil","tile":"siret3_r020_c014.tif","area_m2":46.67},"geometry":{"type":"Polygon","coordinates":[[[629708.8,5220166.12],[629708.8,5220162.83],[629720.52,5220147.2],[629723.42,5220147.2],[629708.8,5220166.12]]]}},{"type":"Feature","properties":{"vineyard_id":"V15","interrow_cover":"bare_soil","tile":"siret3_r020_c014.tif","area_m2":36.43},"geometry":{"type":"Polygon","coordinates":[[[629708.8,5220161.83],[629708.8,5220157.95],[629716.97,5220147.2],[629719.78,5220147.2],[629708.8,5220161.83]]]}},{"type":"Feature","properties":{"vineyard_id":"V15","interrow_cover":"bare_soil","tile":"siret3_r020_c014.tif","area_m2":21.411},"geometry":{"type":"Polygon","coordinates":[[[629708.8,5220156.96],[629708.8,5220153.31],[629713.63,5220147.2],[629716.22,5220147.2],[629708.8,5220156.96]]]}},{"type":"Feature","properties":{"vineyard_id":"V15","interrow_cover":"bare_soil","tile":"siret3_r020_c014.tif","area_m2":9.052},"geometry":{"type":"Polygon","coordinates":[[[629708.8,5220152.34],[629708.8,5220149.07],[629710.3,5220147.2],[629712.86,5220147.2],[629708.8,5220152.34]]]}},{"type":"Feature","properties":{"vineyard_id":"V15","interrow_cover":"bare_soil","tile":"siret3_r021_c011.tif","area_m2":20.986},"geometry":{"type":"Polygon","coordinates":[[[629601.95,5220147.2],[629599.2,5220147.2],[629606.4,5220137.92],[629606.4,5220141.62],[629601.95,5220147.2]]]}},{"type":"Feature","properties":{"vineyard_id":"V15","interrow_cover":"bare_soil","tile":"siret3_r021_c011.tif","area_m2":36.822},"geometry":{"type":"Polygon","coordinates":[[[629598.44,5220147.2],[629595.47,5220147.2],[629606.4,5220133.0],[629606.4,5220136.94],[629598.44,5220147.2]]]}},{"type":"Feature","properties":{"vineyard_id":"V15","interrow_cover":"bare_soil","tile":"siret3_r021_c011.tif","area_m2":49.654},"geometry":{"type":"Polygon","coordinates":[[[629594.71,5220147.2],[629591.81,5220147.2],[629606.4,5220128.23],[629606.4,5220132.02],[629594.71,5220147.2]]]}},{"type":"Feature","properties":{"vineyard_id":"V15","interrow_cover":"bare_soil","tile":"siret3_r021_c011.tif","area_m2":59.287},"geometry":{"type":"Polygon","coordinates":[[[629591.05,5220147.2],[629588.29,5220147.2],[629606.4,5220123.74],[629606.4,5220127.25],[629591.05,5220147.2]]]}},{"type":"Feature","properties":{"vineyard_id":"V15","interrow_cover":"bare_soil","tile":"siret3_r021_c011.tif","area_m2":75.912},"geometry":{"type":"Polygon","coordinates":[[[629587.54,5220147.2],[629584.6,5220147.2],[629606.4,5220119.09],[629606.4,5220122.76],[629587.54,5220147.2]]]}},{"type":"Feature","properties":{"vineyard_id":"V15","interrow_cover":"bare_soil","tile":"siret3_r021_c011.tif","area_m2":82.551},"geometry":{"type":"Polygon","coordinates":[[[629583.84,5220147.2],[629581.18,5220147.2],[629606.4,5220114.64],[629606.4,5220118.11],[629583.84,5220147.2]]]}},{"type":"Feature","properties":{"vineyard_id":"V15","interrow_cover":"bare_soil","tile":"siret3_r021_c011.tif","area_m2":110.772},"geometry":{"type":"Polygon","coordinates":[[[629580.42,5220147.2],[629577.24,5220147.2],[629606.4,5220109.71],[629606.4,5220113.66],[629580.42,5220147.2]]]}},{"type":"Feature","properties":{"vineyard_id":"V15","interrow_cover":"bare_soil","tile":"siret3_r021_c011.tif","area_m2":103.007},"geometry":{"type":"Polygon","coordinates":[[[629576.48,5220147.2],[629573.85,5220147.2],[629606.4,5220105.52],[629606.4,5220108.74],[629576.48,5220147.2]]]}},{"type":"Feature","properties":{"vineyard_id":"V15","interrow_cover":"bare_soil","tile":"siret3_r021_c011.tif","area_m2":108.882},"geometry":{"type":"Polygon","coordinates":[[[629573.09,5220147.2],[629570.69,5220147.2],[629606.4,5220101.31],[629606.4,5220104.55],[629573.09,5220147.2]]]}},{"type":"Feature","properties":{"vineyard_id":"V15","interrow_cover":"bare_soil","tile":"siret3_r021_c012.tif","area_m2":7.984},"geometry":{"type":"Polygon","coordinates":[[[629656.53,5220147.2],[629653.87,5220147.2],[629657.6,5220142.51],[629657.6,5220145.78],[629656.53,5220147.2]]]}},{"type":"Feature","properties":{"vineyard_id":"V15","interrow_cover":"bare_soil","tile":"siret3_r021_c012.tif","area_m2":21.907},"geometry":{"type":"Polygon","coordinates":[[[629653.1,5220147.2],[629650.27,5220147.2],[629657.6,5220137.75],[629657.6,5220141.54],[629653.1,5220147.2]]]}},{"type":"Feature","properties":{"vineyard_id":"V15","interrow_cover":"bare_soil","tile":"siret3_r021_c012.tif","area_m2":32.73},"geometry":{"type":"Polygon","coordinates":[[[629649.51,5220147.2],[629646.88,5220147.2],[629657.6,5220133.23],[629657.6,5220136.77],[629649.51,5220147.2]]]}},{"type":"Feature","properties":{"vineyard_id":"V15","interrow_cover":"bare_soil","tile":"siret3_r021_c012.tif","area_m2":51.651},"geometry":{"type":"Polygon","coordinates":[[[629646.12,5220147.2],[629643.05,5220147.2],[629657.6,5220128.3],[629657.6,5220132.25],[629646.12,5220147.2]]]}},{"type":"Feature","properties":{"vineyard_id":"V15","interrow_cover":"bare_soil","tile":"siret3_r021_c012.tif","area_m2":60.3},"geometry":{"type":"Polygon","coordinates":[[[629642.3,5220147.2],[629639.58,5220147.2],[629657.6,5220123.62],[629657.6,5220127.32],[629642.3,5220147.2]]]}},{"type":"Feature","properties":{"vineyard_id":"V15","interrow_cover":"bare_soil","tile":"siret3_r021_c012.tif","area_m2":74.983},"geometry":{"type":"Polygon","coordinates":[[[629638.82,5220147.2],[629635.95,5220147.2],[629657.6,5220118.97],[629657.6,5220122.64],[629638.82,5220147.2]]]}},{"type":"Feature","properties":{"vineyard_id":"V15","interrow_cover":"bare_soil","tile":"siret3_r021_c012.tif","area_m2":95.211},"geometry":{"type":"Polygon","coordinates":[[[629635.19,5220147.2],[629631.93,5220147.2],[629657.6,5220114.28],[629657.6,5220117.99],[629635.19,5220147.2]]]}},{"type":"Feature","properties":{"vineyard_id":"V15","interrow_cover":"bare_soil","tile":"siret3_r021_c012.tif","area_m2":99.64},"geometry":{"type":"Polygon","coordinates":[[[629631.17,5220147.2],[629628.32,5220147.2],[629657.6,5220109.79],[629657.6,5220113.31],[629631.17,5220147.2]]]}},{"type":"Feature","properties":{"vineyard_id":"V15","interrow_cover":"bare_soil","tile":"siret3_r021_c012.tif","area_m2":161.598},"geometry":{"type":"Polygon","coordinates":[[[629627.56,5220147.2],[629623.81,5220147.2],[629657.6,5220103.52],[629657.6,5220108.82],[629627.56,5220147.2]]]}},{"type":"Feature","properties":{"vineyard_id":"V15","interrow_cover":"bare_soil","tile":"siret3_r021_c012.tif","area_m2":179.332},"geometry":{"type":"Polygon","coordinates":[[[629623.05,5220147.2],[629619.32,5220147.2],[629657.6,5220097.52],[629657.6,5220102.54],[629623.05,5220147.2]]]}},{"type":"Feature","properties":{"vineyard_id":"V15","interrow_cover":"bare_soil","tile":"siret3_r021_c012.tif","area_m2":126.636},"geometry":{"type":"Polygon","coordinates":[[[629618.56,5220147.2],[629616.14,5220147.2],[629655.48,5220096.0],[629657.57,5220096.0],[629657.6,5220096.03],[629657.6,5220096.54],[629618.56,5220147.2]]]}},{"type":"Feature","properties":{"vineyard_id":"V15","interrow_cover":"bare_soil","tile":"siret3_r021_c012.tif","area_m2":134.912},"geometry":{"type":"Polygon","coordinates":[[[629615.38,5220147.2],[629612.81,5220147.2],[629652.03,5220096.0],[629654.73,5220096.0],[629615.38,5220147.2]]]}},{"type":"Feature","properties":{"vineyard_id":"V15","interrow_cover":"bare_soil","tile":"siret3_r021_c012.tif","area_m2":139.072},"geometry":{"type":"Polygon","coordinates":[[[629612.05,5220147.2],[629609.45,5220147.2],[629648.45,5220096.0],[629651.28,5220096.0],[629612.05,5220147.2]]]}},{"type":"Feature","properties":{"vineyard_id":"V15","interrow_cover":"bare_soil","tile":"siret3_r021_c012.tif","area_m2":132.059},"geometry":{"type":"Polygon","coordinates":[[[629608.69,5220147.2],[629606.4,5220147.2],[629606.4,5220146.77],[629645.15,5220096.0],[629647.7,5220096.0],[629608.69,5220147.2]]]}},{"type":"Feature","properties":{"vineyard_id":"V15","interrow_cover":"bare_soil","tile":"siret3_r021_c012.tif","area_m2":122.631},"geometry":{"type":"Polygon","coordinates":[[[629606.4,5220145.78],[629606.4,5220142.48],[629641.82,5220096.0],[629644.4,5220096.0],[629606.4,5220145.78]]]}},{"type":"Feature","properties":{"vineyard_id":"V15","interrow_cover":"bare_soil","tile":"siret3_r021_c012.tif","area_m2":116.021},"geometry":{"type":"Polygon","coordinates":[[[629606.4,5220141.49],[629606.4,5220138.0],[629638.42,5220096.0],[629641.07,5220096.0],[629606.4,5220141.49]]]}},{"type":"Feature","properties":{"vineyard_id":"V15","interrow_cover":"bare_soil","tile":"siret3_r021_c012.tif","area_m2":119.439},"geometry":{"type":"Polygon","coordinates":[[[629606.4,5220137.02],[629606.4,5220132.95],[629634.64,5220096.0],[629637.66,5220096.0],[629606.4,5220137.02]]]}},{"type":"Feature","properties":{"vineyard_id":"V15","interrow_cover":"bare_soil","tile":"siret3_r021_c012.tif","area_m2":101.859},"geometry":{"type":"Polygon","coordinates":[[[629606.4,5220131.96],[629606.4,5220128.03],[629630.9,5220096.0],[629633.88,5220096.0],[629606.4,5220131.96]]]}},{"type":"Feature","properties":{"vineyard_id":"V15","interrow_cover":"bare_soil","tile":"siret3_r021_c012.tif","area_m2":82.217},"geometry":{"type":"Polygon","coordinates":[[[629606.4,5220127.04],[629606.4,5220123.47],[629627.24,5220096.0],[629630.14,5220096.0],[629606.4,5220127.04]]]}},{"type":"Feature","properties":{"vineyard_id":"V15","interrow_cover":"bare_soil","tile":"siret3_r021_c012.tif","area_m2":65.305},"geometry":{"type":"Polygon","coordinates":[[[629606.4,5220122.48],[629606.4,5220118.96],[629623.87,5220096.0],[629626.49,5220096.0],[629606.4,5220122.48]]]}},{"type":"Feature","properties":{"vineyard_id":"V15","interrow_cover":"bare_soil","tile":"siret3_r021_c012.tif","area_m2":54.588},"geometry":{"type":"Polygon","coordinates":[[[629606.4,5220117.98],[629606.4,5220114.18],[629620.6,5220096.0],[629623.12,5220096.0],[629606.4,5220117.98]]]}},{"type":"Feature","properties":{"vineyard_id":"V15","interrow_cover":"bare_soil","tile":"siret3_r021_c012.tif","area_m2":43.454},"geometry":{"type":"Polygon","coordinates":[[[629606.4,5220113.21],[629606.4,5220109.88],[629616.8,5220096.0],[629619.84,5220096.0],[629606.4,5220113.21]]]}},{"type":"Feature","properties":{"vineyard_id":"V15","interrow_cover":"bare_soil","tile":"siret3_r021_c012.tif","area_m2":27.931},"geometry":{"type":"Polygon","coordinates":[[[629606.4,5220108.88],[629606.4,5220105.54],[629613.57,5220096.0],[629616.05,5220096.0],[629606.4,5220108.88]]]}},{"type":"Feature","properties":{"vineyard_id":"V15","interrow_cover":"bare_soil","tile":"siret3_r021_c012.tif","area_m2":17.027},"geometry":{"type":"Polygon","coordinates":[[[629606.4,5220104.55],[629606.4,5220101.15],[629610.45,5220096.0],[629612.82,5220096.0],[629606.4,5220104.55]]]}},{"type":"Feature","properties":{"vineyard_id":"V15","interrow_cover":"bare_soil","tile":"siret3_r021_c013.tif","area_m2":13.838},"geometry":{"type":"Polygon","coordinates":[[[629705.09,5220147.2],[629702.78,5220147.2],[629708.8,5220139.79],[629708.8,5220142.63],[629705.09,5220147.2]]]}},{"type":"Feature","properties":{"vineyard_id":"V15","interrow_cover":"bare_soil","tile":"siret3_r021_c013.tif","area_m2":23.562},"geometry":{"type":"Polygon","coordinates":[[[629702.0,5220147.2],[629699.89,5220147.2],[629708.8,5220135.54],[629708.8,5220138.84],[629702.0,5220147.2]]]}},{"type":"Feature","properties":{"vineyard_id":"V15","interrow_cover":"bare_soil","tile":"siret3_r021_c013.tif","area_m2":34.906},"geometry":{"type":"Polygon","coordinates":[[[629699.13,5220147.2],[629696.66,5220147.2],[629708.8,5220131.37],[629708.8,5220134.55],[629699.13,5220147.2]]]}},{"type":"Feature","properties":{"vineyard_id":"V15","interrow_cover":"bare_soil","tile":"siret3_r021_c013.tif","area_m2":60.569},"geometry":{"type":"Polygon","coordinates":[[[629695.91,5220147.2],[629692.8,5220147.2],[629708.8,5220126.08],[629708.8,5220130.38],[629695.91,5220147.2]]]}},{"type":"Feature","properties":{"vineyard_id":"V15","interrow_cover":"bare_soil","tile":"siret3_r021_c013.tif","area_m2":63.432},"geometry":{"type":"Polygon","coordinates":[[[629692.05,5220147.2],[629689.33,5220147.2],[629708.8,5220121.65],[629708.8,5220125.08],[629692.05,5220147.2]]]}},{"type":"Feature","properties":{"vineyard_id":"V15","interrow_cover":"bare_soil","tile":"siret3_r021_c013.tif","area_m2":76.814},"geometry":{"type":"Polygon","coordinates":[[[629688.58,5220147.2],[629685.85,5220147.2],[629708.8,5220117.12],[629708.8,5220120.66],[629688.58,5220147.2]]]}},{"type":"Feature","properties":{"vineyard_id":"V15","interrow_cover":"bare_soil","tile":"siret3_r021_c013.tif","area_m2":94.193},"geometry":{"type":"Polygon","coordinates":[[[629685.1,5220147.2],[629682.05,5220147.2],[629708.8,5220112.62],[629708.8,5220116.13],[629685.1,5220147.2]]]}},{"type":"Feature","properties":{"vineyard_id":"V15","interrow_cover":"bare_soil","tile":"siret3_r021_c013.tif","area_m2":106.29},"geometry":{"type":"Polygon","coordinates":[[[629681.29,5220147.2],[629678.65,5220147.2],[629708.8,5220107.71],[629708.8,5220111.65],[629681.29,5220147.2]]]}},{"type":"Feature","properties":{"vineyard_id":"V15","interrow_cover":"bare_soil","tile":"siret3_r021_c013.tif","area_m2":120.659},"geometry":{"type":"Polygon","coordinates":[[[629677.9,5220147.2],[629675.04,5220147.2],[629708.8,5220103.0],[629708.8,5220106.72],[629677.9,5220147.2]]]}},{"type":"Feature","properties":{"vineyard_id":"V15","interrow_cover":"bare_soil","tile":"siret3_r021_c013.tif","area_m2":124.847},"geometry":{"type":"Polygon","coordinates":[[[629704.68,5220103.93],[629708.49,5220102.42],[629674.29,5220147.2],[629671.27,5220147.2],[629704.68,5220103.93]]]}},{"type":"Feature","properties":{"vineyard_id":"V15","interrow_cover":"bare_soil","tile":"siret3_r021_c013.tif","area_m2":115.48},"geometry":{"type":"Polygon","coordinates":[[[629703.72,5220104.19],[629670.51,5220147.2],[629668.04,5220147.2],[629701.41,5220103.49],[629703.72,5220104.19]]]}},{"type":"Feature","properties":{"vineyard_id":"V17","interrow_cover":"bare_soil","tile":"siret3_r021_c013.tif","area_m2":5.522},"geometry":{"type":"Polygon","coordinates":[[[629705.21,5220098.5],[629707.07,5220096.07],[629708.7,5220097.75],[629707.64,5220099.11],[629705.21,5220098.5]]]}},{"type":"Feature","properties":{"vineyard_id":"V15","interrow_cover":"bare_soil","tile":"siret3_r021_c013.tif","area_m2":128.932},"geometry":{"type":"Polygon","coordinates":[[[629700.79,5220103.31],[629667.28,5220147.2],[629664.23,5220147.2],[629698.45,5220102.73],[629700.79,5220103.31]]]}},{"type":"Feature","properties":{"vineyard_id":"V17","interrow_cover":"bare_soil","tile":"siret3_r021_c013.tif","area_m2":5.649},"geometry":{"type":"Polygon","coordinates":[[[629703.63,5220096.0],[629706.37,5220096.0],[629704.57,5220098.35],[629702.27,5220097.77],[629703.63,5220096.0]]]}},{"type":"Feature","properties":{"vineyard_id":"V15","interrow_cover":"bare_soil","tile":"siret3_r021_c013.tif","area_m2":114.057},"geometry":{"type":"Polygon","coordinates":[[[629697.83,5220102.54],[629663.47,5220147.2],[629660.95,5220147.2],[629695.86,5220101.8],[629697.83,5220102.54]]]}},{"type":"Feature","properties":{"vineyard_id":"V17","interrow_cover":"bare_soil","tile":"siret3_r021_c013.tif","area_m2":3.426},"geometry":{"type":"Polygon","coordinates":[[[629700.32,5220096.0],[629702.87,5220096.0],[629701.63,5220097.61],[629699.5,5220097.08],[629700.32,5220096.0]]]}},{"type":"Feature","properties":{"vineyard_id":"V15","interrow_cover":"bare_soil","tile":"siret3_r021_c013.tif","area_m2":131.734},"geometry":{"type":"Polygon","coordinates":[[[629695.29,5220101.57],[629660.19,5220147.2],[629659.92,5220147.2],[629657.78,5220146.51],[629693.21,5220100.62],[629695.29,5220101.57]]]}},{"type":"Feature","properties":{"vineyard_id":"V17","interrow_cover":"bare_soil","tile":"siret3_r021_c013.tif","area_m2":1.749},"geometry":{"type":"Polygon","coordinates":[[[629696.78,5220096.0],[629699.57,5220096.0],[629698.86,5220096.92],[629696.52,5220096.33],[629696.78,5220096.0]]]}},{"type":"Feature","properties":{"vineyard_id":"V15","interrow_cover":"bare_soil","tile":"siret3_r021_c013.tif","area_m2":124.152},"geometry":{"type":"Polygon","coordinates":[[[629692.92,5220096.25],[629692.99,5220099.92],[629657.6,5220145.75],[629657.6,5220142.5],[629692.92,5220096.25]]]}},{"type":"Feature","properties":{"vineyard_id":"V15","interrow_cover":"bare_soil","tile":"siret3_r021_c013.tif","area_m2":127.703},"geometry":{"type":"Polygon","coordinates":[[[629657.6,5220141.5],[629657.6,5220137.71],[629689.39,5220096.0],[629692.36,5220096.0],[629657.6,5220141.5]]]}},{"type":"Feature","properties":{"vineyard_id":"V15","interrow_cover":"bare_soil","tile":"siret3_r021_c013.tif","area_m2":101.565},"geometry":{"type":"Polygon","coordinates":[[[629657.6,5220136.73],[629657.6,5220133.22],[629686.1,5220096.0],[629688.64,5220096.0],[629657.6,5220136.73]]]}},{"type":"Feature","properties":{"vineyard_id":"V15","interrow_cover":"bare_soil","tile":"siret3_r021_c013.tif","area_m2":99.618},"geometry":{"type":"Polygon","coordinates":[[[629657.6,5220132.23],[629657.6,5220128.31],[629682.55,5220096.0],[629685.35,5220096.0],[629657.6,5220132.23]]]}},{"type":"Feature","properties":{"vineyard_id":"V15","interrow_cover":"bare_soil","tile":"siret3_r021_c013.tif","area_m2":83.994},"geometry":{"type":"Polygon","coordinates":[[[629657.6,5220127.33],[629657.6,5220123.57],[629679.0,5220096.0],[629681.79,5220096.0],[629657.6,5220127.33]]]}},{"type":"Feature","properties":{"vineyard_id":"V15","interrow_cover":"bare_soil","tile":"siret3_r021_c013.tif","area_m2":68.534},"geometry":{"type":"Polygon","coordinates":[[[629657.6,5220122.59],[629657.6,5220119.14],[629675.39,5220096.0],[629678.24,5220096.0],[629657.6,5220122.59]]]}},{"type":"Feature","properties":{"vineyard_id":"V15","interrow_cover":"bare_soil","tile":"siret3_r021_c013.tif","area_m2":59.368},"geometry":{"type":"Polygon","coordinates":[[[629657.6,5220118.15],[629657.6,5220114.2],[629671.81,5220096.0],[629674.63,5220096.0],[629657.6,5220118.15]]]}},{"type":"Feature","properties":{"vineyard_id":"V15","interrow_cover":"bare_soil","tile":"siret3_r021_c013.tif","area_m2":39.246},"geometry":{"type":"Polygon","coordinates":[[[629657.6,5220113.23],[629657.6,5220110.22],[629668.37,5220096.0],[629671.05,5220096.0],[629657.6,5220113.23]]]}},{"type":"Feature","properties":{"vineyard_id":"V15","interrow_cover":"bare_soil","tile":"siret3_r021_c013.tif","area_m2":8.646},"geometry":{"type":"Polygon","coordinates":[[[629657.6,5220100.96],[629657.6,5220097.46],[629658.69,5220096.0],[629661.41,5220096.0],[629657.6,5220100.96]]]}},{"type":"Feature","properties":{"vineyard_id":"V15","interrow_cover":"bare_soil","tile":"siret3_r021_c014.tif","area_m2":26.998},"geometry":{"type":"Polygon","coordinates":[[[629755.29,5220147.2],[629752.17,5220147.2],[629760.0,5220136.71],[629760.0,5220141.23],[629755.29,5220147.2]]]}},{"type":"Feature","properties":{"vineyard_id":"V15","interrow_cover":"bare_soil","tile":"siret3_r021_c014.tif","area_m2":35.315},"geometry":{"type":"Polygon","coordinates":[[[629751.42,5220147.2],[629748.65,5220147.2],[629760.0,5220132.29],[629760.0,5220135.71],[629751.42,5220147.2]]]}},{"type":"Feature","properties":{"vineyard_id":"V15","interrow_cover":"bare_soil","tile":"siret3_r021_c014.tif","area_m2":46.107},"geometry":{"type":"Polygon","coordinates":[[[629747.9,5220147.2],[629745.21,5220147.2],[629760.0,5220127.96],[629760.0,5220131.3],[629747.9,5220147.2]]]}},{"type":"Feature","properties":{"vineyard_id":"V15","interrow_cover":"bare_soil","tile":"siret3_r021_c014.tif","area_m2":59.073},"geometry":{"type":"Polygon","coordinates":[[[629744.45,5220147.2],[629741.73,5220147.2],[629760.0,5220123.52],[629760.0,5220126.97],[629744.45,5220147.2]]]}},{"type":"Feature","properties":{"vineyard_id":"V15","interrow_cover":"bare_soil","tile":"siret3_r021_c014.tif","area_m2":73.131},"geometry":{"type":"Polygon","coordinates":[[[629740.97,5220147.2],[629738.43,5220147.2],[629760.0,5220118.67],[629760.0,5220122.54],[629740.97,5220147.2]]]}},{"type":"Feature","properties":{"vineyard_id":"V15","interrow_cover":"bare_soil","tile":"siret3_r021_c014.tif","area_m2":83.892},"geometry":{"type":"Polygon","coordinates":[[[629737.68,5220147.2],[629734.75,5220147.2],[629760.0,5220114.45],[629760.0,5220117.68],[629737.68,5220147.2]]]}},{"type":"Feature","properties":{"vineyard_id":"V15","interrow_cover":"bare_soil","tile":"siret3_r021_c014.tif","area_m2":84.655},"geometry":{"type":"Polygon","coordinates":[[[629756.1,5220114.95],[629757.84,5220116.28],[629733.99,5220147.2],[629731.39,5220147.2],[629756.1,5220114.95]]]}},{"type":"Feature","properties":{"vineyard_id":"V15","interrow_cover":"bare_soil","tile":"siret3_r021_c014.tif","area_m2":101.414},"geometry":{"type":"Polygon","coordinates":[[[629753.66,5220113.09],[629755.62,5220114.58],[629730.64,5220147.2],[629727.66,5220147.2],[629753.66,5220113.09]]]}},{"type":"Feature","properties":{"vineyard_id":"V15","interrow_cover":"bare_soil","tile":"siret3_r021_c014.tif","area_m2":92.272},"geometry":{"type":"Polygon","coordinates":[[[629724.34,5220147.2],[629750.23,5220112.86],[629752.63,5220113.45],[629726.91,5220147.2],[629724.34,5220147.2]]]}},{"type":"Feature","properties":{"vineyard_id":"V15","interrow_cover":"bare_soil","tile":"siret3_r021_c014.tif","area_m2":95.682},"geometry":{"type":"Polygon","coordinates":[[[629720.65,5220147.2],[629747.44,5220112.16],[629749.6,5220112.7],[629723.59,5220147.2],[629720.65,5220147.2]]]}},{"type":"Feature","properties":{"vineyard_id":"V16","interrow_cover":"bare_soil","tile":"siret3_r021_c014.tif","area_m2":30.886},"geometry":{"type":"Polygon","coordinates":[[[629759.8,5220096.0],[629759.96,5220096.0],[629760.0,5220096.03],[629760.0,5220098.9],[629751.56,5220110.09],[629749.43,5220109.56],[629759.8,5220096.0]]]}},{"type":"Feature","properties":{"vineyard_id":"V15","interrow_cover":"mixed","tile":"siret3_r021_c014.tif","area_m2":102.311},"geometry":{"type":"Polygon","coordinates":[[[629717.0,5220147.2],[629744.4,5220111.4],[629746.81,5220112.0],[629719.89,5220147.2],[629717.0,5220147.2]]]}},{"type":"Feature","properties":{"vineyard_id":"V15","interrow_cover":"mixed","tile":"siret3_r021_c014.tif","area_m2":91.0},"geometry":{"type":"Polygon","coordinates":[[[629743.73,5220111.28],[629716.24,5220147.2],[629713.63,5220147.2],[629739.17,5220113.8],[629743.73,5220111.28]]]}},{"type":"Feature","properties":{"vineyard_id":"V15","interrow_cover":"mixed","tile":"siret3_r021_c014.tif","area_m2":86.299},"geometry":{"type":"Polygon","coordinates":[[[629738.04,5220114.29],[629712.87,5220147.2],[629710.31,5220147.2],[629735.84,5220113.71],[629738.04,5220114.29]]]}},{"type":"Feature","properties":{"vineyard_id":"V15","interrow_cover":"mixed","tile":"siret3_r021_c014.tif","area_m2":108.719},"geometry":{"type":"Polygon","coordinates":[[[629732.45,5220112.91],[629735.21,5220113.55],[629709.68,5220147.04],[629708.8,5220143.86],[629708.8,5220143.6],[629732.45,5220112.91]]]}},{"type":"Feature","properties":{"vineyard_id":"V15","interrow_cover":"mixed","tile":"siret3_r021_c014.tif","area_m2":71.491},"geometry":{"type":"Polygon","coordinates":[[[629731.81,5220112.75],[629708.8,5220142.62],[629708.8,5220139.42],[629729.7,5220112.18],[629731.81,5220112.75]]]}},{"type":"Feature","properties":{"vineyard_id":"V15","interrow_cover":"mixed","tile":"siret3_r021_c014.tif","area_m2":55.035},"geometry":{"type":"Polygon","coordinates":[[[629729.07,5220112.02],[629708.8,5220138.44],[629708.8,5220135.71],[629727.16,5220111.55],[629729.07,5220112.02]]]}},{"type":"Feature","properties":{"vineyard_id":"V15","interrow_cover":"mixed","tile":"siret3_r021_c014.tif","area_m2":54.602},"geometry":{"type":"Polygon","coordinates":[[[629726.52,5220111.4],[629708.8,5220134.72],[629708.8,5220131.38],[629724.44,5220110.92],[629726.52,5220111.4]]]}},{"type":"Feature","properties":{"vineyard_id":"V15","interrow_cover":"bare_soil","tile":"siret3_r021_c014.tif","area_m2":42.876},"geometry":{"type":"Polygon","coordinates":[[[629723.8,5220110.77],[629708.8,5220130.39],[629708.8,5220127.36],[629721.86,5220110.24],[629723.8,5220110.77]]]}},{"type":"Feature","properties":{"vineyard_id":"V15","interrow_cover":"bare_soil","tile":"siret3_r021_c014.tif","area_m2":47.039},"geometry":{"type":"Polygon","coordinates":[[[629717.98,5220109.82],[629720.16,5220111.48],[629708.8,5220126.37],[629708.8,5220121.7],[629717.98,5220109.82]]]}},{"type":"Feature","properties":{"vineyard_id":"V15","interrow_cover":"bare_soil","tile":"siret3_r021_c014.tif","area_m2":29.234},"geometry":{"type":"Polygon","coordinates":[[[629715.67,5220108.05],[629717.5,5220109.45],[629708.8,5220120.72],[629708.8,5220116.99],[629715.67,5220108.05]]]}},{"type":"Feature","properties":{"vineyard_id":"V15","interrow_cover":"bare_soil","tile":"siret3_r021_c014.tif","area_m2":18.363},"geometry":{"type":"Polygon","coordinates":[[[629715.01,5220107.93],[629708.8,5220116.0],[629708.8,5220112.57],[629713.19,5220106.81],[629715.01,5220107.93]]]}},{"type":"Feature","properties":{"vineyard_id":"V17","interrow_cover":"bare_soil","tile":"siret3_r021_c014.tif","area_m2":15.883},"geometry":{"type":"Polygon","coordinates":[[[629721.42,5220096.0],[629724.19,5220096.0],[629719.51,5220102.08],[629717.23,5220101.51],[629721.42,5220096.0]]]}},{"type":"Feature","properties":{"vineyard_id":"V15","interrow_cover":"bare_soil","tile":"siret3_r021_c014.tif","area_m2":12.925},"geometry":{"type":"Polygon","coordinates":[[[629714.32,5220103.88],[629713.84,5220104.96],[629708.8,5220111.58],[629708.8,5220111.47],[629711.0,5220105.01],[629712.27,5220103.36],[629714.32,5220103.88]]]}},{"type":"Feature","properties":{"vineyard_id":"V17","interrow_cover":"bare_soil","tile":"siret3_r021_c014.tif","area_m2":13.884},"geometry":{"type":"Polygon","coordinates":[[[629717.95,5220096.0],[629720.67,5220096.0],[629716.59,5220101.35],[629714.27,5220100.77],[629717.95,5220096.0]]]}},{"type":"Feature","properties":{"vineyard_id":"V15","interrow_cover":"bare_soil","tile":"siret3_r021_c014.tif","area_m2":6.178},"geometry":{"type":"Polygon","coordinates":[[[629708.8,5220102.84],[629709.02,5220102.55],[629711.64,5220103.21],[629708.8,5220106.88],[629708.8,5220102.84]]]}},{"type":"Feature","properties":{"vineyard_id":"V17","interrow_cover":"bare_soil","tile":"siret3_r021_c014.tif","area_m2":13.332},"geometry":{"type":"Polygon","coordinates":[[[629714.08,5220096.0],[629717.19,5220096.0],[629713.64,5220100.61],[629711.03,5220099.96],[629714.08,5220096.0]]]}},{"type":"Feature","properties":{"vineyard_id":"V17","interrow_cover":"bare_soil","tile":"siret3_r021_c014.tif","area_m2":10.957},"geometry":{"type":"Polygon","coordinates":[[[629708.8,5220101.86],[629708.8,5220098.38],[629710.73,5220096.0],[629713.33,5220096.0],[629708.8,5220101.86]]]}},{"type":"Feature","properties":{"vineyard_id":"V15","interrow_cover":"bare_soil","tile":"siret3_r022_c012.tif","area_m2":13.643},"geometry":{"type":"Polygon","coordinates":[[[629654.47,5220096.0],[629652.22,5220096.0],[629657.6,5220088.53],[629657.6,5220091.88],[629654.47,5220096.0]]]}},{"type":"Feature","properties":{"vineyard_id":"V15","interrow_cover":"bare_soil","tile":"siret3_r022_c012.tif","area_m2":19.662},"geometry":{"type":"Polygon","coordinates":[[[629648.35,5220096.0],[629654.11,5220088.82],[629656.26,5220089.36],[629651.48,5220096.0],[629648.35,5220096.0]]]}},{"type":"Feature","properties":{"vineyard_id":"V15","interrow_cover":"bare_soil","tile":"siret3_r022_c012.tif","area_m2":20.187},"geometry":{"type":"Polygon","coordinates":[[[629645.09,5220096.0],[629651.12,5220088.08],[629653.47,5220088.66],[629647.59,5220096.0],[629645.09,5220096.0]]]}},{"type":"Feature","properties":{"vineyard_id":"V17","interrow_cover":"bare_soil","tile":"siret3_r022_c012.tif","area_m2":12.609},"geometry":{"type":"Polygon","coordinates":[[[629657.6,5220079.57],[629657.6,5220083.5],[629655.53,5220086.09],[629653.1,5220085.48],[629657.6,5220079.57]]]}},{"type":"Feature","properties":{"vineyard_id":"V15","interrow_cover":"bare_soil","tile":"siret3_r022_c012.tif","area_m2":23.116},"geometry":{"type":"Polygon","coordinates":[[[629641.59,5220096.0],[629648.16,5220087.34],[629650.49,5220087.92],[629644.34,5220096.0],[629641.59,5220096.0]]]}},{"type":"Feature","properties":{"vineyard_id":"V17","interrow_cover":"bare_soil","tile":"siret3_r022_c012.tif","area_m2":23.114},"geometry":{"type":"Polygon","coordinates":[[[629657.6,5220074.9],[629657.6,5220078.58],[629652.47,5220085.32],[629650.14,5220084.74],[629657.6,5220074.9]]]}},{"type":"Feature","properties":{"vineyard_id":"V15","interrow_cover":"bare_soil","tile":"siret3_r022_c012.tif","area_m2":25.152},"geometry":{"type":"Polygon","coordinates":[[[629638.09,5220096.0],[629645.2,5220086.59],[629647.53,5220087.18],[629640.84,5220096.0],[629638.09,5220096.0]]]}},{"type":"Feature","properties":{"vineyard_id":"V17","interrow_cover":"bare_soil","tile":"siret3_r022_c012.tif","area_m2":31.96},"geometry":{"type":"Polygon","coordinates":[[[629650.09,5220083.8],[629647.84,5220083.1],[629657.6,5220070.18],[629657.6,5220073.91],[629650.09,5220083.8]]]}},{"type":"Feature","properties":{"vineyard_id":"V15","interrow_cover":"bare_soil","tile":"siret3_r022_c012.tif","area_m2":27.009},"geometry":{"type":"Polygon","coordinates":[[[629634.6,5220096.0],[629642.25,5220085.86],[629644.57,5220086.44],[629637.34,5220096.0],[629634.6,5220096.0]]]}},{"type":"Feature","properties":{"vineyard_id":"V17","interrow_cover":"bare_soil","tile":"siret3_r022_c012.tif","area_m2":42.603},"geometry":{"type":"Polygon","coordinates":[[[629647.2,5220082.95],[629644.78,5220082.5],[629657.6,5220065.5],[629657.6,5220069.19],[629647.2,5220082.95]]]}},{"type":"Feature","properties":{"vineyard_id":"V15","interrow_cover":"bare_soil","tile":"siret3_r022_c012.tif","area_m2":28.939},"geometry":{"type":"Polygon","coordinates":[[[629631.11,5220096.0],[629639.33,5220085.13],[629641.62,5220085.7],[629633.85,5220096.0],[629631.11,5220096.0]]]}},{"type":"Feature","properties":{"vineyard_id":"V17","interrow_cover":"bare_soil","tile":"siret3_r022_c012.tif","area_m2":51.25},"geometry":{"type":"Polygon","coordinates":[[[629644.2,5220082.28],[629642.28,5220081.23],[629657.6,5220060.96],[629657.6,5220064.5],[629644.2,5220082.28]]]}},{"type":"Feature","properties":{"vineyard_id":"V15","interrow_cover":"bare_soil","tile":"siret3_r022_c012.tif","area_m2":32.944},"geometry":{"type":"Polygon","coordinates":[[[629627.42,5220096.0],[629636.28,5220084.37],[629638.7,5220084.97],[629630.36,5220096.0],[629627.42,5220096.0]]]}},{"type":"Feature","properties":{"vineyard_id":"V17","interrow_cover":"bare_soil","tile":"siret3_r022_c012.tif","area_m2":63.076},"geometry":{"type":"Polygon","coordinates":[[[629641.7,5220081.0],[629639.34,5220080.34],[629657.6,5220056.35],[629657.6,5220059.97],[629641.7,5220081.0]]]}},{"type":"Feature","properties":{"vineyard_id":"V15","interrow_cover":"bare_soil","tile":"siret3_r022_c012.tif","area_m2":32.488},"geometry":{"type":"Polygon","coordinates":[[[629623.96,5220096.0],[629633.4,5220083.64],[629635.64,5220084.21],[629626.67,5220096.0],[629623.96,5220096.0]]]}},{"type":"Feature","properties":{"vineyard_id":"V17","interrow_cover":"bare_soil","tile":"siret3_r022_c012.tif","area_m2":68.579},"geometry":{"type":"Polygon","coordinates":[[[629638.71,5220080.17],[629636.52,5220079.57],[629657.6,5220051.98],[629657.6,5220055.36],[629638.71,5220080.17]]]}},{"type":"Feature","properties":{"vineyard_id":"V15","interrow_cover":"bare_soil","tile":"siret3_r022_c012.tif","area_m2":34.095},"geometry":{"type":"Polygon","coordinates":[[[629620.59,5220096.0],[629630.48,5220082.92],[629632.77,5220083.49],[629623.2,5220096.0],[629620.59,5220096.0]]]}},{"type":"Feature","properties":{"vineyard_id":"V17","interrow_cover":"bare_soil","tile":"siret3_r022_c012.tif","area_m2":82.75},"geometry":{"type":"Polygon","coordinates":[[[629636.07,5220079.17],[629635.17,5220076.73],[629657.6,5220047.08],[629657.6,5220050.99],[629636.07,5220079.17]]]}},{"type":"Feature","properties":{"vineyard_id":"V15","interrow_cover":"bare_soil","tile":"siret3_r022_c012.tif","area_m2":37.915},"geometry":{"type":"Polygon","coordinates":[[[629617.01,5220096.0],[629627.52,5220082.17],[629629.85,5220082.76],[629619.84,5220096.0],[629617.01,5220096.0]]]}},{"type":"Feature","properties":{"vineyard_id":"V17","interrow_cover":"bare_soil","tile":"siret3_r022_c012.tif","area_m2":85.603},"geometry":{"type":"Polygon","coordinates":[[[629630.96,5220077.65],[629655.87,5220044.86],[629657.46,5220046.26],[629634.5,5220076.62],[629630.96,5220077.65]]]}},{"type":"Feature","properties":{"vineyard_id":"V15","interrow_cover":"bare_soil","tile":"siret3_r022_c012.tif","area_m2":38.115},"geometry":{"type":"Polygon","coordinates":[[[629613.55,5220096.0],[629624.67,5220081.46],[629626.88,5220082.02],[629616.26,5220096.0],[629613.55,5220096.0]]]}},{"type":"Feature","properties":{"vineyard_id":"V17","interrow_cover":"bare_soil","tile":"siret3_r022_c012.tif","area_m2":81.401},"geometry":{"type":"Polygon","coordinates":[[[629630.29,5220077.54],[629628.44,5220076.53],[629652.72,5220044.8],[629655.16,5220044.8],[629630.29,5220077.54]]]}},{"type":"Feature","properties":{"vineyard_id":"V15","interrow_cover":"bare_soil","tile":"siret3_r022_c012.tif","area_m2":36.894},"geometry":{"type":"Polygon","coordinates":[[[629610.69,5220096.0],[629616.2,5220088.22],[629622.03,5220080.54],[629624.07,5220081.26],[629612.79,5220096.0],[629610.69,5220096.0]]]}},{"type":"Feature","properties":{"vineyard_id":"V17","interrow_cover":"bare_soil","tile":"siret3_r022_c012.tif","area_m2":83.536},"geometry":{"type":"Polygon","coordinates":[[[629627.86,5220076.3],[629625.76,5220075.64],[629649.21,5220044.8],[629651.96,5220044.8],[629627.86,5220076.3]]]}},{"type":"Feature","properties":{"vineyard_id":"V17","interrow_cover":"bare_soil","tile":"siret3_r022_c013.tif","area_m2":14.456},"geometry":{"type":"Polygon","coordinates":[[[629706.35,5220096.0],[629703.5,5220096.0],[629708.8,5220089.06],[629708.8,5220092.79],[629706.35,5220096.0]]]}},{"type":"Feature","properties":{"vineyard_id":"V17","interrow_cover":"bare_soil","tile":"siret3_r022_c013.tif","area_m2":26.537},"geometry":{"type":"Polygon","coordinates":[[[629702.75,5220096.0],[629700.12,5220096.0],[629708.8,5220084.35],[629708.8,5220088.07],[629702.75,5220096.0]]]}},{"type":"Feature","properties":{"vineyard_id":"V17","interrow_cover":"bare_soil","tile":"siret3_r022_c013.tif","area_m2":35.374},"geometry":{"type":"Polygon","coordinates":[[[629699.37,5220096.0],[629696.66,5220096.0],[629708.8,5220080.35],[629708.8,5220083.35],[629699.37,5220096.0]]]}},{"type":"Feature","properties":{"vineyard_id":"V17","interrow_cover":"bare_soil","tile":"siret3_r022_c013.tif","area_m2":53.741},"geometry":{"type":"Polygon","coordinates":[[[629695.9,5220096.0],[629693.02,5220096.0],[629708.8,5220075.59],[629708.8,5220079.37],[629695.9,5220096.0]]]}},{"type":"Feature","properties":{"vineyard_id":"V17","interrow_cover":"bare_soil","tile":"siret3_r022_c013.tif","area_m2":62.736},"geometry":{"type":"Polygon","coordinates":[[[629692.27,5220096.0],[629689.7,5220096.0],[629708.8,5220070.91],[629708.8,5220074.61],[629692.27,5220096.0]]]}},{"type":"Feature","properties":{"vineyard_id":"V17","interrow_cover":"bare_soil","tile":"siret3_r022_c013.tif","area_m2":76.399},"geometry":{"type":"Polygon","coordinates":[[[629688.95,5220096.0],[629686.15,5220096.0],[629708.8,5220066.39],[629708.8,5220069.92],[629688.95,5220096.0]]]}},{"type":"Feature","properties":{"vineyard_id":"V17","interrow_cover":"bare_soil","tile":"siret3_r022_c013.tif","area_m2":85.022},"geometry":{"type":"Polygon","coordinates":[[[629708.8,5220065.41],[629685.49,5220095.88],[629684.45,5220093.79],[629708.8,5220061.72],[629708.8,5220065.41]]]}},{"type":"Feature","properties":{"vineyard_id":"V17","interrow_cover":"bare_soil","tile":"siret3_r022_c013.tif","area_m2":98.264},"geometry":{"type":"Polygon","coordinates":[[[629708.8,5220057.03],[629708.8,5220060.73],[629684.12,5220093.23],[629681.64,5220092.61],[629708.8,5220057.03]]]}},{"type":"Feature","properties":{"vineyard_id":"V17","interrow_cover":"bare_soil","tile":"siret3_r022_c013.tif","area_m2":112.318},"geometry":{"type":"Polygon","coordinates":[[[629679.8,5220094.03],[629678.05,5220092.69],[629708.8,5220052.17],[629708.8,5220056.04],[629679.8,5220094.03]]]}},{"type":"Feature","properties":{"vineyard_id":"V17","interrow_cover":"bare_soil","tile":"siret3_r022_c013.tif","area_m2":114.693},"geometry":{"type":"Polygon","coordinates":[[[629677.57,5220092.33],[629675.88,5220091.04],[629708.8,5220047.54],[629708.8,5220051.17],[629677.57,5220092.33]]]}},{"type":"Feature","properties":{"vineyard_id":"V15","interrow_cover":"bare_soil","tile":"siret3_r022_c013.tif","area_m2":8.376},"geometry":{"type":"Polygon","coordinates":[[[629672.65,5220094.31],[629671.37,5220096.0],[629667.36,5220096.0],[629669.25,5220093.51],[629672.65,5220094.31]]]}},{"type":"Feature","properties":{"vineyard_id":"V17","interrow_cover":"bare_soil","tile":"siret3_r022_c013.tif","area_m2":174.476},"geometry":{"type":"Polygon","coordinates":[[[629672.7,5220090.38],[629672.06,5220089.83],[629706.28,5220044.85],[629708.67,5220046.71],[629675.16,5220091.0],[629672.7,5220090.38]]]}},{"type":"Feature","properties":{"vineyard_id":"V17","interrow_cover":"bare_soil","tile":"siret3_r022_c013.tif","area_m2":157.849},"geometry":{"type":"Polygon","coordinates":[[[629698.31,5220054.34],[629671.17,5220090.0],[629667.42,5220089.06],[629695.63,5220052.29],[629698.31,5220054.34]]]}},{"type":"Feature","properties":{"vineyard_id":"V15","interrow_cover":"bare_soil","tile":"siret3_r022_c013.tif","area_m2":15.549},"geometry":{"type":"Polygon","coordinates":[[[629665.35,5220091.76],[629668.65,5220093.32],[629666.61,5220096.0],[629662.1,5220096.0],[629665.35,5220091.76]]]}},{"type":"Feature","properties":{"vineyard_id":"V17","interrow_cover":"bare_soil","tile":"siret3_r022_c013.tif","area_m2":102.894},"geometry":{"type":"Polygon","coordinates":[[[629695.15,5220051.92],[629666.79,5220088.9],[629664.47,5220088.32],[629693.42,5220050.6],[629695.15,5220051.92]]]}},{"type":"Feature","properties":{"vineyard_id":"V15","interrow_cover":"bare_soil","tile":"siret3_r022_c013.tif","area_m2":13.264},"geometry":{"type":"Polygon","coordinates":[[[629661.34,5220096.0],[629658.58,5220096.0],[629662.48,5220090.92],[629664.8,5220091.5],[629661.34,5220096.0]]]}},{"type":"Feature","properties":{"vineyard_id":"V15","interrow_cover":"bare_soil","tile":"siret3_r022_c013.tif","area_m2":10.131},"geometry":{"type":"Polygon","coordinates":[[[629657.6,5220096.0],[629657.6,5220093.13],[629659.82,5220090.25],[629661.84,5220090.76],[629657.82,5220096.0],[629657.6,5220096.0]]]}},{"type":"Feature","properties":{"vineyard_id":"V17","interrow_cover":"bare_soil","tile":"siret3_r022_c013.tif","area_m2":100.436},"geometry":{"type":"Polygon","coordinates":[[[629694.4,5220045.29],[629696.39,5220045.74],[629663.83,5220088.16],[629661.81,5220087.66],[629694.4,5220045.29]]]}},{"type":"Feature","properties":{"vineyard_id":"V17","interrow_cover":"bare_soil","tile":"siret3_r022_c013.tif","area_m2":101.345},"geometry":{"type":"Polygon","coordinates":[[[629689.04,5220051.28],[629661.18,5220087.5],[629658.86,5220086.92],[629687.3,5220049.95],[629689.04,5220051.28]]]}},{"type":"Feature","properties":{"vineyard_id":"V17","interrow_cover":"bare_soil","tile":"siret3_r022_c013.tif","area_m2":96.734},"geometry":{"type":"Polygon","coordinates":[[[629683.7,5220049.83],[629685.54,5220051.25],[629657.6,5220087.57],[629657.6,5220084.22],[629683.7,5220049.83]]]}},{"type":"Feature","properties":{"vineyard_id":"V17","interrow_cover":"bare_soil","tile":"siret3_r022_c013.tif","area_m2":92.264},"geometry":{"type":"Polygon","coordinates":[[[629681.51,5220048.16],[629683.22,5220049.47],[629657.6,5220083.23],[629657.6,5220079.33],[629681.51,5220048.16]]]}},{"type":"Feature","properties":{"vineyard_id":"V17","interrow_cover":"bare_soil","tile":"siret3_r022_c013.tif","area_m2":83.156},"geometry":{"type":"Polygon","coordinates":[[[629657.6,5220078.34],[629657.6,5220074.89],[629680.76,5220044.8],[629683.33,5220044.8],[629657.6,5220078.34]]]}},{"type":"Feature","properties":{"vineyard_id":"V17","interrow_cover":"bare_soil","tile":"siret3_r022_c013.tif","area_m2":78.065},"geometry":{"type":"Polygon","coordinates":[[[629657.6,5220073.91],[629657.6,5220070.22],[629677.11,5220044.8],[629680.0,5220044.8],[629657.6,5220073.91]]]}},{"type":"Feature","properties":{"vineyard_id":"V17","interrow_cover":"bare_soil","tile":"siret3_r022_c013.tif","area_m2":62.253},"geometry":{"type":"Polygon","coordinates":[[[629657.6,5220069.23],[629657.6,5220065.56],[629673.67,5220044.8],[629676.35,5220044.8],[629657.6,5220069.23]]]}},{"type":"Feature","properties":{"vineyard_id":"V17","interrow_cover":"bare_soil","tile":"siret3_r022_c013.tif","area_m2":51.96},"geometry":{"type":"Polygon","coordinates":[[[629657.6,5220064.58],[629657.6,5220061.12],[629669.8,5220044.8],[629672.91,5220044.8],[629657.6,5220064.58]]]}},{"type":"Feature","properties":{"vineyard_id":"V17","interrow_cover":"bare_soil","tile":"siret3_r022_c013.tif","area_m2":36.424},"geometry":{"type":"Polygon","coordinates":[[[629657.6,5220060.11],[629657.6,5220056.53],[629666.33,5220044.8],[629669.05,5220044.8],[629657.6,5220060.11]]]}},{"type":"Feature","properties":{"vineyard_id":"V17","interrow_cover":"bare_soil","tile":"siret3_r022_c013.tif","area_m2":24.205},"geometry":{"type":"Polygon","coordinates":[[[629657.6,5220055.53],[629657.6,5220051.99],[629662.77,5220044.8],[629665.58,5220044.8],[629657.6,5220055.53]]]}},{"type":"Feature","properties":{"vineyard_id":"V17","interrow_cover":"bare_soil","tile":"siret3_r022_c013.tif","area_m2":11.916},"geometry":{"type":"Polygon","coordinates":[[[629657.6,5220050.96],[629657.6,5220046.94],[629659.24,5220044.8],[629662.03,5220044.8],[629657.6,5220050.96]]]}},{"type":"Feature","properties":{"vineyard_id":"V17","interrow_cover":"bare_soil","tile":"siret3_r022_c014.tif","area_m2":194.681},"geometry":{"type":"Polygon","coordinates":[[[629729.28,5220096.0],[629724.72,5220096.0],[629760.0,5220049.96],[629760.0,5220055.8],[629729.28,5220096.0]]]}},{"type":"Feature","properties":{"vineyard_id":"V17","interrow_cover":"bare_soil","tile":"siret3_r022_c014.tif","area_m2":120.508},"geometry":{"type":"Polygon","coordinates":[[[629723.97,5220096.0],[629721.53,5220096.0],[629760.0,5220045.68],[629760.0,5220048.97],[629723.97,5220096.0]]]}},{"type":"Feature","properties":{"vineyard_id":"V17","interrow_cover":"bare_soil","tile":"siret3_r022_c014.tif","area_m2":149.504},"geometry":{"type":"Polygon","coordinates":[[[629720.77,5220096.0],[629717.84,5220096.0],[629757.02,5220044.8],[629759.92,5220044.8],[629720.77,5220096.0]]]}},{"type":"Feature","properties":{"vineyard_id":"V17","interrow_cover":"bare_soil","tile":"siret3_r022_c014.tif","area_m2":148.672},"geometry":{"type":"Polygon","coordinates":[[[629717.08,5220096.0],[629714.11,5220096.0],[629753.43,5220044.8],[629756.26,5220044.8],[629717.08,5220096.0]]]}},{"type":"Feature","properties":{"vineyard_id":"V17","interrow_cover":"bare_soil","tile":"siret3_r022_c014.tif","area_m2":132.864},"geometry":{"type":"Polygon","coordinates":[[[629713.36,5220096.0],[629710.74,5220096.0],[629750.09,5220044.8],[629752.67,5220044.8],[629713.36,5220096.0]]]}},{"type":"Feature","properties":{"vineyard_id":"V17","interrow_cover":"bare_soil","tile":"siret3_r022_c014.tif","area_m2":156.005},"geometry":{"type":"Polygon","coordinates":[[[629749.33,5220044.8],[629710.08,5220095.89],[629708.83,5220093.65],[629746.05,5220044.8],[629749.33,5220044.8]]]}},{"type":"Feature","properties":{"vineyard_id":"V17","interrow_cover":"bare_soil","tile":"siret3_r022_c014.tif","area_m2":118.695},"geometry":{"type":"Polygon","coordinates":[[[629708.8,5220092.69],[629708.8,5220089.28],[629742.76,5220044.8],[629745.3,5220044.8],[629708.8,5220092.69]]]}},{"type":"Feature","properties":{"vineyard_id":"V17","interrow_cover":"bare_soil","tile":"siret3_r022_c014.tif","area_m2":117.947},"geometry":{"type":"Polygon","coordinates":[[[629708.8,5220088.29],[629708.8,5220084.58],[629739.17,5220044.8],[629742.01,5220044.8],[629708.8,5220088.29]]]}},{"type":"Feature","properties":{"vineyard_id":"V17","interrow_cover":"bare_soil","tile":"siret3_r022_c014.tif","area_m2":91.188},"geometry":{"type":"Polygon","coordinates":[[[629708.8,5220083.59],[629708.8,5220080.52],[629735.86,5220044.8],[629738.42,5220044.8],[629708.8,5220083.59]]]}},{"type":"Feature","properties":{"vineyard_id":"V17","interrow_cover":"bare_soil","tile":"siret3_r022_c014.tif","area_m2":104.542},"geometry":{"type":"Polygon","coordinates":[[[629708.8,5220079.53],[629708.8,5220075.34],[629731.87,5220044.8],[629735.11,5220044.8],[629708.8,5220079.53]]]}},{"type":"Feature","properties":{"vineyard_id":"V17","interrow_cover":"bare_soil","tile":"siret3_r022_c014.tif","area_m2":71.186},"geometry":{"type":"Polygon","coordinates":[[[629708.8,5220074.34],[629708.8,5220070.91],[629728.6,5220044.8],[629731.11,5220044.8],[629708.8,5220074.34]]]}},{"type":"Feature","properties":{"vineyard_id":"V17","interrow_cover":"bare_soil","tile":"siret3_r022_c014.tif","area_m2":61.175},"geometry":{"type":"Polygon","coordinates":[[[629708.8,5220069.91],[629708.8,5220066.47],[629725.22,5220044.8],[629727.85,5220044.8],[629708.8,5220069.91]]]}},{"type":"Feature","properties":{"vineyard_id":"V17","interrow_cover":"bare_soil","tile":"siret3_r022_c014.tif","area_m2":51.397},"geometry":{"type":"Polygon","coordinates":[[[629708.8,5220065.48],[629708.8,5220061.84],[629721.78,5220044.8],[629724.47,5220044.8],[629708.8,5220065.48]]]}},{"type":"Feature","properties":{"vineyard_id":"V17","interrow_cover":"bare_soil","tile":"siret3_r022_c014.tif","area_m2":41.115},"geometry":{"type":"Polygon","coordinates":[[[629708.8,5220060.85],[629708.8,5220057.12],[629718.06,5220044.8],[629721.03,5220044.8],[629708.8,5220060.85]]]}},{"type":"Feature","properties":{"vineyard_id":"V17","interrow_cover":"bare_soil","tile":"siret3_r022_c014.tif","area_m2":27.993},"geometry":{"type":"Polygon","coordinates":[[[629708.8,5220056.12],[629708.8,5220052.07],[629714.34,5220044.8],[629717.31,5220044.8],[629708.8,5220056.12]]]}},{"type":"Feature","properties":{"vineyard_id":"V17","interrow_cover":"bare_soil","tile":"siret3_r022_c014.tif","area_m2":12.128},"geometry":{"type":"Polygon","coordinates":[[[629708.8,5220051.08],[629708.8,5220047.55],[629710.91,5220044.8],[629713.59,5220044.8],[629708.8,5220051.08]]]}},{"type":"Feature","properties":{"vineyard_id":"V17","interrow_cover":"bare_soil","tile":"siret3_r023_c014.tif","area_m2":20.65},"geometry":{"type":"Polygon","coordinates":[[[629756.1,5220044.8],[629753.16,5220044.8],[629760.0,5220035.99],[629760.0,5220039.92],[629756.1,5220044.8]]]}},{"type":"Feature","properties":{"vineyard_id":"V17","interrow_cover":"bare_soil","tile":"siret3_r023_c014.tif","area_m2":30.368},"geometry":{"type":"Polygon","coordinates":[[[629752.4,5220044.8],[629749.85,5220044.8],[629760.0,5220031.49],[629760.0,5220035.01],[629752.4,5220044.8]]]}},{"type":"Feature","properties":{"vineyard_id":"V17","interrow_cover":"bare_soil","tile":"siret3_r023_c014.tif","area_m2":51.824},"geometry":{"type":"Polygon","coordinates":[[[629749.09,5220044.8],[629746.0,5220044.8],[629760.0,5220026.25],[629760.0,5220030.5],[629749.09,5220044.8]]]}},{"type":"Feature","properties":{"vineyard_id":"V17","interrow_cover":"bare_soil","tile":"siret3_r023_c014.tif","area_m2":57.392},"geometry":{"type":"Polygon","coordinates":[[[629745.25,5220044.8],[629742.65,5220044.8],[629760.0,5220021.57],[629760.0,5220025.25],[629745.25,5220044.8]]]}},{"type":"Feature","properties":{"vineyard_id":"V17","interrow_cover":"bare_soil","tile":"siret3_r023_c014.tif","area_m2":68.259},"geometry":{"type":"Polygon","coordinates":[[[629741.9,5220044.8],[629739.11,5220044.8],[629760.0,5220017.27],[629760.0,5220020.57],[629741.9,5220044.8]]]}},{"type":"Feature","properties":{"vineyard_id":"V17","interrow_cover":"bare_soil","tile":"siret3_r023_c014.tif","area_m2":72.645},"geometry":{"type":"Polygon","coordinates":[[[629756.82,5220016.8],[629758.59,5220018.14],[629738.35,5220044.8],[629735.82,5220044.8],[629756.82,5220016.8]]]}},{"type":"Feature","properties":{"vineyard_id":"V17","interrow_cover":"bare_soil","tile":"siret3_r023_c014.tif","area_m2":87.629},"geometry":{"type":"Polygon","coordinates":[[[629754.48,5220015.03],[629756.34,5220016.44],[629735.07,5220044.8],[629731.96,5220044.8],[629754.48,5220015.03]]]}},{"type":"Feature","properties":{"vineyard_id":"V17","interrow_cover":"bare_soil","tile":"siret3_r023_c014.tif","area_m2":76.185},"geometry":{"type":"Polygon","coordinates":[[[629728.75,5220044.8],[629752.17,5220013.79],[629754.23,5220014.37],[629731.21,5220044.8],[629728.75,5220044.8]]]}},{"type":"Feature","properties":{"vineyard_id":"V17","interrow_cover":"bare_soil","tile":"siret3_r023_c014.tif","area_m2":89.159},"geometry":{"type":"Polygon","coordinates":[[[629751.09,5220014.22],[629727.99,5220044.8],[629725.11,5220044.8],[629748.69,5220013.58],[629751.09,5220014.22]]]}},{"type":"Feature","properties":{"vineyard_id":"V17","interrow_cover":"mixed","tile":"siret3_r023_c014.tif","area_m2":89.335},"geometry":{"type":"Polygon","coordinates":[[[629721.59,5220044.8],[629746.27,5220012.14],[629748.54,5220012.78],[629724.36,5220044.8],[629721.59,5220044.8]]]}},{"type":"Feature","properties":{"vineyard_id":"V17","interrow_cover":"mixed","tile":"siret3_r023_c014.tif","area_m2":89.513},"geometry":{"type":"Polygon","coordinates":[[[629745.4,5220012.29],[629720.84,5220044.8],[629718.1,5220044.8],[629742.59,5220012.34],[629745.4,5220012.29]]]}},{"type":"Feature","properties":{"vineyard_id":"V17","interrow_cover":"mixed","tile":"siret3_r023_c014.tif","area_m2":99.322},"geometry":{"type":"Polygon","coordinates":[[[629741.91,5220012.24],[629717.35,5220044.8],[629714.34,5220044.8],[629739.79,5220011.11],[629741.91,5220012.24]]]}},{"type":"Feature","properties":{"vineyard_id":"V17","interrow_cover":"bare_soil","tile":"siret3_r023_c014.tif","area_m2":93.571},"geometry":{"type":"Polygon","coordinates":[[[629710.93,5220044.8],[629737.24,5220009.89],[629737.44,5220009.68],[629739.65,5220010.29],[629713.58,5220044.8],[629710.93,5220044.8]]]}},{"type":"Feature","properties":{"vineyard_id":"V17","interrow_cover":"bare_soil","tile":"siret3_r023_c014.tif","area_m2":67.119},"geometry":{"type":"Polygon","coordinates":[[[629708.8,5220044.8],[629708.8,5220043.24],[629723.84,5220023.28],[629734.19,5220012.93],[629710.18,5220044.8],[629708.8,5220044.8]]]}},{"type":"Feature","properties":{"vineyard_id":"V17","interrow_cover":"mixed","tile":"siret3_r023_c015.tif","area_m2":94.527},"geometry":{"type":"Polygon","coordinates":[[[629787.31,5220044.8],[629784.6,5220044.8],[629811.2,5220008.72],[629811.2,5220012.54],[629787.31,5220044.8]]]}},{"type":"Feature","properties":{"vineyard_id":"V17","interrow_cover":"mixed","tile":"siret3_r023_c015.tif","area_m2":109.547},"geometry":{"type":"Polygon","coordinates":[[[629783.86,5220044.8],[629781.07,5220044.8],[629811.2,5220003.87],[629811.2,5220007.71],[629783.86,5220044.8]]]}},{"type":"Feature","properties":{"vineyard_id":"V17","interrow_cover":"mixed","tile":"siret3_r023_c015.tif","area_m2":132.739},"geometry":{"type":"Polygon","coordinates":[[[629780.32,5220044.8],[629777.33,5220044.8],[629811.2,5219998.72],[629811.2,5220002.85],[629780.32,5220044.8]]]}},{"type":"Feature","properties":{"vineyard_id":"V17","interrow_cover":"mixed","tile":"siret3_r023_c015.tif","area_m2":144.785},"geometry":{"type":"Polygon","coordinates":[[[629776.59,5220044.8],[629773.57,5220044.8],[629811.2,5219993.79],[629811.2,5219997.71],[629776.59,5220044.8]]]}},{"type":"Feature","properties":{"vineyard_id":"V17","interrow_cover":"mixed","tile":"siret3_r023_c015.tif","area_m2":156.736},"geometry":{"type":"Polygon","coordinates":[[[629772.83,5220044.8],[629769.56,5220044.8],[629807.73,5219993.6],[629810.59,5219993.6],[629772.83,5220044.8]]]}},{"type":"Feature","properties":{"vineyard_id":"V17","interrow_cover":"bare_soil","tile":"siret3_r023_c015.tif","area_m2":253.44},"geometry":{"type":"Polygon","coordinates":[[[629768.82,5220044.8],[629764.09,5220044.8],[629801.81,5219993.6],[629806.98,5219993.6],[629768.82,5220044.8]]]}},{"type":"Feature","properties":{"vineyard_id":"V17","interrow_cover":"bare_soil","tile":"siret3_r023_c015.tif","area_m2":116.908},"geometry":{"type":"Polygon","coordinates":[[[629794.88,5219998.59],[629796.51,5219999.79],[629763.35,5220044.8],[629760.73,5220044.8],[629794.88,5219998.59]]]}},{"type":"Feature","properties":{"vineyard_id":"V17","interrow_cover":"bare_soil","tile":"siret3_r023_c015.tif","area_m2":126.252},"geometry":{"type":"Polygon","coordinates":[[[629792.77,5219997.03],[629794.4,5219998.23],[629760.0,5220044.78],[629760.0,5220040.66],[629792.77,5219997.03]]]}},{"type":"Feature","properties":{"vineyard_id":"V17","interrow_cover":"bare_soil","tile":"siret3_r023_c015.tif","area_m2":134.524},"geometry":{"type":"Polygon","coordinates":[[[629760.0,5220039.66],[629760.0,5220036.01],[629791.22,5219993.6],[629794.59,5219993.6],[629760.0,5220039.66]]]}},{"type":"Feature","properties":{"vineyard_id":"V17","interrow_cover":"bare_soil","tile":"siret3_r023_c015.tif","area_m2":121.717},"geometry":{"type":"Polygon","coordinates":[[[629760.0,5220035.0],[629760.0,5220031.23],[629787.06,5219993.6],[629790.48,5219993.6],[629760.0,5220035.0]]]}},{"type":"Feature","properties":{"vineyard_id":"V17","interrow_cover":"bare_soil","tile":"siret3_r023_c015.tif","area_m2":49.012},"geometry":{"type":"Polygon","coordinates":[[[629772.34,5220009.58],[629773.97,5220010.78],[629760.0,5220030.21],[629760.0,5220026.17],[629772.34,5220009.58]]]}},{"type":"Feature","properties":{"vineyard_id":"V17","interrow_cover":"mixed","tile":"siret3_r023_c016.tif","area_m2":143.849},"geometry":{"type":"Polygon","coordinates":[[[629813.19,5220044.8],[629811.2,5220044.8],[629811.2,5220043.74],[629849.04,5219993.6],[629851.89,5219993.6],[629813.19,5220044.8]]]}},{"type":"Feature","properties":{"vineyard_id":"V17","interrow_cover":"bare_soil","tile":"siret3_r023_c016.tif","area_m2":159.112},"geometry":{"type":"Polygon","coordinates":[[[629811.2,5220042.75],[629811.2,5220038.01],[629845.08,5219993.6],[629848.29,5219993.6],[629811.2,5220042.75]]]}},{"type":"Feature","properties":{"vineyard_id":"V17","interrow_cover":"bare_soil","tile":"siret3_r023_c016.tif","area_m2":120.607},"geometry":{"type":"Polygon","coordinates":[[[629811.2,5220037.02],[629811.2,5220033.33],[629841.33,5219993.6],[629844.33,5219993.6],[629811.2,5220037.02]]]}},{"type":"Feature","properties":{"vineyard_id":"V17","interrow_cover":"bare_soil","tile":"siret3_r023_c016.tif","area_m2":105.858},"geometry":{"type":"Polygon","coordinates":[[[629811.2,5220032.34],[629811.2,5220028.72],[629837.58,5219993.6],[629840.58,5219993.6],[629811.2,5220032.34]]]}},{"type":"Feature","properties":{"vineyard_id":"V17","interrow_cover":"bare_soil","tile":"siret3_r023_c016.tif","area_m2":97.203},"geometry":{"type":"Polygon","coordinates":[[[629811.2,5220027.72],[629811.2,5220023.75],[629833.76,5219993.6],[629836.83,5219993.6],[629811.2,5220027.72]]]}},{"type":"Feature","properties":{"vineyard_id":"V17","interrow_cover":"bare_soil","tile":"siret3_r023_c016.tif","area_m2":82.614},"geometry":{"type":"Polygon","coordinates":[[[629811.2,5220022.75],[629811.2,5220018.73],[629829.92,5219993.6],[629833.01,5219993.6],[629811.2,5220022.75]]]}},{"type":"Feature","properties":{"vineyard_id":"V17","interrow_cover":"bare_soil","tile":"siret3_r023_c016.tif","area_m2":65.353},"geometry":{"type":"Polygon","coordinates":[[[629811.2,5220017.72],[629811.2,5220013.72],[629826.25,5219993.6],[629829.17,5219993.6],[629811.2,5220017.72]]]}},{"type":"Feature","properties":{"vineyard_id":"V17","interrow_cover":"bare_soil","tile":"siret3_r023_c016.tif","area_m2":50.744},"geometry":{"type":"Polygon","coordinates":[[[629811.2,5220012.72],[629811.2,5220008.78],[629822.53,5219993.6],[629825.5,5219993.6],[629811.2,5220012.72]]]}},{"type":"Feature","properties":{"vineyard_id":"V17","interrow_cover":"bare_soil","tile":"siret3_r023_c016.tif","area_m2":35.187},"geometry":{"type":"Polygon","coordinates":[[[629811.2,5220007.77],[629811.2,5220003.76],[629819.04,5219993.6],[629821.79,5219993.6],[629811.2,5220007.77]]]}},{"type":"Feature","properties":{"vineyard_id":"V17","interrow_cover":"bare_soil","tile":"siret3_r023_c016.tif","area_m2":22.548},"geometry":{"type":"Polygon","coordinates":[[[629811.2,5220002.78],[629811.2,5219998.81],[629815.02,5219993.6],[629818.28,5219993.6],[629811.2,5220002.78]]]}},{"type":"Feature","properties":{"vineyard_id":"V17","interrow_cover":"bare_soil","tile":"siret3_r024_c016.tif","area_m2":45.419},"geometry":{"type":"Polygon","coordinates":[[[629851.72,5219993.6],[629849.08,5219993.6],[629862.4,5219976.15],[629862.4,5219980.34],[629851.72,5219993.6]]]}},{"type":"Feature","properties":{"vineyard_id":"V17","interrow_cover":"bare_soil","tile":"siret3_r024_c016.tif","area_m2":66.879},"geometry":{"type":"Polygon","coordinates":[[[629848.32,5219993.6],[629845.1,5219993.6],[629862.4,5219970.86],[629862.4,5219975.16],[629848.32,5219993.6]]]}},{"type":"Feature","properties":{"vineyard_id":"V17","interrow_cover":"bare_soil","tile":"siret3_r024_c016.tif","area_m2":72.341},"geometry":{"type":"Polygon","coordinates":[[[629844.35,5219993.6],[629841.44,5219993.6],[629862.4,5219966.25],[629862.4,5219969.87],[629844.35,5219993.6]]]}},{"type":"Feature","properties":{"vineyard_id":"V17","interrow_cover":"bare_soil","tile":"siret3_r024_c016.tif","area_m2":90.392},"geometry":{"type":"Polygon","coordinates":[[[629840.69,5219993.6],[629837.73,5219993.6],[629862.4,5219961.34],[629862.4,5219965.27],[629840.69,5219993.6]]]}},{"type":"Feature","properties":{"vineyard_id":"V17","interrow_cover":"bare_soil","tile":"siret3_r024_c016.tif","area_m2":108.379},"geometry":{"type":"Polygon","coordinates":[[[629836.97,5219993.6],[629833.91,5219993.6],[629862.4,5219956.32],[629862.4,5219960.35],[629836.97,5219993.6]]]}},{"type":"Feature","properties":{"vineyard_id":"V17","interrow_cover":"bare_soil","tile":"siret3_r024_c016.tif","area_m2":120.823},"geometry":{"type":"Polygon","coordinates":[[[629833.16,5219993.6],[629830.05,5219993.6],[629862.4,5219951.54],[629862.4,5219955.33],[629833.16,5219993.6]]]}},{"type":"Feature","properties":{"vineyard_id":"V17","interrow_cover":"bare_soil","tile":"siret3_r024_c016.tif","area_m2":134.897},"geometry":{"type":"Polygon","coordinates":[[[629829.29,5219993.6],[629826.32,5219993.6],[629862.4,5219946.62],[629862.4,5219950.56],[629829.29,5219993.6]]]}},{"type":"Feature","properties":{"vineyard_id":"V17","interrow_cover":"bare_soil","tile":"siret3_r024_c016.tif","area_m2":144.064},"geometry":{"type":"Polygon","coordinates":[[[629825.56,5219993.6],[629822.69,5219993.6],[629861.98,5219942.4],[629862.37,5219942.4],[629862.4,5219942.42],[629862.4,5219945.63],[629825.56,5219993.6]]]}},{"type":"Feature","properties":{"vineyard_id":"V17","interrow_cover":"bare_soil","tile":"siret3_r024_c016.tif","area_m2":152.384},"geometry":{"type":"Polygon","coordinates":[[[629821.93,5219993.6],[629818.94,5219993.6],[629858.26,5219942.4],[629861.22,5219942.4],[629821.93,5219993.6]]]}},{"type":"Feature","properties":{"vineyard_id":"V17","interrow_cover":"bare_soil","tile":"siret3_r024_c016.tif","area_m2":160.32},"geometry":{"type":"Polygon","coordinates":[[[629818.18,5219993.6],[629814.97,5219993.6],[629854.45,5219942.4],[629857.51,5219942.4],[629818.18,5219993.6]]]}},{"type":"Feature","properties":{"vineyard_id":"V17","interrow_cover":"bare_soil","tile":"siret3_r024_c016.tif","area_m2":144.832},"geometry":{"type":"Polygon","coordinates":[[[629814.22,5219993.6],[629811.42,5219993.6],[629850.83,5219942.4],[629853.69,5219942.4],[629814.22,5219993.6]]]}},{"type":"Feature","properties":{"vineyard_id":"V17","interrow_cover":"bare_soil","tile":"siret3_r024_c016.tif","area_m2":143.346},"geometry":{"type":"Polygon","coordinates":[[[629811.2,5219992.9],[629811.2,5219989.0],[629847.18,5219942.4],[629850.08,5219942.4],[629811.2,5219992.9]]]}},{"type":"Feature","properties":{"vineyard_id":"V17","interrow_cover":"bare_soil","tile":"siret3_r024_c016.tif","area_m2":120.778},"geometry":{"type":"Polygon","coordinates":[[[629811.2,5219988.02],[629811.2,5219984.31],[629843.77,5219942.4],[629846.42,5219942.4],[629811.2,5219988.02]]]}},{"type":"Feature","properties":{"vineyard_id":"V17","interrow_cover":"mixed","tile":"siret3_r024_c017.tif","area_m2":167.744},"geometry":{"type":"Polygon","coordinates":[[[629867.92,5219993.6],[629864.84,5219993.6],[629903.32,5219942.4],[629906.8,5219942.4],[629867.92,5219993.6]]]}},{"type":"Feature","properties":{"vineyard_id":"V17","interrow_cover":"mixed","tile":"siret3_r024_c017.tif","area_m2":107.138},"geometry":{"type":"Polygon","coordinates":[[[629862.4,5219980.46],[629862.4,5219976.52],[629888.3,5219942.4],[629891.25,5219942.4],[629862.4,5219980.46]]]}},{"type":"Feature","properties":{"vineyard_id":"V17","interrow_cover":"mixed","tile":"siret3_r024_c017.tif","area_m2":105.934},"geometry":{"type":"Polygon","coordinates":[[[629862.4,5219975.53],[629862.4,5219970.97],[629884.15,5219942.4],[629887.55,5219942.4],[629862.4,5219975.53]]]}},{"type":"Feature","properties":{"vineyard_id":"V17","interrow_cover":"mixed","tile":"siret3_r024_c017.tif","area_m2":72.373},"geometry":{"type":"Polygon","coordinates":[[[629862.4,5219969.98],[629862.4,5219966.26],[629880.6,5219942.4],[629883.4,5219942.4],[629862.4,5219969.98]]]}},{"type":"Feature","properties":{"vineyard_id":"V17","interrow_cover":"mixed","tile":"siret3_r024_c017.tif","area_m2":62.426},"geometry":{"type":"Polygon","coordinates":[[[629862.4,5219965.27],[629862.4,5219961.34],[629876.88,5219942.4],[629879.85,5219942.4],[629862.4,5219965.27]]]}},{"type":"Feature","properties":{"vineyard_id":"V17","interrow_cover":"mixed","tile":"siret3_r024_c017.tif","area_m2":49.772},"geometry":{"type":"Polygon","coordinates":[[[629862.4,5219960.35],[629862.4,5219956.31],[629872.96,5219942.4],[629876.12,5219942.4],[629862.4,5219960.35]]]}},{"type":"Feature","properties":{"vineyard_id":"V17","interrow_cover":"mixed","tile":"siret3_r024_c017.tif","area_m2":31.517},"geometry":{"type":"Polygon","coordinates":[[[629862.4,5219955.32],[629862.4,5219951.54],[629869.35,5219942.4],[629872.2,5219942.4],[629862.4,5219955.32]]]}},{"type":"Feature","properties":{"vineyard_id":"V17","interrow_cover":"mixed","tile":"siret3_r024_c017.tif","area_m2":18.546},"geometry":{"type":"Polygon","coordinates":[[[629862.4,5219950.55],[629862.4,5219946.59],[629865.6,5219942.4],[629868.59,5219942.4],[629862.4,5219950.55]]]}},{"type":"Feature","properties":{"vineyard_id":"V18","interrow_cover":"bare_soil","tile":"siret3_r026_c017.tif","area_m2":38.848},"geometry":{"type":"Polygon","coordinates":[[[629904.78,5219891.2],[629901.64,5219891.2],[629913.6,5219876.21],[629913.6,5219879.67],[629904.78,5219891.2]]]}},{"type":"Feature","properties":{"vineyard_id":"V18","interrow_cover":"bare_soil","tile":"siret3_r026_c017.tif","area_m2":55.385},"geometry":{"type":"Polygon","coordinates":[[[629900.87,5219891.2],[629897.78,5219891.2],[629913.6,5219871.36],[629913.6,5219875.24],[629900.87,5219891.2]]]}},{"type":"Feature","properties":{"vineyard_id":"V18","interrow_cover":"bare_soil","tile":"siret3_r026_c017.tif","area_m2":74.671},"geometry":{"type":"Polygon","coordinates":[[[629897.01,5219891.2],[629893.97,5219891.2],[629913.6,5219866.01],[629913.6,5219870.4],[629897.01,5219891.2]]]}},{"type":"Feature","properties":{"vineyard_id":"V18","interrow_cover":"bare_soil","tile":"siret3_r026_c017.tif","area_m2":81.012},"geometry":{"type":"Polygon","coordinates":[[[629893.21,5219891.2],[629890.34,5219891.2],[629913.6,5219861.31],[629913.6,5219865.03],[629893.21,5219891.2]]]}},{"type":"Feature","properties":{"vineyard_id":"V18","interrow_cover":"bare_soil","tile":"siret3_r026_c017.tif","area_m2":124.346},"geometry":{"type":"Polygon","coordinates":[[[629889.58,5219891.2],[629885.69,5219891.2],[629913.6,5219855.73],[629913.6,5219860.33],[629889.58,5219891.2]]]}},{"type":"Feature","properties":{"vineyard_id":"V18","interrow_cover":"bare_soil","tile":"siret3_r026_c018.tif","area_m2":123.79},"geometry":{"type":"Polygon","coordinates":[[[629913.6,5219884.42],[629913.6,5219880.54],[629945.33,5219840.0],[629948.14,5219840.0],[629913.6,5219884.42]]]}},{"type":"Feature","properties":{"vineyard_id":"V18","interrow_cover":"bare_soil","tile":"siret3_r026_c018.tif","area_m2":109.727},"geometry":{"type":"Polygon","coordinates":[[[629913.6,5219879.57],[629913.6,5219876.01],[629941.54,5219840.0],[629944.57,5219840.0],[629913.6,5219879.57]]]}},{"type":"Feature","properties":{"vineyard_id":"V18","interrow_cover":"bare_soil","tile":"siret3_r026_c018.tif","area_m2":98.922},"geometry":{"type":"Polygon","coordinates":[[[629913.6,5219875.03],[629913.6,5219871.19],[629937.78,5219840.0],[629940.78,5219840.0],[629913.6,5219875.03]]]}},{"type":"Feature","properties":{"vineyard_id":"V18","interrow_cover":"bare_soil","tile":"siret3_r026_c018.tif","area_m2":90.085},"geometry":{"type":"Polygon","coordinates":[[[629913.6,5219870.21],[629913.6,5219866.01],[629933.88,5219840.0],[629937.02,5219840.0],[629913.6,5219870.21]]]}},{"type":"Feature","properties":{"vineyard_id":"V18","interrow_cover":"bare_soil","tile":"siret3_r026_c018.tif","area_m2":67.403},"geometry":{"type":"Polygon","coordinates":[[[629913.6,5219865.03],[629913.6,5219861.42],[629930.12,5219840.0],[629933.12,5219840.0],[629913.6,5219865.03]]]}},{"type":"Feature","properties":{"vineyard_id":"V18","interrow_cover":"bare_soil","tile":"siret3_r026_c018.tif","area_m2":60.311},"geometry":{"type":"Polygon","coordinates":[[[629913.6,5219860.43],[629913.6,5219856.0],[629926.2,5219840.0],[629929.37,5219840.0],[629913.6,5219860.43]]]}},{"type":"Feature","properties":{"vineyard_id":"V18","interrow_cover":"mixed","tile":"siret3_r027_c018.tif","area_m2":58.86},"geometry":{"type":"Polygon","coordinates":[[[629953.07,5219840.0],[629949.69,5219840.0],[629964.8,5219820.46],[629964.8,5219824.88],[629953.07,5219840.0]]]}},{"type":"Feature","properties":{"vineyard_id":"V18","interrow_cover":"bare_soil","tile":"siret3_r027_c018.tif","area_m2":77.357},"geometry":{"type":"Polygon","coordinates":[[[629948.93,5219840.0],[629945.26,5219840.0],[629964.8,5219815.42],[629964.8,5219819.48],[629948.93,5219840.0]]]}},{"type":"Feature","properties":{"vineyard_id":"V18","interrow_cover":"bare_soil","tile":"siret3_r027_c018.tif","area_m2":79.163},"geometry":{"type":"Polygon","coordinates":[[[629944.49,5219840.0],[629941.86,5219840.0],[629964.8,5219810.49],[629964.8,5219814.46],[629944.49,5219840.0]]]}},{"type":"Feature","properties":{"vineyard_id":"V18","interrow_cover":"bare_soil","tile":"siret3_r027_c018.tif","area_m2":98.408},"geometry":{"type":"Polygon","coordinates":[[[629941.1,5219840.0],[629937.94,5219840.0],[629964.8,5219805.77],[629964.8,5219809.51],[629941.1,5219840.0]]]}},{"type":"Feature","properties":{"vineyard_id":"V18","interrow_cover":"bare_soil","tile":"siret3_r027_c018.tif","area_m2":114.433},"geometry":{"type":"Polygon","coordinates":[[[629937.17,5219840.0],[629934.07,5219840.0],[629964.8,5219800.91],[629964.8,5219804.8],[629937.17,5219840.0]]]}},{"type":"Feature","properties":{"vineyard_id":"V18","interrow_cover":"bare_soil","tile":"siret3_r027_c018.tif","area_m2":116.268},"geometry":{"type":"Polygon","coordinates":[[[629933.3,5219840.0],[629930.49,5219840.0],[629964.8,5219796.46],[629964.8,5219799.94],[629933.3,5219840.0]]]}},{"type":"Feature","properties":{"vineyard_id":"V18","interrow_cover":"bare_soil","tile":"siret3_r027_c018.tif","area_m2":140.508},"geometry":{"type":"Polygon","coordinates":[[[629929.72,5219840.0],[629926.7,5219840.0],[629964.8,5219791.64],[629964.8,5219795.49],[629929.72,5219840.0]]]}},{"type":"Feature","properties":{"vineyard_id":"V18","interrow_cover":"bare_soil","tile":"siret3_r027_c018.tif","area_m2":150.078},"geometry":{"type":"Polygon","coordinates":[[[629963.12,5219788.89],[629964.7,5219790.79],[629925.94,5219840.0],[629923.04,5219840.0],[629963.12,5219788.89]]]}},{"type":"Feature","properties":{"vineyard_id":"V19","interrow_cover":"bare_soil","tile":"siret3_r027_c018.tif","area_m2":257.792},"geometry":{"type":"Polygon","coordinates":[[[629922.28,5219840.0],[629917.11,5219840.0],[629957.52,5219788.8],[629962.43,5219788.8],[629922.28,5219840.0]]]}},{"type":"Feature","properties":{"vineyard_id":"V18","interrow_cover":"bare_soil","tile":"siret3_r028_c019.tif","area_m2":97.595},"geometry":{"type":"Polygon","coordinates":[[[630003.62,5219756.01],[630004.51,5219758.88],[629981.11,5219788.8],[629978.02,5219788.8],[630003.62,5219756.01]]]}},{"type":"Feature","properties":{"vineyard_id":"V18","interrow_cover":"bare_soil","tile":"siret3_r028_c019.tif","area_m2":102.275},"geometry":{"type":"Polygon","coordinates":[[[629977.26,5219788.8],[629974.3,5219788.8],[630001.91,5219753.42],[630003.42,5219755.29],[629977.26,5219788.8]]]}},{"type":"Feature","properties":{"vineyard_id":"V18","interrow_cover":"bare_soil","tile":"siret3_r028_c019.tif","area_m2":98.898},"geometry":{"type":"Polygon","coordinates":[[[629973.54,5219788.8],[629970.68,5219788.8],[629987.08,5219767.77],[629998.47,5219754.17],[629998.71,5219753.85],[629998.91,5219753.52],[629999.08,5219753.17],[629999.22,5219752.8],[629999.32,5219752.42],[629999.38,5219752.03],[629999.38,5219752.01],[630000.06,5219751.13],[630001.52,5219752.94],[629973.54,5219788.8]]]}},{"type":"Feature","properties":{"vineyard_id":"V18","interrow_cover":"bare_soil","tile":"siret3_r028_c019.tif","area_m2":124.741},"geometry":{"type":"Polygon","coordinates":[[[630000.82,5219749.18],[629969.92,5219788.8],[629966.94,5219788.8],[630001.94,5219744.0],[630001.98,5219744.03],[630000.82,5219749.18]]]}},{"type":"Feature","properties":{"vineyard_id":"V19","interrow_cover":"bare_soil","tile":"siret3_r028_c019.tif","area_m2":94.879},"geometry":{"type":"Polygon","coordinates":[[[629964.8,5219782.43],[629993.22,5219746.41],[629994.36,5219748.17],[629964.8,5219785.78],[629964.8,5219782.43]]]}},{"type":"Feature","properties":{"vineyard_id":"V21","interrow_cover":"mixed","tile":"siret3_r028_c020.tif","area_m2":88.421},"geometry":{"type":"Polygon","coordinates":[[[630024.05,5219784.79],[630034.31,5219742.08],[630036.36,5219742.58],[630025.91,5219785.24],[630024.05,5219784.79]]]}},{"type":"Feature","properties":{"vineyard_id":"V21","interrow_cover":"bare_soil","tile":"siret3_r028_c020.tif","area_m2":116.376},"geometry":{"type":"Polygon","coordinates":[[[630034.77,5219737.6],[630023.47,5219784.61],[630021.59,5219781.21],[630032.33,5219737.6],[630034.77,5219737.6]]]}},{"type":"Feature","properties":{"vineyard_id":"V21","interrow_cover":"bare_soil","tile":"siret3_r028_c020.tif","area_m2":94.875},"geometry":{"type":"Polygon","coordinates":[[[630029.27,5219737.6],[630031.72,5219737.6],[630021.73,5219778.13],[630020.11,5219774.84],[630029.27,5219737.6]]]}},{"type":"Feature","properties":{"vineyard_id":"V21","interrow_cover":"bare_soil","tile":"siret3_r028_c020.tif","area_m2":86.327},"geometry":{"type":"Polygon","coordinates":[[[630019.81,5219773.55],[630017.54,5219772.99],[630026.22,5219737.6],[630028.65,5219737.6],[630019.81,5219773.55]]]}},{"type":"Feature","properties":{"vineyard_id":"V21","interrow_cover":"bare_soil","tile":"siret3_r028_c020.tif","area_m2":70.39},"geometry":{"type":"Polygon","coordinates":[[[630018.58,5219766.22],[630016.29,5219765.66],[630023.06,5219737.6],[630025.6,5219737.6],[630018.58,5219766.22]]]}},{"type":"Feature","properties":{"vineyard_id":"V21","interrow_cover":"bare_soil","tile":"siret3_r028_c020.tif","area_m2":45.607},"geometry":{"type":"Polygon","coordinates":[[[630016.0,5219764.3],[630016.0,5219755.21],[630020.6,5219737.6],[630022.45,5219737.6],[630016.0,5219764.3]]]}},{"type":"Feature","properties":{"vineyard_id":"V22","interrow_cover":"bare_soil","tile":"siret3_r028_c020.tif","area_m2":30.421},"geometry":{"type":"Polygon","coordinates":[[[630059.92,5219742.94],[630062.21,5219741.64],[630067.2,5219750.42],[630067.2,5219755.1],[630059.92,5219742.94]]]}},{"type":"Feature","properties":{"vineyard_id":"V22","interrow_cover":"bare_soil","tile":"siret3_r028_c020.tif","area_m2":25.04},"geometry":{"type":"Polygon","coordinates":[[[630061.44,5219751.79],[630063.73,5219750.49],[630067.2,5219756.27],[630067.2,5219761.89],[630061.44,5219751.79]]]}},{"type":"Feature","properties":{"vineyard_id":"V23","interrow_cover":"mixed","tile":"siret3_r029_c015.tif","area_m2":25.533},"geometry":{"type":"Polygon","coordinates":[[[629807.49,5219737.6],[629804.2,5219737.6],[629811.2,5219727.49],[629811.2,5219732.3],[629807.49,5219737.6]]]}},{"type":"Feature","properties":{"vineyard_id":"V23","interrow_cover":"mixed","tile":"siret3_r029_c015.tif","area_m2":50.513},"geometry":{"type":"Polygon","coordinates":[[[629803.47,5219737.6],[629799.79,5219737.6],[629811.2,5219721.18],[629811.2,5219726.44],[629803.47,5219737.6]]]}},{"type":"Feature","properties":{"vineyard_id":"V23","interrow_cover":"bare_soil","tile":"siret3_r029_c015.tif","area_m2":61.639},"geometry":{"type":"Polygon","coordinates":[[[629799.06,5219737.6],[629795.84,5219737.6],[629811.2,5219715.77],[629811.2,5219720.13],[629799.06,5219737.6]]]}},{"type":"Feature","properties":{"vineyard_id":"V23","interrow_cover":"bare_soil","tile":"siret3_r029_c015.tif","area_m2":78.623},"geometry":{"type":"Polygon","coordinates":[[[629811.2,5219714.73],[629795.18,5219737.49],[629793.72,5219735.01],[629811.2,5219709.9],[629811.2,5219714.73]]]}},{"type":"Feature","properties":{"vineyard_id":"V23","interrow_cover":"mixed","tile":"siret3_r029_c015.tif","area_m2":86.902},"geometry":{"type":"Polygon","coordinates":[[[629811.2,5219704.24],[629811.2,5219708.85],[629793.43,5219734.38],[629791.23,5219732.93],[629811.2,5219704.24]]]}},{"type":"Feature","properties":{"vineyard_id":"V23","interrow_cover":"mixed","tile":"siret3_r029_c015.tif","area_m2":96.269},"geometry":{"type":"Polygon","coordinates":[[[629811.2,5219698.79],[629811.2,5219703.19],[629790.73,5219732.6],[629788.57,5219731.17],[629811.2,5219698.79]]]}},{"type":"Feature","properties":{"vineyard_id":"V23","interrow_cover":"mixed","tile":"siret3_r029_c015.tif","area_m2":116.829},"geometry":{"type":"Polygon","coordinates":[[[629789.22,5219729.18],[629787.93,5219725.84],[629811.2,5219692.61],[629811.2,5219697.75],[629789.22,5219729.18]]]}},{"type":"Feature","properties":{"vineyard_id":"V23","interrow_cover":"mixed","tile":"siret3_r029_c015.tif","area_m2":107.639},"geometry":{"type":"Polygon","coordinates":[[[629787.22,5219725.82],[629783.11,5219727.47],[629811.2,5219687.49],[629811.2,5219691.56],[629787.22,5219725.82]]]}},{"type":"Feature","properties":{"vineyard_id":"V23","interrow_cover":"bare_soil","tile":"siret3_r029_c016.tif","area_m2":174.806},"geometry":{"type":"Polygon","coordinates":[[[629838.71,5219693.15],[629841.8,5219695.01],[629812.1,5219737.42],[629811.2,5219733.22],[629811.2,5219732.79],[629838.71,5219693.15]]]}},{"type":"Feature","properties":{"vineyard_id":"V23","interrow_cover":"mixed","tile":"siret3_r029_c016.tif","area_m2":120.301},"geometry":{"type":"Polygon","coordinates":[[[629838.22,5219692.81],[629811.2,5219731.74],[629811.2,5219727.02],[629836.15,5219691.24],[629838.22,5219692.81]]]}},{"type":"Feature","properties":{"vineyard_id":"V23","interrow_cover":"mixed","tile":"siret3_r029_c016.tif","area_m2":115.266},"geometry":{"type":"Polygon","coordinates":[[[629835.42,5219686.61],[629835.92,5219690.54],[629811.2,5219725.97],[629811.2,5219721.19],[629835.42,5219686.61]]]}},{"type":"Feature","properties":{"vineyard_id":"V23","interrow_cover":"bare_soil","tile":"siret3_r029_c016.tif","area_m2":96.302},"geometry":{"type":"Polygon","coordinates":[[[629811.2,5219720.14],[629811.2,5219715.68],[629831.85,5219686.4],[629834.83,5219686.4],[629811.2,5219720.14]]]}},{"type":"Feature","properties":{"vineyard_id":"V23","interrow_cover":"bare_soil","tile":"siret3_r029_c016.tif","area_m2":86.893},"geometry":{"type":"Polygon","coordinates":[[[629811.2,5219714.64],[629811.2,5219709.88],[629827.75,5219686.4],[629831.12,5219686.4],[629811.2,5219714.64]]]}},{"type":"Feature","properties":{"vineyard_id":"V23","interrow_cover":"mixed","tile":"siret3_r029_c016.tif","area_m2":64.358},"geometry":{"type":"Polygon","coordinates":[[[629811.2,5219708.84],[629811.2,5219704.43],[629823.74,5219686.4],[629827.02,5219686.4],[629811.2,5219708.84]]]}},{"type":"Feature","properties":{"vineyard_id":"V23","interrow_cover":"bare_soil","tile":"siret3_r029_c016.tif","area_m2":45.421},"geometry":{"type":"Polygon","coordinates":[[[629811.2,5219703.38],[629811.2,5219698.93],[629819.96,5219686.4],[629823.01,5219686.4],[629811.2,5219703.38]]]}},{"type":"Feature","properties":{"vineyard_id":"V23","interrow_cover":"mixed","tile":"siret3_r029_c016.tif","area_m2":30.675},"geometry":{"type":"Polygon","coordinates":[[[629811.2,5219697.88],[629811.2,5219693.04],[629815.84,5219686.4],[629819.23,5219686.4],[629811.2,5219697.88]]]}},{"type":"Feature","properties":{"vineyard_id":"V26","interrow_cover":"bare_soil","tile":"siret3_r029_c021.tif","area_m2":52.683},"geometry":{"type":"Polygon","coordinates":[[[630067.2,5219709.12],[630067.2,5219705.48],[630080.77,5219686.4],[630083.23,5219686.4],[630067.2,5219709.12]]]}},{"type":"Feature","properties":{"vineyard_id":"V26","interrow_cover":"bare_soil","tile":"siret3_r029_c021.tif","area_m2":45.231},"geometry":{"type":"Polygon","coordinates":[[[630067.2,5219704.44],[630067.2,5219700.36],[630077.31,5219686.4],[630080.04,5219686.4],[630067.2,5219704.44]]]}},{"type":"Feature","properties":{"vineyard_id":"V26","interrow_cover":"bare_soil","tile":"siret3_r029_c021.tif","area_m2":27.992},"geometry":{"type":"Polygon","coordinates":[[[630067.2,5219699.33],[630067.2,5219695.93],[630074.05,5219686.4],[630076.57,5219686.4],[630067.2,5219699.33]]]}},{"type":"Feature","properties":{"vineyard_id":"V26","interrow_cover":"mixed","tile":"siret3_r029_c021.tif","area_m2":12.386},"geometry":{"type":"Polygon","coordinates":[[[630067.2,5219694.9],[630067.2,5219692.65],[630071.55,5219686.4],[630073.31,5219686.4],[630067.2,5219694.9]]]}},{"type":"Feature","properties":{"vineyard_id":"V24","interrow_cover":"bare_soil","tile":"siret3_r029_c023.tif","area_m2":102.219},"geometry":{"type":"Polygon","coordinates":[[[630200.34,5219737.6],[630197.76,5219737.6],[630220.8,5219696.37],[630220.8,5219701.17],[630200.34,5219737.6]]]}},{"type":"Feature","properties":{"vineyard_id":"V24","interrow_cover":"bare_soil","tile":"siret3_r029_c023.tif","area_m2":109.762},"geometry":{"type":"Polygon","coordinates":[[[630197.08,5219737.6],[630194.62,5219737.6],[630220.8,5219690.74],[630220.8,5219695.14],[630197.08,5219737.6]]]}},{"type":"Feature","properties":{"vineyard_id":"V24","interrow_cover":"bare_soil","tile":"siret3_r029_c023.tif","area_m2":134.433},"geometry":{"type":"Polygon","coordinates":[[[630219.67,5219686.56],[630220.76,5219689.58],[630193.93,5219737.6],[630191.28,5219737.6],[630219.67,5219686.56]]]}},{"type":"Feature","properties":{"vineyard_id":"V24","interrow_cover":"bare_soil","tile":"siret3_r029_c023.tif","area_m2":129.024},"geometry":{"type":"Polygon","coordinates":[[[630190.6,5219737.6],[630188.12,5219737.6],[630216.51,5219686.4],[630219.07,5219686.4],[630190.6,5219737.6]]]}},{"type":"Feature","properties":{"vineyard_id":"V24","interrow_cover":"bare_soil","tile":"siret3_r029_c023.tif","area_m2":116.736},"geometry":{"type":"Polygon","coordinates":[[[630187.43,5219737.6],[630185.01,5219737.6],[630213.69,5219686.4],[630215.82,5219686.4],[630187.43,5219737.6]]]}},{"type":"Feature","properties":{"vineyard_id":"V24","interrow_cover":"mixed","tile":"siret3_r029_c023.tif","area_m2":134.464},"geometry":{"type":"Polygon","coordinates":[[[630184.32,5219737.6],[630181.68,5219737.6],[630210.38,5219686.4],[630213.0,5219686.4],[630184.32,5219737.6]]]}},{"type":"Feature","properties":{"vineyard_id":"V25","interrow_cover":"bare_soil","tile":"siret3_r030_c016.tif","area_m2":53.159},"geometry":{"type":"Polygon","coordinates":[[[629847.53,5219640.68],[629862.4,5219660.0],[629862.4,5219663.39],[629846.89,5219643.45],[629847.53,5219640.68]]]}},{"type":"Feature","properties":{"vineyard_id":"V25","interrow_cover":"bare_soil","tile":"siret3_r030_c016.tif","area_m2":45.032},"geometry":{"type":"Polygon","coordinates":[[[629862.4,5219667.09],[629845.63,5219645.68],[629845.7,5219645.6],[629845.9,5219645.6],[629845.9,5219645.5],[629846.2,5219645.2],[629846.3,5219645.2],[629846.3,5219644.9],[629846.4,5219644.8],[629846.6,5219644.8],[629846.6,5219644.7],[629846.8,5219644.5],[629846.9,5219644.5],[629846.93,5219644.48],[629862.4,5219664.37],[629862.4,5219667.09]]]}},{"type":"Feature","properties":{"vineyard_id":"V25","interrow_cover":"bare_soil","tile":"siret3_r030_c016.tif","area_m2":55.941},"geometry":{"type":"Polygon","coordinates":[[[629862.4,5219671.08],[629842.52,5219645.68],[629842.6,5219645.6],[629842.7,5219645.6],[629842.7,5219645.3],[629842.8,5219645.2],[629843.5,5219645.2],[629843.6,5219645.3],[629843.6,5219645.4],[629843.7,5219645.5],[629843.7,5219645.6],[629843.8,5219645.7],[629843.8,5219645.8],[629843.9,5219645.9],[629843.9,5219646.0],[629844.1,5219646.0],[629844.2,5219646.1],[629844.1,5219646.2],[629844.2,5219646.3],[629844.3,5219646.2],[629844.4,5219646.3],[629844.4,5219646.4],[629844.5,5219646.5],[629844.4,5219646.6],[629844.5,5219646.7],[629844.5,5219646.8],[629844.7,5219646.8],[629844.7,5219646.5],[629844.8,5219646.4],[629844.9,5219646.4],[629845.0,5219646.3],[629845.1,5219646.3],[629845.24,5219646.16],[629862.4,5219668.06],[629862.4,5219671.08]]]}},{"type":"Feature","properties":{"vineyard_id":"V25","interrow_cover":"bare_soil","tile":"siret3_r030_c016.tif","area_m2":65.062},"geometry":{"type":"Polygon","coordinates":[[[629862.4,5219675.28],[629841.3,5219648.18],[629841.3,5219648.1],[629841.4,5219648.0],[629841.5,5219648.0],[629841.5,5219647.7],[629841.6,5219647.6],[629841.6,5219647.5],[629841.7,5219647.4],[629841.8,5219647.5],[629841.8,5219647.3],[629841.9,5219647.2],[629841.9,5219646.9],[629842.0,5219646.8],[629842.1,5219646.8],[629842.2,5219646.7],[629842.2,5219646.5],[629842.3,5219646.4],[629842.3,5219646.37],[629862.4,5219672.06],[629862.4,5219675.28]]]}},{"type":"Feature","properties":{"vineyard_id":"V25","interrow_cover":"bare_soil","tile":"siret3_r030_c016.tif","area_m2":59.496},"geometry":{"type":"Polygon","coordinates":[[[629862.4,5219678.92],[629840.1,5219650.4],[629840.2,5219650.4],[629840.2,5219650.1],[629840.4,5219649.9],[629840.3,5219649.8],[629840.3,5219649.7],[629840.4,5219649.6],[629840.6,5219649.6],[629840.6,5219649.5],[629840.7,5219649.4],[629840.7,5219649.1],[629840.8,5219649.0],[629840.9,5219649.0],[629840.8,5219648.9],[629840.9,5219648.8],[629841.03,5219648.8],[629862.4,5219676.26],[629862.4,5219678.92]]]}},{"type":"Feature","properties":{"vineyard_id":"V25","interrow_cover":"bare_soil","tile":"siret3_r030_c016.tif","area_m2":78.035},"geometry":{"type":"Polygon","coordinates":[[[629862.4,5219683.51],[629838.49,5219652.4],[629838.7,5219652.4],[629838.7,5219652.1],[629838.8,5219652.0],[629838.9,5219652.1],[629839.0,5219652.0],[629839.1,5219652.0],[629839.1,5219651.7],[629839.2,5219651.6],[629839.3,5219651.7],[629839.3,5219651.5],[629839.4,5219651.4],[629839.5,5219651.5],[629839.5,5219651.1],[629839.6,5219651.0],[629839.8,5219651.0],[629839.81,5219651.0],[629862.4,5219679.89],[629862.4,5219683.51]]]}},{"type":"Feature","properties":{"vineyard_id":"V25","interrow_cover":"mixed","tile":"siret3_r030_c016.tif","area_m2":77.173},"geometry":{"type":"Polygon","coordinates":[[[629862.4,5219686.4],[629861.55,5219686.4],[629836.7,5219654.26],[629836.7,5219654.1],[629836.8,5219654.0],[629837.0,5219654.0],[629837.0,5219653.9],[629837.1,5219653.8],[629837.1,5219653.7],[629837.2,5219653.6],[629837.4,5219653.6],[629837.5,5219653.5],[629837.5,5219653.3],[629837.6,5219653.2],[629837.8,5219653.2],[629837.7,5219653.1],[629837.8,5219653.0],[629837.9,5219653.0],[629837.9,5219652.9],[629838.0,5219652.8],[629838.04,5219652.8],[629862.4,5219684.49],[629862.4,5219686.4]]]}},{"type":"Feature","properties":{"vineyard_id":"V25","interrow_cover":"bare_soil","tile":"siret3_r030_c016.tif","area_m2":80.722},"geometry":{"type":"Polygon","coordinates":[[[629858.07,5219686.4],[629834.77,5219655.93],[629835.1,5219655.6],[629835.1,5219655.5],[629835.2,5219655.4],[629835.4,5219655.4],[629835.6,5219655.2],[629835.8,5219655.2],[629835.9,5219655.1],[629835.9,5219654.9],[629836.0,5219654.8],[629836.2,5219654.8],[629836.2,5219654.7],[629836.25,5219654.65],[629860.79,5219686.4],[629858.07,5219686.4]]]}},{"type":"Feature","properties":{"vineyard_id":"V25","interrow_cover":"bare_soil","tile":"siret3_r030_c016.tif","area_m2":87.139},"geometry":{"type":"Polygon","coordinates":[[[629854.03,5219686.4],[629832.79,5219657.82],[629832.8,5219657.8],[629832.7,5219657.7],[629832.8,5219657.6],[629833.1,5219657.6],[629833.1,5219657.3],[629833.2,5219657.2],[629833.3,5219657.3],[629833.4,5219657.2],[629833.5,5219657.2],[629833.5,5219657.1],[629833.8,5219656.8],[629833.9,5219656.8],[629833.9,5219656.6],[629834.0,5219656.5],[629834.1,5219656.6],[629834.3,5219656.4],[629834.3,5219656.31],[629857.31,5219686.4],[629854.03,5219686.4]]]}},{"type":"Feature","properties":{"vineyard_id":"V27","interrow_cover":"mixed","tile":"siret3_r030_c017.tif","area_m2":67.577},"geometry":{"type":"Polygon","coordinates":[[[629865.42,5219635.2],[629868.0,5219635.2],[629892.67,5219661.96],[629890.93,5219662.67],[629865.42,5219635.2]]]}},{"type":"Feature","properties":{"vineyard_id":"V27","interrow_cover":"mixed","tile":"siret3_r030_c017.tif","area_m2":64.641},"geometry":{"type":"Polygon","coordinates":[[[629862.4,5219635.4],[629862.4,5219635.23],[629862.44,5219635.2],[629864.59,5219635.2],[629890.33,5219662.91],[629889.38,5219663.3],[629889.23,5219663.37],[629889.09,5219663.46],[629888.96,5219663.55],[629888.82,5219663.68],[629862.4,5219635.4]]]}},{"type":"Feature","properties":{"vineyard_id":"V26","interrow_cover":"bare_soil","tile":"siret3_r030_c021.tif","area_m2":126.685},"geometry":{"type":"Polygon","coordinates":[[[630083.24,5219686.4],[630080.83,5219686.4],[630117.21,5219635.2],[630118.36,5219635.2],[630118.4,5219635.23],[630118.4,5219637.16],[630083.24,5219686.4]]]}},{"type":"Feature","properties":{"vineyard_id":"V26","interrow_cover":"bare_soil","tile":"siret3_r030_c021.tif","area_m2":150.848},"geometry":{"type":"Polygon","coordinates":[[[630080.09,5219686.4],[630077.23,5219686.4],[630113.44,5219635.2],[630116.47,5219635.2],[630080.09,5219686.4]]]}},{"type":"Feature","properties":{"vineyard_id":"V26","interrow_cover":"bare_soil","tile":"siret3_r030_c021.tif","area_m2":128.576},"geometry":{"type":"Polygon","coordinates":[[[630076.49,5219686.4],[630073.89,5219686.4],[630110.28,5219635.2],[630112.71,5219635.2],[630076.49,5219686.4]]]}},{"type":"Feature","properties":{"vineyard_id":"V24","interrow_cover":"mixed","tile":"siret3_r030_c024.tif","area_m2":76.939},"geometry":{"type":"Polygon","coordinates":[[[630223.11,5219686.4],[630241.12,5219654.33],[630241.85,5219657.54],[630225.63,5219686.4],[630223.11,5219686.4]]]}},{"type":"Feature","properties":{"vineyard_id":"V24","interrow_cover":"mixed","tile":"siret3_r030_c024.tif","area_m2":88.301},"geometry":{"type":"Polygon","coordinates":[[[630240.93,5219653.46],[630222.46,5219686.33],[630220.9,5219684.41],[630240.18,5219650.13],[630240.93,5219653.46]]]}},{"type":"Feature","properties":{"vineyard_id":"V24","interrow_cover":"mixed","tile":"siret3_r030_c024.tif","area_m2":90.85},"geometry":{"type":"Polygon","coordinates":[[[630220.8,5219678.46],[630239.21,5219645.86],[630239.98,5219649.26],[630220.8,5219683.36],[630220.8,5219678.46]]]}},{"type":"Feature","properties":{"vineyard_id":"V24","interrow_cover":"mixed","tile":"siret3_r030_c024.tif","area_m2":79.368},"geometry":{"type":"Polygon","coordinates":[[[630220.8,5219672.87],[630238.29,5219641.76],[630239.02,5219644.99],[630220.8,5219677.24],[630220.8,5219672.87]]]}},{"type":"Feature","properties":{"vineyard_id":"V24","interrow_cover":"mixed","tile":"siret3_r030_c024.tif","area_m2":74.366},"geometry":{"type":"Polygon","coordinates":[[[630220.8,5219667.18],[630237.38,5219637.83],[630237.55,5219638.48],[630238.09,5219640.89],[630220.8,5219671.64],[630220.8,5219667.18]]]}},{"type":"Feature","properties":{"vineyard_id":"V28","interrow_cover":"mixed","tile":"siret3_r031_c019.tif","area_m2":92.653},"geometry":{"type":"Polygon","coordinates":[[[630016.0,5219633.32],[630016.0,5219635.2],[630015.24,5219635.2],[629981.45,5219595.64],[629982.84,5219594.53],[630016.0,5219633.32]]]}},{"type":"Feature","properties":{"vineyard_id":"V28","interrow_cover":"mixed","tile":"siret3_r031_c019.tif","area_m2":87.421},"geometry":{"type":"Polygon","coordinates":[[[629979.48,5219597.21],[629980.98,5219596.01],[630010.04,5219630.04],[630008.53,5219631.33],[629979.48,5219597.21]]]}},{"type":"Feature","properties":{"vineyard_id":"V28","interrow_cover":"mixed","tile":"siret3_r031_c019.tif","area_m2":90.665},"geometry":{"type":"Polygon","coordinates":[[[629977.4,5219598.87],[629979.01,5219597.58],[630008.08,5219631.72],[630006.57,5219633.01],[629977.4,5219598.87]]]}},{"type":"Feature","properties":{"vineyard_id":"V28","interrow_cover":"mixed","tile":"siret3_r031_c019.tif","area_m2":91.95},"geometry":{"type":"Polygon","coordinates":[[[630007.65,5219635.2],[630005.07,5219635.2],[629975.37,5219600.49],[629976.93,5219599.24],[630007.65,5219635.2]]]}},{"type":"Feature","properties":{"vineyard_id":"V28","interrow_cover":"mixed","tile":"siret3_r031_c019.tif","area_m2":88.742},"geometry":{"type":"Polygon","coordinates":[[[630004.28,5219635.2],[630001.54,5219635.2],[629973.4,5219602.06],[629974.9,5219600.86],[630004.28,5219635.2]]]}},{"type":"Feature","properties":{"vineyard_id":"V28","interrow_cover":"mixed","tile":"siret3_r031_c019.tif","area_m2":83.574},"geometry":{"type":"Polygon","coordinates":[[[629998.29,5219635.2],[629971.3,5219603.74],[629972.93,5219602.44],[630000.76,5219635.2],[629998.29,5219635.2]]]}},{"type":"Feature","properties":{"vineyard_id":"V29","interrow_cover":"mixed","tile":"siret3_r031_c020.tif","area_m2":24.676},"geometry":{"type":"Polygon","coordinates":[[[630067.2,5219596.62],[630067.2,5219598.68],[630055.01,5219584.0],[630056.93,5219584.0],[630067.2,5219596.62]]]}},{"type":"Feature","properties":{"vineyard_id":"V29","interrow_cover":"mixed","tile":"siret3_r031_c020.tif","area_m2":38.08},"geometry":{"type":"Polygon","coordinates":[[[630067.2,5219599.62],[630067.2,5219602.33],[630051.99,5219584.0],[630054.23,5219584.0],[630067.2,5219599.62]]]}},{"type":"Feature","properties":{"vineyard_id":"V29","interrow_cover":"mixed","tile":"siret3_r031_c020.tif","area_m2":51.191},"geometry":{"type":"Polygon","coordinates":[[[630067.2,5219603.28],[630067.2,5219606.4],[630048.87,5219584.0],[630051.22,5219584.0],[630067.2,5219603.28]]]}},{"type":"Feature","properties":{"vineyard_id":"V29","interrow_cover":"mixed","tile":"siret3_r031_c020.tif","area_m2":61.93},"geometry":{"type":"Polygon","coordinates":[[[630067.2,5219607.34],[630067.2,5219610.27],[630045.51,5219584.0],[630048.09,5219584.0],[630067.2,5219607.34]]]}},{"type":"Feature","properties":{"vineyard_id":"V29","interrow_cover":"mixed","tile":"siret3_r031_c020.tif","area_m2":88.777},"geometry":{"type":"Polygon","coordinates":[[[630067.2,5219611.21],[630067.2,5219615.61],[630042.24,5219584.0],[630044.72,5219584.0],[630067.2,5219611.21]]]}},{"type":"Feature","properties":{"vineyard_id":"V29","interrow_cover":"mixed","tile":"siret3_r031_c020.tif","area_m2":72.099},"geometry":{"type":"Polygon","coordinates":[[[630067.2,5219616.58],[630067.2,5219618.9],[630039.06,5219584.0],[630041.48,5219584.0],[630067.2,5219616.58]]]}},{"type":"Feature","properties":{"vineyard_id":"V28","interrow_cover":"mixed","tile":"siret3_r031_c020.tif","area_m2":28.429},"geometry":{"type":"Polygon","coordinates":[[[630029.81,5219635.2],[630027.71,5219635.2],[630016.0,5219620.76],[630016.0,5219618.84],[630029.81,5219635.2]]]}},{"type":"Feature","properties":{"vineyard_id":"V28","interrow_cover":"mixed","tile":"siret3_r031_c020.tif","area_m2":24.512},"geometry":{"type":"Polygon","coordinates":[[[630026.94,5219635.2],[630025.02,5219635.2],[630016.0,5219624.29],[630016.0,5219621.71],[630026.94,5219635.2]]]}},{"type":"Feature","properties":{"vineyard_id":"V28","interrow_cover":"mixed","tile":"siret3_r031_c020.tif","area_m2":23.145},"geometry":{"type":"Polygon","coordinates":[[[630024.24,5219635.2],[630021.54,5219635.2],[630016.0,5219628.72],[630016.0,5219625.23],[630024.24,5219635.2]]]}},{"type":"Feature","properties":{"vineyard_id":"V30","interrow_cover":"bare_soil","tile":"siret3_r032_c018.tif","area_m2":97.514},"geometry":{"type":"Polygon","coordinates":[[[629951.4,5219584.0],[629921.38,5219547.22],[629921.4,5219547.2],[629921.5,5219547.2],[629921.4,5219547.1],[629921.5,5219547.0],[629921.7,5219547.0],[629921.7,5219546.9],[629921.8,5219546.8],[629921.9,5219546.8],[629921.9,5219546.5],[629922.0,5219546.4],[629922.3,5219546.4],[629922.3,5219546.3],[629922.4,5219546.2],[629922.7,5219546.2],[629922.7,5219546.1],[629922.8,5219546.0],[629922.9,5219546.0],[629923.0,5219546.09],[629923.0,5219546.1],[629923.0,5219546.2],[629923.08,5219546.2],[629954.07,5219584.0],[629951.4,5219584.0]]]}},{"type":"Feature","properties":{"vineyard_id":"V30","interrow_cover":"bare_soil","tile":"siret3_r032_c018.tif","area_m2":79.644},"geometry":{"type":"Polygon","coordinates":[[[629922.63,5219552.65],[629924.08,5219551.47],[629950.62,5219584.0],[629948.04,5219584.0],[629922.63,5219552.65]]]}},{"type":"Feature","properties":{"vineyard_id":"V30","interrow_cover":"bare_soil","tile":"siret3_r032_c018.tif","area_m2":69.806},"geometry":{"type":"Polygon","coordinates":[[[629920.9,5219554.07],[629922.17,5219553.03],[629947.27,5219584.0],[629944.78,5219584.0],[629920.9,5219554.07]]]}},{"type":"Feature","properties":{"vineyard_id":"V30","interrow_cover":"mixed","tile":"siret3_r032_c018.tif","area_m2":87.453},"geometry":{"type":"Polygon","coordinates":[[[629941.56,5219584.0],[629916.74,5219553.67],[629916.8,5219553.6],[629916.9,5219553.6],[629916.8,5219553.5],[629916.8,5219553.4],[629916.9,5219553.3],[629917.0,5219553.3],[629917.1,5219553.4],[629917.1,5219552.9],[629917.2,5219552.8],[629917.2,5219552.7],[629917.3,5219552.6],[629917.3,5219552.5],[629917.4,5219552.4],[629917.5,5219552.5],[629917.5,5219552.0],[629917.9,5219551.6],[629917.9,5219551.27],[629944.02,5219584.0],[629941.56,5219584.0]]]}},{"type":"Feature","properties":{"vineyard_id":"V30","interrow_cover":"mixed","tile":"siret3_r032_c018.tif","area_m2":76.95},"geometry":{"type":"Polygon","coordinates":[[[629938.11,5219584.0],[629915.5,5219556.39],[629915.5,5219556.2],[629915.7,5219556.0],[629915.6,5219555.9],[629915.7,5219555.8],[629915.7,5219555.7],[629915.8,5219555.6],[629915.9,5219555.7],[629915.9,5219555.4],[629916.0,5219555.3],[629916.1,5219555.3],[629916.0,5219555.2],[629916.0,5219555.1],[629916.3,5219554.8],[629916.3,5219554.5],[629916.4,5219554.4],[629916.4,5219554.2],[629940.78,5219584.0],[629938.11,5219584.0]]]}},{"type":"Feature","properties":{"vineyard_id":"V30","interrow_cover":"vegetation","tile":"siret3_r032_c018.tif","area_m2":68.818},"geometry":{"type":"Polygon","coordinates":[[[629934.59,5219584.0],[629914.1,5219558.71],[629914.1,5219558.6],[629914.4,5219558.3],[629914.4,5219558.2],[629914.5,5219558.1],[629914.5,5219558.0],[629914.6,5219557.9],[629914.7,5219557.9],[629914.7,5219557.7],[629914.8,5219557.6],[629914.8,5219557.5],[629914.9,5219557.4],[629914.9,5219557.3],[629915.0,5219557.2],[629915.0,5219557.1],[629915.1,5219557.0],[629915.1,5219556.85],[629937.34,5219584.0],[629934.59,5219584.0]]]}},{"type":"Feature","properties":{"vineyard_id":"V32","interrow_cover":"mixed","tile":"siret3_r032_c020.tif","area_m2":44.507},"geometry":{"type":"Polygon","coordinates":[[[630021.61,5219532.8],[630024.46,5219532.8],[630035.73,5219547.72],[630033.97,5219549.15],[630021.61,5219532.8]]]}},{"type":"Feature","properties":{"vineyard_id":"V32","interrow_cover":"mixed","tile":"siret3_r032_c020.tif","area_m2":48.847},"geometry":{"type":"Polygon","coordinates":[[[630018.08,5219532.8],[630020.85,5219532.8],[630033.51,5219549.53],[630031.76,5219550.96],[630018.08,5219532.8]]]}},{"type":"Feature","properties":{"vineyard_id":"V32","interrow_cover":"mixed","tile":"siret3_r032_c020.tif","area_m2":52.683},"geometry":{"type":"Polygon","coordinates":[[[630029.48,5219552.82],[630016.05,5219534.92],[630017.41,5219532.91],[630031.3,5219551.33],[630029.48,5219552.82]]]}},{"type":"Feature","properties":{"vineyard_id":"V32","interrow_cover":"mixed","tile":"siret3_r032_c020.tif","area_m2":42.76},"geometry":{"type":"Polygon","coordinates":[[[630028.94,5219553.09],[630024.65,5219551.36],[630016.0,5219539.78],[630016.0,5219535.85],[630028.94,5219553.09]]]}},{"type":"Feature","properties":{"vineyard_id":"V33","interrow_cover":"bare_soil","tile":"siret3_r032_c021.tif","area_m2":19.155},"geometry":{"type":"Polygon","coordinates":[[[630118.4,5219537.47],[630118.4,5219541.18],[630111.8,5219532.8],[630114.76,5219532.8],[630118.4,5219537.47]]]}},{"type":"Feature","properties":{"vineyard_id":"V31","interrow_cover":"mixed","tile":"siret3_r032_c021.tif","area_m2":71.164},"geometry":{"type":"Polygon","coordinates":[[[630118.4,5219557.86],[630118.4,5219561.24],[630096.3,5219532.8],[630099.0,5219532.8],[630118.4,5219557.86]]]}},{"type":"Feature","properties":{"vineyard_id":"V31","interrow_cover":"mixed","tile":"siret3_r032_c021.tif","area_m2":87.895},"geometry":{"type":"Polygon","coordinates":[[[630118.4,5219562.22],[630118.4,5219565.86],[630092.74,5219532.8],[630095.54,5219532.8],[630118.4,5219562.22]]]}},{"type":"Feature","properties":{"vineyard_id":"V31","interrow_cover":"mixed","tile":"siret3_r032_c021.tif","area_m2":78.508},"geometry":{"type":"Polygon","coordinates":[[[630118.4,5219566.83],[630118.4,5219569.65],[630089.74,5219532.8],[630091.98,5219532.8],[630118.4,5219566.83]]]}},{"type":"Feature","properties":{"vineyard_id":"V32","interrow_cover":"mixed","tile":"siret3_r033_c019.tif","area_m2":86.9},"geometry":{"type":"Polygon","coordinates":[[[630016.0,5219515.21],[630016.0,5219518.14],[629985.97,5219481.6],[629988.52,5219481.6],[630016.0,5219515.21]]]}},{"type":"Feature","properties":{"vineyard_id":"V32","interrow_cover":"mixed","tile":"siret3_r033_c019.tif","area_m2":101.393},"geometry":{"type":"Polygon","coordinates":[[[630016.0,5219519.08],[630016.0,5219522.19],[629982.56,5219481.6],[629985.19,5219481.6],[630016.0,5219519.08]]]}},{"type":"Feature","properties":{"vineyard_id":"V32","interrow_cover":"mixed","tile":"siret3_r033_c019.tif","area_m2":110.495},"geometry":{"type":"Polygon","coordinates":[[[629980.86,5219483.66],[629981.9,5219481.74],[630016.0,5219523.14],[630016.0,5219526.35],[629980.86,5219483.66]]]}},{"type":"Feature","properties":{"vineyard_id":"V32","interrow_cover":"mixed","tile":"siret3_r033_c019.tif","area_m2":138.967},"geometry":{"type":"Polygon","coordinates":[[[630016.0,5219531.01],[629978.69,5219485.9],[629980.62,5219484.31],[630016.0,5219527.29],[630016.0,5219531.01]]]}},{"type":"Feature","properties":{"vineyard_id":"V32","interrow_cover":"bare_soil","tile":"siret3_r033_c019.tif","area_m2":138.798},"geometry":{"type":"Polygon","coordinates":[[[630016.0,5219532.8],[630013.68,5219532.8],[629976.41,5219487.77],[629978.23,5219486.28],[630016.0,5219531.95],[630016.0,5219532.8]]]}},{"type":"Feature","properties":{"vineyard_id":"V32","interrow_cover":"bare_soil","tile":"siret3_r033_c019.tif","area_m2":125.705},"geometry":{"type":"Polygon","coordinates":[[[629974.23,5219489.57],[629975.94,5219488.16],[630012.9,5219532.8],[630010.07,5219532.8],[629974.23,5219489.57]]]}},{"type":"Feature","properties":{"vineyard_id":"V32","interrow_cover":"bare_soil","tile":"siret3_r033_c019.tif","area_m2":177.943},"geometry":{"type":"Polygon","coordinates":[[[629971.38,5219491.92],[629973.76,5219489.95],[630009.29,5219532.8],[630004.79,5219532.8],[629971.38,5219491.92]]]}},{"type":"Feature","properties":{"vineyard_id":"V32","interrow_cover":"mixed","tile":"siret3_r033_c020.tif","area_m2":35.065},"geometry":{"type":"Polygon","coordinates":[[[630030.43,5219532.8],[630028.13,5219532.8],[630016.0,5219518.1],[630016.0,5219515.58],[630030.43,5219532.8]]]}},{"type":"Feature","properties":{"vineyard_id":"V32","interrow_cover":"mixed","tile":"siret3_r033_c020.tif","area_m2":29.015},"geometry":{"type":"Polygon","coordinates":[[[630027.35,5219532.8],[630025.07,5219532.8],[630016.0,5219521.98],[630016.0,5219519.04],[630027.35,5219532.8]]]}},{"type":"Feature","properties":{"vineyard_id":"V32","interrow_cover":"mixed","tile":"siret3_r033_c020.tif","area_m2":22.778},"geometry":{"type":"Polygon","coordinates":[[[630024.29,5219532.8],[630021.51,5219532.8],[630016.0,5219526.18],[630016.0,5219522.91],[630024.29,5219532.8]]]}},{"type":"Feature","properties":{"vineyard_id":"V32","interrow_cover":"mixed","tile":"siret3_r033_c020.tif","area_m2":11.556},"geometry":{"type":"Polygon","coordinates":[[[630020.72,5219532.8],[630017.75,5219532.8],[630016.0,5219530.68],[630016.0,5219527.12],[630020.72,5219532.8]]]}},{"type":"Feature","properties":{"vineyard_id":"V33","interrow_cover":"mixed","tile":"siret3_r033_c022.tif","area_m2":177.607},"geometry":{"type":"Polygon","coordinates":[[[630160.29,5219532.8],[630156.68,5219532.8],[630118.4,5219485.47],[630118.4,5219481.62],[630118.43,5219481.6],[630118.84,5219481.6],[630160.29,5219532.8]]]}},{"type":"Feature","properties":{"vineyard_id":"V33","interrow_cover":"bare_soil","tile":"siret3_r033_c022.tif","area_m2":100.132},"geometry":{"type":"Polygon","coordinates":[[[630145.35,5219532.8],[630142.32,5219532.8],[630118.4,5219503.39],[630118.4,5219499.26],[630145.35,5219532.8]]]}},{"type":"Feature","properties":{"vineyard_id":"V33","interrow_cover":"bare_soil","tile":"siret3_r033_c022.tif","area_m2":84.049},"geometry":{"type":"Polygon","coordinates":[[[630141.55,5219532.8],[630138.25,5219532.8],[630118.4,5219508.08],[630118.4,5219504.34],[630141.55,5219532.8]]]}},{"type":"Feature","properties":{"vineyard_id":"V33","interrow_cover":"bare_soil","tile":"siret3_r033_c022.tif","area_m2":66.838},"geometry":{"type":"Polygon","coordinates":[[[630137.48,5219532.8],[630134.39,5219532.8],[630118.4,5219512.8],[630118.4,5219509.04],[630137.48,5219532.8]]]}},{"type":"Feature","properties":{"vineyard_id":"V33","interrow_cover":"bare_soil","tile":"siret3_r033_c022.tif","area_m2":52.145},"geometry":{"type":"Polygon","coordinates":[[[630133.62,5219532.8],[630130.72,5219532.8],[630118.4,5219517.75],[630118.4,5219513.76],[630133.62,5219532.8]]]}},{"type":"Feature","properties":{"vineyard_id":"V33","interrow_cover":"bare_soil","tile":"siret3_r033_c022.tif","area_m2":40.61},"geometry":{"type":"Polygon","coordinates":[[[630129.95,5219532.8],[630126.53,5219532.8],[630118.4,5219522.76],[630118.4,5219518.7],[630129.95,5219532.8]]]}},{"type":"Feature","properties":{"vineyard_id":"V33","interrow_cover":"bare_soil","tile":"siret3_r033_c022.tif","area_m2":23.02},"geometry":{"type":"Polygon","coordinates":[[[630125.76,5219532.8],[630122.39,5219532.8],[630118.4,5219527.59],[630118.4,5219523.71],[630125.76,5219532.8]]]}},{"type":"Feature","properties":{"vineyard_id":"V34","interrow_cover":"mixed","tile":"siret3_r034_c022.tif","area_m2":72.097},"geometry":{"type":"Polygon","coordinates":[[[630118.52,5219430.4],[630120.97,5219430.4],[630142.81,5219458.76],[630141.11,5219459.84],[630118.52,5219430.4]]]}},{"type":"Feature","properties":{"vineyard_id":"V34","interrow_cover":"mixed","tile":"siret3_r034_c022.tif","area_m2":80.142},"geometry":{"type":"Polygon","coordinates":[[[630118.4,5219435.02],[630118.4,5219431.23],[630140.6,5219460.17],[630138.67,5219461.4],[630118.4,5219435.02]]]}},{"type":"Feature","properties":{"vineyard_id":"V34","interrow_cover":"mixed","tile":"siret3_r034_c022.tif","area_m2":72.102},"geometry":{"type":"Polygon","coordinates":[[[630118.4,5219439.89],[630118.4,5219436.0],[630138.16,5219461.73],[630136.2,5219462.97],[630118.4,5219439.89]]]}},{"type":"Feature","properties":{"vineyard_id":"V34","interrow_cover":"mixed","tile":"siret3_r034_c022.tif","area_m2":58.726},"geometry":{"type":"Polygon","coordinates":[[[630135.66,5219463.25],[630131.69,5219461.91],[630118.4,5219444.77],[630118.4,5219440.88],[630135.66,5219463.25]]]}},{"type":"Feature","properties":{"vineyard_id":"V36","interrow_cover":"bare_soil","tile":"siret3_r034_c026.tif","area_m2":70.391},"geometry":{"type":"Polygon","coordinates":[[[630350.5,5219454.95],[630323.22,5219432.1],[630324.31,5219430.54],[630352.3,5219453.82],[630350.5,5219454.95]]]}},{"type":"Feature","properties":{"vineyard_id":"V36","interrow_cover":"bare_soil","tile":"siret3_r034_c026.tif","area_m2":68.022},"geometry":{"type":"Polygon","coordinates":[[[630350.27,5219455.54],[630350.27,5219458.04],[630323.2,5219435.4],[630323.2,5219432.87],[630350.27,5219455.54]]]}},{"type":"Feature","properties":{"vineyard_id":"V36","interrow_cover":"bare_soil","tile":"siret3_r034_c026.tif","area_m2":64.419},"geometry":{"type":"Polygon","coordinates":[[[630350.13,5219458.71],[630349.5,5219460.56],[630323.2,5219438.64],[630323.2,5219436.18],[630350.13,5219458.71]]]}},{"type":"Feature","properties":{"vineyard_id":"V36","interrow_cover":"bare_soil","tile":"siret3_r034_c026.tif","area_m2":53.472},"geometry":{"type":"Polygon","coordinates":[[[630349.15,5219461.04],[630347.83,5219462.04],[630323.2,5219441.55],[630323.2,5219439.42],[630349.15,5219461.04]]]}},{"type":"Feature","properties":{"vineyard_id":"V36","interrow_cover":"bare_soil","tile":"siret3_r034_c026.tif","area_m2":66.522},"geometry":{"type":"Polygon","coordinates":[[[630347.58,5219462.61],[630347.36,5219465.19],[630323.2,5219445.05],[630323.2,5219442.33],[630347.58,5219462.61]]]}},{"type":"Feature","properties":{"vineyard_id":"V36","interrow_cover":"mixed","tile":"siret3_r034_c026.tif","area_m2":61.906},"geometry":{"type":"Polygon","coordinates":[[[630348.04,5219466.54],[630350.72,5219471.1],[630323.2,5219448.24],[630323.2,5219445.83],[630348.04,5219466.54]]]}},{"type":"Feature","properties":{"vineyard_id":"V35","interrow_cover":"mixed","tile":"siret3_r035_c021.tif","area_m2":9.938},"geometry":{"type":"Polygon","coordinates":[[[630118.4,5219380.66],[630118.4,5219384.47],[630114.31,5219379.2],[630117.26,5219379.2],[630118.4,5219380.66]]]}},{"type":"Feature","properties":{"vineyard_id":"V35","interrow_cover":"mixed","tile":"siret3_r035_c021.tif","area_m2":34.234},"geometry":{"type":"Polygon","coordinates":[[[630118.4,5219393.7],[630118.4,5219396.48],[630104.77,5219379.2],[630106.88,5219379.2],[630118.4,5219393.7]]]}},{"type":"Feature","properties":{"vineyard_id":"V34","interrow_cover":"mixed","tile":"siret3_r035_c021.tif","area_m2":87.704},"geometry":{"type":"Polygon","coordinates":[[[630091.62,5219392.72],[630118.4,5219426.83],[630118.4,5219429.81],[630118.38,5219430.18],[630092.44,5219397.05],[630091.62,5219392.72]]]}},{"type":"Feature","properties":{"vineyard_id":"V34","interrow_cover":"bare_soil","tile":"siret3_r035_c021.tif","area_m2":98.288},"geometry":{"type":"Polygon","coordinates":[[[630092.05,5219397.53],[630117.8,5219430.4],[630115.01,5219430.4],[630087.73,5219395.92],[630092.05,5219397.53]]]}},{"type":"Feature","properties":{"vineyard_id":"V34","interrow_cover":"bare_soil","tile":"siret3_r035_c021.tif","area_m2":111.55},"geometry":{"type":"Polygon","coordinates":[[[630110.84,5219430.4],[630085.22,5219397.86],[630087.2,5219396.21],[630114.25,5219430.4],[630110.84,5219430.4]]]}},{"type":"Feature","properties":{"vineyard_id":"V34","interrow_cover":"mixed","tile":"siret3_r035_c021.tif","area_m2":101.903},"geometry":{"type":"Polygon","coordinates":[[[630106.74,5219430.4],[630082.84,5219399.83],[630084.76,5219398.24],[630110.08,5219430.4],[630106.74,5219430.4]]]}},{"type":"Feature","properties":{"vineyard_id":"V34","interrow_cover":"mixed","tile":"siret3_r035_c021.tif","area_m2":69.423},"geometry":{"type":"Polygon","coordinates":[[[630103.76,5219430.4],[630080.88,5219401.46],[630082.38,5219400.21],[630105.98,5219430.4],[630103.76,5219430.4]]]}},{"type":"Feature","properties":{"vineyard_id":"V38","interrow_cover":"mixed","tile":"siret3_r035_c022.tif","area_m2":29.999},"geometry":{"type":"Polygon","coordinates":[[[630169.6,5219388.72],[630169.6,5219392.1],[630159.42,5219379.2],[630162.1,5219379.2],[630169.6,5219388.72]]]}},{"type":"Feature","properties":{"vineyard_id":"V38","interrow_cover":"mixed","tile":"siret3_r035_c022.tif","area_m2":32.016},"geometry":{"type":"Polygon","coordinates":[[[630169.6,5219393.07],[630169.6,5219395.73],[630156.54,5219379.2],[630158.65,5219379.2],[630169.6,5219393.07]]]}},{"type":"Feature","properties":{"vineyard_id":"V38","interrow_cover":"bare_soil","tile":"siret3_r035_c022.tif","area_m2":87.549},"geometry":{"type":"Polygon","coordinates":[[[630169.6,5219409.68],[630169.6,5219413.29],[630143.24,5219379.2],[630145.86,5219379.2],[630169.6,5219409.68]]]}},{"type":"Feature","properties":{"vineyard_id":"V38","interrow_cover":"bare_soil","tile":"siret3_r035_c022.tif","area_m2":84.697},"geometry":{"type":"Polygon","coordinates":[[[630169.6,5219414.28],[630169.6,5219416.93],[630139.9,5219379.2],[630142.49,5219379.2],[630169.6,5219414.28]]]}},{"type":"Feature","properties":{"vineyard_id":"V38","interrow_cover":"bare_soil","tile":"siret3_r035_c022.tif","area_m2":91.127},"geometry":{"type":"Polygon","coordinates":[[[630169.6,5219417.9],[630169.6,5219420.62],[630136.74,5219379.2],[630139.14,5219379.2],[630169.6,5219417.9]]]}},{"type":"Feature","properties":{"vineyard_id":"V38","interrow_cover":"bare_soil","tile":"siret3_r035_c022.tif","area_m2":128.299},"geometry":{"type":"Polygon","coordinates":[[[630169.6,5219421.58],[630169.6,5219425.43],[630133.22,5219379.2],[630135.97,5219379.2],[630169.6,5219421.58]]]}},{"type":"Feature","properties":{"vineyard_id":"V35","interrow_cover":"bare_soil","tile":"siret3_r035_c022.tif","area_m2":98.167},"geometry":{"type":"Polygon","coordinates":[[[630147.71,5219430.4],[630145.07,5219430.4],[630118.4,5219396.73],[630118.4,5219393.06],[630147.71,5219430.4]]]}},{"type":"Feature","properties":{"vineyard_id":"V35","interrow_cover":"bare_soil","tile":"siret3_r035_c022.tif","area_m2":57.695},"geometry":{"type":"Polygon","coordinates":[[[630144.3,5219430.4],[630142.4,5219430.4],[630118.4,5219399.91],[630118.4,5219397.69],[630144.3,5219430.4]]]}},{"type":"Feature","properties":{"vineyard_id":"V41","interrow_cover":"mixed","tile":"siret3_r035_c025.tif","area_m2":70.214},"geometry":{"type":"Polygon","coordinates":[[[630323.2,5219405.08],[630323.2,5219409.15],[630302.94,5219379.2],[630305.18,5219379.2],[630323.2,5219405.08]]]}},{"type":"Feature","properties":{"vineyard_id":"V41","interrow_cover":"bare_soil","tile":"siret3_r035_c025.tif","area_m2":84.901},"geometry":{"type":"Polygon","coordinates":[[[630323.2,5219410.22],[630323.2,5219413.57],[630299.32,5219379.2],[630302.21,5219379.2],[630323.2,5219410.22]]]}},{"type":"Feature","properties":{"vineyard_id":"V41","interrow_cover":"mixed","tile":"siret3_r035_c025.tif","area_m2":124.342},"geometry":{"type":"Polygon","coordinates":[[[630287.92,5219379.2],[630290.98,5219379.2],[630318.85,5219418.89],[630317.07,5219420.72],[630287.92,5219379.2]]]}},{"type":"Feature","properties":{"vineyard_id":"V41","interrow_cover":"mixed","tile":"siret3_r035_c025.tif","area_m2":124.048},"geometry":{"type":"Polygon","coordinates":[[[630284.21,5219379.2],[630287.19,5219379.2],[630316.65,5219421.16],[630315.01,5219422.85],[630284.21,5219379.2]]]}},{"type":"Feature","properties":{"vineyard_id":"V41","interrow_cover":"mixed","tile":"siret3_r035_c025.tif","area_m2":136.084},"geometry":{"type":"Polygon","coordinates":[[[630280.48,5219379.2],[630283.48,5219379.2],[630314.58,5219423.29],[630312.81,5219425.11],[630280.48,5219379.2]]]}},{"type":"Feature","properties":{"vineyard_id":"V41","interrow_cover":"bare_soil","tile":"siret3_r035_c025.tif","area_m2":156.8},"geometry":{"type":"Polygon","coordinates":[[[630276.41,5219379.2],[630279.75,5219379.2],[630312.39,5219425.54],[630310.48,5219427.51],[630276.41,5219379.2]]]}},{"type":"Feature","properties":{"vineyard_id":"V41","interrow_cover":"mixed","tile":"siret3_r035_c025.tif","area_m2":111.525},"geometry":{"type":"Polygon","coordinates":[[[630275.67,5219379.2],[630310.26,5219428.24],[630309.36,5219430.27],[630273.55,5219379.2],[630275.67,5219379.2]]]}},{"type":"Feature","properties":{"vineyard_id":"V41","interrow_cover":"mixed","tile":"siret3_r035_c025.tif","area_m2":121.725},"geometry":{"type":"Polygon","coordinates":[[[630308.72,5219430.4],[630306.3,5219430.4],[630272.0,5219381.47],[630272.0,5219379.22],[630272.03,5219379.2],[630272.81,5219379.2],[630308.72,5219430.4]]]}},{"type":"Feature","properties":{"vineyard_id":"V41","interrow_cover":"bare_soil","tile":"siret3_r035_c025.tif","area_m2":112.906},"geometry":{"type":"Polygon","coordinates":[[[630302.14,5219425.51],[630300.35,5219426.76],[630272.0,5219386.43],[630272.0,5219382.51],[630302.14,5219425.51]]]}},{"type":"Feature","properties":{"vineyard_id":"V41","interrow_cover":"bare_soil","tile":"siret3_r035_c025.tif","area_m2":85.62},"geometry":{"type":"Polygon","coordinates":[[[630299.86,5219427.11],[630298.37,5219428.15],[630272.0,5219390.63],[630272.0,5219387.47],[630299.86,5219427.11]]]}},{"type":"Feature","properties":{"vineyard_id":"V41","interrow_cover":"bare_soil","tile":"siret3_r035_c025.tif","area_m2":83.356},"geometry":{"type":"Polygon","coordinates":[[[630299.22,5219430.4],[630296.91,5219430.4],[630272.0,5219394.78],[630272.0,5219391.68],[630299.22,5219430.4]]]}},{"type":"Feature","properties":{"vineyard_id":"V41","interrow_cover":"bare_soil","tile":"siret3_r035_c025.tif","area_m2":126.796},"geometry":{"type":"Polygon","coordinates":[[[630296.18,5219430.4],[630292.23,5219430.4],[630272.0,5219401.61],[630272.0,5219395.83],[630296.18,5219430.4]]]}},{"type":"Feature","properties":{"vineyard_id":"V41","interrow_cover":"mixed","tile":"siret3_r035_c025.tif","area_m2":49.506},"geometry":{"type":"Polygon","coordinates":[[[630284.79,5219430.4],[630281.62,5219430.4],[630272.0,5219416.71],[630272.0,5219412.36],[630284.79,5219430.4]]]}},{"type":"Feature","properties":{"vineyard_id":"V36","interrow_cover":"bare_soil","tile":"siret3_r035_c026.tif","area_m2":73.693},"geometry":{"type":"Polygon","coordinates":[[[630362.79,5219406.81],[630362.73,5219407.04],[630342.33,5219430.4],[630339.4,5219430.4],[630362.82,5219403.58],[630362.79,5219406.81]]]}},{"type":"Feature","properties":{"vineyard_id":"V36","interrow_cover":"bare_soil","tile":"siret3_r035_c026.tif","area_m2":94.908},"geometry":{"type":"Polygon","coordinates":[[[630335.75,5219430.4],[630365.88,5219395.57],[630365.06,5219397.43],[630365.02,5219397.56],[630364.98,5219397.68],[630364.15,5219401.15],[630338.61,5219430.4],[630335.75,5219430.4]]]}},{"type":"Feature","properties":{"vineyard_id":"V36","interrow_cover":"bare_soil","tile":"siret3_r035_c026.tif","area_m2":131.998},"geometry":{"type":"Polygon","coordinates":[[[630334.96,5219430.4],[630332.13,5219430.4],[630374.4,5219381.61],[630374.4,5219384.8],[630334.96,5219430.4]]]}},{"type":"Feature","properties":{"vineyard_id":"V36","interrow_cover":"bare_soil","tile":"siret3_r035_c026.tif","area_m2":133.135},"geometry":{"type":"Polygon","coordinates":[[[630332.63,5219428.91],[630331.04,5219427.52],[630373.02,5219379.2],[630374.37,5219379.2],[630374.4,5219379.23],[630374.4,5219380.69],[630332.63,5219428.91]]]}},{"type":"Feature","properties":{"vineyard_id":"V36","interrow_cover":"bare_soil","tile":"siret3_r035_c026.tif","area_m2":128.839},"geometry":{"type":"Polygon","coordinates":[[[630330.59,5219427.13],[630328.95,5219425.71],[630369.64,5219379.2],[630372.22,5219379.2],[630330.59,5219427.13]]]}},{"type":"Feature","properties":{"vineyard_id":"V36","interrow_cover":"bare_soil","tile":"siret3_r035_c026.tif","area_m2":121.533},"geometry":{"type":"Polygon","coordinates":[[[630328.62,5219425.18],[630327.16,5219423.91],[630366.05,5219379.2],[630368.84,5219379.2],[630328.62,5219425.18]]]}},{"type":"Feature","properties":{"vineyard_id":"V36","interrow_cover":"bare_soil","tile":"siret3_r035_c026.tif","area_m2":122.08},"geometry":{"type":"Polygon","coordinates":[[[630326.71,5219423.52],[630325.1,5219422.11],[630362.48,5219379.2],[630365.25,5219379.2],[630326.71,5219423.52]]]}},{"type":"Feature","properties":{"vineyard_id":"V36","interrow_cover":"mixed","tile":"siret3_r035_c026.tif","area_m2":98.941},"geometry":{"type":"Polygon","coordinates":[[[630323.2,5219423.39],[630323.2,5219420.71],[630359.41,5219379.2],[630361.69,5219379.2],[630323.2,5219423.39]]]}},{"type":"Feature","properties":{"vineyard_id":"V37","interrow_cover":"mixed","tile":"siret3_r035_c026.tif","area_m2":23.171},"geometry":{"type":"Polygon","coordinates":[[[630367.96,5219430.4],[630362.35,5219421.47],[630362.98,5219418.82],[630370.18,5219430.4],[630367.96,5219430.4]]]}},{"type":"Feature","properties":{"vineyard_id":"V37","interrow_cover":"bare_soil","tile":"siret3_r035_c026.tif","area_m2":1.324},"geometry":{"type":"Polygon","coordinates":[[[630360.2,5219430.4],[630360.62,5219428.65],[630361.72,5219430.4],[630360.2,5219430.4]]]}},{"type":"Feature","properties":{"vineyard_id":"V36","interrow_cover":"bare_soil","tile":"siret3_r035_c026.tif","area_m2":5.576},"geometry":{"type":"Polygon","coordinates":[[[630347.42,5219412.0],[630349.15,5219414.76],[630347.98,5219416.11],[630346.24,5219413.35],[630347.42,5219412.0]]]}},{"type":"Feature","properties":{"vineyard_id":"V36","interrow_cover":"bare_soil","tile":"siret3_r035_c026.tif","area_m2":6.534},"geometry":{"type":"Polygon","coordinates":[[[630345.83,5219413.83],[630347.58,5219416.58],[630346.2,5219418.17],[630344.47,5219415.4],[630345.83,5219413.83]]]}},{"type":"Feature","properties":{"vineyard_id":"V42","interrow_cover":"bare_soil","tile":"siret3_r036_c024.tif","area_m2":39.152},"geometry":{"type":"Polygon","coordinates":[[[630272.0,5219343.23],[630272.0,5219346.66],[630259.87,5219328.0],[630262.28,5219328.0],[630272.0,5219343.23]]]}},{"type":"Feature","properties":{"vineyard_id":"V42","interrow_cover":"bare_soil","tile":"siret3_r036_c024.tif","area_m2":54.342},"geometry":{"type":"Polygon","coordinates":[[[630272.0,5219347.76],[630272.0,5219351.63],[630256.66,5219328.0],[630259.16,5219328.0],[630272.0,5219347.76]]]}},{"type":"Feature","properties":{"vineyard_id":"V42","interrow_cover":"bare_soil","tile":"siret3_r036_c024.tif","area_m2":67.538},"geometry":{"type":"Polygon","coordinates":[[[630272.0,5219352.74],[630272.0,5219356.88],[630253.58,5219328.0],[630255.95,5219328.0],[630272.0,5219352.74]]]}},{"type":"Feature","properties":{"vineyard_id":"V42","interrow_cover":"bare_soil","tile":"siret3_r036_c024.tif","area_m2":80.642},"geometry":{"type":"Polygon","coordinates":[[[630272.0,5219358.0],[630272.0,5219361.97],[630250.36,5219328.0],[630252.86,5219328.0],[630272.0,5219358.0]]]}},{"type":"Feature","properties":{"vineyard_id":"V42","interrow_cover":"bare_soil","tile":"siret3_r036_c024.tif","area_m2":79.02},"geometry":{"type":"Polygon","coordinates":[[[630247.31,5219328.0],[630249.65,5219328.0],[630270.57,5219360.84],[630269.11,5219362.28],[630247.31,5219328.0]]]}},{"type":"Feature","properties":{"vineyard_id":"V42","interrow_cover":"mixed","tile":"siret3_r036_c024.tif","area_m2":80.06},"geometry":{"type":"Polygon","coordinates":[[[630244.27,5219328.0],[630246.6,5219328.0],[630268.68,5219362.71],[630267.33,5219364.05],[630244.27,5219328.0]]]}},{"type":"Feature","properties":{"vineyard_id":"V42","interrow_cover":"mixed","tile":"siret3_r036_c024.tif","area_m2":83.404},"geometry":{"type":"Polygon","coordinates":[[[630241.38,5219328.0],[630243.56,5219328.0],[630266.89,5219364.48],[630265.48,5219365.88],[630241.38,5219328.0]]]}},{"type":"Feature","properties":{"vineyard_id":"V42","interrow_cover":"mixed","tile":"siret3_r036_c024.tif","area_m2":88.675},"geometry":{"type":"Polygon","coordinates":[[[630238.35,5219328.0],[630240.67,5219328.0],[630265.04,5219366.31],[630263.68,5219367.67],[630238.35,5219328.0]]]}},{"type":"Feature","properties":{"vineyard_id":"V42","interrow_cover":"mixed","tile":"siret3_r036_c024.tif","area_m2":98.088},"geometry":{"type":"Polygon","coordinates":[[[630235.23,5219328.0],[630237.64,5219328.0],[630263.24,5219368.1],[630261.77,5219369.55],[630235.23,5219328.0]]]}},{"type":"Feature","properties":{"vineyard_id":"V42","interrow_cover":"bare_soil","tile":"siret3_r036_c024.tif","area_m2":103.293},"geometry":{"type":"Polygon","coordinates":[[[630232.12,5219328.0],[630234.52,5219328.0],[630261.34,5219369.99],[630259.96,5219371.35],[630259.81,5219371.41],[630232.12,5219328.0]]]}},{"type":"Feature","properties":{"vineyard_id":"V40","interrow_cover":"bare_soil","tile":"siret3_r036_c024.tif","area_m2":13.504},"geometry":{"type":"Polygon","coordinates":[[[630261.09,5219379.2],[630258.49,5219375.11],[630260.88,5219374.21],[630264.07,5219379.2],[630261.09,5219379.2]]]}},{"type":"Feature","properties":{"vineyard_id":"V42","interrow_cover":"bare_soil","tile":"siret3_r036_c024.tif","area_m2":129.041},"geometry":{"type":"Polygon","coordinates":[[[630228.52,5219328.0],[630231.41,5219328.0],[630259.23,5219371.62],[630256.84,5219372.52],[630228.52,5219328.0]]]}},{"type":"Feature","properties":{"vineyard_id":"V40","interrow_cover":"bare_soil","tile":"siret3_r036_c024.tif","area_m2":9.623},"geometry":{"type":"Polygon","coordinates":[[[630257.59,5219379.2],[630255.66,5219376.17],[630257.91,5219375.33],[630260.38,5219379.2],[630257.59,5219379.2]]]}},{"type":"Feature","properties":{"vineyard_id":"V42","interrow_cover":"bare_soil","tile":"siret3_r036_c024.tif","area_m2":123.552},"geometry":{"type":"Polygon","coordinates":[[[630225.11,5219328.0],[630227.81,5219328.0],[630256.27,5219372.74],[630254.02,5219373.58],[630225.11,5219328.0]]]}},{"type":"Feature","properties":{"vineyard_id":"V42","interrow_cover":"bare_soil","tile":"siret3_r036_c024.tif","area_m2":125.758},"geometry":{"type":"Polygon","coordinates":[[[630221.63,5219328.0],[630224.4,5219328.0],[630253.45,5219373.8],[630251.29,5219374.61],[630221.63,5219328.0]]]}},{"type":"Feature","properties":{"vineyard_id":"V39","interrow_cover":"bare_soil","tile":"siret3_r036_c024.tif","area_m2":34.853},"geometry":{"type":"Polygon","coordinates":[[[630229.64,5219379.2],[630227.01,5219379.2],[630220.8,5219369.45],[630220.8,5219364.47],[630229.64,5219379.2]]]}},{"type":"Feature","properties":{"vineyard_id":"V41","interrow_cover":"bare_soil","tile":"siret3_r036_c025.tif","area_m2":38.013},"geometry":{"type":"Polygon","coordinates":[[[630323.2,5219337.29],[630323.2,5219342.52],[630314.06,5219328.0],[630317.11,5219328.0],[630323.2,5219337.29]]]}},{"type":"Feature","properties":{"vineyard_id":"V41","interrow_cover":"bare_soil","tile":"siret3_r036_c025.tif","area_m2":49.412},"geometry":{"type":"Polygon","coordinates":[[[630323.2,5219343.64],[630323.2,5219348.05],[630310.59,5219328.0],[630313.35,5219328.0],[630323.2,5219343.64]]]}},{"type":"Feature","properties":{"vineyard_id":"V41","interrow_cover":"bare_soil","tile":"siret3_r036_c025.tif","area_m2":62.388},"geometry":{"type":"Polygon","coordinates":[[[630323.2,5219349.17],[630323.2,5219353.56],[630307.29,5219328.0],[630309.88,5219328.0],[630323.2,5219349.17]]]}},{"type":"Feature","properties":{"vineyard_id":"V41","interrow_cover":"bare_soil","tile":"siret3_r036_c025.tif","area_m2":72.341},"geometry":{"type":"Polygon","coordinates":[[[630323.2,5219354.7],[630323.2,5219358.9],[630304.16,5219328.0],[630306.58,5219328.0],[630323.2,5219354.7]]]}},{"type":"Feature","properties":{"vineyard_id":"V41","interrow_cover":"bare_soil","tile":"siret3_r036_c025.tif","area_m2":61.575},"geometry":{"type":"Polygon","coordinates":[[[630304.56,5219331.39],[630305.17,5219330.79],[630323.2,5219360.04],[630323.2,5219363.36],[630305.54,5219334.82],[630304.56,5219331.39]]]}},{"type":"Feature","properties":{"vineyard_id":"V41","interrow_cover":"bare_soil","tile":"siret3_r036_c025.tif","area_m2":60.328},"geometry":{"type":"Polygon","coordinates":[[[630305.46,5219335.83],[630322.61,5219363.55],[630321.14,5219364.47],[630302.21,5219333.99],[630305.46,5219335.83]]]}},{"type":"Feature","properties":{"vineyard_id":"V41","interrow_cover":"mixed","tile":"siret3_r036_c025.tif","area_m2":61.898},"geometry":{"type":"Polygon","coordinates":[[[630319.21,5219365.67],[630300.37,5219335.54],[630301.68,5219334.25],[630320.63,5219364.78],[630319.21,5219365.67]]]}},{"type":"Feature","properties":{"vineyard_id":"V41","interrow_cover":"bare_soil","tile":"siret3_r036_c025.tif","area_m2":84.09},"geometry":{"type":"Polygon","coordinates":[[[630323.2,5219376.9],[630298.66,5219337.24],[630299.93,5219335.98],[630323.2,5219373.18],[630323.2,5219376.9]]]}},{"type":"Feature","properties":{"vineyard_id":"V41","interrow_cover":"vegetation","tile":"siret3_r036_c025.tif","area_m2":14.425},"geometry":{"type":"Polygon","coordinates":[[[630276.97,5219379.2],[630274.71,5219379.2],[630272.0,5219374.58],[630272.0,5219370.88],[630276.97,5219379.2]]]}},{"type":"Feature","properties":{"vineyard_id":"V41","interrow_cover":"bare_soil","tile":"siret3_r036_c026.tif","area_m2":112.121},"geometry":{"type":"Polygon","coordinates":[[[630348.91,5219379.2],[630346.12,5219379.2],[630323.2,5219342.37],[630323.2,5219337.64],[630348.91,5219379.2]]]}},{"type":"Feature","properties":{"vineyard_id":"V41","interrow_cover":"bare_soil","tile":"siret3_r036_c026.tif","area_m2":92.266},"geometry":{"type":"Polygon","coordinates":[[[630345.41,5219379.2],[630342.73,5219379.2],[630323.2,5219348.04],[630323.2,5219343.5],[630345.41,5219379.2]]]}},{"type":"Feature","properties":{"vineyard_id":"V41","interrow_cover":"bare_soil","tile":"siret3_r036_c026.tif","area_m2":76.082},"geometry":{"type":"Polygon","coordinates":[[[630342.02,5219379.2],[630339.19,5219379.2],[630323.2,5219353.38],[630323.2,5219349.17],[630342.02,5219379.2]]]}},{"type":"Feature","properties":{"vineyard_id":"V41","interrow_cover":"bare_soil","tile":"siret3_r036_c026.tif","area_m2":61.627},"geometry":{"type":"Polygon","coordinates":[[[630338.49,5219379.2],[630335.7,5219379.2],[630323.2,5219358.88],[630323.2,5219354.52],[630338.49,5219379.2]]]}},{"type":"Feature","properties":{"vineyard_id":"V41","interrow_cover":"bare_soil","tile":"siret3_r036_c026.tif","area_m2":41.862},"geometry":{"type":"Polygon","coordinates":[[[630335.0,5219379.2],[630332.56,5219379.2],[630323.2,5219363.98],[630323.2,5219360.02],[630335.0,5219379.2]]]}},{"type":"Feature","properties":{"vineyard_id":"V41","interrow_cover":"bare_soil","tile":"siret3_r036_c026.tif","area_m2":22.073},"geometry":{"type":"Polygon","coordinates":[[[630331.86,5219379.2],[630330.1,5219379.2],[630323.2,5219367.95],[630323.2,5219365.13],[630331.86,5219379.2]]]}},{"type":"Feature","properties":{"vineyard_id":"V36","interrow_cover":"bare_soil","tile":"siret3_r036_c026.tif","area_m2":22.848},"geometry":{"type":"Polygon","coordinates":[[[630368.61,5219379.2],[630365.81,5219379.2],[630374.4,5219369.31],[630374.4,5219372.42],[630368.61,5219379.2]]]}},{"type":"Feature","properties":{"vineyard_id":"V36","interrow_cover":"bare_soil","tile":"siret3_r036_c026.tif","area_m2":31.211},"geometry":{"type":"Polygon","coordinates":[[[630365.02,5219379.2],[630362.51,5219379.2],[630374.4,5219365.43],[630374.4,5219368.39],[630365.02,5219379.2]]]}},{"type":"Feature","properties":{"vineyard_id":"V46","interrow_cover":"mixed","tile":"siret3_r037_c023.tif","area_m2":92.236},"geometry":{"type":"Polygon","coordinates":[[[630208.45,5219276.8],[630212.19,5219276.8],[630179.1,5219302.48],[630177.72,5219300.67],[630208.45,5219276.8]]]}},{"type":"Feature","properties":{"vineyard_id":"V46","interrow_cover":"mixed","tile":"siret3_r037_c023.tif","area_m2":76.662},"geometry":{"type":"Polygon","coordinates":[[[630204.07,5219276.8],[630207.47,5219276.8],[630177.36,5219300.19],[630176.1,5219298.53],[630204.07,5219276.8]]]}},{"type":"Feature","properties":{"vineyard_id":"V46","interrow_cover":"bare_soil","tile":"siret3_r037_c023.tif","area_m2":70.837},"geometry":{"type":"Polygon","coordinates":[[[630199.58,5219276.8],[630203.09,5219276.8],[630175.74,5219298.05],[630174.47,5219296.38],[630199.58,5219276.8]]]}},{"type":"Feature","properties":{"vineyard_id":"V46","interrow_cover":"mixed","tile":"siret3_r037_c023.tif","area_m2":63.637},"geometry":{"type":"Polygon","coordinates":[[[630195.1,5219276.8],[630198.6,5219276.8],[630174.1,5219295.9],[630172.81,5219294.2],[630195.1,5219276.8]]]}},{"type":"Feature","properties":{"vineyard_id":"V46","interrow_cover":"mixed","tile":"siret3_r037_c023.tif","area_m2":55.344},"geometry":{"type":"Polygon","coordinates":[[[630194.13,5219276.8],[630172.1,5219293.99],[630169.75,5219293.17],[630190.93,5219276.8],[630194.13,5219276.8]]]}},{"type":"Feature","properties":{"vineyard_id":"V46","interrow_cover":"bare_soil","tile":"siret3_r037_c023.tif","area_m2":47.94},"geometry":{"type":"Polygon","coordinates":[[[630169.6,5219292.53],[630169.6,5219290.08],[630186.48,5219276.8],[630189.95,5219276.8],[630169.6,5219292.53]]]}},{"type":"Feature","properties":{"vineyard_id":"V46","interrow_cover":"bare_soil","tile":"siret3_r037_c023.tif","area_m2":38.168},"geometry":{"type":"Polygon","coordinates":[[[630169.6,5219289.32],[630169.6,5219286.67],[630182.03,5219276.8],[630185.51,5219276.8],[630169.6,5219289.32]]]}},{"type":"Feature","properties":{"vineyard_id":"V46","interrow_cover":"bare_soil","tile":"siret3_r037_c023.tif","area_m2":28.006},"geometry":{"type":"Polygon","coordinates":[[[630169.6,5219285.91],[630169.6,5219282.92],[630177.51,5219276.8],[630181.07,5219276.8],[630169.6,5219285.91]]]}},{"type":"Feature","properties":{"vineyard_id":"V46","interrow_cover":"bare_soil","tile":"siret3_r037_c023.tif","area_m2":13.84},"geometry":{"type":"Polygon","coordinates":[[[630169.6,5219282.16],[630169.6,5219279.53],[630173.08,5219276.8],[630176.53,5219276.8],[630169.6,5219282.16]]]}},{"type":"Feature","properties":{"vineyard_id":"V42","interrow_cover":"mixed","tile":"siret3_r037_c023.tif","area_m2":52.224},"geometry":{"type":"Polygon","coordinates":[[[630209.2,5219298.7],[630220.8,5219316.94],[630220.8,5219321.12],[630207.56,5219300.35],[630209.2,5219298.7]]]}},{"type":"Feature","properties":{"vineyard_id":"V46","interrow_cover":"mixed","tile":"siret3_r037_c023.tif","area_m2":7.544},"geometry":{"type":"Polygon","coordinates":[[[630199.32,5219287.42],[630197.55,5219284.63],[630199.37,5219283.22],[630201.14,5219286.01],[630199.32,5219287.42]]]}},{"type":"Feature","properties":{"vineyard_id":"V42","interrow_cover":"bare_soil","tile":"siret3_r037_c023.tif","area_m2":62.401},"geometry":{"type":"Polygon","coordinates":[[[630207.09,5219300.72],[630220.8,5219322.24],[630220.8,5219326.49],[630205.13,5219301.89],[630207.09,5219300.72]]]}},{"type":"Feature","properties":{"vineyard_id":"V46","interrow_cover":"bare_soil","tile":"siret3_r037_c023.tif","area_m2":7.522},"geometry":{"type":"Polygon","coordinates":[[[630197.04,5219289.19],[630195.26,5219286.41],[630197.07,5219285.0],[630198.85,5219287.79],[630197.04,5219289.19]]]}},{"type":"Feature","properties":{"vineyard_id":"V44","interrow_cover":"mixed","tile":"siret3_r037_c024.tif","area_m2":50.9},"geometry":{"type":"Polygon","coordinates":[[[630272.0,5219299.08],[630272.0,5219302.42],[630255.6,5219276.8],[630257.71,5219276.8],[630272.0,5219299.08]]]}},{"type":"Feature","properties":{"vineyard_id":"V44","interrow_cover":"mixed","tile":"siret3_r037_c024.tif","area_m2":69.26},"geometry":{"type":"Polygon","coordinates":[[[630272.0,5219303.54],[630272.0,5219307.41],[630252.53,5219276.8],[630254.89,5219276.8],[630272.0,5219303.54]]]}},{"type":"Feature","properties":{"vineyard_id":"V42","interrow_cover":"mixed","tile":"siret3_r037_c024.tif","area_m2":115.801},"geometry":{"type":"Polygon","coordinates":[[[630257.24,5219319.63],[630255.35,5219320.85],[630227.24,5219276.8],[630229.9,5219276.8],[630257.24,5219319.63]]]}},{"type":"Feature","properties":{"vineyard_id":"V42","interrow_cover":"bare_soil","tile":"siret3_r037_c024.tif","area_m2":98.473},"geometry":{"type":"Polygon","coordinates":[[[630227.39,5219279.84],[630228.1,5219279.26],[630254.84,5219321.17],[630253.14,5219322.26],[630228.12,5219283.04],[630227.39,5219279.84]]]}},{"type":"Feature","properties":{"vineyard_id":"V42","interrow_cover":"bare_soil","tile":"siret3_r037_c024.tif","area_m2":110.447},"geometry":{"type":"Polygon","coordinates":[[[630227.96,5219283.9],[630256.09,5219328.0],[630253.66,5219328.0],[630224.5,5219282.4],[630227.96,5219283.9]]]}},{"type":"Feature","properties":{"vineyard_id":"V42","interrow_cover":"bare_soil","tile":"siret3_r037_c024.tif","area_m2":121.163},"geometry":{"type":"Polygon","coordinates":[[[630250.29,5219328.0],[630222.16,5219284.19],[630223.97,5219282.68],[630252.95,5219328.0],[630250.29,5219328.0]]]}},{"type":"Feature","properties":{"vineyard_id":"V42","interrow_cover":"bare_soil","tile":"siret3_r037_c024.tif","area_m2":103.602},"geometry":{"type":"Polygon","coordinates":[[[630249.57,5219328.0],[630247.23,5219328.0],[630220.8,5219287.04],[630220.8,5219283.18],[630249.57,5219328.0]]]}},{"type":"Feature","properties":{"vineyard_id":"V42","interrow_cover":"bare_soil","tile":"siret3_r037_c024.tif","area_m2":85.039},"geometry":{"type":"Polygon","coordinates":[[[630246.51,5219328.0],[630244.23,5219328.0],[630220.8,5219291.53],[630220.8,5219288.15],[630246.51,5219328.0]]]}},{"type":"Feature","properties":{"vineyard_id":"V42","interrow_cover":"bare_soil","tile":"siret3_r037_c024.tif","area_m2":76.59},"geometry":{"type":"Polygon","coordinates":[[[630243.52,5219328.0],[630241.32,5219328.0],[630220.8,5219296.32],[630220.8,5219292.64],[630243.52,5219328.0]]]}},{"type":"Feature","properties":{"vineyard_id":"V42","interrow_cover":"bare_soil","tile":"siret3_r037_c024.tif","area_m2":63.538},"geometry":{"type":"Polygon","coordinates":[[[630240.61,5219328.0],[630238.33,5219328.0],[630220.8,5219300.71],[630220.8,5219297.43],[630240.61,5219328.0]]]}},{"type":"Feature","properties":{"vineyard_id":"V42","interrow_cover":"bare_soil","tile":"siret3_r037_c024.tif","area_m2":59.853},"geometry":{"type":"Polygon","coordinates":[[[630237.61,5219328.0],[630234.99,5219328.0],[630220.8,5219305.42],[630220.8,5219301.82],[630237.61,5219328.0]]]}},{"type":"Feature","properties":{"vineyard_id":"V42","interrow_cover":"bare_soil","tile":"siret3_r037_c024.tif","area_m2":46.868},"geometry":{"type":"Polygon","coordinates":[[[630234.29,5219328.0],[630231.94,5219328.0],[630220.8,5219310.44],[630220.8,5219306.54],[630234.29,5219328.0]]]}},{"type":"Feature","properties":{"vineyard_id":"V42","interrow_cover":"bare_soil","tile":"siret3_r037_c024.tif","area_m2":38.672},"geometry":{"type":"Polygon","coordinates":[[[630231.23,5219328.0],[630228.4,5219328.0],[630220.8,5219315.62],[630220.8,5219311.56],[630231.23,5219328.0]]]}},{"type":"Feature","properties":{"vineyard_id":"V42","interrow_cover":"bare_soil","tile":"siret3_r037_c024.tif","area_m2":23.116},"geometry":{"type":"Polygon","coordinates":[[[630227.7,5219328.0],[630225.2,5219328.0],[630220.8,5219320.9],[630220.8,5219316.76],[630227.7,5219328.0]]]}},{"type":"Feature","properties":{"vineyard_id":"V45","interrow_cover":"bare_soil","tile":"siret3_r037_c025.tif","area_m2":19.915},"geometry":{"type":"Polygon","coordinates":[[[630323.2,5219286.89],[630316.57,5219276.8],[630318.89,5219276.8],[630322.6,5219282.1],[630322.5,5219282.2],[630322.6,5219282.3],[630322.6,5219282.4],[630322.8,5219282.6],[630322.8,5219282.7],[630322.7,5219282.8],[630322.8,5219282.9],[630322.8,5219283.1],[630322.9,5219283.0],[630323.0,5219283.1],[630323.0,5219283.4],[630323.1,5219283.5],[630323.1,5219282.82],[630323.2,5219282.96],[630323.2,5219286.89]]]}},{"type":"Feature","properties":{"vineyard_id":"V45","interrow_cover":"bare_soil","tile":"siret3_r037_c025.tif","area_m2":124.009},"geometry":{"type":"Polygon","coordinates":[[[630307.56,5219328.0],[630305.13,5219328.0],[630272.0,5219277.18],[630272.0,5219276.82],[630272.03,5219276.8],[630274.16,5219276.8],[630307.56,5219328.0]]]}},{"type":"Feature","properties":{"vineyard_id":"V44","interrow_cover":"mixed","tile":"siret3_r037_c025.tif","area_m2":73.632},"geometry":{"type":"Polygon","coordinates":[[[630291.41,5219328.0],[630288.58,5219328.0],[630272.0,5219302.28],[630272.0,5219298.44],[630291.41,5219328.0]]]}},{"type":"Feature","properties":{"vineyard_id":"V44","interrow_cover":"bare_soil","tile":"siret3_r037_c025.tif","area_m2":53.03},"geometry":{"type":"Polygon","coordinates":[[[630287.86,5219328.0],[630285.69,5219328.0],[630272.0,5219307.22],[630272.0,5219303.38],[630287.86,5219328.0]]]}},{"type":"Feature","properties":{"vineyard_id":"V44","interrow_cover":"bare_soil","tile":"siret3_r037_c025.tif","area_m2":39.11},"geometry":{"type":"Polygon","coordinates":[[[630284.97,5219328.0],[630282.73,5219328.0],[630272.0,5219311.49],[630272.0,5219308.32],[630284.97,5219328.0]]]}},{"type":"Feature","properties":{"vineyard_id":"V44","interrow_cover":"mixed","tile":"siret3_r037_c025.tif","area_m2":39.261},"geometry":{"type":"Polygon","coordinates":[[[630282.02,5219328.0],[630279.06,5219328.0],[630272.0,5219317.25],[630272.0,5219312.59],[630282.02,5219328.0]]]}},{"type":"Feature","properties":{"vineyard_id":"V44","interrow_cover":"mixed","tile":"siret3_r037_c025.tif","area_m2":15.37},"geometry":{"type":"Polygon","coordinates":[[[630278.34,5219328.0],[630276.49,5219328.0],[630272.0,5219321.21],[630272.0,5219318.34],[630278.34,5219328.0]]]}},{"type":"Feature","properties":{"vineyard_id":"V43","interrow_cover":"mixed","tile":"siret3_r037_c026.tif","area_m2":40.647},"geometry":{"type":"Polygon","coordinates":[[[630350.8,5219315.27],[630350.8,5219315.3],[630350.81,5219315.29],[630351.0,5219315.51],[630351.0,5219315.6],[630351.1,5219315.7],[630351.1,5219315.8],[630351.2,5219315.9],[630351.2,5219316.0],[630351.4,5219316.2],[630351.3,5219316.3],[630351.3,5219316.4],[630351.5,5219316.4],[630351.6,5219316.5],[630351.6,5219316.8],[630351.7,5219316.9],[630351.7,5219317.0],[630351.8,5219317.1],[630351.9,5219317.1],[630352.0,5219317.2],[630352.0,5219317.4],[630352.1,5219317.5],[630352.0,5219317.6],[630352.1,5219317.6],[630352.2,5219317.7],[630352.2,5219317.9],[630352.4,5219318.1],[630352.3,5219318.2],[630352.4,5219318.3],[630352.4,5219318.6],[630352.5,5219318.5],[630352.6,5219318.5],[630352.7,5219318.6],[630352.7,5219318.7],[630352.6,5219318.8],[630352.7,5219318.8],[630352.8,5219318.9],[630352.8,5219319.1],[630352.9,5219319.1],[630353.2,5219319.4],[630353.2,5219319.8],[630353.3,5219319.9],[630353.3,5219320.0],[630353.5,5219320.0],[630353.6,5219320.1],[630353.6,5219320.4],[630353.8,5219320.6],[630353.7,5219320.7],[630353.7,5219320.8],[630353.9,5219320.8],[630354.0,5219320.9],[630354.0,5219321.2],[630354.3,5219321.2],[630354.4,5219321.3],[630354.3,5219321.4],[630354.1,5219321.4],[630354.2,5219321.5],[630354.2,5219321.6],[630354.3,5219321.6],[630354.4,5219321.7],[630354.4,5219321.9],[630354.5,5219322.0],[630354.5,5219322.1],[630354.6,5219322.2],[630354.7,5219322.3],[630354.7,5219322.4],[630354.6,5219322.5],[630354.8,5219322.7],[630354.8,5219322.8],[630354.9,5219322.8],[630355.0,5219322.9],[630355.0,5219323.1],[630355.1,5219323.1],[630355.2,5219323.2],[630355.2,5219323.6],[630355.3,5219323.6],[630355.4,5219323.7],[630355.4,5219323.8],[630355.5,5219323.8],[630355.6,5219323.9],[630355.6,5219324.2],[630355.7,5219324.2],[630355.8,5219324.3],[630355.8,5219324.5],[630356.0,5219324.7],[630356.0,5219324.91],[630339.85,5219305.0],[630341.25,5219303.75],[630350.8,5219315.27]]]}},{"type":"Feature","properties":{"vineyard_id":"V43","interrow_cover":"mixed","tile":"siret3_r037_c026.tif","area_m2":46.076},"geometry":{"type":"Polygon","coordinates":[[[630339.41,5219305.41],[630356.57,5219326.57],[630355.61,5219327.91],[630338.09,5219306.59],[630339.41,5219305.41]]]}},{"type":"Feature","properties":{"vineyard_id":"V43","interrow_cover":"mixed","tile":"siret3_r037_c026.tif","area_m2":37.499},"geometry":{"type":"Polygon","coordinates":[[[630354.91,5219328.0],[630353.02,5219328.0],[630336.63,5219307.91],[630337.64,5219307.0],[630354.91,5219328.0]]]}},{"type":"Feature","properties":{"vineyard_id":"V43","interrow_cover":"mixed","tile":"siret3_r037_c026.tif","area_m2":46.291},"geometry":{"type":"Polygon","coordinates":[[[630349.82,5219328.0],[630334.68,5219309.43],[630335.85,5219308.59],[630335.99,5219308.49],[630336.19,5219308.31],[630352.25,5219328.0],[630349.82,5219328.0]]]}},{"type":"Feature","properties":{"vineyard_id":"V43","interrow_cover":"mixed","tile":"siret3_r037_c026.tif","area_m2":31.154},"geometry":{"type":"Polygon","coordinates":[[[630347.32,5219328.0],[630333.08,5219310.58],[630334.19,5219309.78],[630349.05,5219328.0],[630347.32,5219328.0]]]}},{"type":"Feature","properties":{"vineyard_id":"V43","interrow_cover":"mixed","tile":"siret3_r037_c026.tif","area_m2":36.674},"geometry":{"type":"Polygon","coordinates":[[[630344.3,5219328.0],[630331.21,5219311.91],[630332.59,5219310.92],[630346.54,5219328.0],[630344.3,5219328.0]]]}},{"type":"Feature","properties":{"vineyard_id":"V46","interrow_cover":"bare_soil","tile":"siret3_r038_c022.tif","area_m2":9.422},"geometry":{"type":"Polygon","coordinates":[[[630167.18,5219276.8],[630164.19,5219276.8],[630169.6,5219272.45],[630169.6,5219274.85],[630167.18,5219276.8]]]}},{"type":"Feature","properties":{"vineyard_id":"V46","interrow_cover":"mixed","tile":"siret3_r038_c022.tif","area_m2":20.783},"geometry":{"type":"Polygon","coordinates":[[[630163.23,5219276.8],[630159.91,5219276.8],[630169.6,5219269.14],[630169.6,5219271.68],[630163.23,5219276.8]]]}},{"type":"Feature","properties":{"vineyard_id":"V46","interrow_cover":"mixed","tile":"siret3_r038_c022.tif","area_m2":30.967},"geometry":{"type":"Polygon","coordinates":[[[630169.6,5219268.38],[630159.06,5219276.7],[630157.62,5219275.16],[630169.6,5219265.57],[630169.6,5219268.38]]]}},{"type":"Feature","properties":{"vineyard_id":"V46","interrow_cover":"mixed","tile":"siret3_r038_c022.tif","area_m2":35.573},"geometry":{"type":"Polygon","coordinates":[[[630169.6,5219262.01],[630169.6,5219264.8],[630157.38,5219274.58],[630156.02,5219272.96],[630169.6,5219262.01]]]}},{"type":"Feature","properties":{"vineyard_id":"V46","interrow_cover":"mixed","tile":"siret3_r038_c022.tif","area_m2":36.563},"geometry":{"type":"Polygon","coordinates":[[[630167.53,5219262.91],[630155.63,5219272.5],[630154.15,5219270.72],[630165.98,5219260.98],[630167.53,5219262.91]]]}},{"type":"Feature","properties":{"vineyard_id":"V46","interrow_cover":"mixed","tile":"siret3_r038_c022.tif","area_m2":25.93},"geometry":{"type":"Polygon","coordinates":[[[630153.76,5219270.26],[630152.63,5219268.92],[630164.59,5219259.25],[630165.6,5219260.52],[630153.76,5219270.26]]]}},{"type":"Feature","properties":{"vineyard_id":"V46","interrow_cover":"bare_soil","tile":"siret3_r038_c023.tif","area_m2":18.131},"geometry":{"type":"Polygon","coordinates":[[[630217.13,5219276.8],[630213.0,5219276.8],[630220.8,5219270.79],[630220.8,5219273.92],[630217.13,5219276.8]]]}},{"type":"Feature","properties":{"vineyard_id":"V46","interrow_cover":"bare_soil","tile":"siret3_r038_c023.tif","area_m2":30.857},"geometry":{"type":"Polygon","coordinates":[[[630212.02,5219276.8],[630208.45,5219276.8],[630220.8,5219266.99],[630220.8,5219270.04],[630212.02,5219276.8]]]}},{"type":"Feature","properties":{"vineyard_id":"V46","interrow_cover":"bare_soil","tile":"siret3_r038_c023.tif","area_m2":39.021},"geometry":{"type":"Polygon","coordinates":[[[630207.49,5219276.8],[630203.85,5219276.8],[630220.8,5219263.89],[630220.8,5219266.23],[630207.49,5219276.8]]]}},{"type":"Feature","properties":{"vineyard_id":"V46","interrow_cover":"bare_soil","tile":"siret3_r038_c023.tif","area_m2":51.019},"geometry":{"type":"Polygon","coordinates":[[[630202.86,5219276.8],[630199.7,5219276.8],[630220.8,5219260.35],[630220.8,5219263.14],[630202.86,5219276.8]]]}},{"type":"Feature","properties":{"vineyard_id":"V46","interrow_cover":"bare_soil","tile":"siret3_r038_c023.tif","area_m2":70.003},"geometry":{"type":"Polygon","coordinates":[[[630198.72,5219276.8],[630194.95,5219276.8],[630220.8,5219256.68],[630220.8,5219259.59],[630198.72,5219276.8]]]}},{"type":"Feature","properties":{"vineyard_id":"V46","interrow_cover":"bare_soil","tile":"siret3_r038_c023.tif","area_m2":70.122},"geometry":{"type":"Polygon","coordinates":[[[630193.98,5219276.8],[630190.8,5219276.8],[630220.8,5219253.46],[630220.8,5219255.92],[630193.98,5219276.8]]]}},{"type":"Feature","properties":{"vineyard_id":"V46","interrow_cover":"bare_soil","tile":"siret3_r038_c023.tif","area_m2":85.798},"geometry":{"type":"Polygon","coordinates":[[[630189.82,5219276.8],[630186.55,5219276.8],[630220.8,5219249.99],[630220.8,5219252.69],[630189.82,5219276.8]]]}},{"type":"Feature","properties":{"vineyard_id":"V46","interrow_cover":"bare_soil","tile":"siret3_r038_c023.tif","area_m2":105.034},"geometry":{"type":"Polygon","coordinates":[[[630185.58,5219276.8],[630182.1,5219276.8],[630220.8,5219246.28],[630220.8,5219249.23],[630185.58,5219276.8]]]}},{"type":"Feature","properties":{"vineyard_id":"V46","interrow_cover":"bare_soil","tile":"siret3_r038_c023.tif","area_m2":111.917},"geometry":{"type":"Polygon","coordinates":[[[630181.13,5219276.8],[630177.51,5219276.8],[630220.8,5219242.96],[630220.8,5219245.51],[630181.13,5219276.8]]]}},{"type":"Feature","properties":{"vineyard_id":"V46","interrow_cover":"bare_soil","tile":"siret3_r038_c023.tif","area_m2":124.279},"geometry":{"type":"Polygon","coordinates":[[[630176.53,5219276.8],[630173.2,5219276.8],[630220.8,5219239.4],[630220.8,5219242.2],[630176.53,5219276.8]]]}},{"type":"Feature","properties":{"vineyard_id":"V46","interrow_cover":"bare_soil","tile":"siret3_r038_c023.tif","area_m2":147.669},"geometry":{"type":"Polygon","coordinates":[[[630172.23,5219276.8],[630169.6,5219276.8],[630169.6,5219275.84],[630220.8,5219235.79],[630220.8,5219238.64],[630172.23,5219276.8]]]}},{"type":"Feature","properties":{"vineyard_id":"V46","interrow_cover":"bare_soil","tile":"siret3_r038_c023.tif","area_m2":141.248},"geometry":{"type":"Polygon","coordinates":[[[630169.6,5219275.08],[630169.6,5219272.29],[630220.8,5219232.3],[630220.8,5219235.03],[630169.6,5219275.08]]]}},{"type":"Feature","properties":{"vineyard_id":"V46","interrow_cover":"bare_soil","tile":"siret3_r038_c023.tif","area_m2":133.12},"geometry":{"type":"Polygon","coordinates":[[[630169.6,5219271.52],[630169.6,5219269.01],[630220.8,5219228.85],[630220.8,5219231.54],[630169.6,5219271.52]]]}},{"type":"Feature","properties":{"vineyard_id":"V46","interrow_cover":"bare_soil","tile":"siret3_r038_c023.tif","area_m2":136.479},"geometry":{"type":"Polygon","coordinates":[[[630169.6,5219268.25],[630169.6,5219265.54],[630220.64,5219225.6],[630220.78,5219225.6],[630220.8,5219225.63],[630220.8,5219228.09],[630169.6,5219268.25]]]}},{"type":"Feature","properties":{"vineyard_id":"V46","interrow_cover":"bare_soil","tile":"siret3_r038_c023.tif","area_m2":127.025},"geometry":{"type":"Polygon","coordinates":[[[630169.6,5219264.78],[630169.6,5219262.21],[630216.24,5219225.6],[630219.66,5219225.6],[630169.6,5219264.78]]]}},{"type":"Feature","properties":{"vineyard_id":"V46","interrow_cover":"bare_soil","tile":"siret3_r038_c023.tif","area_m2":128.376},"geometry":{"type":"Polygon","coordinates":[[[630169.6,5219261.45],[630169.6,5219258.33],[630211.77,5219225.6],[630215.27,5219225.6],[630169.6,5219261.45]]]}},{"type":"Feature","properties":{"vineyard_id":"V46","interrow_cover":"bare_soil","tile":"siret3_r038_c023.tif","area_m2":100.802},"geometry":{"type":"Polygon","coordinates":[[[630169.6,5219257.57],[630169.6,5219255.27],[630207.19,5219225.6],[630210.79,5219225.6],[630169.6,5219257.57]]]}},{"type":"Feature","properties":{"vineyard_id":"V46","interrow_cover":"bare_soil","tile":"siret3_r038_c023.tif","area_m2":100.562},"geometry":{"type":"Polygon","coordinates":[[[630169.6,5219254.51],[630169.6,5219251.47],[630202.74,5219225.6],[630206.22,5219225.6],[630169.6,5219254.51]]]}},{"type":"Feature","properties":{"vineyard_id":"V46","interrow_cover":"bare_soil","tile":"siret3_r038_c023.tif","area_m2":83.191},"geometry":{"type":"Polygon","coordinates":[[[630169.6,5219250.71],[630169.6,5219248.26],[630197.9,5219225.6],[630201.77,5219225.6],[630169.6,5219250.71]]]}},{"type":"Feature","properties":{"vineyard_id":"V46","interrow_cover":"bare_soil","tile":"siret3_r038_c023.tif","area_m2":58.107},"geometry":{"type":"Polygon","coordinates":[[[630169.6,5219247.49],[630169.6,5219245.45],[630193.9,5219225.6],[630196.94,5219225.6],[630169.6,5219247.49]]]}},{"type":"Feature","properties":{"vineyard_id":"V46","interrow_cover":"mixed","tile":"siret3_r038_c024.tif","area_m2":105.296},"geometry":{"type":"Polygon","coordinates":[[[630255.68,5219243.55],[630257.11,5219245.42],[630220.8,5219273.67],[630220.8,5219270.73],[630255.68,5219243.55]]]}},{"type":"Feature","properties":{"vineyard_id":"V46","interrow_cover":"mixed","tile":"siret3_r038_c024.tif","area_m2":94.635},"geometry":{"type":"Polygon","coordinates":[[[630254.01,5219241.36],[630255.32,5219243.08],[630220.8,5219269.97],[630220.8,5219267.12],[630254.01,5219241.36]]]}},{"type":"Feature","properties":{"vineyard_id":"V47","interrow_cover":"mixed","tile":"siret3_r038_c024.tif","area_m2":20.475},"geometry":{"type":"Polygon","coordinates":[[[630263.72,5219233.82],[630263.8,5219233.9],[630263.8,5219234.0],[630264.0,5219234.0],[630264.1,5219234.1],[630264.0,5219234.2],[630264.1,5219234.2],[630264.2,5219234.3],[630264.2,5219234.4],[630264.3,5219234.3],[630264.5,5219234.5],[630264.6,5219234.4],[630264.7,5219234.4],[630264.8,5219234.5],[630264.8,5219234.8],[630265.1,5219234.8],[630265.2,5219234.9],[630265.2,5219235.0],[630265.3,5219235.0],[630265.4,5219235.1],[630265.3,5219235.2],[630265.42,5219235.2],[630257.68,5219241.23],[630256.38,5219239.52],[630263.72,5219233.82]]]}},{"type":"Feature","properties":{"vineyard_id":"V46","interrow_cover":"mixed","tile":"siret3_r038_c024.tif","area_m2":84.133},"geometry":{"type":"Polygon","coordinates":[[[630252.39,5219239.23],[630253.65,5219240.88],[630220.8,5219266.36],[630220.8,5219263.77],[630252.39,5219239.23]]]}},{"type":"Feature","properties":{"vineyard_id":"V47","interrow_cover":"mixed","tile":"siret3_r038_c024.tif","area_m2":18.622},"geometry":{"type":"Polygon","coordinates":[[[630261.58,5219232.08],[630261.6,5219232.1],[630261.6,5219232.2],[630261.8,5219232.2],[630261.9,5219232.3],[630261.9,5219232.4],[630262.3,5219232.4],[630262.4,5219232.5],[630262.4,5219232.8],[630262.5,5219232.8],[630262.8,5219233.1],[630262.8,5219233.2],[630263.1,5219233.2],[630263.2,5219233.3],[630263.2,5219233.47],[630256.02,5219239.04],[630254.76,5219237.39],[630261.58,5219232.08]]]}},{"type":"Feature","properties":{"vineyard_id":"V46","interrow_cover":"mixed","tile":"siret3_r038_c024.tif","area_m2":82.71},"geometry":{"type":"Polygon","coordinates":[[[630250.74,5219237.06],[630252.02,5219238.75],[630220.8,5219263.01],[630220.8,5219260.29],[630250.74,5219237.06]]]}},{"type":"Feature","properties":{"vineyard_id":"V47","interrow_cover":"mixed","tile":"siret3_r038_c024.tif","area_m2":17.51},"geometry":{"type":"Polygon","coordinates":[[[630259.4,5219230.34],[630259.4,5219230.4],[630259.5,5219230.4],[630259.6,5219230.5],[630259.6,5219230.6],[630259.7,5219230.6],[630259.8,5219230.7],[630259.8,5219230.8],[630259.9,5219230.7],[630260.0,5219230.8],[630260.3,5219230.8],[630260.4,5219230.9],[630260.4,5219231.2],[630260.5,5219231.3],[630260.6,5219231.2],[630260.7,5219231.2],[630260.8,5219231.3],[630260.8,5219231.4],[630260.9,5219231.5],[630260.9,5219231.6],[630261.1,5219231.6],[630261.16,5219231.66],[630254.39,5219236.91],[630253.11,5219235.22],[630259.4,5219230.34]]]}},{"type":"Feature","properties":{"vineyard_id":"V46","interrow_cover":"mixed","tile":"siret3_r038_c024.tif","area_m2":87.48},"geometry":{"type":"Polygon","coordinates":[[[630248.93,5219234.69],[630250.37,5219236.58],[630220.8,5219259.53],[630220.8,5219256.48],[630248.93,5219234.69]]]}},{"type":"Feature","properties":{"vineyard_id":"V47","interrow_cover":"mixed","tile":"siret3_r038_c024.tif","area_m2":18.131},"geometry":{"type":"Polygon","coordinates":[[[630257.04,5219228.4],[630257.3,5219228.4],[630257.4,5219228.5],[630257.3,5219228.6],[630257.5,5219228.8],[630257.7,5219228.8],[630258.0,5219229.1],[630258.0,5219229.2],[630258.3,5219229.2],[630258.4,5219229.3],[630258.4,5219229.4],[630258.5,5219229.5],[630258.5,5219229.6],[630258.6,5219229.7],[630258.7,5219229.6],[630258.8,5219229.7],[630258.8,5219229.9],[630258.88,5219229.98],[630252.74,5219234.75],[630251.3,5219232.85],[630257.04,5219228.4]]]}},{"type":"Feature","properties":{"vineyard_id":"V46","interrow_cover":"vegetation","tile":"siret3_r038_c024.tif","area_m2":63.886},"geometry":{"type":"Polygon","coordinates":[[[630247.44,5219232.75],[630248.56,5219234.21],[630220.8,5219255.72],[630220.8,5219253.36],[630247.44,5219232.75]]]}},{"type":"Feature","properties":{"vineyard_id":"V47","interrow_cover":"vegetation","tile":"siret3_r038_c024.tif","area_m2":12.938},"geometry":{"type":"Polygon","coordinates":[[[630255.17,5219226.77],[630255.2,5219226.8],[630255.5,5219226.8],[630255.6,5219226.9],[630255.6,5219227.1],[630255.7,5219227.2],[630255.9,5219227.2],[630256.0,5219227.3],[630256.0,5219227.6],[630256.3,5219227.6],[630256.4,5219227.7],[630256.4,5219227.9],[630256.5,5219227.9],[630256.59,5219227.99],[630250.93,5219232.38],[630249.82,5219230.91],[630255.17,5219226.77]]]}},{"type":"Feature","properties":{"vineyard_id":"V46","interrow_cover":"mixed","tile":"siret3_r038_c024.tif","area_m2":63.357},"geometry":{"type":"Polygon","coordinates":[[[630241.5,5219234.0],[630241.6,5219233.9],[630241.7,5219233.9],[630241.8,5219234.0],[630242.0,5219234.0],[630242.0,5219233.9],[630242.1,5219233.8],[630242.1,5219233.7],[630242.2,5219233.6],[630242.3,5219233.7],[630242.3,5219233.41],[630246.95,5219232.37],[630220.8,5219252.6],[630220.8,5219249.9],[630241.4,5219234.0],[630241.4,5219234.0],[630241.5,5219234.0]]]}},{"type":"Feature","properties":{"vineyard_id":"V46","interrow_cover":"mixed","tile":"siret3_r038_c024.tif","area_m2":53.467},"geometry":{"type":"Polygon","coordinates":[[[630220.8,5219246.37],[630239.43,5219232.02],[630239.6,5219232.2],[630239.6,5219232.3],[630239.8,5219232.5],[630239.9,5219232.4],[630240.0,5219232.5],[630240.0,5219232.7],[630240.1,5219232.7],[630240.2,5219232.8],[630240.2,5219232.9],[630240.3,5219232.8],[630240.4,5219232.9],[630240.4,5219233.0],[630240.5,5219233.1],[630240.5,5219233.2],[630240.7,5219233.2],[630240.8,5219233.3],[630240.8,5219233.4],[630240.9,5219233.5],[630240.9,5219233.6],[630240.93,5219233.6],[630220.8,5219249.14],[630220.8,5219246.37]]]}},{"type":"Feature","properties":{"vineyard_id":"V46","interrow_cover":"mixed","tile":"siret3_r038_c024.tif","area_m2":44.769},"geometry":{"type":"Polygon","coordinates":[[[630220.8,5219242.94],[630237.61,5219230.21],[630237.7,5219230.3],[630237.6,5219230.4],[630237.9,5219230.4],[630238.0,5219230.5],[630237.9,5219230.6],[630237.9,5219230.7],[630238.0,5219230.8],[630238.1,5219230.8],[630238.2,5219230.9],[630238.3,5219230.8],[630238.4,5219230.9],[630238.4,5219231.0],[630238.5,5219231.1],[630238.7,5219231.3],[630238.8,5219231.3],[630239.0,5219231.5],[630239.0,5219231.6],[630220.8,5219245.61],[630220.8,5219242.94]]]}},{"type":"Feature","properties":{"vineyard_id":"V46","interrow_cover":"mixed","tile":"siret3_r038_c024.tif","area_m2":43.579},"geometry":{"type":"Polygon","coordinates":[[[630220.8,5219239.31],[630233.86,5219229.0],[630233.9,5219229.0],[630234.0,5219229.1],[630234.0,5219229.2],[630234.4,5219229.6],[630234.5,5219229.6],[630234.6,5219229.7],[630234.5,5219229.8],[630234.6,5219229.9],[630234.7,5219229.8],[630234.8,5219229.9],[630234.8,5219230.0],[630234.9,5219230.1],[630234.8,5219230.2],[630234.8,5219230.3],[630234.9,5219230.2],[630235.0,5219230.3],[630235.0,5219230.4],[630235.1,5219230.3],[630235.2,5219230.4],[630235.2,5219230.6],[630235.3,5219230.7],[630235.9,5219230.7],[630236.1,5219230.5],[630236.2,5219230.5],[630236.1,5219230.4],[630236.1,5219230.3],[630236.2,5219230.2],[630236.3,5219230.3],[630236.4,5219230.3],[630236.3,5219230.2],[630236.3,5219230.1],[630236.4,5219230.0],[630236.5,5219230.1],[630236.6,5219230.0],[630236.8,5219230.0],[630236.9,5219229.9],[630237.04,5219229.9],[630220.8,5219242.18],[630220.8,5219239.31]]]}},{"type":"Feature","properties":{"vineyard_id":"V46","interrow_cover":"mixed","tile":"siret3_r038_c024.tif","area_m2":32.06},"geometry":{"type":"Polygon","coordinates":[[[630220.8,5219235.72],[630231.89,5219227.2],[630231.9,5219227.2],[630232.0,5219227.3],[630232.1,5219227.2],[630232.4,5219227.5],[630232.4,5219227.6],[630232.5,5219227.6],[630232.7,5219227.8],[630232.7,5219227.9],[630232.6,5219228.0],[630232.7,5219228.1],[630232.8,5219228.0],[630232.9,5219228.0],[630233.1,5219228.2],[630233.1,5219228.3],[630233.2,5219228.4],[630233.2,5219228.5],[630233.4,5219228.5],[630233.45,5219228.55],[630220.8,5219238.54],[630220.8,5219235.72]]]}},{"type":"Feature","properties":{"vineyard_id":"V46","interrow_cover":"bare_soil","tile":"siret3_r038_c024.tif","area_m2":27.197},"geometry":{"type":"Polygon","coordinates":[[[630220.8,5219232.29],[630229.41,5219225.6],[630232.99,5219225.6],[630232.86,5219225.7],[630230.7,5219225.7],[630230.8,5219225.8],[630230.8,5219226.0],[630230.9,5219226.1],[630231.0,5219226.1],[630231.1,5219226.0],[630231.2,5219226.1],[630231.2,5219226.4],[630231.3,5219226.5],[630231.3,5219226.6],[630231.4,5219226.6],[630231.4,5219226.5],[630231.5,5219226.4],[630231.6,5219226.5],[630231.6,5219226.67],[630220.8,5219234.96],[630220.8,5219232.29]]]}},{"type":"Feature","properties":{"vineyard_id":"V46","interrow_cover":"bare_soil","tile":"siret3_r038_c024.tif","area_m2":14.854},"geometry":{"type":"Polygon","coordinates":[[[630220.8,5219231.53],[630220.8,5219229.04],[630225.32,5219225.6],[630228.43,5219225.6],[630220.8,5219231.53]]]}},{"type":"Feature","properties":{"vineyard_id":"V45","interrow_cover":"mixed","tile":"siret3_r038_c024.tif","area_m2":54.883},"geometry":{"type":"Polygon","coordinates":[[[630259.27,5219253.38],[630261.27,5219251.72],[630272.0,5219267.02],[630272.0,5219271.84],[630259.27,5219253.38]]]}},{"type":"Feature","properties":{"vineyard_id":"V46","interrow_cover":"mixed","tile":"siret3_r038_c024.tif","area_m2":7.458},"geometry":{"type":"Polygon","coordinates":[[[630253.95,5219241.28],[630251.98,5219242.81],[630250.23,5219240.27],[630252.08,5219238.83],[630252.08,5219238.83],[630253.87,5219241.18],[630253.95,5219241.28]]]}},{"type":"Feature","properties":{"vineyard_id":"V45","interrow_cover":"mixed","tile":"siret3_r038_c024.tif","area_m2":46.367},"geometry":{"type":"Polygon","coordinates":[[[630257.38,5219254.95],[630258.81,5219253.77],[630272.0,5219272.9],[630272.0,5219276.31],[630257.38,5219254.95]]]}},{"type":"Feature","properties":{"vineyard_id":"V46","interrow_cover":"mixed","tile":"siret3_r038_c024.tif","area_m2":5.505},"geometry":{"type":"Polygon","coordinates":[[[630250.08,5219244.28],[630248.34,5219241.74],[630249.75,5219240.64],[630251.5,5219243.18],[630250.08,5219244.28]]]}},{"type":"Feature","properties":{"vineyard_id":"V45","interrow_cover":"mixed","tile":"siret3_r038_c024.tif","area_m2":61.241},"geometry":{"type":"Polygon","coordinates":[[[630255.0,5219256.93],[630256.92,5219255.34],[630271.61,5219276.8],[630268.69,5219276.8],[630255.0,5219256.93]]]}},{"type":"Feature","properties":{"vineyard_id":"V45","interrow_cover":"bare_soil","tile":"siret3_r038_c025.tif","area_m2":23.906},"geometry":{"type":"Polygon","coordinates":[[[630315.72,5219276.8],[630307.79,5219266.0],[630307.9,5219266.0],[630308.0,5219266.1],[630308.0,5219266.2],[630308.2,5219266.4],[630308.5,5219266.4],[630308.8,5219266.7],[630308.8,5219266.8],[630308.9,5219266.8],[630309.0,5219266.9],[630309.1,5219266.8],[630309.2,5219266.9],[630309.2,5219267.1],[630309.3,5219267.0],[630309.5,5219267.2],[630309.7,5219267.2],[630309.8,5219267.3],[630309.8,5219267.4],[630309.9,5219267.4],[630310.0,5219267.5],[630310.1,5219267.4],[630310.2,5219267.5],[630310.2,5219267.6],[630310.3,5219267.6],[630310.5,5219267.8],[630310.5,5219267.9],[630310.6,5219267.8],[630310.8,5219268.0],[630310.8,5219268.1],[630310.9,5219268.0],[630311.1,5219268.0],[630311.2,5219268.1],[630311.2,5219268.2],[630311.4,5219268.4],[630311.5,5219268.4],[630311.6,5219268.5],[630311.6,5219268.6],[630311.9,5219268.6],[630312.0,5219268.7],[630312.0,5219268.8],[630312.1,5219268.9],[630312.2,5219268.8],[630312.3,5219268.8],[630312.4,5219268.9],[630312.4,5219269.0],[630312.7,5219269.3],[630312.8,5219269.2],[630312.9,5219269.2],[630313.0,5219269.35],[630313.0,5219269.5],[630313.06,5219269.44],[630318.18,5219276.8],[630315.72,5219276.8]]]}},{"type":"Feature","properties":{"vineyard_id":"V45","interrow_cover":"bare_soil","tile":"siret3_r038_c025.tif","area_m2":46.907},"geometry":{"type":"Polygon","coordinates":[[[630300.8,5219261.8],[630300.9,5219261.9],[630300.9,5219261.81],[630306.27,5219264.96],[630314.97,5219276.8],[630311.43,5219276.8],[630300.6,5219261.8],[630300.8,5219261.8]]]}},{"type":"Feature","properties":{"vineyard_id":"V45","interrow_cover":"vegetation","tile":"siret3_r038_c025.tif","area_m2":61.851},"geometry":{"type":"Polygon","coordinates":[[[630280.33,5219247.18],[630300.97,5219276.8],[630298.91,5219276.8],[630277.94,5219246.73],[630280.33,5219247.18]]]}},{"type":"Feature","properties":{"vineyard_id":"V45","interrow_cover":"mixed","tile":"siret3_r038_c025.tif","area_m2":77.065},"geometry":{"type":"Polygon","coordinates":[[[630295.55,5219276.8],[630275.74,5219248.46],[630275.8,5219248.4],[630275.9,5219248.4],[630275.9,5219248.3],[630276.0,5219248.2],[630276.1,5219248.3],[630276.2,5219248.3],[630276.2,5219248.2],[630276.1,5219248.1],[630276.2,5219248.0],[630276.5,5219248.0],[630276.5,5219247.7],[630276.6,5219247.6],[630276.7,5219247.7],[630276.7,5219247.5],[630277.0,5219247.2],[630277.3,5219247.2],[630277.2,5219247.1],[630277.2,5219247.0],[630277.3,5219246.9],[630277.33,5219246.9],[630298.17,5219276.8],[630295.55,5219276.8]]]}},{"type":"Feature","properties":{"vineyard_id":"V45","interrow_cover":"mixed","tile":"siret3_r038_c025.tif","area_m2":64.216},"geometry":{"type":"Polygon","coordinates":[[[630273.92,5219248.18],[630273.9,5219248.2],[630274.0,5219248.3],[630274.0,5219248.4],[630274.1,5219248.4],[630274.2,5219248.5],[630274.2,5219248.6],[630274.3,5219248.7],[630274.3,5219248.8],[630274.4,5219248.9],[630274.4,5219249.0],[630274.5,5219249.0],[630274.6,5219249.1],[630274.6,5219249.2],[630275.1,5219249.2],[630275.1,5219249.1],[630275.2,5219249.0],[630275.39,5219249.0],[630294.82,5219276.8],[630292.5,5219276.8],[630272.28,5219247.7],[630273.92,5219248.18]]]}},{"type":"Feature","properties":{"vineyard_id":"V45","interrow_cover":"mixed","tile":"siret3_r038_c025.tif","area_m2":59.441},"geometry":{"type":"Polygon","coordinates":[[[630291.77,5219276.8],[630289.59,5219276.8],[630272.0,5219251.59],[630272.0,5219248.36],[630291.77,5219276.8]]]}},{"type":"Feature","properties":{"vineyard_id":"V45","interrow_cover":"bare_soil","tile":"siret3_r038_c025.tif","area_m2":28.721},"geometry":{"type":"Polygon","coordinates":[[[630282.05,5219276.8],[630279.68,5219276.8],[630272.0,5219265.2],[630272.0,5219262.23],[630282.05,5219276.8]]]}},{"type":"Feature","properties":{"vineyard_id":"V46","interrow_cover":"bare_soil","tile":"siret3_r039_c023.tif","area_m2":18.651},"geometry":{"type":"Polygon","coordinates":[[[630214.87,5219225.6],[630211.92,5219225.6],[630220.8,5219218.25],[630220.8,5219220.88],[630214.87,5219225.6]]]}},{"type":"Feature","properties":{"vineyard_id":"V46","interrow_cover":"bare_soil","tile":"siret3_r039_c023.tif","area_m2":33.187},"geometry":{"type":"Polygon","coordinates":[[[630207.14,5219225.6],[630220.4,5219215.2],[630220.5,5219215.2],[630220.6,5219215.3],[630220.6,5219215.4],[630220.7,5219215.4],[630220.7,5219214.96],[630220.8,5219214.89],[630220.8,5219217.47],[630210.98,5219225.6],[630207.14,5219225.6]]]}},{"type":"Feature","properties":{"vineyard_id":"V46","interrow_cover":"bare_soil","tile":"siret3_r039_c023.tif","area_m2":41.261},"geometry":{"type":"Polygon","coordinates":[[[630202.88,5219225.6],[630218.45,5219213.0],[630218.5,5219213.0],[630218.6,5219213.1],[630218.5,5219213.2],[630218.7,5219213.2],[630218.8,5219213.3],[630218.8,5219213.4],[630219.1,5219213.7],[630219.1,5219213.8],[630219.2,5219213.8],[630219.3,5219213.9],[630219.2,5219214.0],[630219.4,5219214.0],[630219.5,5219214.1],[630219.5,5219214.2],[630219.6,5219214.3],[630219.6,5219214.4],[630219.7,5219214.4],[630220.0,5219214.7],[630220.0,5219214.75],[630206.16,5219225.6],[630202.88,5219225.6]]]}},{"type":"Feature","properties":{"vineyard_id":"V46","interrow_cover":"bare_soil","tile":"siret3_r039_c023.tif","area_m2":49.898},"geometry":{"type":"Polygon","coordinates":[[[630198.15,5219225.6],[630216.46,5219211.06],[630216.6,5219211.2],[630216.7,5219211.2],[630216.8,5219211.3],[630216.8,5219211.5],[630216.9,5219211.4],[630217.0,5219211.5],[630217.0,5219211.6],[630217.1,5219211.6],[630217.2,5219211.7],[630217.2,5219211.8],[630217.3,5219211.8],[630217.4,5219211.9],[630217.4,5219212.0],[630217.5,5219212.0],[630217.6,5219212.1],[630217.6,5219212.2],[630218.0,5219212.59],[630201.93,5219225.6],[630198.15,5219225.6]]]}},{"type":"Feature","properties":{"vineyard_id":"V46","interrow_cover":"bare_soil","tile":"siret3_r039_c023.tif","area_m2":53.489},"geometry":{"type":"Polygon","coordinates":[[[630193.69,5219225.6],[630213.18,5219210.08],[630213.2,5219210.1],[630213.1,5219210.2],[630213.2,5219210.3],[630213.2,5219210.4],[630215.9,5219210.4],[630216.09,5219210.59],[630197.18,5219225.6],[630193.69,5219225.6]]]}},{"type":"Feature","properties":{"vineyard_id":"V46","interrow_cover":"bare_soil","tile":"siret3_r039_c023.tif","area_m2":50.953},"geometry":{"type":"Polygon","coordinates":[[[630189.81,5219225.6],[630208.58,5219210.1],[630208.7,5219210.1],[630208.8,5219210.0],[630209.3,5219210.0],[630209.4,5219210.1],[630209.5,5219210.1],[630209.6,5219210.0],[630212.32,5219210.0],[630192.73,5219225.6],[630189.81,5219225.6]]]}},{"type":"Feature","properties":{"vineyard_id":"V46","interrow_cover":"mixed","tile":"siret3_r039_c023.tif","area_m2":47.526},"geometry":{"type":"Polygon","coordinates":[[[630185.85,5219225.6],[630204.53,5219210.1],[630204.6,5219210.1],[630204.7,5219210.0],[630204.8,5219210.1],[630205.1,5219210.1],[630205.2,5219210.0],[630205.7,5219210.0],[630205.8,5219210.1],[630206.7,5219210.1],[630206.8,5219210.0],[630206.9,5219210.0],[630207.0,5219210.1],[630207.1,5219210.0],[630207.2,5219210.1],[630207.2,5219210.2],[630207.5,5219210.2],[630207.5,5219210.1],[630207.6,5219210.0],[630207.76,5219210.0],[630188.87,5219225.6],[630185.85,5219225.6]]]}},{"type":"Feature","properties":{"vineyard_id":"V46","interrow_cover":"mixed","tile":"siret3_r039_c023.tif","area_m2":29.229},"geometry":{"type":"Polygon","coordinates":[[[630189.65,5219219.65],[630189.7,5219219.7],[630189.7,5219219.6],[630189.83,5219219.5],[630189.9,5219219.5],[630189.9,5219219.44],[630201.18,5219210.0],[630203.4,5219210.0],[630203.5,5219210.1],[630203.6,5219210.0],[630203.65,5219210.05],[630187.0,5219223.87],[630187.0,5219223.8],[630187.1,5219223.7],[630187.1,5219223.3],[630187.2,5219223.2],[630187.3,5219223.3],[630187.6,5219223.0],[630187.5,5219222.9],[630187.5,5219222.8],[630187.6,5219222.7],[630187.7,5219222.8],[630187.7,5219222.7],[630187.8,5219222.6],[630187.7,5219222.5],[630187.8,5219222.4],[630187.9,5219222.4],[630187.9,5219222.1],[630188.0,5219222.0],[630188.3,5219222.0],[630188.3,5219221.7],[630188.4,5219221.6],[630188.5,5219221.6],[630188.7,5219221.4],[630188.6,5219221.3],[630188.7,5219221.2],[630188.7,5219221.1],[630188.8,5219221.0],[630188.9,5219221.0],[630188.9,5219220.7],[630189.0,5219220.6],[630189.1,5219220.7],[630189.1,5219220.4],[630189.2,5219220.3],[630189.3,5219220.3],[630189.3,5219220.2],[630189.5,5219220.0],[630189.5,5219219.77],[630189.65,5219219.65]]]}}],"crs":{"type":"name","properties":{"name":"urn:ogc:def:crs:EPSG::32635"}}}