{"type":"FeatureCollection","features":[{"type":"Feature","properties":{"vineyard_id":"V02","row_id":"V02-R01","row_structure":"regular","tile":"siret3_r005_c004.tif","length_m":5.95},"geometry":{"type":"LineString","coordinates":[[629245.74,5220961.11],[629247.98,5220955.59]]}},{"type":"Feature","properties":{"vineyard_id":"V02","row_id":"V02-R02","row_structure":"regular","tile":"siret3_r005_c004.tif","length_m":13.9},"geometry":{"type":"LineString","coordinates":[[629242.62,5220961.99],[629247.99,5220949.17]]}},{"type":"Feature","properties":{"vineyard_id":"V02","row_id":"V02-R03","row_structure":"regular","tile":"siret3_r005_c004.tif","length_m":16.8},"geometry":{"type":"LineString","coordinates":[[629241.7,5220958.16],[629247.98,5220942.57]]}},{"type":"Feature","properties":{"vineyard_id":"V02","row_id":"V02-R04","row_structure":"regular","tile":"siret3_r005_c004.tif","length_m":19.4},"geometry":{"type":"LineString","coordinates":[[629240.58,5220953.88],[629247.99,5220935.95]]}},{"type":"Feature","properties":{"vineyard_id":"V02","row_id":"V02-R05","row_structure":"regular","tile":"siret3_r005_c004.tif","length_m":25.5},"geometry":{"type":"LineString","coordinates":[[629238.23,5220952.7],[629247.97,5220929.13]]}},{"type":"Feature","properties":{"vineyard_id":"V02","row_id":"V02-R06","row_structure":"regular","tile":"siret3_r005_c004.tif","length_m":31.22},"geometry":{"type":"LineString","coordinates":[[629235.96,5220951.58],[629247.98,5220922.76]]}},{"type":"Feature","properties":{"vineyard_id":"V02","row_id":"V02-R07","row_structure":"disrupted","tile":"siret3_r005_c004.tif","length_m":36.53},"geometry":{"type":"LineString","coordinates":[[629234.01,5220950.48],[629247.98,5220916.73]]}},{"type":"Feature","properties":{"vineyard_id":"V02","row_id":"V02-R08","row_structure":"regular","tile":"siret3_r005_c004.tif","length_m":32.88},"geometry":{"type":"LineString","coordinates":[[629233.44,5220945.66],[629245.88,5220915.22]]}},{"type":"Feature","properties":{"vineyard_id":"V02","row_id":"V02-R09","row_structure":"regular","tile":"siret3_r005_c004.tif","length_m":31.0},"geometry":{"type":"LineString","coordinates":[[629231.24,5220943.78],[629243.32,5220915.22]]}},{"type":"Feature","properties":{"vineyard_id":"V02","row_id":"V02-R10","row_structure":"regular","tile":"siret3_r005_c004.tif","length_m":29.98},"geometry":{"type":"LineString","coordinates":[[629228.77,5220942.76],[629240.63,5220915.23]]}},{"type":"Feature","properties":{"vineyard_id":"V02","row_id":"V02-R11","row_structure":"regular","tile":"siret3_r005_c004.tif","length_m":29.65},"geometry":{"type":"LineString","coordinates":[[629225.89,5220942.44],[629237.65,5220915.22]]}},{"type":"Feature","properties":{"vineyard_id":"V02","row_id":"V02-R12","row_structure":"regular","tile":"siret3_r005_c004.tif","length_m":27.65},"geometry":{"type":"LineString","coordinates":[[629223.82,5220940.58],[629234.86,5220915.24]]}},{"type":"Feature","properties":{"vineyard_id":"V02","row_id":"V02-R14","row_structure":"disrupted","tile":"siret3_r005_c004.tif","length_m":25.47},"geometry":{"type":"LineString","coordinates":[[629222.14,5220938.68],[629232.09,5220915.23]]}},{"type":"Feature","properties":{"vineyard_id":"V02","row_id":"V02-R16","row_structure":"disrupted","tile":"siret3_r005_c004.tif","length_m":21.73},"geometry":{"type":"LineString","coordinates":[[629220.79,5220935.21],[629229.32,5220915.23]]}},{"type":"Feature","properties":{"vineyard_id":"V02","row_id":"V02-R18","row_structure":"regular","tile":"siret3_r005_c004.tif","length_m":14.03},"geometry":{"type":"LineString","coordinates":[[629218.64,5220933.6],[629224.21,5220920.72]]}},{"type":"Feature","properties":{"vineyard_id":"V02","row_id":"V02-R19","row_structure":"disrupted","tile":"siret3_r005_c004.tif","length_m":18.25},"geometry":{"type":"LineString","coordinates":[[629216.76,5220932.09],[629223.72,5220915.22]]}},{"type":"Feature","properties":{"vineyard_id":"V02","row_id":"V02-R20","row_structure":"regular","tile":"siret3_r005_c004.tif","length_m":16.77},"geometry":{"type":"LineString","coordinates":[[629214.68,5220930.65],[629221.29,5220915.23]]}},{"type":"Feature","properties":{"vineyard_id":"V02","row_id":"V02-R21","row_structure":"regular","tile":"siret3_r005_c004.tif","length_m":15.5},"geometry":{"type":"LineString","coordinates":[[629212.03,5220929.45],[629218.21,5220915.23]]}},{"type":"Feature","properties":{"vineyard_id":"V02","row_id":"V02-R22","row_structure":"regular","tile":"siret3_r005_c004.tif","length_m":13.55},"geometry":{"type":"LineString","coordinates":[[629210.12,5220927.69],[629215.45,5220915.23]]}},{"type":"Feature","properties":{"vineyard_id":"V02","row_id":"V02-R23","row_structure":"regular","tile":"siret3_r005_c004.tif","length_m":17.3},"geometry":{"type":"LineString","coordinates":[[629205.89,5220931.06],[629212.84,5220915.22]]}},{"type":"Feature","properties":{"vineyard_id":"V02","row_id":"V02-R24","row_structure":"regular","tile":"siret3_r005_c004.tif","length_m":13.83},"geometry":{"type":"LineString","coordinates":[[629204.43,5220927.86],[629210.06,5220915.23]]}},{"type":"Feature","properties":{"vineyard_id":"V02","row_id":"V02-R25","row_structure":"regular","tile":"siret3_r005_c004.tif","length_m":19.3},"geometry":{"type":"LineString","coordinates":[[629199.45,5220933.0],[629206.93,5220915.22]]}},{"type":"Feature","properties":{"vineyard_id":"V02","row_id":"V02-R26","row_structure":"regular","tile":"siret3_r005_c004.tif","length_m":17.48},"geometry":{"type":"LineString","coordinates":[[629197.32,5220931.37],[629203.98,5220915.22]]}},{"type":"Feature","properties":{"vineyard_id":"V02","row_id":"V02-R29","row_structure":"regular","tile":"siret3_r005_c004.tif","length_m":5.26},"geometry":{"type":"LineString","coordinates":[[629196.8,5220920.07],[629198.85,5220915.22]]}},{"type":"Feature","properties":{"vineyard_id":"V02","row_id":"V02-R53","row_structure":"regular","tile":"siret3_r006_c002.tif","length_m":2.48},"geometry":{"type":"LineString","coordinates":[[629144.66,5220886.33],[629145.58,5220884.03]]}},{"type":"Feature","properties":{"vineyard_id":"V02","row_id":"V02-R54","row_structure":"regular","tile":"siret3_r006_c002.tif","length_m":7.7},"geometry":{"type":"LineString","coordinates":[[629142.47,5220884.88],[629145.59,5220877.84]]}},{"type":"Feature","properties":{"vineyard_id":"V02","row_id":"V02-R55","row_structure":"regular","tile":"siret3_r006_c002.tif","length_m":6.03},"geometry":{"type":"LineString","coordinates":[[629140.25,5220883.48],[629142.62,5220877.94]]}},{"type":"Feature","properties":{"vineyard_id":"V02","row_id":"V02-R56","row_structure":"disrupted","tile":"siret3_r006_c002.tif","length_m":19.07},"geometry":{"type":"LineString","coordinates":[[629138.13,5220882.28],[629145.58,5220864.72]]}},{"type":"Feature","properties":{"vineyard_id":"V02","row_id":"V02-R57","row_structure":"regular","tile":"siret3_r006_c002.tif","length_m":18.15},"geometry":{"type":"LineString","coordinates":[[629136.02,5220880.67],[629143.21,5220864.01]]}},{"type":"Feature","properties":{"vineyard_id":"V02","row_id":"V02-R58","row_structure":"regular","tile":"siret3_r006_c002.tif","length_m":17.05},"geometry":{"type":"LineString","coordinates":[[629134.03,5220879.78],[629140.57,5220864.03]]}},{"type":"Feature","properties":{"vineyard_id":"V02","row_id":"V02-R59","row_structure":"regular","tile":"siret3_r006_c002.tif","length_m":15.6},"geometry":{"type":"LineString","coordinates":[[629131.56,5220878.37],[629137.65,5220864.01]]}},{"type":"Feature","properties":{"vineyard_id":"V02","row_id":"V02-R60","row_structure":"regular","tile":"siret3_r006_c002.tif","length_m":14.43},"geometry":{"type":"LineString","coordinates":[[629129.71,5220877.48],[629134.96,5220864.04]]}},{"type":"Feature","properties":{"vineyard_id":"V02","row_id":"V02-R61","row_structure":"regular","tile":"siret3_r006_c002.tif","length_m":13.18},"geometry":{"type":"LineString","coordinates":[[629127.44,5220876.3],[629132.22,5220864.02]]}},{"type":"Feature","properties":{"vineyard_id":"V02","row_id":"V02-R62","row_structure":"disrupted","tile":"siret3_r006_c002.tif","length_m":12.08},"geometry":{"type":"LineString","coordinates":[[629124.83,5220875.22],[629129.33,5220864.01]]}},{"type":"Feature","properties":{"vineyard_id":"V02","row_id":"V02-R63","row_structure":"regular","tile":"siret3_r006_c002.tif","length_m":12.0},"geometry":{"type":"LineString","coordinates":[[629122.2,5220875.19],[629126.62,5220864.03]]}},{"type":"Feature","properties":{"vineyard_id":"V02","row_id":"V02-R64","row_structure":"regular","tile":"siret3_r006_c002.tif","length_m":10.73},"geometry":{"type":"LineString","coordinates":[[629120.0,5220873.98],[629124.01,5220864.04]]}},{"type":"Feature","properties":{"vineyard_id":"V02","row_id":"V02-R66","row_structure":"regular","tile":"siret3_r006_c002.tif","length_m":8.25},"geometry":{"type":"LineString","coordinates":[[629117.96,5220871.65],[629121.08,5220864.01]]}},{"type":"Feature","properties":{"vineyard_id":"V02","row_id":"V02-R67","row_structure":"regular","tile":"siret3_r006_c002.tif","length_m":8.67},"geometry":{"type":"LineString","coordinates":[[629115.14,5220872.0],[629118.53,5220864.02]]}},{"type":"Feature","properties":{"vineyard_id":"V02","row_id":"V02-R68","row_structure":"regular","tile":"siret3_r006_c002.tif","length_m":9.35},"geometry":{"type":"LineString","coordinates":[[629112.0,5220872.52],[629115.89,5220864.01]]}},{"type":"Feature","properties":{"vineyard_id":"V02","row_id":"V02-R69","row_structure":"regular","tile":"siret3_r006_c002.tif","length_m":1.25},"geometry":{"type":"LineString","coordinates":[[629112.52,5220865.19],[629112.99,5220864.03]]}},{"type":"Feature","properties":{"vineyard_id":"V02","row_id":"V02-R30","row_structure":"regular","tile":"siret3_r006_c003.tif","length_m":1.9},"geometry":{"type":"LineString","coordinates":[[629196.05,5220915.2],[629196.78,5220913.45]]}},{"type":"Feature","properties":{"vineyard_id":"V02","row_id":"V02-R31","row_structure":"regular","tile":"siret3_r006_c003.tif","length_m":9.12},"geometry":{"type":"LineString","coordinates":[[629193.22,5220915.2],[629196.77,5220906.81]]}},{"type":"Feature","properties":{"vineyard_id":"V02","row_id":"V02-R32","row_structure":"regular","tile":"siret3_r006_c003.tif","length_m":15.6},"geometry":{"type":"LineString","coordinates":[[629190.6,5220915.19],[629196.78,5220900.87]]}},{"type":"Feature","properties":{"vineyard_id":"V02","row_id":"V02-R33","row_structure":"disrupted","tile":"siret3_r006_c003.tif","length_m":21.88},"geometry":{"type":"LineString","coordinates":[[629188.07,5220915.19],[629196.78,5220895.12]]}},{"type":"Feature","properties":{"vineyard_id":"V02","row_id":"V02-R34","row_structure":"disrupted","tile":"siret3_r006_c003.tif","length_m":30.03},"geometry":{"type":"LineString","coordinates":[[629185.33,5220915.2],[629196.79,5220887.45]]}},{"type":"Feature","properties":{"vineyard_id":"V02","row_id":"V02-R35","row_structure":"regular","tile":"siret3_r006_c003.tif","length_m":36.87},"geometry":{"type":"LineString","coordinates":[[629182.54,5220915.19],[629196.79,5220881.19]]}},{"type":"Feature","properties":{"vineyard_id":"V02","row_id":"V02-R36","row_structure":"regular","tile":"siret3_r006_c003.tif","length_m":42.28},"geometry":{"type":"LineString","coordinates":[[629180.37,5220913.96],[629196.78,5220875.0]]}},{"type":"Feature","properties":{"vineyard_id":"V02","row_id":"V02-R37","row_structure":"regular","tile":"siret3_r006_c003.tif","length_m":49.17},"geometry":{"type":"LineString","coordinates":[[629177.6,5220913.88],[629196.78,5220868.6]]}},{"type":"Feature","properties":{"vineyard_id":"V02","row_id":"V02-R38","row_structure":"regular","tile":"siret3_r006_c003.tif","length_m":54.22},"geometry":{"type":"LineString","coordinates":[[629174.9,5220913.99],[629195.95,5220864.02]]}},{"type":"Feature","properties":{"vineyard_id":"V02","row_id":"V02-R39","row_structure":"regular","tile":"siret3_r006_c003.tif","length_m":53.13},"geometry":{"type":"LineString","coordinates":[[629172.5,5220913.0],[629193.05,5220864.02]]}},{"type":"Feature","properties":{"vineyard_id":"V02","row_id":"V02-R40","row_structure":"regular","tile":"siret3_r006_c003.tif","length_m":50.7},"geometry":{"type":"LineString","coordinates":[[629170.7,5220910.84],[629190.16,5220864.03]]}},{"type":"Feature","properties":{"vineyard_id":"V02","row_id":"V02-R41","row_structure":"regular","tile":"siret3_r006_c003.tif","length_m":48.35},"geometry":{"type":"LineString","coordinates":[[629168.81,5220908.61],[629187.5,5220864.02]]}},{"type":"Feature","properties":{"vineyard_id":"V02","row_id":"V02-R42","row_structure":"regular","tile":"siret3_r006_c003.tif","length_m":45.95},"geometry":{"type":"LineString","coordinates":[[629166.93,5220906.38],[629184.76,5220864.03]]}},{"type":"Feature","properties":{"vineyard_id":"V02","row_id":"V02-R43","row_structure":"regular","tile":"siret3_r006_c003.tif","length_m":43.77},"geometry":{"type":"LineString","coordinates":[[629164.94,5220904.41],[629181.88,5220864.04]]}},{"type":"Feature","properties":{"vineyard_id":"V02","row_id":"V02-R44","row_structure":"regular","tile":"siret3_r006_c003.tif","length_m":41.42},"geometry":{"type":"LineString","coordinates":[[629163.05,5220902.23],[629179.08,5220864.03]]}},{"type":"Feature","properties":{"vineyard_id":"V02","row_id":"V02-R45","row_structure":"regular","tile":"siret3_r006_c003.tif","length_m":37.7},"geometry":{"type":"LineString","coordinates":[[629161.75,5220898.75],[629176.39,5220864.01]]}},{"type":"Feature","properties":{"vineyard_id":"V02","row_id":"V02-R46","row_structure":"regular","tile":"siret3_r006_c003.tif","length_m":35.73},"geometry":{"type":"LineString","coordinates":[[629159.74,5220896.99],[629173.51,5220864.02]]}},{"type":"Feature","properties":{"vineyard_id":"V02","row_id":"V02-R47","row_structure":"disrupted","tile":"siret3_r006_c003.tif","length_m":34.0},"geometry":{"type":"LineString","coordinates":[[629157.57,5220895.32],[629170.87,5220864.03]]}},{"type":"Feature","properties":{"vineyard_id":"V02","row_id":"V02-R48","row_structure":"regular","tile":"siret3_r006_c003.tif","length_m":32.25},"geometry":{"type":"LineString","coordinates":[[629155.33,5220893.78],[629167.78,5220864.03]]}},{"type":"Feature","properties":{"vineyard_id":"V02","row_id":"V02-R49","row_structure":"regular","tile":"siret3_r006_c003.tif","length_m":30.77},"geometry":{"type":"LineString","coordinates":[[629153.44,5220892.38],[629165.38,5220864.02]]}},{"type":"Feature","properties":{"vineyard_id":"V02","row_id":"V02-R50","row_structure":"regular","tile":"siret3_r006_c003.tif","length_m":28.55},"geometry":{"type":"LineString","coordinates":[[629151.53,5220890.28],[629162.74,5220864.03]]}},{"type":"Feature","properties":{"vineyard_id":"V02","row_id":"V02-R51","row_structure":"disrupted","tile":"siret3_r006_c003.tif","length_m":27.45},"geometry":{"type":"LineString","coordinates":[[629148.87,5220889.22],[629159.78,5220864.03]]}},{"type":"Feature","properties":{"vineyard_id":"V02","row_id":"V02-R52","row_structure":"regular","tile":"siret3_r006_c003.tif","length_m":25.8},"geometry":{"type":"LineString","coordinates":[[629146.79,5220887.67],[629157.13,5220864.03]]}},{"type":"Feature","properties":{"vineyard_id":"V02","row_id":"V02-R53","row_structure":"regular","tile":"siret3_r006_c003.tif","length_m":22.08},"geometry":{"type":"LineString","coordinates":[[629145.6,5220884.3],[629154.37,5220864.03]]}},{"type":"Feature","properties":{"vineyard_id":"V02","row_id":"V02-R54","row_structure":"disrupted","tile":"siret3_r006_c003.tif","length_m":15.09},"geometry":{"type":"LineString","coordinates":[[629145.6,5220877.85],[629151.67,5220864.03]]}},{"type":"Feature","properties":{"vineyard_id":"V02","row_id":"V02-R08","row_structure":"regular","tile":"siret3_r006_c004.tif","length_m":5.35},"geometry":{"type":"LineString","coordinates":[[629245.87,5220915.2],[629247.99,5220910.28]]}},{"type":"Feature","properties":{"vineyard_id":"V02","row_id":"V02-R09","row_structure":"regular","tile":"siret3_r006_c004.tif","length_m":12.02},"geometry":{"type":"LineString","coordinates":[[629243.34,5220915.19],[629247.98,5220904.09]]}},{"type":"Feature","properties":{"vineyard_id":"V02","row_id":"V02-R10","row_structure":"regular","tile":"siret3_r006_c004.tif","length_m":19.08},"geometry":{"type":"LineString","coordinates":[[629240.52,5220915.2],[629247.98,5220897.64]]}},{"type":"Feature","properties":{"vineyard_id":"V02","row_id":"V02-R11","row_structure":"regular","tile":"siret3_r006_c004.tif","length_m":26.63},"geometry":{"type":"LineString","coordinates":[[629237.49,5220915.2],[629247.99,5220890.73]]}},{"type":"Feature","properties":{"vineyard_id":"V02","row_id":"V02-R12","row_structure":"regular","tile":"siret3_r006_c004.tif","length_m":33.85},"geometry":{"type":"LineString","coordinates":[[629234.9,5220915.19],[629247.99,5220883.98]]}},{"type":"Feature","properties":{"vineyard_id":"V02","row_id":"V02-R14","row_structure":"disrupted","tile":"siret3_r006_c004.tif","length_m":41.12},"geometry":{"type":"LineString","coordinates":[[629232.14,5220915.2],[629247.98,5220877.25]]}},{"type":"Feature","properties":{"vineyard_id":"V02","row_id":"V02-R16","row_structure":"disrupted","tile":"siret3_r006_c004.tif","length_m":47.82},"geometry":{"type":"LineString","coordinates":[[629229.13,5220915.2],[629247.98,5220871.25]]}},{"type":"Feature","properties":{"vineyard_id":"V02","row_id":"V02-R18","row_structure":"disrupted","tile":"siret3_r006_c004.tif","length_m":55.5},"geometry":{"type":"LineString","coordinates":[[629226.46,5220915.2],[629247.95,5220864.03]]}},{"type":"Feature","properties":{"vineyard_id":"V02","row_id":"V02-R19","row_structure":"disrupted","tile":"siret3_r006_c004.tif","length_m":55.55},"geometry":{"type":"LineString","coordinates":[[629223.76,5220915.2],[629245.35,5220864.02]]}},{"type":"Feature","properties":{"vineyard_id":"V02","row_id":"V02-R20","row_structure":"regular","tile":"siret3_r006_c004.tif","length_m":55.45},"geometry":{"type":"LineString","coordinates":[[629221.16,5220915.19],[629242.54,5220864.03]]}},{"type":"Feature","properties":{"vineyard_id":"V02","row_id":"V02-R21","row_structure":"regular","tile":"siret3_r006_c004.tif","length_m":55.48},"geometry":{"type":"LineString","coordinates":[[629218.19,5220915.2],[629239.64,5220864.03]]}},{"type":"Feature","properties":{"vineyard_id":"V02","row_id":"V02-R22","row_structure":"regular","tile":"siret3_r006_c004.tif","length_m":55.45},"geometry":{"type":"LineString","coordinates":[[629215.55,5220915.19],[629236.89,5220864.02]]}},{"type":"Feature","properties":{"vineyard_id":"V02","row_id":"V02-R23","row_structure":"regular","tile":"siret3_r006_c004.tif","length_m":55.5},"geometry":{"type":"LineString","coordinates":[[629212.69,5220915.19],[629234.19,5220864.02]]}},{"type":"Feature","properties":{"vineyard_id":"V02","row_id":"V02-R24","row_structure":"regular","tile":"siret3_r006_c004.tif","length_m":55.47},"geometry":{"type":"LineString","coordinates":[[629209.95,5220915.2],[629231.39,5220864.04]]}},{"type":"Feature","properties":{"vineyard_id":"V02","row_id":"V02-R25","row_structure":"regular","tile":"siret3_r006_c004.tif","length_m":55.6},"geometry":{"type":"LineString","coordinates":[[629206.98,5220915.2],[629228.73,5220864.03]]}},{"type":"Feature","properties":{"vineyard_id":"V02","row_id":"V02-R26","row_structure":"regular","tile":"siret3_r006_c004.tif","length_m":55.65},"geometry":{"type":"LineString","coordinates":[[629204.09,5220915.2],[629225.91,5220864.01]]}},{"type":"Feature","properties":{"vineyard_id":"V02","row_id":"V02-R27","row_structure":"regular","tile":"siret3_r006_c004.tif","length_m":55.47},"geometry":{"type":"LineString","coordinates":[[629201.69,5220915.2],[629223.12,5220864.03]]}},{"type":"Feature","properties":{"vineyard_id":"V02","row_id":"V02-R29","row_structure":"regular","tile":"siret3_r006_c004.tif","length_m":55.48},"geometry":{"type":"LineString","coordinates":[[629198.89,5220915.19],[629220.3,5220864.01]]}},{"type":"Feature","properties":{"vineyard_id":"V02","row_id":"V02-R30","row_structure":"regular","tile":"siret3_r006_c004.tif","length_m":53.68},"geometry":{"type":"LineString","coordinates":[[629196.8,5220913.42],[629217.82,5220864.03]]}},{"type":"Feature","properties":{"vineyard_id":"V02","row_id":"V02-R31","row_structure":"regular","tile":"siret3_r006_c004.tif","length_m":46.46},"geometry":{"type":"LineString","coordinates":[[629196.8,5220906.81],[629214.93,5220864.03]]}},{"type":"Feature","properties":{"vineyard_id":"V02","row_id":"V02-R32","row_structure":"regular","tile":"siret3_r006_c004.tif","length_m":39.92},"geometry":{"type":"LineString","coordinates":[[629196.8,5220900.77],[629212.4,5220864.03]]}},{"type":"Feature","properties":{"vineyard_id":"V02","row_id":"V02-R33","row_structure":"regular","tile":"siret3_r006_c004.tif","length_m":33.51},"geometry":{"type":"LineString","coordinates":[[629196.8,5220895.02],[629209.59,5220864.04]]}},{"type":"Feature","properties":{"vineyard_id":"V02","row_id":"V02-R34","row_structure":"disrupted","tile":"siret3_r006_c004.tif","length_m":25.62},"geometry":{"type":"LineString","coordinates":[[629196.81,5220887.68],[629206.64,5220864.02]]}},{"type":"Feature","properties":{"vineyard_id":"V02","row_id":"V02-R35","row_structure":"regular","tile":"siret3_r006_c004.tif","length_m":18.59},"geometry":{"type":"LineString","coordinates":[[629196.8,5220881.19],[629203.95,5220864.03]]}},{"type":"Feature","properties":{"vineyard_id":"V02","row_id":"V02-R36","row_structure":"regular","tile":"siret3_r006_c004.tif","length_m":11.97},"geometry":{"type":"LineString","coordinates":[[629196.81,5220875.1],[629201.35,5220864.02]]}},{"type":"Feature","properties":{"vineyard_id":"V02","row_id":"V02-R37","row_structure":"regular","tile":"siret3_r006_c004.tif","length_m":5.03},"geometry":{"type":"LineString","coordinates":[[629196.8,5220868.7],[629198.65,5220864.03]]}},{"type":"Feature","properties":{"vineyard_id":"V02","row_id":"V02-R57","row_structure":"regular","tile":"siret3_r007_c002.tif","length_m":6.65},"geometry":{"type":"LineString","coordinates":[[629143.11,5220864.0],[629145.59,5220857.83]]}},{"type":"Feature","properties":{"vineyard_id":"V02","row_id":"V02-R58","row_structure":"regular","tile":"siret3_r007_c002.tif","length_m":13.05},"geometry":{"type":"LineString","coordinates":[[629140.56,5220863.99],[629145.59,5220851.95]]}},{"type":"Feature","properties":{"vineyard_id":"V02","row_id":"V02-R59","row_structure":"disrupted","tile":"siret3_r007_c002.tif","length_m":19.8},"geometry":{"type":"LineString","coordinates":[[629137.99,5220864.0],[629145.59,5220845.71]]}},{"type":"Feature","properties":{"vineyard_id":"V02","row_id":"V02-R60","row_structure":"regular","tile":"siret3_r007_c002.tif","length_m":27.1},"geometry":{"type":"LineString","coordinates":[[629134.99,5220863.99],[629145.59,5220839.05]]}},{"type":"Feature","properties":{"vineyard_id":"V02","row_id":"V02-R61","row_structure":"regular","tile":"siret3_r007_c002.tif","length_m":34.09},"geometry":{"type":"LineString","coordinates":[[629132.26,5220864.0],[629145.59,5220832.63]]}},{"type":"Feature","properties":{"vineyard_id":"V02","row_id":"V02-R63","row_structure":"disrupted","tile":"siret3_r007_c002.tif","length_m":49.11},"geometry":{"type":"LineString","coordinates":[[629126.76,5220864.0],[629145.59,5220818.64]]}},{"type":"Feature","properties":{"vineyard_id":"V02","row_id":"V02-R64","row_structure":"regular","tile":"siret3_r007_c002.tif","length_m":55.35},"geometry":{"type":"LineString","coordinates":[[629124.07,5220864.0],[629145.17,5220812.83]]}},{"type":"Feature","properties":{"vineyard_id":"V02","row_id":"V02-R66","row_structure":"regular","tile":"siret3_r007_c002.tif","length_m":55.42},"geometry":{"type":"LineString","coordinates":[[629121.23,5220864.0],[629142.49,5220812.83]]}},{"type":"Feature","properties":{"vineyard_id":"V02","row_id":"V02-R67","row_structure":"regular","tile":"siret3_r007_c002.tif","length_m":55.45},"geometry":{"type":"LineString","coordinates":[[629118.41,5220863.99],[629139.81,5220812.84]]}},{"type":"Feature","properties":{"vineyard_id":"V02","row_id":"V02-R68","row_structure":"regular","tile":"siret3_r007_c002.tif","length_m":55.45},"geometry":{"type":"LineString","coordinates":[[629115.65,5220864.0],[629137.01,5220812.83]]}},{"type":"Feature","properties":{"vineyard_id":"V02","row_id":"V02-R69","row_structure":"regular","tile":"siret3_r007_c002.tif","length_m":55.45},"geometry":{"type":"LineString","coordinates":[[629112.89,5220863.99],[629134.26,5220812.82]]}},{"type":"Feature","properties":{"vineyard_id":"V02","row_id":"V02-R70","row_structure":"regular","tile":"siret3_r007_c002.tif","length_m":54.17},"geometry":{"type":"LineString","coordinates":[[629110.45,5220862.8],[629131.33,5220812.82]]}},{"type":"Feature","properties":{"vineyard_id":"V02","row_id":"V02-R71","row_structure":"regular","tile":"siret3_r007_c002.tif","length_m":51.23},"geometry":{"type":"LineString","coordinates":[[629108.96,5220860.1],[629128.69,5220812.82]]}},{"type":"Feature","properties":{"vineyard_id":"V02","row_id":"V02-R72","row_structure":"regular","tile":"siret3_r007_c002.tif","length_m":47.3},"geometry":{"type":"LineString","coordinates":[[629107.83,5220856.45],[629126.08,5220812.82]]}},{"type":"Feature","properties":{"vineyard_id":"V02","row_id":"V02-R73","row_structure":"regular","tile":"siret3_r007_c002.tif","length_m":45.78},"geometry":{"type":"LineString","coordinates":[[629105.71,5220855.08],[629123.3,5220812.82]]}},{"type":"Feature","properties":{"vineyard_id":"V02","row_id":"V02-R76","row_structure":"regular","tile":"siret3_r007_c002.tif","length_m":43.98},"geometry":{"type":"LineString","coordinates":[[629103.35,5220853.33],[629120.49,5220812.83]]}},{"type":"Feature","properties":{"vineyard_id":"V02","row_id":"V02-R78","row_structure":"regular","tile":"siret3_r007_c002.tif","length_m":42.2},"geometry":{"type":"LineString","coordinates":[[629101.04,5220851.71],[629117.4,5220812.81]]}},{"type":"Feature","properties":{"vineyard_id":"V01","row_id":"V01-R01","row_structure":"regular","tile":"siret3_r007_c002.tif","length_m":38.25},"geometry":{"type":"LineString","coordinates":[[629095.87,5220848.12],[629110.63,5220812.83]]}},{"type":"Feature","properties":{"vineyard_id":"V01","row_id":"V01-R04","row_structure":"regular","tile":"siret3_r007_c002.tif","length_m":21.15},"geometry":{"type":"LineString","coordinates":[[629096.83,5220832.21],[629105.32,5220812.83]]}},{"type":"Feature","properties":{"vineyard_id":"V01","row_id":"V01-R05","row_structure":"regular","tile":"siret3_r007_c002.tif","length_m":12.65},"geometry":{"type":"LineString","coordinates":[[629094.4,5220824.41],[629099.5,5220812.83]]}},{"type":"Feature","properties":{"vineyard_id":"V02","row_id":"V02-R38","row_structure":"regular","tile":"siret3_r007_c003.tif","length_m":3.25},"geometry":{"type":"LineString","coordinates":[[629195.54,5220863.99],[629196.78,5220860.99]]}},{"type":"Feature","properties":{"vineyard_id":"V02","row_id":"V02-R39","row_structure":"regular","tile":"siret3_r007_c003.tif","length_m":9.87},"geometry":{"type":"LineString","coordinates":[[629193.16,5220864.0],[629196.79,5220854.82]]}},{"type":"Feature","properties":{"vineyard_id":"V02","row_id":"V02-R40","row_structure":"regular","tile":"siret3_r007_c003.tif","length_m":16.83},"geometry":{"type":"LineString","coordinates":[[629190.38,5220863.99],[629196.78,5220848.42]]}},{"type":"Feature","properties":{"vineyard_id":"V02","row_id":"V02-R41","row_structure":"regular","tile":"siret3_r007_c003.tif","length_m":24.03},"geometry":{"type":"LineString","coordinates":[[629187.62,5220864.0],[629196.79,5220841.79]]}},{"type":"Feature","properties":{"vineyard_id":"V02","row_id":"V02-R42","row_structure":"disrupted","tile":"siret3_r007_c003.tif","length_m":31.37},"geometry":{"type":"LineString","coordinates":[[629184.75,5220864.0],[629196.79,5220835.03]]}},{"type":"Feature","properties":{"vineyard_id":"V02","row_id":"V02-R43","row_structure":"disrupted","tile":"siret3_r007_c003.tif","length_m":38.33},"geometry":{"type":"LineString","coordinates":[[629181.95,5220864.0],[629196.79,5220828.66]]}},{"type":"Feature","properties":{"vineyard_id":"V02","row_id":"V02-R44","row_structure":"disrupted","tile":"siret3_r007_c003.tif","length_m":45.57},"geometry":{"type":"LineString","coordinates":[[629179.04,5220864.0],[629196.79,5220822.03]]}},{"type":"Feature","properties":{"vineyard_id":"V02","row_id":"V02-R45","row_structure":"regular","tile":"siret3_r007_c003.tif","length_m":53.16},"geometry":{"type":"LineString","coordinates":[[629176.33,5220864.0],[629196.8,5220814.93]]}},{"type":"Feature","properties":{"vineyard_id":"V02","row_id":"V02-R46","row_structure":"regular","tile":"siret3_r007_c003.tif","length_m":55.45},"geometry":{"type":"LineString","coordinates":[[629173.54,5220863.99],[629194.91,5220812.83]]}},{"type":"Feature","properties":{"vineyard_id":"V02","row_id":"V02-R47","row_structure":"regular","tile":"siret3_r007_c003.tif","length_m":55.34},"geometry":{"type":"LineString","coordinates":[[629170.98,5220864.0],[629192.03,5220812.81]]}},{"type":"Feature","properties":{"vineyard_id":"V02","row_id":"V02-R48","row_structure":"regular","tile":"siret3_r007_c003.tif","length_m":51.37},"geometry":{"type":"LineString","coordinates":[[629169.52,5220860.2],[629189.39,5220812.83]]}},{"type":"Feature","properties":{"vineyard_id":"V02","row_id":"V02-R49","row_structure":"regular","tile":"siret3_r007_c003.tif","length_m":55.45},"geometry":{"type":"LineString","coordinates":[[629165.28,5220863.99],[629186.67,5220812.83]]}},{"type":"Feature","properties":{"vineyard_id":"V02","row_id":"V02-R50","row_structure":"regular","tile":"siret3_r007_c003.tif","length_m":55.4},"geometry":{"type":"LineString","coordinates":[[629162.62,5220863.99],[629183.83,5220812.81]]}},{"type":"Feature","properties":{"vineyard_id":"V02","row_id":"V02-R51","row_structure":"disrupted","tile":"siret3_r007_c003.tif","length_m":55.4},"geometry":{"type":"LineString","coordinates":[[629159.82,5220863.99],[629181.03,5220812.81]]}},{"type":"Feature","properties":{"vineyard_id":"V02","row_id":"V02-R52","row_structure":"regular","tile":"siret3_r007_c003.tif","length_m":55.32},"geometry":{"type":"LineString","coordinates":[[629157.13,5220864.0],[629178.13,5220812.83]]}},{"type":"Feature","properties":{"vineyard_id":"V02","row_id":"V02-R53","row_structure":"disrupted","tile":"siret3_r007_c003.tif","length_m":55.42},"geometry":{"type":"LineString","coordinates":[[629154.38,5220864.0],[629175.66,5220812.83]]}},{"type":"Feature","properties":{"vineyard_id":"V02","row_id":"V02-R54","row_structure":"disrupted","tile":"siret3_r007_c003.tif","length_m":55.47},"geometry":{"type":"LineString","coordinates":[[629151.47,5220864.0],[629172.88,5220812.83]]}},{"type":"Feature","properties":{"vineyard_id":"V02","row_id":"V02-R55","row_structure":"disrupted","tile":"siret3_r007_c003.tif","length_m":55.53},"geometry":{"type":"LineString","coordinates":[[629148.71,5220864.0],[629170.24,5220812.82]]}},{"type":"Feature","properties":{"vineyard_id":"V02","row_id":"V02-R56","row_structure":"regular","tile":"siret3_r007_c003.tif","length_m":55.45},"geometry":{"type":"LineString","coordinates":[[629146.18,5220864.0],[629167.52,5220812.82]]}},{"type":"Feature","properties":{"vineyard_id":"V02","row_id":"V02-R57","row_structure":"regular","tile":"siret3_r007_c003.tif","length_m":49.92},"geometry":{"type":"LineString","coordinates":[[629145.6,5220858.93],[629164.72,5220812.82]]}},{"type":"Feature","properties":{"vineyard_id":"V02","row_id":"V02-R58","row_structure":"regular","tile":"siret3_r007_c003.tif","length_m":42.57},"geometry":{"type":"LineString","coordinates":[[629145.6,5220852.17],[629161.85,5220812.82]]}},{"type":"Feature","properties":{"vineyard_id":"V02","row_id":"V02-R59","row_structure":"regular","tile":"siret3_r007_c003.tif","length_m":35.52},"geometry":{"type":"LineString","coordinates":[[629145.6,5220845.63],[629159.2,5220812.82]]}},{"type":"Feature","properties":{"vineyard_id":"V02","row_id":"V02-R60","row_structure":"disrupted","tile":"siret3_r007_c003.tif","length_m":28.55},"geometry":{"type":"LineString","coordinates":[[629145.6,5220839.28],[629156.33,5220812.82]]}},{"type":"Feature","properties":{"vineyard_id":"V02","row_id":"V02-R61","row_structure":"regular","tile":"siret3_r007_c003.tif","length_m":20.65},"geometry":{"type":"LineString","coordinates":[[629145.6,5220831.97],[629153.33,5220812.82]]}},{"type":"Feature","properties":{"vineyard_id":"V02","row_id":"V02-R62","row_structure":"regular","tile":"siret3_r007_c003.tif","length_m":13.62},"geometry":{"type":"LineString","coordinates":[[629145.6,5220825.49],[629150.62,5220812.83]]}},{"type":"Feature","properties":{"vineyard_id":"V02","row_id":"V02-R63","row_structure":"regular","tile":"siret3_r007_c003.tif","length_m":6.46},"geometry":{"type":"LineString","coordinates":[[629145.6,5220818.84],[629147.92,5220812.81]]}},{"type":"Feature","properties":{"vineyard_id":"V02","row_id":"V02-R19","row_structure":"regular","tile":"siret3_r007_c004.tif","length_m":6.97},"geometry":{"type":"LineString","coordinates":[[629245.4,5220864.0],[629247.99,5220857.52]]}},{"type":"Feature","properties":{"vineyard_id":"V02","row_id":"V02-R20","row_structure":"regular","tile":"siret3_r007_c004.tif","length_m":14.22},"geometry":{"type":"LineString","coordinates":[[629242.57,5220864.0],[629247.99,5220850.85]]}},{"type":"Feature","properties":{"vineyard_id":"V02","row_id":"V02-R21","row_structure":"regular","tile":"siret3_r007_c004.tif","length_m":21.42},"geometry":{"type":"LineString","coordinates":[[629239.73,5220864.0],[629247.98,5220844.24]]}},{"type":"Feature","properties":{"vineyard_id":"V02","row_id":"V02-R22","row_structure":"regular","tile":"siret3_r007_c004.tif","length_m":28.83},"geometry":{"type":"LineString","coordinates":[[629236.99,5220864.0],[629247.99,5220837.35]]}},{"type":"Feature","properties":{"vineyard_id":"V02","row_id":"V02-R23","row_structure":"regular","tile":"siret3_r007_c004.tif","length_m":36.15},"geometry":{"type":"LineString","coordinates":[[629234.36,5220864.0],[629247.99,5220830.52]]}},{"type":"Feature","properties":{"vineyard_id":"V02","row_id":"V02-R24","row_structure":"regular","tile":"siret3_r007_c004.tif","length_m":43.18},"geometry":{"type":"LineString","coordinates":[[629231.63,5220864.0],[629247.99,5220824.04]]}},{"type":"Feature","properties":{"vineyard_id":"V02","row_id":"V02-R25","row_structure":"regular","tile":"siret3_r007_c004.tif","length_m":50.37},"geometry":{"type":"LineString","coordinates":[[629228.94,5220864.0],[629247.97,5220817.37]]}},{"type":"Feature","properties":{"vineyard_id":"V02","row_id":"V02-R26","row_structure":"regular","tile":"siret3_r007_c004.tif","length_m":55.25},"geometry":{"type":"LineString","coordinates":[[629226.08,5220864.0],[629246.92,5220812.83]]}},{"type":"Feature","properties":{"vineyard_id":"V02","row_id":"V02-R29","row_structure":"regular","tile":"siret3_r007_c004.tif","length_m":55.28},"geometry":{"type":"LineString","coordinates":[[629220.65,5220864.0],[629241.56,5220812.83]]}},{"type":"Feature","properties":{"vineyard_id":"V02","row_id":"V02-R32","row_structure":"disrupted","tile":"siret3_r007_c004.tif","length_m":55.31},"geometry":{"type":"LineString","coordinates":[[629212.35,5220864.0],[629233.3,5220812.81]]}},{"type":"Feature","properties":{"vineyard_id":"V02","row_id":"V02-R33","row_structure":"disrupted","tile":"siret3_r007_c004.tif","length_m":55.3},"geometry":{"type":"LineString","coordinates":[[629209.6,5220864.0],[629230.57,5220812.83]]}},{"type":"Feature","properties":{"vineyard_id":"V02","row_id":"V02-R34","row_structure":"regular","tile":"siret3_r007_c004.tif","length_m":55.28},"geometry":{"type":"LineString","coordinates":[[629206.86,5220863.99],[629227.78,5220812.83]]}},{"type":"Feature","properties":{"vineyard_id":"V02","row_id":"V02-R35","row_structure":"regular","tile":"siret3_r007_c004.tif","length_m":55.33},"geometry":{"type":"LineString","coordinates":[[629204.09,5220863.99],[629225.16,5220812.83]]}},{"type":"Feature","properties":{"vineyard_id":"V02","row_id":"V02-R36","row_structure":"regular","tile":"siret3_r007_c004.tif","length_m":55.25},"geometry":{"type":"LineString","coordinates":[[629201.46,5220864.0],[629222.32,5220812.84]]}},{"type":"Feature","properties":{"vineyard_id":"V02","row_id":"V02-R37","row_structure":"regular","tile":"siret3_r007_c004.tif","length_m":55.28},"geometry":{"type":"LineString","coordinates":[[629198.74,5220864.0],[629219.64,5220812.82]]}},{"type":"Feature","properties":{"vineyard_id":"V02","row_id":"V02-R38","row_structure":"regular","tile":"siret3_r007_c004.tif","length_m":52.87},"geometry":{"type":"LineString","coordinates":[[629196.8,5220861.75],[629216.86,5220812.82]]}},{"type":"Feature","properties":{"vineyard_id":"V02","row_id":"V02-R39","row_structure":"regular","tile":"siret3_r007_c004.tif","length_m":45.73},"geometry":{"type":"LineString","coordinates":[[629196.8,5220855.13],[629214.14,5220812.82]]}},{"type":"Feature","properties":{"vineyard_id":"V02","row_id":"V02-R40","row_structure":"regular","tile":"siret3_r007_c004.tif","length_m":38.63},"geometry":{"type":"LineString","coordinates":[[629196.8,5220848.63],[629211.31,5220812.83]]}},{"type":"Feature","properties":{"vineyard_id":"V02","row_id":"V02-R41","row_structure":"regular","tile":"siret3_r007_c004.tif","length_m":31.06},"geometry":{"type":"LineString","coordinates":[[629196.8,5220841.59],[629208.54,5220812.83]]}},{"type":"Feature","properties":{"vineyard_id":"V02","row_id":"V02-R42","row_structure":"regular","tile":"siret3_r007_c004.tif","length_m":24.0},"geometry":{"type":"LineString","coordinates":[[629196.8,5220835.04],[629205.86,5220812.82]]}},{"type":"Feature","properties":{"vineyard_id":"V02","row_id":"V02-R43","row_structure":"regular","tile":"siret3_r007_c004.tif","length_m":16.97},"geometry":{"type":"LineString","coordinates":[[629196.8,5220828.58],[629203.09,5220812.82]]}},{"type":"Feature","properties":{"vineyard_id":"V02","row_id":"V02-R44","row_structure":"regular","tile":"siret3_r007_c004.tif","length_m":9.75},"geometry":{"type":"LineString","coordinates":[[629196.8,5220821.83],[629200.52,5220812.83]]}},{"type":"Feature","properties":{"vineyard_id":"V02","row_id":"V02-R45","row_structure":"regular","tile":"siret3_r007_c004.tif","length_m":2.71},"geometry":{"type":"LineString","coordinates":[[629196.8,5220815.34],[629197.81,5220812.83]]}},{"type":"Feature","properties":{"vineyard_id":"V01","row_id":"V01-R07","row_structure":"regular","tile":"siret3_r008_c001.tif","length_m":4.25},"geometry":{"type":"LineString","coordinates":[[629092.0,5220812.79],[629094.39,5220809.28]]}},{"type":"Feature","properties":{"vineyard_id":"V03","row_id":"V03-R03","row_structure":"regular","tile":"siret3_r008_c001.tif","length_m":24.45},"geometry":{"type":"LineString","coordinates":[[629080.79,5220812.79],[629094.38,5220792.46]]}},{"type":"Feature","properties":{"vineyard_id":"V04","row_id":"V04-R19","row_structure":"regular","tile":"siret3_r008_c001.tif","length_m":22.12},"geometry":{"type":"LineString","coordinates":[[629081.92,5220781.06],[629094.38,5220762.78]]}},{"type":"Feature","properties":{"vineyard_id":"V04","row_id":"V04-R20","row_structure":"disrupted","tile":"siret3_r008_c001.tif","length_m":21.57},"geometry":{"type":"LineString","coordinates":[[629079.22,5220779.5],[629091.3,5220761.63]]}},{"type":"Feature","properties":{"vineyard_id":"V04","row_id":"V04-R22","row_structure":"regular","tile":"siret3_r008_c001.tif","length_m":15.6},"geometry":{"type":"LineString","coordinates":[[629075.79,5220774.56],[629084.53,5220761.63]]}},{"type":"Feature","properties":{"vineyard_id":"V04","row_id":"V04-R23","row_structure":"disrupted","tile":"siret3_r008_c001.tif","length_m":15.62},"geometry":{"type":"LineString","coordinates":[[629072.15,5220774.57],[629080.88,5220761.61]]}},{"type":"Feature","properties":{"vineyard_id":"V04","row_id":"V04-R24","row_structure":"regular","tile":"siret3_r008_c001.tif","length_m":13.22},"geometry":{"type":"LineString","coordinates":[[629069.65,5220772.63],[629076.96,5220761.62]]}},{"type":"Feature","properties":{"vineyard_id":"V04","row_id":"V04-R25","row_structure":"regular","tile":"siret3_r008_c001.tif","length_m":10.0},"geometry":{"type":"LineString","coordinates":[[629068.21,5220769.79],[629073.97,5220761.61]]}},{"type":"Feature","properties":{"vineyard_id":"V04","row_id":"V04-R26","row_structure":"regular","tile":"siret3_r008_c001.tif","length_m":9.2},"geometry":{"type":"LineString","coordinates":[[629065.21,5220769.33],[629070.25,5220761.63]]}},{"type":"Feature","properties":{"vineyard_id":"V04","row_id":"V04-R27","row_structure":"regular","tile":"siret3_r008_c001.tif","length_m":7.93},"geometry":{"type":"LineString","coordinates":[[629062.8,5220768.26],[629067.11,5220761.61]]}},{"type":"Feature","properties":{"vineyard_id":"V04","row_id":"V04-R28","row_structure":"regular","tile":"siret3_r008_c001.tif","length_m":5.6},"geometry":{"type":"LineString","coordinates":[[629059.53,5220766.18],[629062.81,5220761.63]]}},{"type":"Feature","properties":{"vineyard_id":"V02","row_id":"V02-R65","row_structure":"regular","tile":"siret3_r008_c002.tif","length_m":1.8},"geometry":{"type":"LineString","coordinates":[[629144.9,5220812.79],[629145.59,5220811.13]]}},{"type":"Feature","properties":{"vineyard_id":"V02","row_id":"V02-R66","row_structure":"regular","tile":"siret3_r008_c002.tif","length_m":8.56},"geometry":{"type":"LineString","coordinates":[[629142.25,5220812.8],[629145.59,5220804.91]]}},{"type":"Feature","properties":{"vineyard_id":"V02","row_id":"V02-R67","row_structure":"regular","tile":"siret3_r008_c002.tif","length_m":15.34},"geometry":{"type":"LineString","coordinates":[[629139.63,5220812.8],[629145.58,5220798.66]]}},{"type":"Feature","properties":{"vineyard_id":"V02","row_id":"V02-R68","row_structure":"regular","tile":"siret3_r008_c002.tif","length_m":22.25},"geometry":{"type":"LineString","coordinates":[[629137.04,5220812.8],[629145.59,5220792.26]]}},{"type":"Feature","properties":{"vineyard_id":"V02","row_id":"V02-R69","row_structure":"regular","tile":"siret3_r008_c002.tif","length_m":29.89},"geometry":{"type":"LineString","coordinates":[[629134.38,5220812.8],[629145.57,5220785.08]]}},{"type":"Feature","properties":{"vineyard_id":"V02","row_id":"V02-R70","row_structure":"regular","tile":"siret3_r008_c002.tif","length_m":37.35},"geometry":{"type":"LineString","coordinates":[[629131.52,5220812.8],[629145.59,5220778.2]]}},{"type":"Feature","properties":{"vineyard_id":"V02","row_id":"V02-R71","row_structure":"disrupted","tile":"siret3_r008_c002.tif","length_m":44.48},"geometry":{"type":"LineString","coordinates":[[629128.71,5220812.8],[629145.59,5220771.65]]}},{"type":"Feature","properties":{"vineyard_id":"V02","row_id":"V02-R72","row_structure":"disrupted","tile":"siret3_r008_c002.tif","length_m":51.3},"geometry":{"type":"LineString","coordinates":[[629125.96,5220812.8],[629145.59,5220765.41]]}},{"type":"Feature","properties":{"vineyard_id":"V02","row_id":"V02-R73","row_structure":"regular","tile":"siret3_r008_c002.tif","length_m":55.38},"geometry":{"type":"LineString","coordinates":[[629123.23,5220812.79],[629144.41,5220761.62]]}},{"type":"Feature","properties":{"vineyard_id":"V02","row_id":"V02-R76","row_structure":"regular","tile":"siret3_r008_c002.tif","length_m":55.33},"geometry":{"type":"LineString","coordinates":[[629120.44,5220812.8],[629141.47,5220761.63]]}},{"type":"Feature","properties":{"vineyard_id":"V02","row_id":"V02-R78","row_structure":"regular","tile":"siret3_r008_c002.tif","length_m":55.39},"geometry":{"type":"LineString","coordinates":[[629117.38,5220812.8],[629138.54,5220761.61]]}},{"type":"Feature","properties":{"vineyard_id":"V04","row_id":"V04-R14","row_structure":"disrupted","tile":"siret3_r008_c002.tif","length_m":28.4},"geometry":{"type":"LineString","coordinates":[[629094.4,5220787.92],[629105.12,5220761.62]]}},{"type":"Feature","properties":{"vineyard_id":"V04","row_id":"V04-R15","row_structure":"disrupted","tile":"siret3_r008_c002.tif","length_m":19.59},"geometry":{"type":"LineString","coordinates":[[629094.4,5220779.72],[629101.88,5220761.62]]}},{"type":"Feature","properties":{"vineyard_id":"V04","row_id":"V04-R16","row_structure":"regular","tile":"siret3_r008_c002.tif","length_m":5.63},"geometry":{"type":"LineString","coordinates":[[629094.4,5220774.19],[629096.55,5220768.99]]}},{"type":"Feature","properties":{"vineyard_id":"V04","row_id":"V04-R18","row_structure":"regular","tile":"siret3_r008_c002.tif","length_m":7.28},"geometry":{"type":"LineString","coordinates":[[629094.4,5220768.35],[629097.18,5220761.62]]}},{"type":"Feature","properties":{"vineyard_id":"V04","row_id":"V04-R19","row_structure":"regular","tile":"siret3_r008_c002.tif","length_m":1.09},"geometry":{"type":"LineString","coordinates":[[629094.4,5220762.63],[629094.83,5220761.63]]}},{"type":"Feature","properties":{"vineyard_id":"V01","row_id":"V01-R02","row_structure":"regular","tile":"siret3_r008_c002.tif","length_m":6.35},"geometry":{"type":"LineString","coordinates":[[629109.46,5220812.8],[629113.08,5220807.58]]}},{"type":"Feature","properties":{"vineyard_id":"V01","row_id":"V01-R03","row_structure":"disrupted","tile":"siret3_r008_c002.tif","length_m":7.7},"geometry":{"type":"LineString","coordinates":[[629106.51,5220812.8],[629111.03,5220806.57]]}},{"type":"Feature","properties":{"vineyard_id":"V04","row_id":"V04-R01","row_structure":"disrupted","tile":"siret3_r008_c002.tif","length_m":42.7},"geometry":{"type":"LineString","coordinates":[[629108.26,5220799.97],[629132.66,5220764.92]]}},{"type":"Feature","properties":{"vineyard_id":"V01","row_id":"V01-R06","row_structure":"disrupted","tile":"siret3_r008_c002.tif","length_m":15.05},"geometry":{"type":"LineString","coordinates":[[629095.86,5220812.8],[629104.46,5220800.44]]}},{"type":"Feature","properties":{"vineyard_id":"V04","row_id":"V04-R03","row_structure":"disrupted","tile":"siret3_r008_c002.tif","length_m":36.13},"geometry":{"type":"LineString","coordinates":[[629106.2,5220797.94],[629126.82,5220768.28]]}},{"type":"Feature","properties":{"vineyard_id":"V04","row_id":"V04-R04","row_structure":"disrupted","tile":"siret3_r008_c002.tif","length_m":32.48},"geometry":{"type":"LineString","coordinates":[[629104.23,5220796.01],[629122.74,5220769.33]]}},{"type":"Feature","properties":{"vineyard_id":"V04","row_id":"V04-R06","row_structure":"disrupted","tile":"siret3_r008_c002.tif","length_m":39.03},"geometry":{"type":"LineString","coordinates":[[629101.94,5220793.77],[629124.07,5220761.62]]}},{"type":"Feature","properties":{"vineyard_id":"V03","row_id":"V03-R01","row_structure":"regular","tile":"siret3_r008_c002.tif","length_m":6.69},"geometry":{"type":"LineString","coordinates":[[629094.4,5220799.8],[629098.17,5220794.27]]}},{"type":"Feature","properties":{"vineyard_id":"V04","row_id":"V04-R08","row_structure":"regular","tile":"siret3_r008_c002.tif","length_m":36.48},"geometry":{"type":"LineString","coordinates":[[629099.89,5220791.76],[629120.47,5220761.63]]}},{"type":"Feature","properties":{"vineyard_id":"V03","row_id":"V03-R02","row_structure":"regular","tile":"siret3_r008_c002.tif","length_m":2.38},"geometry":{"type":"LineString","coordinates":[[629094.4,5220794.5],[629095.74,5220792.52]]}},{"type":"Feature","properties":{"vineyard_id":"V04","row_id":"V04-R10","row_structure":"regular","tile":"siret3_r008_c002.tif","length_m":34.34},"geometry":{"type":"LineString","coordinates":[[629097.43,5220790.04],[629116.71,5220761.63]]}},{"type":"Feature","properties":{"vineyard_id":"V04","row_id":"V04-R12","row_structure":"regular","tile":"siret3_r008_c002.tif","length_m":25.66},"geometry":{"type":"LineString","coordinates":[[629098.87,5220783.01],[629113.05,5220761.63]]}},{"type":"Feature","properties":{"vineyard_id":"V04","row_id":"V04-R13","row_structure":"regular","tile":"siret3_r008_c002.tif","length_m":8.38},"geometry":{"type":"LineString","coordinates":[[629104.8,5220768.48],[629109.6,5220761.62]]}},{"type":"Feature","properties":{"vineyard_id":"V02","row_id":"V02-R46","row_structure":"regular","tile":"siret3_r008_c003.tif","length_m":4.68},"geometry":{"type":"LineString","coordinates":[[629195.05,5220812.79],[629196.78,5220808.45]]}},{"type":"Feature","properties":{"vineyard_id":"V02","row_id":"V02-R47","row_structure":"regular","tile":"siret3_r008_c003.tif","length_m":12.91},"geometry":{"type":"LineString","coordinates":[[629191.95,5220812.8],[629196.79,5220800.83]]}},{"type":"Feature","properties":{"vineyard_id":"V02","row_id":"V02-R48","row_structure":"regular","tile":"siret3_r008_c003.tif","length_m":20.17},"geometry":{"type":"LineString","coordinates":[[629189.11,5220812.8],[629196.79,5220794.15]]}},{"type":"Feature","properties":{"vineyard_id":"V02","row_id":"V02-R49","row_structure":"regular","tile":"siret3_r008_c003.tif","length_m":27.49},"geometry":{"type":"LineString","coordinates":[[629186.64,5220812.8],[629196.79,5220787.25]]}},{"type":"Feature","properties":{"vineyard_id":"V02","row_id":"V02-R50","row_structure":"regular","tile":"siret3_r008_c003.tif","length_m":34.15},"geometry":{"type":"LineString","coordinates":[[629183.65,5220812.8],[629196.78,5220781.27]]}},{"type":"Feature","properties":{"vineyard_id":"V02","row_id":"V02-R51","row_structure":"regular","tile":"siret3_r008_c003.tif","length_m":41.0},"geometry":{"type":"LineString","coordinates":[[629180.9,5220812.8],[629196.78,5220775.0]]}},{"type":"Feature","properties":{"vineyard_id":"V02","row_id":"V02-R52","row_structure":"disrupted","tile":"siret3_r008_c003.tif","length_m":48.5},"geometry":{"type":"LineString","coordinates":[[629178.25,5220812.79],[629196.77,5220767.97]]}},{"type":"Feature","properties":{"vineyard_id":"V02","row_id":"V02-R53","row_structure":"regular","tile":"siret3_r008_c003.tif","length_m":55.22},"geometry":{"type":"LineString","coordinates":[[629175.87,5220812.8],[629196.59,5220761.62]]}},{"type":"Feature","properties":{"vineyard_id":"V02","row_id":"V02-R54","row_structure":"regular","tile":"siret3_r008_c003.tif","length_m":55.15},"geometry":{"type":"LineString","coordinates":[[629173.01,5220812.79],[629193.58,5220761.62]]}},{"type":"Feature","properties":{"vineyard_id":"V02","row_id":"V02-R55","row_structure":"regular","tile":"siret3_r008_c003.tif","length_m":55.22},"geometry":{"type":"LineString","coordinates":[[629170.21,5220812.8],[629190.95,5220761.62]]}},{"type":"Feature","properties":{"vineyard_id":"V02","row_id":"V02-R56","row_structure":"regular","tile":"siret3_r008_c003.tif","length_m":55.28},"geometry":{"type":"LineString","coordinates":[[629167.48,5220812.79],[629188.39,5220761.62]]}},{"type":"Feature","properties":{"vineyard_id":"V02","row_id":"V02-R57","row_structure":"regular","tile":"siret3_r008_c003.tif","length_m":55.35},"geometry":{"type":"LineString","coordinates":[[629164.7,5220812.8],[629185.75,5220761.62]]}},{"type":"Feature","properties":{"vineyard_id":"V02","row_id":"V02-R58","row_structure":"regular","tile":"siret3_r008_c003.tif","length_m":55.32},"geometry":{"type":"LineString","coordinates":[[629161.87,5220812.8],[629182.89,5220761.62]]}},{"type":"Feature","properties":{"vineyard_id":"V02","row_id":"V02-R59","row_structure":"regular","tile":"siret3_r008_c003.tif","length_m":55.28},"geometry":{"type":"LineString","coordinates":[[629159.18,5220812.8],[629180.1,5220761.63]]}},{"type":"Feature","properties":{"vineyard_id":"V02","row_id":"V02-R60","row_structure":"regular","tile":"siret3_r008_c003.tif","length_m":55.35},"geometry":{"type":"LineString","coordinates":[[629156.26,5220812.79],[629177.35,5220761.62]]}},{"type":"Feature","properties":{"vineyard_id":"V02","row_id":"V02-R61","row_structure":"regular","tile":"siret3_r008_c003.tif","length_m":55.35},"geometry":{"type":"LineString","coordinates":[[629153.45,5220812.79],[629174.57,5220761.63]]}},{"type":"Feature","properties":{"vineyard_id":"V02","row_id":"V02-R62","row_structure":"regular","tile":"siret3_r008_c003.tif","length_m":55.39},"geometry":{"type":"LineString","coordinates":[[629150.67,5220812.8],[629171.89,5220761.63]]}},{"type":"Feature","properties":{"vineyard_id":"V02","row_id":"V02-R63","row_structure":"regular","tile":"siret3_r008_c003.tif","length_m":55.49},"geometry":{"type":"LineString","coordinates":[[629147.84,5220812.8],[629169.28,5220761.61]]}},{"type":"Feature","properties":{"vineyard_id":"V02","row_id":"V02-R64","row_structure":"regular","tile":"siret3_r008_c003.tif","length_m":54.22},"geometry":{"type":"LineString","coordinates":[[629145.6,5220811.66],[629166.52,5220761.64]]}},{"type":"Feature","properties":{"vineyard_id":"V02","row_id":"V02-R66","row_structure":"regular","tile":"siret3_r008_c003.tif","length_m":47.13},"geometry":{"type":"LineString","coordinates":[[629145.6,5220805.21],[629163.51,5220761.61]]}},{"type":"Feature","properties":{"vineyard_id":"V02","row_id":"V02-R67","row_structure":"regular","tile":"siret3_r008_c003.tif","length_m":40.0},"geometry":{"type":"LineString","coordinates":[[629145.6,5220798.61],[629160.82,5220761.62]]}},{"type":"Feature","properties":{"vineyard_id":"V02","row_id":"V02-R68","row_structure":"regular","tile":"siret3_r008_c003.tif","length_m":32.79},"geometry":{"type":"LineString","coordinates":[[629145.6,5220791.96],[629158.04,5220761.63]]}},{"type":"Feature","properties":{"vineyard_id":"V02","row_id":"V02-R69","row_structure":"regular","tile":"siret3_r008_c003.tif","length_m":25.56},"geometry":{"type":"LineString","coordinates":[[629145.6,5220785.29],[629155.25,5220761.62]]}},{"type":"Feature","properties":{"vineyard_id":"V02","row_id":"V02-R70","row_structure":"regular","tile":"siret3_r008_c003.tif","length_m":18.0},"geometry":{"type":"LineString","coordinates":[[629145.6,5220778.21],[629152.56,5220761.62]]}},{"type":"Feature","properties":{"vineyard_id":"V02","row_id":"V02-R71","row_structure":"regular","tile":"siret3_r008_c003.tif","length_m":11.2},"geometry":{"type":"LineString","coordinates":[[629145.6,5220772.02],[629149.77,5220761.63]]}},{"type":"Feature","properties":{"vineyard_id":"V02","row_id":"V02-R26","row_structure":"regular","tile":"siret3_r008_c004.tif","length_m":2.12},"geometry":{"type":"LineString","coordinates":[[629247.18,5220812.8],[629247.98,5220810.83]]}},{"type":"Feature","properties":{"vineyard_id":"V02","row_id":"V02-R29","row_structure":"regular","tile":"siret3_r008_c004.tif","length_m":16.87},"geometry":{"type":"LineString","coordinates":[[629241.53,5220812.79],[629247.98,5220797.19]]}},{"type":"Feature","properties":{"vineyard_id":"V02","row_id":"V02-R32","row_structure":"regular","tile":"siret3_r008_c004.tif","length_m":38.98},"geometry":{"type":"LineString","coordinates":[[629233.36,5220812.8],[629247.98,5220776.67]]}},{"type":"Feature","properties":{"vineyard_id":"V02","row_id":"V02-R33","row_structure":"regular","tile":"siret3_r008_c004.tif","length_m":46.23},"geometry":{"type":"LineString","coordinates":[[629230.5,5220812.79],[629247.98,5220770.0]]}},{"type":"Feature","properties":{"vineyard_id":"V02","row_id":"V02-R34","row_structure":"regular","tile":"siret3_r008_c004.tif","length_m":53.4},"geometry":{"type":"LineString","coordinates":[[629227.72,5220812.79],[629247.99,5220763.39]]}},{"type":"Feature","properties":{"vineyard_id":"V02","row_id":"V02-R35","row_structure":"regular","tile":"siret3_r008_c004.tif","length_m":55.3},"geometry":{"type":"LineString","coordinates":[[629225.06,5220812.79],[629246.03,5220761.62]]}},{"type":"Feature","properties":{"vineyard_id":"V02","row_id":"V02-R36","row_structure":"regular","tile":"siret3_r008_c004.tif","length_m":55.3},"geometry":{"type":"LineString","coordinates":[[629222.32,5220812.8],[629243.25,5220761.62]]}},{"type":"Feature","properties":{"vineyard_id":"V02","row_id":"V02-R37","row_structure":"regular","tile":"siret3_r008_c004.tif","length_m":55.31},"geometry":{"type":"LineString","coordinates":[[629219.57,5220812.8],[629240.53,5220761.62]]}},{"type":"Feature","properties":{"vineyard_id":"V02","row_id":"V02-R38","row_structure":"regular","tile":"siret3_r008_c004.tif","length_m":55.2},"geometry":{"type":"LineString","coordinates":[[629216.8,5220812.79],[629237.51,5220761.62]]}},{"type":"Feature","properties":{"vineyard_id":"V02","row_id":"V02-R39","row_structure":"regular","tile":"siret3_r008_c004.tif","length_m":55.2},"geometry":{"type":"LineString","coordinates":[[629214.08,5220812.79],[629234.8,5220761.62]]}},{"type":"Feature","properties":{"vineyard_id":"V02","row_id":"V02-R40","row_structure":"regular","tile":"siret3_r008_c004.tif","length_m":55.25},"geometry":{"type":"LineString","coordinates":[[629211.33,5220812.8],[629232.16,5220761.63]]}},{"type":"Feature","properties":{"vineyard_id":"V02","row_id":"V02-R41","row_structure":"regular","tile":"siret3_r008_c004.tif","length_m":55.23},"geometry":{"type":"LineString","coordinates":[[629208.68,5220812.8],[629229.44,5220761.63]]}},{"type":"Feature","properties":{"vineyard_id":"V02","row_id":"V02-R42","row_structure":"regular","tile":"siret3_r008_c004.tif","length_m":55.26},"geometry":{"type":"LineString","coordinates":[[629205.87,5220812.8],[629226.7,5220761.62]]}},{"type":"Feature","properties":{"vineyard_id":"V02","row_id":"V02-R43","row_structure":"disrupted","tile":"siret3_r008_c004.tif","length_m":55.23},"geometry":{"type":"LineString","coordinates":[[629203.16,5220812.79],[629223.97,5220761.63]]}},{"type":"Feature","properties":{"vineyard_id":"V02","row_id":"V02-R44","row_structure":"regular","tile":"siret3_r008_c004.tif","length_m":55.23},"geometry":{"type":"LineString","coordinates":[[629200.32,5220812.79],[629221.08,5220761.62]]}},{"type":"Feature","properties":{"vineyard_id":"V02","row_id":"V02-R45","row_structure":"regular","tile":"siret3_r008_c004.tif","length_m":55.14},"geometry":{"type":"LineString","coordinates":[[629197.79,5220812.8],[629218.29,5220761.61]]}},{"type":"Feature","properties":{"vineyard_id":"V02","row_id":"V02-R46","row_structure":"regular","tile":"siret3_r008_c004.tif","length_m":50.12},"geometry":{"type":"LineString","coordinates":[[629196.8,5220808.1],[629215.53,5220761.62]]}},{"type":"Feature","properties":{"vineyard_id":"V02","row_id":"V02-R47","row_structure":"regular","tile":"siret3_r008_c004.tif","length_m":42.47},"geometry":{"type":"LineString","coordinates":[[629196.8,5220800.88],[629213.03,5220761.62]]}},{"type":"Feature","properties":{"vineyard_id":"V02","row_id":"V02-R48","row_structure":"disrupted","tile":"siret3_r008_c004.tif","length_m":35.25},"geometry":{"type":"LineString","coordinates":[[629196.8,5220794.15],[629210.37,5220761.62]]}},{"type":"Feature","properties":{"vineyard_id":"V02","row_id":"V02-R49","row_structure":"regular","tile":"siret3_r008_c004.tif","length_m":27.99},"geometry":{"type":"LineString","coordinates":[[629196.8,5220787.45],[629207.61,5220761.63]]}},{"type":"Feature","properties":{"vineyard_id":"V02","row_id":"V02-R50","row_structure":"regular","tile":"siret3_r008_c004.tif","length_m":20.93},"geometry":{"type":"LineString","coordinates":[[629196.8,5220780.88],[629205.01,5220761.62]]}},{"type":"Feature","properties":{"vineyard_id":"V02","row_id":"V02-R51","row_structure":"regular","tile":"siret3_r008_c004.tif","length_m":14.18},"geometry":{"type":"LineString","coordinates":[[629196.8,5220774.82],[629201.99,5220761.63]]}},{"type":"Feature","properties":{"vineyard_id":"V02","row_id":"V02-R52","row_structure":"regular","tile":"siret3_r008_c004.tif","length_m":6.75},"geometry":{"type":"LineString","coordinates":[[629196.8,5220767.88],[629199.32,5220761.62]]}},{"type":"Feature","properties":{"vineyard_id":"V02","row_id":"V02-R13","row_structure":"disrupted","tile":"siret3_r008_c005.tif","length_m":47.3},"geometry":{"type":"LineString","coordinates":[[629276.96,5220812.8],[629294.58,5220768.91]]}},{"type":"Feature","properties":{"vineyard_id":"V02","row_id":"V02-R15","row_structure":"regular","tile":"siret3_r008_c005.tif","length_m":49.5},"geometry":{"type":"LineString","coordinates":[[629274.15,5220812.79],[629292.82,5220766.95]]}},{"type":"Feature","properties":{"vineyard_id":"V02","row_id":"V02-R17","row_structure":"regular","tile":"siret3_r008_c005.tif","length_m":51.24},"geometry":{"type":"LineString","coordinates":[[629271.41,5220812.8],[629290.78,5220765.36]]}},{"type":"Feature","properties":{"vineyard_id":"V02","row_id":"V02-R18","row_structure":"regular","tile":"siret3_r008_c005.tif","length_m":55.32},"geometry":{"type":"LineString","coordinates":[[629268.7,5220812.8],[629289.7,5220761.62]]}},{"type":"Feature","properties":{"vineyard_id":"V02","row_id":"V02-R19","row_structure":"regular","tile":"siret3_r008_c005.tif","length_m":55.29},"geometry":{"type":"LineString","coordinates":[[629265.92,5220812.8],[629286.88,5220761.63]]}},{"type":"Feature","properties":{"vineyard_id":"V02","row_id":"V02-R20","row_structure":"regular","tile":"siret3_r008_c005.tif","length_m":55.27},"geometry":{"type":"LineString","coordinates":[[629262.93,5220812.8],[629283.81,5220761.62]]}},{"type":"Feature","properties":{"vineyard_id":"V02","row_id":"V02-R21","row_structure":"regular","tile":"siret3_r008_c005.tif","length_m":55.22},"geometry":{"type":"LineString","coordinates":[[629260.76,5220812.8],[629281.5,5220761.63]]}},{"type":"Feature","properties":{"vineyard_id":"V02","row_id":"V02-R22","row_structure":"regular","tile":"siret3_r008_c005.tif","length_m":55.34},"geometry":{"type":"LineString","coordinates":[[629257.91,5220812.8],[629278.97,5220761.62]]}},{"type":"Feature","properties":{"vineyard_id":"V02","row_id":"V02-R23","row_structure":"regular","tile":"siret3_r008_c005.tif","length_m":55.29},"geometry":{"type":"LineString","coordinates":[[629255.34,5220812.8],[629276.24,5220761.61]]}},{"type":"Feature","properties":{"vineyard_id":"V02","row_id":"V02-R24","row_structure":"disrupted","tile":"siret3_r008_c005.tif","length_m":55.24},"geometry":{"type":"LineString","coordinates":[[629252.56,5220812.8],[629273.39,5220761.64]]}},{"type":"Feature","properties":{"vineyard_id":"V02","row_id":"V02-R25","row_structure":"regular","tile":"siret3_r008_c005.tif","length_m":55.22},"geometry":{"type":"LineString","coordinates":[[629249.69,5220812.8],[629270.46,5220761.63]]}},{"type":"Feature","properties":{"vineyard_id":"V02","row_id":"V02-R26","row_structure":"regular","tile":"siret3_r008_c005.tif","length_m":52.33},"geometry":{"type":"LineString","coordinates":[[629248.0,5220810.12],[629267.67,5220761.62]]}},{"type":"Feature","properties":{"vineyard_id":"V02","row_id":"V02-R28","row_structure":"regular","tile":"siret3_r008_c005.tif","length_m":45.55},"geometry":{"type":"LineString","coordinates":[[629248.0,5220803.79],[629265.22,5220761.62]]}},{"type":"Feature","properties":{"vineyard_id":"V02","row_id":"V02-R29","row_structure":"regular","tile":"siret3_r008_c005.tif","length_m":38.41},"geometry":{"type":"LineString","coordinates":[[629248.0,5220797.22],[629262.42,5220761.62]]}},{"type":"Feature","properties":{"vineyard_id":"V02","row_id":"V02-R32","row_structure":"regular","tile":"siret3_r008_c005.tif","length_m":16.77},"geometry":{"type":"LineString","coordinates":[[629248.0,5220777.17],[629254.32,5220761.63]]}},{"type":"Feature","properties":{"vineyard_id":"V02","row_id":"V02-R33","row_structure":"regular","tile":"siret3_r008_c005.tif","length_m":9.36},"geometry":{"type":"LineString","coordinates":[[629248.0,5220770.29],[629251.52,5220761.62]]}},{"type":"Feature","properties":{"vineyard_id":"V02","row_id":"V02-R34","row_structure":"regular","tile":"siret3_r008_c005.tif","length_m":1.59},"geometry":{"type":"LineString","coordinates":[[629248.0,5220763.09],[629248.6,5220761.62]]}},{"type":"Feature","properties":{"vineyard_id":"V04","row_id":"V04-R36","row_structure":"regular","tile":"siret3_r009_c000.tif","length_m":5.41},"geometry":{"type":"LineString","coordinates":[[629040.17,5220751.22],[629043.18,5220746.73]]}},{"type":"Feature","properties":{"vineyard_id":"V04","row_id":"V04-R37","row_structure":"regular","tile":"siret3_r009_c000.tif","length_m":9.88},"geometry":{"type":"LineString","coordinates":[[629037.73,5220749.4],[629043.19,5220741.16]]}},{"type":"Feature","properties":{"vineyard_id":"V04","row_id":"V04-R39","row_structure":"regular","tile":"siret3_r009_c000.tif","length_m":14.33},"geometry":{"type":"LineString","coordinates":[[629035.27,5220747.57],[629043.18,5220735.61]]}},{"type":"Feature","properties":{"vineyard_id":"V04","row_id":"V04-R40","row_structure":"regular","tile":"siret3_r009_c000.tif","length_m":18.64},"geometry":{"type":"LineString","coordinates":[[629032.94,5220745.83],[629043.19,5220730.26]]}},{"type":"Feature","properties":{"vineyard_id":"V04","row_id":"V04-R41","row_structure":"regular","tile":"siret3_r009_c000.tif","length_m":23.09},"geometry":{"type":"LineString","coordinates":[[629030.52,5220744.03],[629043.19,5220724.72]]}},{"type":"Feature","properties":{"vineyard_id":"V04","row_id":"V04-R42","row_structure":"regular","tile":"siret3_r009_c000.tif","length_m":27.35},"geometry":{"type":"LineString","coordinates":[[629028.16,5220742.27],[629043.19,5220719.42]]}},{"type":"Feature","properties":{"vineyard_id":"V04","row_id":"V04-R43","row_structure":"regular","tile":"siret3_r009_c000.tif","length_m":31.84},"geometry":{"type":"LineString","coordinates":[[629025.65,5220740.4],[629043.18,5220713.81]]}},{"type":"Feature","properties":{"vineyard_id":"V04","row_id":"V04-R44","row_structure":"regular","tile":"siret3_r009_c000.tif","length_m":33.84},"geometry":{"type":"LineString","coordinates":[[629023.33,5220738.69],[629041.95,5220710.43]]}},{"type":"Feature","properties":{"vineyard_id":"V04","row_id":"V04-R46","row_structure":"regular","tile":"siret3_r009_c000.tif","length_m":29.81},"geometry":{"type":"LineString","coordinates":[[629018.15,5220735.36],[629034.5,5220710.43]]}},{"type":"Feature","properties":{"vineyard_id":"V04","row_id":"V04-R47","row_structure":"disrupted","tile":"siret3_r009_c000.tif","length_m":27.82},"geometry":{"type":"LineString","coordinates":[[629015.47,5220733.64],[629030.81,5220710.42]]}},{"type":"Feature","properties":{"vineyard_id":"V04","row_id":"V04-R48","row_structure":"regular","tile":"siret3_r009_c000.tif","length_m":25.88},"geometry":{"type":"LineString","coordinates":[[629013.08,5220732.09],[629027.22,5220710.42]]}},{"type":"Feature","properties":{"vineyard_id":"V04","row_id":"V04-R49","row_structure":"regular","tile":"siret3_r009_c000.tif","length_m":26.5},"geometry":{"type":"LineString","coordinates":[[629009.38,5220732.58],[629023.92,5220710.43]]}},{"type":"Feature","properties":{"vineyard_id":"V04","row_id":"V04-R50","row_structure":"regular","tile":"siret3_r009_c000.tif","length_m":22.48},"geometry":{"type":"LineString","coordinates":[[629007.7,5220729.14],[629020.15,5220710.43]]}},{"type":"Feature","properties":{"vineyard_id":"V04","row_id":"V04-R51","row_structure":"disrupted","tile":"siret3_r009_c000.tif","length_m":20.03},"geometry":{"type":"LineString","coordinates":[[629005.46,5220727.1],[629016.53,5220710.4]]}},{"type":"Feature","properties":{"vineyard_id":"V04","row_id":"V04-R52","row_structure":"regular","tile":"siret3_r009_c000.tif","length_m":12.32},"geometry":{"type":"LineString","coordinates":[[629005.56,5220722.37],[629012.24,5220712.02]]}},{"type":"Feature","properties":{"vineyard_id":"V04","row_id":"V04-R20","row_structure":"regular","tile":"siret3_r009_c001.tif","length_m":5.89},"geometry":{"type":"LineString","coordinates":[[629091.28,5220761.6],[629094.38,5220756.59]]}},{"type":"Feature","properties":{"vineyard_id":"V04","row_id":"V04-R21","row_structure":"regular","tile":"siret3_r009_c001.tif","length_m":11.95},"geometry":{"type":"LineString","coordinates":[[629087.89,5220761.6],[629094.38,5220751.57]]}},{"type":"Feature","properties":{"vineyard_id":"V04","row_id":"V04-R22","row_structure":"regular","tile":"siret3_r009_c001.tif","length_m":18.18},"geometry":{"type":"LineString","coordinates":[[629084.55,5220761.6],[629094.38,5220746.31]]}},{"type":"Feature","properties":{"vineyard_id":"V04","row_id":"V04-R23","row_structure":"regular","tile":"siret3_r009_c001.tif","length_m":24.73},"geometry":{"type":"LineString","coordinates":[[629080.88,5220761.59],[629094.39,5220740.88]]}},{"type":"Feature","properties":{"vineyard_id":"V04","row_id":"V04-R24","row_structure":"regular","tile":"siret3_r009_c001.tif","length_m":31.8},"geometry":{"type":"LineString","coordinates":[[629076.9,5220761.59],[629094.38,5220735.02]]}},{"type":"Feature","properties":{"vineyard_id":"V04","row_id":"V04-R25","row_structure":"regular","tile":"siret3_r009_c001.tif","length_m":37.83},"geometry":{"type":"LineString","coordinates":[[629073.77,5220761.6],[629094.39,5220729.89]]}},{"type":"Feature","properties":{"vineyard_id":"V04","row_id":"V04-R26","row_structure":"regular","tile":"siret3_r009_c001.tif","length_m":44.39},"geometry":{"type":"LineString","coordinates":[[629070.17,5220761.6],[629094.38,5220724.38]]}},{"type":"Feature","properties":{"vineyard_id":"V04","row_id":"V04-R27","row_structure":"regular","tile":"siret3_r009_c001.tif","length_m":50.43},"geometry":{"type":"LineString","coordinates":[[629066.83,5220761.6],[629094.39,5220719.38]]}},{"type":"Feature","properties":{"vineyard_id":"V04","row_id":"V04-R28","row_structure":"regular","tile":"siret3_r009_c001.tif","length_m":58.25},"geometry":{"type":"LineString","coordinates":[[629062.44,5220761.6],[629094.38,5220712.88]]}},{"type":"Feature","properties":{"vineyard_id":"V04","row_id":"V04-R29","row_structure":"regular","tile":"siret3_r009_c001.tif","length_m":61.23},"geometry":{"type":"LineString","coordinates":[[629059.07,5220761.6],[629092.67,5220710.42]]}},{"type":"Feature","properties":{"vineyard_id":"V04","row_id":"V04-R30","row_structure":"disrupted","tile":"siret3_r009_c001.tif","length_m":61.23},"geometry":{"type":"LineString","coordinates":[[629055.5,5220761.6],[629089.09,5220710.41]]}},{"type":"Feature","properties":{"vineyard_id":"V04","row_id":"V04-R31","row_structure":"regular","tile":"siret3_r009_c001.tif","length_m":61.33},"geometry":{"type":"LineString","coordinates":[[629051.67,5220761.6],[629085.44,5220710.41]]}},{"type":"Feature","properties":{"vineyard_id":"V04","row_id":"V04-R32","row_structure":"regular","tile":"siret3_r009_c001.tif","length_m":57.57},"geometry":{"type":"LineString","coordinates":[[629050.12,5220758.64],[629081.58,5220710.42]]}},{"type":"Feature","properties":{"vineyard_id":"V04","row_id":"V04-R33","row_structure":"regular","tile":"siret3_r009_c001.tif","length_m":55.38},"geometry":{"type":"LineString","coordinates":[[629047.63,5220756.78],[629077.95,5220710.44]]}},{"type":"Feature","properties":{"vineyard_id":"V04","row_id":"V04-R34","row_structure":"regular","tile":"siret3_r009_c001.tif","length_m":53.17},"geometry":{"type":"LineString","coordinates":[[629045.14,5220754.92],[629074.25,5220710.43]]}},{"type":"Feature","properties":{"vineyard_id":"V04","row_id":"V04-R35","row_structure":"regular","tile":"siret3_r009_c001.tif","length_m":50.32},"geometry":{"type":"LineString","coordinates":[[629043.2,5220752.64],[629070.6,5220710.44]]}},{"type":"Feature","properties":{"vineyard_id":"V04","row_id":"V04-R36","row_structure":"regular","tile":"siret3_r009_c001.tif","length_m":43.46},"geometry":{"type":"LineString","coordinates":[[629043.2,5220746.8],[629066.96,5220710.42]]}},{"type":"Feature","properties":{"vineyard_id":"V04","row_id":"V04-R37","row_structure":"regular","tile":"siret3_r009_c001.tif","length_m":36.77},"geometry":{"type":"LineString","coordinates":[[629043.2,5220741.12],[629063.45,5220710.42]]}},{"type":"Feature","properties":{"vineyard_id":"V04","row_id":"V04-R39","row_structure":"regular","tile":"siret3_r009_c001.tif","length_m":30.05},"geometry":{"type":"LineString","coordinates":[[629043.2,5220735.5],[629059.75,5220710.42]]}},{"type":"Feature","properties":{"vineyard_id":"V04","row_id":"V04-R40","row_structure":"regular","tile":"siret3_r009_c001.tif","length_m":23.55},"geometry":{"type":"LineString","coordinates":[[629043.21,5220730.16],[629056.06,5220710.42]]}},{"type":"Feature","properties":{"vineyard_id":"V04","row_id":"V04-R41","row_structure":"regular","tile":"siret3_r009_c001.tif","length_m":16.86},"geometry":{"type":"LineString","coordinates":[[629043.2,5220724.52],[629052.46,5220710.42]]}},{"type":"Feature","properties":{"vineyard_id":"V04","row_id":"V04-R42","row_structure":"regular","tile":"siret3_r009_c001.tif","length_m":10.7},"geometry":{"type":"LineString","coordinates":[[629043.2,5220719.37],[629049.08,5220710.43]]}},{"type":"Feature","properties":{"vineyard_id":"V04","row_id":"V04-R43","row_structure":"regular","tile":"siret3_r009_c001.tif","length_m":4.17},"geometry":{"type":"LineString","coordinates":[[629043.2,5220713.95],[629045.42,5220710.42]]}},{"type":"Feature","properties":{"vineyard_id":"V02","row_id":"V02-R73","row_structure":"regular","tile":"siret3_r009_c002.tif","length_m":2.12},"geometry":{"type":"LineString","coordinates":[[629144.42,5220761.6],[629145.58,5220759.82]]}},{"type":"Feature","properties":{"vineyard_id":"V02","row_id":"V02-R75","row_structure":"regular","tile":"siret3_r009_c002.tif","length_m":8.87},"geometry":{"type":"LineString","coordinates":[[629140.76,5220761.6],[629145.59,5220754.17]]}},{"type":"Feature","properties":{"vineyard_id":"V02","row_id":"V02-R77","row_structure":"regular","tile":"siret3_r009_c002.tif","length_m":11.45},"geometry":{"type":"LineString","coordinates":[[629139.35,5220757.89],[629145.58,5220748.29]]}},{"type":"Feature","properties":{"vineyard_id":"V04","row_id":"V04-R02","row_structure":"disrupted","tile":"siret3_r009_c002.tif","length_m":19.36},"geometry":{"type":"LineString","coordinates":[[629130.62,5220761.6],[629141.17,5220745.36]]}},{"type":"Feature","properties":{"vineyard_id":"V04","row_id":"V04-R05","row_structure":"disrupted","tile":"siret3_r009_c002.tif","length_m":34.37},"geometry":{"type":"LineString","coordinates":[[629126.84,5220761.6],[629145.58,5220732.79]]}},{"type":"Feature","properties":{"vineyard_id":"V04","row_id":"V04-R07","row_structure":"regular","tile":"siret3_r009_c002.tif","length_m":40.94},"geometry":{"type":"LineString","coordinates":[[629123.4,5220761.6],[629145.57,5220727.18]]}},{"type":"Feature","properties":{"vineyard_id":"V04","row_id":"V04-R09","row_structure":"regular","tile":"siret3_r009_c002.tif","length_m":47.37},"geometry":{"type":"LineString","coordinates":[[629119.82,5220761.6],[629145.59,5220721.85]]}},{"type":"Feature","properties":{"vineyard_id":"V04","row_id":"V04-R10","row_structure":"regular","tile":"siret3_r009_c002.tif","length_m":53.68},"geometry":{"type":"LineString","coordinates":[[629116.41,5220761.6],[629145.59,5220716.54]]}},{"type":"Feature","properties":{"vineyard_id":"V04","row_id":"V04-R12","row_structure":"regular","tile":"siret3_r009_c002.tif","length_m":60.39},"geometry":{"type":"LineString","coordinates":[[629112.71,5220761.6],[629145.57,5220710.93]]}},{"type":"Feature","properties":{"vineyard_id":"V04","row_id":"V04-R13","row_structure":"regular","tile":"siret3_r009_c002.tif","length_m":61.04},"geometry":{"type":"LineString","coordinates":[[629109.13,5220761.6],[629142.39,5220710.42]]}},{"type":"Feature","properties":{"vineyard_id":"V04","row_id":"V04-R14","row_structure":"regular","tile":"siret3_r009_c002.tif","length_m":61.05},"geometry":{"type":"LineString","coordinates":[[629105.61,5220761.59],[629138.91,5220710.42]]}},{"type":"Feature","properties":{"vineyard_id":"V04","row_id":"V04-R15","row_structure":"regular","tile":"siret3_r009_c002.tif","length_m":61.02},"geometry":{"type":"LineString","coordinates":[[629102.13,5220761.59],[629135.39,5220710.43]]}},{"type":"Feature","properties":{"vineyard_id":"V04","row_id":"V04-R17","row_structure":"regular","tile":"siret3_r009_c002.tif","length_m":61.06},"geometry":{"type":"LineString","coordinates":[[629098.49,5220761.6],[629131.8,5220710.42]]}},{"type":"Feature","properties":{"vineyard_id":"V04","row_id":"V04-R19","row_structure":"regular","tile":"siret3_r009_c002.tif","length_m":61.08},"geometry":{"type":"LineString","coordinates":[[629094.92,5220761.6],[629128.27,5220710.43]]}},{"type":"Feature","properties":{"vineyard_id":"V04","row_id":"V04-R20","row_structure":"regular","tile":"siret3_r009_c002.tif","length_m":55.21},"geometry":{"type":"LineString","coordinates":[[629094.4,5220756.65],[629124.58,5220710.42]]}},{"type":"Feature","properties":{"vineyard_id":"V04","row_id":"V04-R21","row_structure":"regular","tile":"siret3_r009_c002.tif","length_m":49.18},"geometry":{"type":"LineString","coordinates":[[629094.4,5220751.72],[629121.11,5220710.43]]}},{"type":"Feature","properties":{"vineyard_id":"V04","row_id":"V04-R22","row_structure":"regular","tile":"siret3_r009_c002.tif","length_m":42.94},"geometry":{"type":"LineString","coordinates":[[629094.4,5220746.4],[629117.83,5220710.42]]}},{"type":"Feature","properties":{"vineyard_id":"V04","row_id":"V04-R23","row_structure":"disrupted","tile":"siret3_r009_c002.tif","length_m":36.15},"geometry":{"type":"LineString","coordinates":[[629094.4,5220740.65],[629114.21,5220710.42]]}},{"type":"Feature","properties":{"vineyard_id":"V04","row_id":"V04-R24","row_structure":"regular","tile":"siret3_r009_c002.tif","length_m":29.05},"geometry":{"type":"LineString","coordinates":[[629094.4,5220734.76],[629110.28,5220710.43]]}},{"type":"Feature","properties":{"vineyard_id":"V04","row_id":"V04-R25","row_structure":"regular","tile":"siret3_r009_c002.tif","length_m":23.21},"geometry":{"type":"LineString","coordinates":[[629094.4,5220730.0],[629106.85,5220710.41]]}},{"type":"Feature","properties":{"vineyard_id":"V04","row_id":"V04-R26","row_structure":"regular","tile":"siret3_r009_c002.tif","length_m":16.68},"geometry":{"type":"LineString","coordinates":[[629094.4,5220724.42],[629103.48,5220710.43]]}},{"type":"Feature","properties":{"vineyard_id":"V04","row_id":"V04-R27","row_structure":"regular","tile":"siret3_r009_c002.tif","length_m":10.93},"geometry":{"type":"LineString","coordinates":[[629094.4,5220719.61],[629100.32,5220710.43]]}},{"type":"Feature","properties":{"vineyard_id":"V04","row_id":"V04-R28","row_structure":"regular","tile":"siret3_r009_c002.tif","length_m":3.21},"geometry":{"type":"LineString","coordinates":[[629094.4,5220713.12],[629096.14,5220710.43]]}},{"type":"Feature","properties":{"vineyard_id":"V02","row_id":"V02-R54","row_structure":"regular","tile":"siret3_r009_c003.tif","length_m":8.45},"geometry":{"type":"LineString","coordinates":[[629193.7,5220761.6],[629196.78,5220753.73]]}},{"type":"Feature","properties":{"vineyard_id":"V02","row_id":"V02-R55","row_structure":"regular","tile":"siret3_r009_c003.tif","length_m":15.35},"geometry":{"type":"LineString","coordinates":[[629190.93,5220761.6],[629196.78,5220747.41]]}},{"type":"Feature","properties":{"vineyard_id":"V02","row_id":"V02-R56","row_structure":"regular","tile":"siret3_r009_c003.tif","length_m":22.6},"geometry":{"type":"LineString","coordinates":[[629188.35,5220761.6],[629196.78,5220740.62]]}},{"type":"Feature","properties":{"vineyard_id":"V02","row_id":"V02-R57","row_structure":"regular","tile":"siret3_r009_c003.tif","length_m":29.43},"geometry":{"type":"LineString","coordinates":[[629185.66,5220761.6],[629196.79,5220734.36]]}},{"type":"Feature","properties":{"vineyard_id":"V02","row_id":"V02-R58","row_structure":"regular","tile":"siret3_r009_c003.tif","length_m":36.52},"geometry":{"type":"LineString","coordinates":[[629182.84,5220761.6],[629196.79,5220727.85]]}},{"type":"Feature","properties":{"vineyard_id":"V02","row_id":"V02-R59","row_structure":"regular","tile":"siret3_r009_c003.tif","length_m":43.74},"geometry":{"type":"LineString","coordinates":[[629180.22,5220761.6],[629196.79,5220721.12]]}},{"type":"Feature","properties":{"vineyard_id":"V02","row_id":"V02-R60","row_structure":"regular","tile":"siret3_r009_c003.tif","length_m":51.07},"geometry":{"type":"LineString","coordinates":[[629177.44,5220761.6],[629196.79,5220714.34]]}},{"type":"Feature","properties":{"vineyard_id":"V02","row_id":"V02-R61","row_structure":"regular","tile":"siret3_r009_c003.tif","length_m":55.37},"geometry":{"type":"LineString","coordinates":[[629174.59,5220761.6],[629195.76,5220710.43]]}},{"type":"Feature","properties":{"vineyard_id":"V02","row_id":"V02-R62","row_structure":"regular","tile":"siret3_r009_c003.tif","length_m":55.33},"geometry":{"type":"LineString","coordinates":[[629171.99,5220761.59],[629193.01,5220710.41]]}},{"type":"Feature","properties":{"vineyard_id":"V02","row_id":"V02-R63","row_structure":"regular","tile":"siret3_r009_c003.tif","length_m":55.17},"geometry":{"type":"LineString","coordinates":[[629169.47,5220761.6],[629190.09,5220710.43]]}},{"type":"Feature","properties":{"vineyard_id":"V02","row_id":"V02-R64","row_structure":"regular","tile":"siret3_r009_c003.tif","length_m":55.25},"geometry":{"type":"LineString","coordinates":[[629166.46,5220761.59],[629187.32,5220710.43]]}},{"type":"Feature","properties":{"vineyard_id":"V02","row_id":"V02-R66","row_structure":"regular","tile":"siret3_r009_c003.tif","length_m":55.4},"geometry":{"type":"LineString","coordinates":[[629163.39,5220761.6],[629184.59,5220710.42]]}},{"type":"Feature","properties":{"vineyard_id":"V02","row_id":"V02-R67","row_structure":"disrupted","tile":"siret3_r009_c003.tif","length_m":55.37},"geometry":{"type":"LineString","coordinates":[[629160.74,5220761.59],[629181.87,5220710.41]]}},{"type":"Feature","properties":{"vineyard_id":"V02","row_id":"V02-R68","row_structure":"regular","tile":"siret3_r009_c003.tif","length_m":55.32},"geometry":{"type":"LineString","coordinates":[[629158.07,5220761.6],[629179.06,5220710.42]]}},{"type":"Feature","properties":{"vineyard_id":"V02","row_id":"V02-R69","row_structure":"regular","tile":"siret3_r009_c003.tif","length_m":55.3},"geometry":{"type":"LineString","coordinates":[[629155.32,5220761.59],[629176.28,5220710.41]]}},{"type":"Feature","properties":{"vineyard_id":"V02","row_id":"V02-R70","row_structure":"regular","tile":"siret3_r009_c003.tif","length_m":55.27},"geometry":{"type":"LineString","coordinates":[[629152.54,5220761.6],[629173.41,5220710.42]]}},{"type":"Feature","properties":{"vineyard_id":"V02","row_id":"V02-R71","row_structure":"regular","tile":"siret3_r009_c003.tif","length_m":47.33},"geometry":{"type":"LineString","coordinates":[[629149.86,5220761.59],[629167.52,5220717.68]]}},{"type":"Feature","properties":{"vineyard_id":"V02","row_id":"V02-R72","row_structure":"regular","tile":"siret3_r009_c003.tif","length_m":55.29},"geometry":{"type":"LineString","coordinates":[[629147.01,5220761.6],[629167.94,5220710.42]]}},{"type":"Feature","properties":{"vineyard_id":"V02","row_id":"V02-R74","row_structure":"regular","tile":"siret3_r009_c003.tif","length_m":52.12},"geometry":{"type":"LineString","coordinates":[[629145.6,5220758.71],[629165.24,5220710.42]]}},{"type":"Feature","properties":{"vineyard_id":"V02","row_id":"V02-R76","row_structure":"regular","tile":"siret3_r009_c003.tif","length_m":44.48},"geometry":{"type":"LineString","coordinates":[[629145.6,5220751.6],[629162.4,5220710.42]]}},{"type":"Feature","properties":{"vineyard_id":"V02","row_id":"V02-R78","row_structure":"regular","tile":"siret3_r009_c003.tif","length_m":36.55},"geometry":{"type":"LineString","coordinates":[[629145.6,5220744.22],[629159.53,5220710.43]]}},{"type":"Feature","properties":{"vineyard_id":"V04","row_id":"V04-R05","row_structure":"regular","tile":"siret3_r009_c003.tif","length_m":23.41},"geometry":{"type":"LineString","coordinates":[[629145.6,5220732.21],[629154.19,5220710.43]]}},{"type":"Feature","properties":{"vineyard_id":"V04","row_id":"V04-R11","row_structure":"regular","tile":"siret3_r009_c003.tif","length_m":7.75},"geometry":{"type":"LineString","coordinates":[[629145.6,5220717.58],[629148.54,5220710.41]]}},{"type":"Feature","properties":{"vineyard_id":"V02","row_id":"V02-R35","row_structure":"regular","tile":"siret3_r009_c004.tif","length_m":5.59},"geometry":{"type":"LineString","coordinates":[[629246.03,5220761.6],[629247.99,5220756.36]]}},{"type":"Feature","properties":{"vineyard_id":"V02","row_id":"V02-R36","row_structure":"regular","tile":"siret3_r009_c004.tif","length_m":12.89},"geometry":{"type":"LineString","coordinates":[[629243.19,5220761.6],[629247.99,5220749.64]]}},{"type":"Feature","properties":{"vineyard_id":"V02","row_id":"V02-R37","row_structure":"regular","tile":"siret3_r009_c004.tif","length_m":20.33},"geometry":{"type":"LineString","coordinates":[[629240.56,5220761.6],[629247.98,5220742.68]]}},{"type":"Feature","properties":{"vineyard_id":"V02","row_id":"V02-R38","row_structure":"regular","tile":"siret3_r009_c004.tif","length_m":25.9},"geometry":{"type":"LineString","coordinates":[[629237.71,5220761.6],[629247.11,5220737.47]]}},{"type":"Feature","properties":{"vineyard_id":"V02","row_id":"V02-R39","row_structure":"regular","tile":"siret3_r009_c004.tif","length_m":28.0},"geometry":{"type":"LineString","coordinates":[[629234.84,5220761.59],[629245.31,5220735.63]]}},{"type":"Feature","properties":{"vineyard_id":"V02","row_id":"V02-R40","row_structure":"regular","tile":"siret3_r009_c004.tif","length_m":29.4},"geometry":{"type":"LineString","coordinates":[[629232.2,5220761.6],[629243.23,5220734.35]]}},{"type":"Feature","properties":{"vineyard_id":"V02","row_id":"V02-R41","row_structure":"regular","tile":"siret3_r009_c004.tif","length_m":30.7},"geometry":{"type":"LineString","coordinates":[[629229.53,5220761.6],[629241.11,5220733.17]]}},{"type":"Feature","properties":{"vineyard_id":"V05","row_id":"V05-R01","row_structure":"regular","tile":"siret3_r009_c004.tif","length_m":7.55},"geometry":{"type":"LineString","coordinates":[[629242.58,5220729.56],[629245.43,5220722.56]]}},{"type":"Feature","properties":{"vineyard_id":"V02","row_id":"V02-R42","row_structure":"disrupted","tile":"siret3_r009_c004.tif","length_m":32.2},"geometry":{"type":"LineString","coordinates":[[629226.65,5220761.59],[629238.67,5220731.72]]}},{"type":"Feature","properties":{"vineyard_id":"V05","row_id":"V05-R02","row_structure":"disrupted","tile":"siret3_r009_c004.tif","length_m":3.55},"geometry":{"type":"LineString","coordinates":[[629240.01,5220728.38],[629241.34,5220725.08]]}},{"type":"Feature","properties":{"vineyard_id":"V02","row_id":"V02-R43","row_structure":"disrupted","tile":"siret3_r009_c004.tif","length_m":33.7},"geometry":{"type":"LineString","coordinates":[[629223.9,5220761.6],[629236.55,5220730.36]]}},{"type":"Feature","properties":{"vineyard_id":"V05","row_id":"V05-R03","row_structure":"disrupted","tile":"siret3_r009_c004.tif","length_m":7.22},"geometry":{"type":"LineString","coordinates":[[629237.97,5220726.84],[629240.68,5220720.15]]}},{"type":"Feature","properties":{"vineyard_id":"V02","row_id":"V02-R44","row_structure":"disrupted","tile":"siret3_r009_c004.tif","length_m":34.9},"geometry":{"type":"LineString","coordinates":[[629221.15,5220761.6],[629234.26,5220729.25]]}},{"type":"Feature","properties":{"vineyard_id":"V02","row_id":"V02-R45","row_structure":"disrupted","tile":"siret3_r009_c004.tif","length_m":36.3},"geometry":{"type":"LineString","coordinates":[[629218.55,5220761.59],[629232.23,5220727.97]]}},{"type":"Feature","properties":{"vineyard_id":"V02","row_id":"V02-R46","row_structure":"regular","tile":"siret3_r009_c004.tif","length_m":37.7},"geometry":{"type":"LineString","coordinates":[[629215.84,5220761.6],[629230.04,5220726.68]]}},{"type":"Feature","properties":{"vineyard_id":"V02","row_id":"V02-R47","row_structure":"disrupted","tile":"siret3_r009_c004.tif","length_m":39.1},"geometry":{"type":"LineString","coordinates":[[629213.15,5220761.59],[629227.86,5220725.36]]}},{"type":"Feature","properties":{"vineyard_id":"V02","row_id":"V02-R48","row_structure":"disrupted","tile":"siret3_r009_c004.tif","length_m":40.4},"geometry":{"type":"LineString","coordinates":[[629210.41,5220761.6],[629225.61,5220724.17]]}},{"type":"Feature","properties":{"vineyard_id":"V02","row_id":"V02-R49","row_structure":"regular","tile":"siret3_r009_c004.tif","length_m":41.7},"geometry":{"type":"LineString","coordinates":[[629207.6,5220761.6],[629223.39,5220723.0]]}},{"type":"Feature","properties":{"vineyard_id":"V02","row_id":"V02-R50","row_structure":"regular","tile":"siret3_r009_c004.tif","length_m":43.0},"geometry":{"type":"LineString","coordinates":[[629204.91,5220761.6],[629221.03,5220721.74]]}},{"type":"Feature","properties":{"vineyard_id":"V02","row_id":"V02-R51","row_structure":"regular","tile":"siret3_r009_c004.tif","length_m":44.3},"geometry":{"type":"LineString","coordinates":[[629202.09,5220761.6],[629218.73,5220720.54]]}},{"type":"Feature","properties":{"vineyard_id":"V02","row_id":"V02-R52","row_structure":"disrupted","tile":"siret3_r009_c004.tif","length_m":45.9},"geometry":{"type":"LineString","coordinates":[[629199.26,5220761.6],[629216.56,5220719.09]]}},{"type":"Feature","properties":{"vineyard_id":"V02","row_id":"V02-R53","row_structure":"regular","tile":"siret3_r009_c004.tif","length_m":46.8},"geometry":{"type":"LineString","coordinates":[[629196.8,5220761.31],[629214.4,5220717.95]]}},{"type":"Feature","properties":{"vineyard_id":"V02","row_id":"V02-R54","row_structure":"disrupted","tile":"siret3_r009_c004.tif","length_m":36.8},"geometry":{"type":"LineString","coordinates":[[629196.8,5220754.02],[629210.61,5220719.91]]}},{"type":"Feature","properties":{"vineyard_id":"V02","row_id":"V02-R55","row_structure":"disrupted","tile":"siret3_r009_c004.tif","length_m":30.6},"geometry":{"type":"LineString","coordinates":[[629196.8,5220747.38],[629208.23,5220719.0]]}},{"type":"Feature","properties":{"vineyard_id":"V02","row_id":"V02-R56","row_structure":"disrupted","tile":"siret3_r009_c004.tif","length_m":23.8},"geometry":{"type":"LineString","coordinates":[[629196.8,5220740.58],[629205.74,5220718.52]]}},{"type":"Feature","properties":{"vineyard_id":"V02","row_id":"V02-R57","row_structure":"regular","tile":"siret3_r009_c004.tif","length_m":23.4},"geometry":{"type":"LineString","coordinates":[[629196.8,5220734.58],[629205.48,5220712.84]]}},{"type":"Feature","properties":{"vineyard_id":"V02","row_id":"V02-R58","row_structure":"regular","tile":"siret3_r009_c004.tif","length_m":18.72},"geometry":{"type":"LineString","coordinates":[[629196.8,5220727.8],[629203.8,5220710.43]]}},{"type":"Feature","properties":{"vineyard_id":"V02","row_id":"V02-R59","row_structure":"regular","tile":"siret3_r009_c004.tif","length_m":11.41},"geometry":{"type":"LineString","coordinates":[[629196.8,5220721.04],[629200.99,5220710.43]]}},{"type":"Feature","properties":{"vineyard_id":"V02","row_id":"V02-R60","row_structure":"regular","tile":"siret3_r009_c004.tif","length_m":4.27},"geometry":{"type":"LineString","coordinates":[[629196.8,5220714.42],[629198.34,5220710.43]]}},{"type":"Feature","properties":{"vineyard_id":"V04","row_id":"V04-R44","row_structure":"regular","tile":"siret3_r010_c000.tif","length_m":2.59},"geometry":{"type":"LineString","coordinates":[[629041.78,5220710.4],[629043.18,5220708.23]]}},{"type":"Feature","properties":{"vineyard_id":"V04","row_id":"V04-R45","row_structure":"regular","tile":"siret3_r010_c000.tif","length_m":9.04},"geometry":{"type":"LineString","coordinates":[[629038.13,5220710.4],[629043.18,5220702.9]]}},{"type":"Feature","properties":{"vineyard_id":"V04","row_id":"V04-R46","row_structure":"regular","tile":"siret3_r010_c000.tif","length_m":15.58},"geometry":{"type":"LineString","coordinates":[[629034.56,5220710.4],[629043.18,5220697.43]]}},{"type":"Feature","properties":{"vineyard_id":"V04","row_id":"V04-R47","row_structure":"disrupted","tile":"siret3_r010_c000.tif","length_m":22.55},"geometry":{"type":"LineString","coordinates":[[629031.15,5220710.4],[629043.18,5220691.33]]}},{"type":"Feature","properties":{"vineyard_id":"V04","row_id":"V04-R48","row_structure":"regular","tile":"siret3_r010_c000.tif","length_m":29.18},"geometry":{"type":"LineString","coordinates":[[629027.18,5220710.4],[629043.18,5220686.0]]}},{"type":"Feature","properties":{"vineyard_id":"V04","row_id":"V04-R49","row_structure":"regular","tile":"siret3_r010_c000.tif","length_m":35.3},"geometry":{"type":"LineString","coordinates":[[629023.95,5220710.4],[629043.18,5220680.8]]}},{"type":"Feature","properties":{"vineyard_id":"V04","row_id":"V04-R50","row_structure":"regular","tile":"siret3_r010_c000.tif","length_m":42.5},"geometry":{"type":"LineString","coordinates":[[629019.88,5220710.39],[629043.18,5220674.85]]}},{"type":"Feature","properties":{"vineyard_id":"V04","row_id":"V04-R51","row_structure":"disrupted","tile":"siret3_r010_c000.tif","length_m":34.0},"geometry":{"type":"LineString","coordinates":[[629016.56,5220710.39],[629035.21,5220681.97]]}},{"type":"Feature","properties":{"vineyard_id":"V04","row_id":"V04-R52","row_structure":"regular","tile":"siret3_r010_c000.tif","length_m":22.3},"geometry":{"type":"LineString","coordinates":[[629013.3,5220710.4],[629025.56,5220691.78]]}},{"type":"Feature","properties":{"vineyard_id":"V04","row_id":"V04-R53","row_structure":"regular","tile":"siret3_r010_c000.tif","length_m":2.08},"geometry":{"type":"LineString","coordinates":[[629023.5,5220689.41],[629024.68,5220687.7]]}},{"type":"Feature","properties":{"vineyard_id":"V04","row_id":"V04-R30","row_structure":"regular","tile":"siret3_r010_c001.tif","length_m":9.8},"geometry":{"type":"LineString","coordinates":[[629089.18,5220710.39],[629094.38,5220702.08]]}},{"type":"Feature","properties":{"vineyard_id":"V04","row_id":"V04-R31","row_structure":"regular","tile":"siret3_r010_c001.tif","length_m":16.69},"geometry":{"type":"LineString","coordinates":[[629085.34,5220710.4],[629094.38,5220696.37]]}},{"type":"Feature","properties":{"vineyard_id":"V04","row_id":"V04-R32","row_structure":"regular","tile":"siret3_r010_c001.tif","length_m":23.3},"geometry":{"type":"LineString","coordinates":[[629081.61,5220710.4],[629094.38,5220690.91]]}},{"type":"Feature","properties":{"vineyard_id":"V04","row_id":"V04-R33","row_structure":"regular","tile":"siret3_r010_c001.tif","length_m":29.89},"geometry":{"type":"LineString","coordinates":[[629077.89,5220710.4],[629094.37,5220685.46]]}},{"type":"Feature","properties":{"vineyard_id":"V04","row_id":"V04-R34","row_structure":"regular","tile":"siret3_r010_c001.tif","length_m":36.33},"geometry":{"type":"LineString","coordinates":[[629074.37,5220710.39],[629094.37,5220680.07]]}},{"type":"Feature","properties":{"vineyard_id":"V04","row_id":"V04-R35","row_structure":"regular","tile":"siret3_r010_c001.tif","length_m":43.15},"geometry":{"type":"LineString","coordinates":[[629070.75,5220710.4],[629094.37,5220674.29]]}},{"type":"Feature","properties":{"vineyard_id":"V04","row_id":"V04-R36","row_structure":"regular","tile":"siret3_r010_c001.tif","length_m":49.7},"geometry":{"type":"LineString","coordinates":[[629067.03,5220710.4],[629094.39,5220668.91]]}},{"type":"Feature","properties":{"vineyard_id":"V04","row_id":"V04-R37","row_structure":"regular","tile":"siret3_r010_c001.tif","length_m":56.31},"geometry":{"type":"LineString","coordinates":[[629063.37,5220710.4],[629094.37,5220663.39]]}},{"type":"Feature","properties":{"vineyard_id":"V04","row_id":"V04-R39","row_structure":"regular","tile":"siret3_r010_c001.tif","length_m":61.29},"geometry":{"type":"LineString","coordinates":[[629059.72,5220710.4],[629093.46,5220659.23]]}},{"type":"Feature","properties":{"vineyard_id":"V04","row_id":"V04-R40","row_structure":"regular","tile":"siret3_r010_c001.tif","length_m":61.3},"geometry":{"type":"LineString","coordinates":[[629055.95,5220710.4],[629089.69,5220659.23]]}},{"type":"Feature","properties":{"vineyard_id":"V04","row_id":"V04-R41","row_structure":"regular","tile":"siret3_r010_c001.tif","length_m":61.27},"geometry":{"type":"LineString","coordinates":[[629052.46,5220710.4],[629086.15,5220659.23]]}},{"type":"Feature","properties":{"vineyard_id":"V04","row_id":"V04-R42","row_structure":"regular","tile":"siret3_r010_c001.tif","length_m":61.36},"geometry":{"type":"LineString","coordinates":[[629048.94,5220710.4],[629082.76,5220659.21]]}},{"type":"Feature","properties":{"vineyard_id":"V04","row_id":"V04-R43","row_structure":"regular","tile":"siret3_r010_c001.tif","length_m":61.35},"geometry":{"type":"LineString","coordinates":[[629045.4,5220710.4],[629079.25,5220659.23]]}},{"type":"Feature","properties":{"vineyard_id":"V04","row_id":"V04-R44","row_structure":"regular","tile":"siret3_r010_c001.tif","length_m":58.87},"geometry":{"type":"LineString","coordinates":[[629043.2,5220708.4],[629075.56,5220659.22]]}},{"type":"Feature","properties":{"vineyard_id":"V04","row_id":"V04-R45","row_structure":"regular","tile":"siret3_r010_c001.tif","length_m":52.31},"geometry":{"type":"LineString","coordinates":[[629043.2,5220702.91],[629071.97,5220659.22]]}},{"type":"Feature","properties":{"vineyard_id":"V04","row_id":"V04-R46","row_structure":"regular","tile":"siret3_r010_c001.tif","length_m":45.27},"geometry":{"type":"LineString","coordinates":[[629043.2,5220697.06],[629068.05,5220659.21]]}},{"type":"Feature","properties":{"vineyard_id":"V04","row_id":"V04-R47","row_structure":"regular","tile":"siret3_r010_c001.tif","length_m":38.6},"geometry":{"type":"LineString","coordinates":[[629043.2,5220691.43],[629064.46,5220659.21]]}},{"type":"Feature","properties":{"vineyard_id":"V04","row_id":"V04-R48","row_structure":"regular","tile":"siret3_r010_c001.tif","length_m":32.29},"geometry":{"type":"LineString","coordinates":[[629043.2,5220686.29],[629060.81,5220659.23]]}},{"type":"Feature","properties":{"vineyard_id":"V04","row_id":"V04-R49","row_structure":"regular","tile":"siret3_r010_c001.tif","length_m":25.24},"geometry":{"type":"LineString","coordinates":[[629043.2,5220680.25],[629057.15,5220659.21]]}},{"type":"Feature","properties":{"vineyard_id":"V04","row_id":"V04-R50","row_structure":"regular","tile":"siret3_r010_c001.tif","length_m":19.1},"geometry":{"type":"LineString","coordinates":[[629043.2,5220675.04],[629053.89,5220659.22]]}},{"type":"Feature","properties":{"vineyard_id":"V04","row_id":"V04-R13","row_structure":"regular","tile":"siret3_r010_c002.tif","length_m":6.18},"geometry":{"type":"LineString","coordinates":[[629142.3,5220710.4],[629145.59,5220705.17]]}},{"type":"Feature","properties":{"vineyard_id":"V04","row_id":"V04-R14","row_structure":"regular","tile":"siret3_r010_c002.tif","length_m":12.18},"geometry":{"type":"LineString","coordinates":[[629138.99,5220710.4],[629145.59,5220700.17]]}},{"type":"Feature","properties":{"vineyard_id":"V04","row_id":"V04-R15","row_structure":"regular","tile":"siret3_r010_c002.tif","length_m":18.49},"geometry":{"type":"LineString","coordinates":[[629135.38,5220710.4],[629145.58,5220694.97]]}},{"type":"Feature","properties":{"vineyard_id":"V04","row_id":"V04-R17","row_structure":"regular","tile":"siret3_r010_c002.tif","length_m":24.95},"geometry":{"type":"LineString","coordinates":[[629131.83,5220710.4],[629145.58,5220689.58]]}},{"type":"Feature","properties":{"vineyard_id":"V04","row_id":"V04-R19","row_structure":"disrupted","tile":"siret3_r010_c002.tif","length_m":31.57},"geometry":{"type":"LineString","coordinates":[[629128.3,5220710.4],[629145.57,5220683.97]]}},{"type":"Feature","properties":{"vineyard_id":"V04","row_id":"V04-R20","row_structure":"regular","tile":"siret3_r010_c002.tif","length_m":29.6},"geometry":{"type":"LineString","coordinates":[[629124.66,5220710.39],[629140.7,5220685.51]]}},{"type":"Feature","properties":{"vineyard_id":"V04","row_id":"V04-R21","row_structure":"disrupted","tile":"siret3_r010_c002.tif","length_m":30.0},"geometry":{"type":"LineString","coordinates":[[629121.28,5220710.4],[629137.58,5220685.22]]}},{"type":"Feature","properties":{"vineyard_id":"V04","row_id":"V04-R22","row_structure":"disrupted","tile":"siret3_r010_c002.tif","length_m":30.6},"geometry":{"type":"LineString","coordinates":[[629117.86,5220710.39],[629134.51,5220684.72]]}},{"type":"Feature","properties":{"vineyard_id":"V04","row_id":"V04-R23","row_structure":"disrupted","tile":"siret3_r010_c002.tif","length_m":32.3},"geometry":{"type":"LineString","coordinates":[[629114.3,5220710.4],[629131.78,5220683.24]]}},{"type":"Feature","properties":{"vineyard_id":"V04","row_id":"V04-R24","row_structure":"disrupted","tile":"siret3_r010_c002.tif","length_m":34.7},"geometry":{"type":"LineString","coordinates":[[629110.39,5220710.4],[629129.29,5220681.3]]}},{"type":"Feature","properties":{"vineyard_id":"V04","row_id":"V04-R25","row_structure":"disrupted","tile":"siret3_r010_c002.tif","length_m":35.9},"geometry":{"type":"LineString","coordinates":[[629106.89,5220710.39],[629126.55,5220680.35]]}},{"type":"Feature","properties":{"vineyard_id":"V04","row_id":"V04-R26","row_structure":"disrupted","tile":"siret3_r010_c002.tif","length_m":37.6},"geometry":{"type":"LineString","coordinates":[[629103.43,5220710.4],[629124.02,5220678.94]]}},{"type":"Feature","properties":{"vineyard_id":"V04","row_id":"V04-R27","row_structure":"disrupted","tile":"siret3_r010_c002.tif","length_m":39.0},"geometry":{"type":"LineString","coordinates":[[629100.39,5220710.4],[629121.68,5220677.72]]}},{"type":"Feature","properties":{"vineyard_id":"V04","row_id":"V04-R28","row_structure":"disrupted","tile":"siret3_r010_c002.tif","length_m":41.1},"geometry":{"type":"LineString","coordinates":[[629096.22,5220710.4],[629118.77,5220676.04]]}},{"type":"Feature","properties":{"vineyard_id":"V04","row_id":"V04-R29","row_structure":"disrupted","tile":"siret3_r010_c002.tif","length_m":39.8},"geometry":{"type":"LineString","coordinates":[[629094.4,5220707.92],[629116.02,5220674.5]]}},{"type":"Feature","properties":{"vineyard_id":"V04","row_id":"V04-R30","row_structure":"disrupted","tile":"siret3_r010_c002.tif","length_m":35.0},"geometry":{"type":"LineString","coordinates":[[629094.4,5220702.39],[629113.45,5220673.02]]}},{"type":"Feature","properties":{"vineyard_id":"V04","row_id":"V04-R31","row_structure":"disrupted","tile":"siret3_r010_c002.tif","length_m":29.9},"geometry":{"type":"LineString","coordinates":[[629094.4,5220696.6],[629110.77,5220671.58]]}},{"type":"Feature","properties":{"vineyard_id":"V04","row_id":"V04-R32","row_structure":"disrupted","tile":"siret3_r010_c002.tif","length_m":25.1},"geometry":{"type":"LineString","coordinates":[[629094.4,5220691.19],[629108.09,5220670.15]]}},{"type":"Feature","properties":{"vineyard_id":"V04","row_id":"V04-R33","row_structure":"disrupted","tile":"siret3_r010_c002.tif","length_m":20.3},"geometry":{"type":"LineString","coordinates":[[629094.4,5220685.64],[629105.51,5220668.65]]}},{"type":"Feature","properties":{"vineyard_id":"V04","row_id":"V04-R34","row_structure":"disrupted","tile":"siret3_r010_c002.tif","length_m":15.4},"geometry":{"type":"LineString","coordinates":[[629094.4,5220680.06],[629102.78,5220667.14]]}},{"type":"Feature","properties":{"vineyard_id":"V04","row_id":"V04-R35","row_structure":"regular","tile":"siret3_r010_c002.tif","length_m":18.05},"geometry":{"type":"LineString","coordinates":[[629094.41,5220674.29],[629104.33,5220659.21]]}},{"type":"Feature","properties":{"vineyard_id":"V04","row_id":"V04-R36","row_structure":"regular","tile":"siret3_r010_c002.tif","length_m":10.8},"geometry":{"type":"LineString","coordinates":[[629094.4,5220668.39],[629100.13,5220659.23]]}},{"type":"Feature","properties":{"vineyard_id":"V04","row_id":"V04-R38","row_structure":"regular","tile":"siret3_r010_c002.tif","length_m":3.16},"geometry":{"type":"LineString","coordinates":[[629094.4,5220662.22],[629096.07,5220659.53]]}},{"type":"Feature","properties":{"vineyard_id":"V06","row_id":"V06-R08","row_structure":"disrupted","tile":"siret3_r011_c007.tif","length_m":49.3},"geometry":{"type":"LineString","coordinates":[[629398.37,5220655.16],[629383.9,5220608.04]]}},{"type":"Feature","properties":{"vineyard_id":"V06","row_id":"V06-R07","row_structure":"disrupted","tile":"siret3_r011_c007.tif","length_m":53.57},"geometry":{"type":"LineString","coordinates":[[629395.07,5220659.19],[629379.23,5220608.02]]}},{"type":"Feature","properties":{"vineyard_id":"V06","row_id":"V06-R06","row_structure":"disrupted","tile":"siret3_r011_c007.tif","length_m":53.55},"geometry":{"type":"LineString","coordinates":[[629392.7,5220659.2],[629376.94,5220608.02]]}},{"type":"Feature","properties":{"vineyard_id":"V06","row_id":"V06-R05","row_structure":"regular","tile":"siret3_r011_c007.tif","length_m":53.52},"geometry":{"type":"LineString","coordinates":[[629388.01,5220659.2],[629372.34,5220608.03]]}},{"type":"Feature","properties":{"vineyard_id":"V06","row_id":"V06-R04","row_structure":"regular","tile":"siret3_r011_c007.tif","length_m":53.58},"geometry":{"type":"LineString","coordinates":[[629382.98,5220659.2],[629367.09,5220608.03]]}},{"type":"Feature","properties":{"vineyard_id":"V06","row_id":"V06-R03","row_structure":"regular","tile":"siret3_r011_c007.tif","length_m":53.6},"geometry":{"type":"LineString","coordinates":[[629379.17,5220659.2],[629363.19,5220608.03]]}},{"type":"Feature","properties":{"vineyard_id":"V06","row_id":"V06-R02","row_structure":"regular","tile":"siret3_r011_c007.tif","length_m":53.6},"geometry":{"type":"LineString","coordinates":[[629376.06,5220659.19],[629360.11,5220608.02]]}},{"type":"Feature","properties":{"vineyard_id":"V06","row_id":"V06-R01","row_structure":"disrupted","tile":"siret3_r011_c007.tif","length_m":53.59},"geometry":{"type":"LineString","coordinates":[[629373.03,5220659.2],[629357.14,5220608.02]]}},{"type":"Feature","properties":{"vineyard_id":"V06","row_id":"V06-R09","row_structure":"regular","tile":"siret3_r011_c007.tif","length_m":1.3},"geometry":{"type":"LineString","coordinates":[[629400.7,5220653.9],[629401.58,5220652.95]]}},{"type":"Feature","properties":{"vineyard_id":"V06","row_id":"V06-R10","row_structure":"regular","tile":"siret3_r011_c007.tif","length_m":2.88},"geometry":{"type":"LineString","coordinates":[[629399.64,5220650.41],[629401.58,5220648.29]]}},{"type":"Feature","properties":{"vineyard_id":"V06","row_id":"V06-R11","row_structure":"regular","tile":"siret3_r011_c007.tif","length_m":4.62},"geometry":{"type":"LineString","coordinates":[[629398.45,5220646.56],[629401.58,5220643.16]]}},{"type":"Feature","properties":{"vineyard_id":"V07","row_id":"V07-R01","row_structure":"regular","tile":"siret3_r012_c003.tif","length_m":1.57},"geometry":{"type":"LineString","coordinates":[[629195.4,5220608.0],[629196.78,5220607.26]]}},{"type":"Feature","properties":{"vineyard_id":"V07","row_id":"V07-R03","row_structure":"regular","tile":"siret3_r012_c003.tif","length_m":7.73},"geometry":{"type":"LineString","coordinates":[[629189.97,5220608.0],[629196.77,5220604.34]]}},{"type":"Feature","properties":{"vineyard_id":"V07","row_id":"V07-R07","row_structure":"regular","tile":"siret3_r012_c003.tif","length_m":24.42},"geometry":{"type":"LineString","coordinates":[[629175.16,5220608.0],[629196.77,5220596.63]]}},{"type":"Feature","properties":{"vineyard_id":"V07","row_id":"V07-R08","row_structure":"regular","tile":"siret3_r012_c003.tif","length_m":35.29},"geometry":{"type":"LineString","coordinates":[[629165.68,5220608.0],[629196.76,5220591.29]]}},{"type":"Feature","properties":{"vineyard_id":"V07","row_id":"V07-R09","row_structure":"regular","tile":"siret3_r012_c003.tif","length_m":40.81},"geometry":{"type":"LineString","coordinates":[[629160.79,5220608.0],[629196.76,5220588.71]]}},{"type":"Feature","properties":{"vineyard_id":"V07","row_id":"V07-R10","row_structure":"regular","tile":"siret3_r012_c003.tif","length_m":46.1},"geometry":{"type":"LineString","coordinates":[[629156.12,5220608.0],[629196.78,5220586.28]]}},{"type":"Feature","properties":{"vineyard_id":"V07","row_id":"V07-R11","row_structure":"regular","tile":"siret3_r012_c003.tif","length_m":51.35},"geometry":{"type":"LineString","coordinates":[[629151.55,5220608.0],[629196.77,5220583.66]]}},{"type":"Feature","properties":{"vineyard_id":"V07","row_id":"V07-R12","row_structure":"regular","tile":"siret3_r012_c003.tif","length_m":56.87},"geometry":{"type":"LineString","coordinates":[[629146.67,5220608.0],[629196.78,5220581.09]]}},{"type":"Feature","properties":{"vineyard_id":"V07","row_id":"V07-R14","row_structure":"regular","tile":"siret3_r012_c003.tif","length_m":58.17},"geometry":{"type":"LineString","coordinates":[[629145.61,5220603.5],[629196.78,5220575.83]]}},{"type":"Feature","properties":{"vineyard_id":"V07","row_id":"V07-R15","row_structure":"regular","tile":"siret3_r012_c003.tif","length_m":58.1},"geometry":{"type":"LineString","coordinates":[[629145.61,5220600.97],[629196.77,5220573.43]]}},{"type":"Feature","properties":{"vineyard_id":"V07","row_id":"V07-R16","row_structure":"regular","tile":"siret3_r012_c003.tif","length_m":58.1},"geometry":{"type":"LineString","coordinates":[[629145.6,5220598.22],[629196.78,5220570.71]]}},{"type":"Feature","properties":{"vineyard_id":"V07","row_id":"V07-R17","row_structure":"regular","tile":"siret3_r012_c003.tif","length_m":58.14},"geometry":{"type":"LineString","coordinates":[[629145.6,5220595.88],[629196.77,5220568.27]]}},{"type":"Feature","properties":{"vineyard_id":"V07","row_id":"V07-R18","row_structure":"regular","tile":"siret3_r012_c003.tif","length_m":58.1},"geometry":{"type":"LineString","coordinates":[[629145.61,5220593.21],[629196.79,5220565.72]]}},{"type":"Feature","properties":{"vineyard_id":"V07","row_id":"V07-R19","row_structure":"regular","tile":"siret3_r012_c003.tif","length_m":58.15},"geometry":{"type":"LineString","coordinates":[[629145.61,5220590.68],[629196.79,5220563.08]]}},{"type":"Feature","properties":{"vineyard_id":"V07","row_id":"V07-R20","row_structure":"disrupted","tile":"siret3_r012_c003.tif","length_m":58.17},"geometry":{"type":"LineString","coordinates":[[629145.6,5220588.19],[629196.79,5220560.55]]}},{"type":"Feature","properties":{"vineyard_id":"V07","row_id":"V07-R21","row_structure":"regular","tile":"siret3_r012_c003.tif","length_m":58.16},"geometry":{"type":"LineString","coordinates":[[629145.6,5220585.64],[629196.77,5220557.99]]}},{"type":"Feature","properties":{"vineyard_id":"V07","row_id":"V07-R09","row_structure":"regular","tile":"siret3_r012_c004.tif","length_m":21.31},"geometry":{"type":"LineString","coordinates":[[629196.8,5220588.8],[629215.65,5220578.87]]}},{"type":"Feature","properties":{"vineyard_id":"V07","row_id":"V07-R10","row_structure":"regular","tile":"siret3_r012_c004.tif","length_m":22.7},"geometry":{"type":"LineString","coordinates":[[629196.81,5220586.25],[629216.89,5220575.67]]}},{"type":"Feature","properties":{"vineyard_id":"V07","row_id":"V07-R11","row_structure":"disrupted","tile":"siret3_r012_c004.tif","length_m":23.9},"geometry":{"type":"LineString","coordinates":[[629196.8,5220583.54],[629217.96,5220572.43]]}},{"type":"Feature","properties":{"vineyard_id":"V07","row_id":"V07-R12","row_structure":"disrupted","tile":"siret3_r012_c004.tif","length_m":24.6},"geometry":{"type":"LineString","coordinates":[[629196.8,5220581.1],[629218.58,5220569.66]]}},{"type":"Feature","properties":{"vineyard_id":"V07","row_id":"V07-R13","row_structure":"disrupted","tile":"siret3_r012_c004.tif","length_m":25.4},"geometry":{"type":"LineString","coordinates":[[629196.8,5220578.36],[629219.29,5220566.55]]}},{"type":"Feature","properties":{"vineyard_id":"V07","row_id":"V07-R14","row_structure":"regular","tile":"siret3_r012_c004.tif","length_m":26.6},"geometry":{"type":"LineString","coordinates":[[629196.8,5220575.86],[629220.32,5220563.44]]}},{"type":"Feature","properties":{"vineyard_id":"V08","row_id":"V08-R04","row_structure":"regular","tile":"siret3_r012_c004.tif","length_m":9.81},"geometry":{"type":"LineString","coordinates":[[629224.22,5220561.39],[629232.89,5220556.81]]}},{"type":"Feature","properties":{"vineyard_id":"V07","row_id":"V07-R15","row_structure":"regular","tile":"siret3_r012_c004.tif","length_m":26.83},"geometry":{"type":"LineString","coordinates":[[629196.8,5220573.49],[629220.49,5220560.89]]}},{"type":"Feature","properties":{"vineyard_id":"V07","row_id":"V07-R16","row_structure":"regular","tile":"siret3_r012_c004.tif","length_m":27.09},"geometry":{"type":"LineString","coordinates":[[629196.8,5220570.76],[629220.75,5220558.11]]}},{"type":"Feature","properties":{"vineyard_id":"V07","row_id":"V07-R17","row_structure":"regular","tile":"siret3_r012_c004.tif","length_m":23.55},"geometry":{"type":"LineString","coordinates":[[629196.81,5220567.87],[629217.6,5220556.81]]}},{"type":"Feature","properties":{"vineyard_id":"V07","row_id":"V07-R18","row_structure":"regular","tile":"siret3_r012_c004.tif","length_m":18.7},"geometry":{"type":"LineString","coordinates":[[629196.81,5220565.67],[629213.28,5220556.82]]}},{"type":"Feature","properties":{"vineyard_id":"V07","row_id":"V07-R19","row_structure":"regular","tile":"siret3_r012_c004.tif","length_m":13.04},"geometry":{"type":"LineString","coordinates":[[629196.8,5220562.79],[629208.39,5220556.81]]}},{"type":"Feature","properties":{"vineyard_id":"V07","row_id":"V07-R20","row_structure":"regular","tile":"siret3_r012_c004.tif","length_m":7.97},"geometry":{"type":"LineString","coordinates":[[629196.8,5220560.44],[629203.89,5220556.81]]}},{"type":"Feature","properties":{"vineyard_id":"V07","row_id":"V07-R21","row_structure":"regular","tile":"siret3_r012_c004.tif","length_m":1.95},"geometry":{"type":"LineString","coordinates":[[629196.8,5220557.73],[629198.53,5220556.82]]}},{"type":"Feature","properties":{"vineyard_id":"V08","row_id":"V08-R01","row_structure":"regular","tile":"siret3_r012_c004.tif","length_m":29.46},"geometry":{"type":"LineString","coordinates":[[629212.24,5220608.0],[629219.28,5220579.39]]}},{"type":"Feature","properties":{"vineyard_id":"V07","row_id":"V07-R02","row_structure":"regular","tile":"siret3_r012_c004.tif","length_m":28.0},"geometry":{"type":"LineString","coordinates":[[629209.98,5220608.0],[629216.62,5220580.8]]}},{"type":"Feature","properties":{"vineyard_id":"V07","row_id":"V07-R04","row_structure":"regular","tile":"siret3_r012_c004.tif","length_m":26.89},"geometry":{"type":"LineString","coordinates":[[629208.33,5220608.0],[629214.63,5220581.86]]}},{"type":"Feature","properties":{"vineyard_id":"V07","row_id":"V07-R05","row_structure":"disrupted","tile":"siret3_r012_c004.tif","length_m":25.44},"geometry":{"type":"LineString","coordinates":[[629205.81,5220608.0],[629211.88,5220583.29]]}},{"type":"Feature","properties":{"vineyard_id":"V07","row_id":"V07-R06","row_structure":"regular","tile":"siret3_r012_c004.tif","length_m":21.39},"geometry":{"type":"LineString","coordinates":[[629199.35,5220608.0],[629204.44,5220587.22]]}},{"type":"Feature","properties":{"vineyard_id":"V10","row_id":"V10-R01","row_structure":"regular","tile":"siret3_r013_c003.tif","length_m":57.47},"geometry":{"type":"LineString","coordinates":[[629146.2,5220556.8],[629196.77,5220529.5]]}},{"type":"Feature","properties":{"vineyard_id":"V10","row_id":"V10-R03","row_structure":"disrupted","tile":"siret3_r013_c003.tif","length_m":58.19},"geometry":{"type":"LineString","coordinates":[[629145.6,5220551.79],[629196.79,5220524.12]]}},{"type":"Feature","properties":{"vineyard_id":"V10","row_id":"V10-R04","row_structure":"disrupted","tile":"siret3_r013_c003.tif","length_m":58.1},"geometry":{"type":"LineString","coordinates":[[629145.6,5220549.13],[629196.77,5220521.62]]}},{"type":"Feature","properties":{"vineyard_id":"V10","row_id":"V10-R10","row_structure":"disrupted","tile":"siret3_r013_c003.tif","length_m":49.2},"geometry":{"type":"LineString","coordinates":[[629153.42,5220539.47],[629196.78,5220516.21]]}},{"type":"Feature","properties":{"vineyard_id":"V10","row_id":"V10-R11","row_structure":"regular","tile":"siret3_r013_c003.tif","length_m":47.03},"geometry":{"type":"LineString","coordinates":[[629155.43,5220535.94],[629196.78,5220513.54]]}},{"type":"Feature","properties":{"vineyard_id":"V10","row_id":"V10-R16","row_structure":"regular","tile":"siret3_r013_c003.tif","length_m":33.63},"geometry":{"type":"LineString","coordinates":[[629167.22,5220523.74],[629196.77,5220507.69]]}},{"type":"Feature","properties":{"vineyard_id":"V10","row_id":"V10-R18","row_structure":"regular","tile":"siret3_r013_c003.tif","length_m":12.65},"geometry":{"type":"LineString","coordinates":[[629176.42,5220511.53],[629187.61,5220505.62]]}},{"type":"Feature","properties":{"vineyard_id":"V10","row_id":"V10-R08","row_structure":"regular","tile":"siret3_r013_c003.tif","length_m":1.55},"geometry":{"type":"LineString","coordinates":[[629178.69,5220528.85],[629179.82,5220527.79]]}},{"type":"Feature","properties":{"vineyard_id":"V10","row_id":"V10-R02","row_structure":"regular","tile":"siret3_r013_c003.tif","length_m":1.18},"geometry":{"type":"LineString","coordinates":[[629145.79,5220554.52],[629146.64,5220553.71]]}},{"type":"Feature","properties":{"vineyard_id":"V10","row_id":"V10-R09","row_structure":"regular","tile":"siret3_r013_c003.tif","length_m":1.63},"geometry":{"type":"LineString","coordinates":[[629155.01,5220541.59],[629156.2,5220540.48]]}},{"type":"Feature","properties":{"vineyard_id":"V10","row_id":"V10-R12","row_structure":"regular","tile":"siret3_r013_c003.tif","length_m":2.9},"geometry":{"type":"LineString","coordinates":[[629166.87,5220527.26],[629168.98,5220525.28]]}},{"type":"Feature","properties":{"vineyard_id":"V08","row_id":"V08-R02","row_structure":"regular","tile":"siret3_r013_c004.tif","length_m":7.17},"geometry":{"type":"LineString","coordinates":[[629237.28,5220556.8],[629243.56,5220553.34]]}},{"type":"Feature","properties":{"vineyard_id":"V08","row_id":"V08-R03","row_structure":"disrupted","tile":"siret3_r013_c004.tif","length_m":22.66},"geometry":{"type":"LineString","coordinates":[[629227.99,5220556.8],[629247.97,5220546.11]]}},{"type":"Feature","properties":{"vineyard_id":"V08","row_id":"V08-R05","row_structure":"regular","tile":"siret3_r013_c004.tif","length_m":13.01},"geometry":{"type":"LineString","coordinates":[[629236.74,5220549.61],[629247.97,5220543.04]]}},{"type":"Feature","properties":{"vineyard_id":"V08","row_id":"V08-R06","row_structure":"disrupted","tile":"siret3_r013_c004.tif","length_m":21.08},"geometry":{"type":"LineString","coordinates":[[629229.45,5220551.08],[629247.98,5220541.03]]}},{"type":"Feature","properties":{"vineyard_id":"V10","row_id":"V10-R03","row_structure":"regular","tile":"siret3_r013_c004.tif","length_m":38.45},"geometry":{"type":"LineString","coordinates":[[629196.8,5220523.97],[629230.58,5220505.61]]}},{"type":"Feature","properties":{"vineyard_id":"V10","row_id":"V10-R04","row_structure":"regular","tile":"siret3_r013_c004.tif","length_m":33.22},"geometry":{"type":"LineString","coordinates":[[629196.8,5220521.42],[629226.02,5220505.61]]}},{"type":"Feature","properties":{"vineyard_id":"V10","row_id":"V10-R07","row_structure":"regular","tile":"siret3_r013_c004.tif","length_m":27.78},"geometry":{"type":"LineString","coordinates":[[629196.81,5220519.0],[629221.15,5220505.62]]}},{"type":"Feature","properties":{"vineyard_id":"V10","row_id":"V10-R10","row_structure":"regular","tile":"siret3_r013_c004.tif","length_m":21.78},"geometry":{"type":"LineString","coordinates":[[629196.81,5220516.09],[629215.9,5220505.62]]}},{"type":"Feature","properties":{"vineyard_id":"V10","row_id":"V10-R11","row_structure":"regular","tile":"siret3_r013_c004.tif","length_m":16.84},"geometry":{"type":"LineString","coordinates":[[629196.8,5220513.46],[629211.7,5220505.6]]}},{"type":"Feature","properties":{"vineyard_id":"V10","row_id":"V10-R13","row_structure":"regular","tile":"siret3_r013_c004.tif","length_m":10.05},"geometry":{"type":"LineString","coordinates":[[629196.81,5220510.33],[629205.68,5220505.62]]}},{"type":"Feature","properties":{"vineyard_id":"V10","row_id":"V10-R16","row_structure":"regular","tile":"siret3_r013_c004.tif","length_m":3.92},"geometry":{"type":"LineString","coordinates":[[629196.8,5220507.5],[629200.23,5220505.62]]}},{"type":"Feature","properties":{"vineyard_id":"V11","row_id":"V11-R05","row_structure":"regular","tile":"siret3_r013_c009.tif","length_m":14.9},"geometry":{"type":"LineString","coordinates":[[629503.97,5220509.23],[629489.52,5220505.61]]}},{"type":"Feature","properties":{"vineyard_id":"V11","row_id":"V11-R04","row_structure":"disrupted","tile":"siret3_r013_c009.tif","length_m":24.7},"geometry":{"type":"LineString","coordinates":[[629503.98,5220511.85],[629480.09,5220505.61]]}},{"type":"Feature","properties":{"vineyard_id":"V11","row_id":"V11-R03","row_structure":"disrupted","tile":"siret3_r013_c009.tif","length_m":39.8},"geometry":{"type":"LineString","coordinates":[[629503.98,5220515.46],[629465.42,5220505.62]]}},{"type":"Feature","properties":{"vineyard_id":"V11","row_id":"V11-R02","row_structure":"regular","tile":"siret3_r013_c009.tif","length_m":49.47},"geometry":{"type":"LineString","coordinates":[[629503.98,5220517.61],[629455.98,5220505.63]]}},{"type":"Feature","properties":{"vineyard_id":"V11","row_id":"V11-R01","row_structure":"disrupted","tile":"siret3_r013_c009.tif","length_m":52.75},"geometry":{"type":"LineString","coordinates":[[629503.98,5220520.07],[629452.8,5220507.29]]}},{"type":"Feature","properties":{"vineyard_id":"V09","row_id":"V09-R15","row_structure":"disrupted","tile":"siret3_r013_c009.tif","length_m":52.77},"geometry":{"type":"LineString","coordinates":[[629503.98,5220533.31],[629452.8,5220520.47]]}},{"type":"Feature","properties":{"vineyard_id":"V09","row_id":"V09-R14","row_structure":"disrupted","tile":"siret3_r013_c009.tif","length_m":52.75},"geometry":{"type":"LineString","coordinates":[[629503.98,5220535.47],[629452.8,5220522.7]]}},{"type":"Feature","properties":{"vineyard_id":"V09","row_id":"V09-R13","row_structure":"disrupted","tile":"siret3_r013_c009.tif","length_m":52.75},"geometry":{"type":"LineString","coordinates":[[629503.97,5220537.76],[629452.81,5220524.92]]}},{"type":"Feature","properties":{"vineyard_id":"V09","row_id":"V09-R12","row_structure":"disrupted","tile":"siret3_r013_c009.tif","length_m":52.75},"geometry":{"type":"LineString","coordinates":[[629503.98,5220540.0],[629452.81,5220527.19]]}},{"type":"Feature","properties":{"vineyard_id":"V09","row_id":"V09-R11","row_structure":"disrupted","tile":"siret3_r013_c009.tif","length_m":52.72},"geometry":{"type":"LineString","coordinates":[[629503.98,5220542.06],[629452.8,5220529.38]]}},{"type":"Feature","properties":{"vineyard_id":"V09","row_id":"V09-R10","row_structure":"regular","tile":"siret3_r013_c009.tif","length_m":52.73},"geometry":{"type":"LineString","coordinates":[[629503.99,5220544.89],[629452.81,5220532.22]]}},{"type":"Feature","properties":{"vineyard_id":"V09","row_id":"V09-R09","row_structure":"regular","tile":"siret3_r013_c009.tif","length_m":52.75},"geometry":{"type":"LineString","coordinates":[[629503.98,5220547.09],[629452.81,5220534.27]]}},{"type":"Feature","properties":{"vineyard_id":"V09","row_id":"V09-R08","row_structure":"disrupted","tile":"siret3_r013_c009.tif","length_m":52.75},"geometry":{"type":"LineString","coordinates":[[629503.97,5220549.05],[629452.81,5220536.23]]}},{"type":"Feature","properties":{"vineyard_id":"V09","row_id":"V09-R07","row_structure":"disrupted","tile":"siret3_r013_c009.tif","length_m":52.72},"geometry":{"type":"LineString","coordinates":[[629503.96,5220551.55],[629452.81,5220538.76]]}},{"type":"Feature","properties":{"vineyard_id":"V09","row_id":"V09-R06","row_structure":"regular","tile":"siret3_r013_c009.tif","length_m":52.77},"geometry":{"type":"LineString","coordinates":[[629503.97,5220553.58],[629452.8,5220540.68]]}},{"type":"Feature","properties":{"vineyard_id":"V09","row_id":"V09-R05","row_structure":"regular","tile":"siret3_r013_c009.tif","length_m":52.75},"geometry":{"type":"LineString","coordinates":[[629503.98,5220555.79],[629452.81,5220542.98]]}},{"type":"Feature","properties":{"vineyard_id":"V09","row_id":"V09-R04","row_structure":"regular","tile":"siret3_r013_c009.tif","length_m":48.91},"geometry":{"type":"LineString","coordinates":[[629500.23,5220556.8],[629452.8,5220544.85]]}},{"type":"Feature","properties":{"vineyard_id":"V09","row_id":"V09-R03","row_structure":"regular","tile":"siret3_r013_c009.tif","length_m":34.18},"geometry":{"type":"LineString","coordinates":[[629485.98,5220556.8],[629452.81,5220548.51]]}},{"type":"Feature","properties":{"vineyard_id":"V09","row_id":"V09-R02","row_structure":"disrupted","tile":"siret3_r013_c009.tif","length_m":28.82},"geometry":{"type":"LineString","coordinates":[[629480.7,5220556.8],[629452.8,5220549.57]]}},{"type":"Feature","properties":{"vineyard_id":"V09","row_id":"V09-R01","row_structure":"regular","tile":"siret3_r013_c009.tif","length_m":8.54},"geometry":{"type":"LineString","coordinates":[[629473.56,5220556.8],[629465.25,5220554.81]]}},{"type":"Feature","properties":{"vineyard_id":"V10","row_id":"V10-R10","row_structure":"regular","tile":"siret3_r014_c004.tif","length_m":17.1},"geometry":{"type":"LineString","coordinates":[[629215.95,5220505.6],[629230.97,5220497.43]]}},{"type":"Feature","properties":{"vineyard_id":"V10","row_id":"V10-R11","row_structure":"regular","tile":"siret3_r014_c004.tif","length_m":26.69},"geometry":{"type":"LineString","coordinates":[[629211.59,5220505.6],[629235.05,5220492.87]]}},{"type":"Feature","properties":{"vineyard_id":"V10","row_id":"V10-R17","row_structure":"regular","tile":"siret3_r014_c004.tif","length_m":44.78},"geometry":{"type":"LineString","coordinates":[[629197.07,5220505.6],[629236.45,5220484.27]]}},{"type":"Feature","properties":{"vineyard_id":"V10","row_id":"V10-R18","row_structure":"disrupted","tile":"siret3_r014_c004.tif","length_m":45.76},"geometry":{"type":"LineString","coordinates":[[629196.8,5220500.49],[629237.02,5220478.66]]}},{"type":"Feature","properties":{"vineyard_id":"V10","row_id":"V10-R19","row_structure":"disrupted","tile":"siret3_r014_c004.tif","length_m":46.19},"geometry":{"type":"LineString","coordinates":[[629196.81,5220497.73],[629237.34,5220475.58]]}},{"type":"Feature","properties":{"vineyard_id":"V10","row_id":"V10-R20","row_structure":"disrupted","tile":"siret3_r014_c004.tif","length_m":46.68},"geometry":{"type":"LineString","coordinates":[[629196.8,5220492.24],[629237.9,5220470.09]]}},{"type":"Feature","properties":{"vineyard_id":"V10","row_id":"V10-R21","row_structure":"disrupted","tile":"siret3_r014_c004.tif","length_m":47.34},"geometry":{"type":"LineString","coordinates":[[629196.8,5220487.18],[629238.45,5220464.68]]}},{"type":"Feature","properties":{"vineyard_id":"V12","row_id":"V12-R01","row_structure":"disrupted","tile":"siret3_r014_c004.tif","length_m":33.47},"geometry":{"type":"LineString","coordinates":[[629208.35,5220470.3],[629237.81,5220454.42]]}},{"type":"Feature","properties":{"vineyard_id":"V12","row_id":"V12-R02","row_structure":"regular","tile":"siret3_r014_c004.tif","length_m":26.5},"geometry":{"type":"LineString","coordinates":[[629210.34,5220467.21],[629233.55,5220454.41]]}},{"type":"Feature","properties":{"vineyard_id":"V12","row_id":"V12-R03","row_structure":"regular","tile":"siret3_r014_c004.tif","length_m":11.93},"geometry":{"type":"LineString","coordinates":[[629217.6,5220460.02],[629228.12,5220454.42]]}},{"type":"Feature","properties":{"vineyard_id":"V12","row_id":"V12-R04","row_structure":"regular","tile":"siret3_r014_c004.tif","length_m":3.6},"geometry":{"type":"LineString","coordinates":[[629220.18,5220456.13],[629223.35,5220454.42]]}},{"type":"Feature","properties":{"vineyard_id":"V10","row_id":"V10-R05","row_structure":"regular","tile":"siret3_r014_c004.tif","length_m":3.07},"geometry":{"type":"LineString","coordinates":[[629226.89,5220505.6],[629225.21,5220503.03]]}},{"type":"Feature","properties":{"vineyard_id":"V10","row_id":"V10-R06","row_structure":"regular","tile":"siret3_r014_c004.tif","length_m":1.4},"geometry":{"type":"LineString","coordinates":[[629223.42,5220505.6],[629222.66,5220504.42]]}},{"type":"Feature","properties":{"vineyard_id":"V10","row_id":"V10-R15","row_structure":"regular","tile":"siret3_r014_c004.tif","length_m":2.55},"geometry":{"type":"LineString","coordinates":[[629216.73,5220500.31],[629215.32,5220498.19]]}},{"type":"Feature","properties":{"vineyard_id":"V10","row_id":"V10-R14","row_structure":"regular","tile":"siret3_r014_c004.tif","length_m":2.57},"geometry":{"type":"LineString","coordinates":[[629214.31,5220501.65],[629212.91,5220499.49]]}},{"type":"Feature","properties":{"vineyard_id":"V14","row_id":"V14-R17","row_structure":"disrupted","tile":"siret3_r018_c011.tif","length_m":11.83},"geometry":{"type":"LineString","coordinates":[[629599.25,5220277.63],[629606.37,5220268.19]]}},{"type":"Feature","properties":{"vineyard_id":"V14","row_id":"V14-R18","row_structure":"disrupted","tile":"siret3_r018_c011.tif","length_m":17.33},"geometry":{"type":"LineString","coordinates":[[629595.94,5220277.73],[629606.38,5220263.91]]}},{"type":"Feature","properties":{"vineyard_id":"V14","row_id":"V14-R19","row_structure":"disrupted","tile":"siret3_r018_c011.tif","length_m":21.0},"geometry":{"type":"LineString","coordinates":[[629593.73,5220276.28],[629606.37,5220259.51]]}},{"type":"Feature","properties":{"vineyard_id":"V14","row_id":"V14-R20","row_structure":"disrupted","tile":"siret3_r018_c011.tif","length_m":26.03},"geometry":{"type":"LineString","coordinates":[[629590.7,5220275.25],[629606.37,5220254.48]]}},{"type":"Feature","properties":{"vineyard_id":"V14","row_id":"V14-R21","row_structure":"disrupted","tile":"siret3_r018_c011.tif","length_m":30.45},"geometry":{"type":"LineString","coordinates":[[629588.04,5220274.38],[629606.38,5220250.08]]}},{"type":"Feature","properties":{"vineyard_id":"V14","row_id":"V14-R22","row_structure":"disrupted","tile":"siret3_r018_c011.tif","length_m":29.34},"geometry":{"type":"LineString","coordinates":[[629585.35,5220273.03],[629603.04,5220249.62]]}},{"type":"Feature","properties":{"vineyard_id":"V14","row_id":"V14-R23","row_structure":"disrupted","tile":"siret3_r018_c011.tif","length_m":29.02},"geometry":{"type":"LineString","coordinates":[[629582.11,5220272.78],[629599.59,5220249.62]]}},{"type":"Feature","properties":{"vineyard_id":"V14","row_id":"V14-R24","row_structure":"disrupted","tile":"siret3_r018_c011.tif","length_m":28.7},"geometry":{"type":"LineString","coordinates":[[629578.65,5220272.53],[629595.93,5220249.61]]}},{"type":"Feature","properties":{"vineyard_id":"V14","row_id":"V14-R25","row_structure":"disrupted","tile":"siret3_r018_c011.tif","length_m":26.62},"geometry":{"type":"LineString","coordinates":[[629576.78,5220270.9],[629592.79,5220249.62]]}},{"type":"Feature","properties":{"vineyard_id":"V14","row_id":"V14-R26","row_structure":"disrupted","tile":"siret3_r018_c011.tif","length_m":26.04},"geometry":{"type":"LineString","coordinates":[[629573.74,5220270.41],[629589.41,5220249.62]]}},{"type":"Feature","properties":{"vineyard_id":"V14","row_id":"V14-R27","row_structure":"disrupted","tile":"siret3_r018_c011.tif","length_m":23.91},"geometry":{"type":"LineString","coordinates":[[629571.48,5220268.74],[629585.84,5220249.62]]}},{"type":"Feature","properties":{"vineyard_id":"V14","row_id":"V14-R28","row_structure":"disrupted","tile":"siret3_r018_c011.tif","length_m":23.53},"geometry":{"type":"LineString","coordinates":[[629568.2,5220268.42],[629582.35,5220249.62]]}},{"type":"Feature","properties":{"vineyard_id":"V14","row_id":"V14-R29","row_structure":"disrupted","tile":"siret3_r018_c011.tif","length_m":22.23},"geometry":{"type":"LineString","coordinates":[[629565.57,5220267.4],[629578.89,5220249.61]]}},{"type":"Feature","properties":{"vineyard_id":"V14","row_id":"V14-R30","row_structure":"disrupted","tile":"siret3_r018_c011.tif","length_m":21.22},"geometry":{"type":"LineString","coordinates":[[629562.75,5220266.61],[629575.46,5220249.62]]}},{"type":"Feature","properties":{"vineyard_id":"V14","row_id":"V14-R31","row_structure":"disrupted","tile":"siret3_r018_c011.tif","length_m":20.16},"geometry":{"type":"LineString","coordinates":[[629560.09,5220265.92],[629571.98,5220249.63]]}},{"type":"Feature","properties":{"vineyard_id":"V14","row_id":"V14-R32","row_structure":"regular","tile":"siret3_r018_c011.tif","length_m":20.49},"geometry":{"type":"LineString","coordinates":[[629556.27,5220266.04],[629568.54,5220249.63]]}},{"type":"Feature","properties":{"vineyard_id":"V14","row_id":"V14-R34","row_structure":"regular","tile":"siret3_r018_c011.tif","length_m":16.51},"geometry":{"type":"LineString","coordinates":[[629555.2,5220262.95],[629564.95,5220249.62]]}},{"type":"Feature","properties":{"vineyard_id":"V14","row_id":"V14-R35","row_structure":"regular","tile":"siret3_r018_c011.tif","length_m":10.65},"geometry":{"type":"LineString","coordinates":[[629555.2,5220258.26],[629561.43,5220249.63]]}},{"type":"Feature","properties":{"vineyard_id":"V14","row_id":"V14-R37","row_structure":"regular","tile":"siret3_r018_c011.tif","length_m":5.04},"geometry":{"type":"LineString","coordinates":[[629555.2,5220253.66],[629558.21,5220249.62]]}},{"type":"Feature","properties":{"vineyard_id":"V14","row_id":"V14-R01","row_structure":"regular","tile":"siret3_r018_c012.tif","length_m":22.54},"geometry":{"type":"LineString","coordinates":[[629643.68,5220292.06],[629657.58,5220274.31]]}},{"type":"Feature","properties":{"vineyard_id":"V14","row_id":"V14-R02","row_structure":"regular","tile":"siret3_r018_c012.tif","length_m":26.14},"geometry":{"type":"LineString","coordinates":[[629641.62,5220290.42],[629657.58,5220269.71]]}},{"type":"Feature","properties":{"vineyard_id":"V14","row_id":"V14-R03","row_structure":"regular","tile":"siret3_r018_c012.tif","length_m":31.77},"geometry":{"type":"LineString","coordinates":[[629638.18,5220290.11],[629657.57,5220264.94]]}},{"type":"Feature","properties":{"vineyard_id":"V14","row_id":"V14-R04","row_structure":"disrupted","tile":"siret3_r018_c012.tif","length_m":35.92},"geometry":{"type":"LineString","coordinates":[[629635.71,5220288.66],[629657.58,5220260.17]]}},{"type":"Feature","properties":{"vineyard_id":"V14","row_id":"V14-R05","row_structure":"disrupted","tile":"siret3_r018_c012.tif","length_m":39.92},"geometry":{"type":"LineString","coordinates":[[629633.3,5220287.79],[629657.59,5220256.11]]}},{"type":"Feature","properties":{"vineyard_id":"V14","row_id":"V14-R06","row_structure":"disrupted","tile":"siret3_r018_c012.tif","length_m":45.3},"geometry":{"type":"LineString","coordinates":[[629630.01,5220287.38],[629657.59,5220251.44]]}},{"type":"Feature","properties":{"vineyard_id":"V14","row_id":"V14-R07","row_structure":"disrupted","tile":"siret3_r018_c012.tif","length_m":46.66},"geometry":{"type":"LineString","coordinates":[[629627.02,5220286.61],[629655.46,5220249.62]]}},{"type":"Feature","properties":{"vineyard_id":"V14","row_id":"V14-R08","row_structure":"disrupted","tile":"siret3_r018_c012.tif","length_m":45.36},"geometry":{"type":"LineString","coordinates":[[629624.32,5220285.58],[629651.97,5220249.62]]}},{"type":"Feature","properties":{"vineyard_id":"V14","row_id":"V14-R09","row_structure":"disrupted","tile":"siret3_r018_c012.tif","length_m":44.17},"geometry":{"type":"LineString","coordinates":[[629621.62,5220284.63],[629648.56,5220249.62]]}},{"type":"Feature","properties":{"vineyard_id":"V14","row_id":"V14-R10","row_structure":"disrupted","tile":"siret3_r018_c012.tif","length_m":43.0},"geometry":{"type":"LineString","coordinates":[[629618.84,5220283.72],[629645.04,5220249.63]]}},{"type":"Feature","properties":{"vineyard_id":"V14","row_id":"V14-R11","row_structure":"disrupted","tile":"siret3_r018_c012.tif","length_m":42.31},"geometry":{"type":"LineString","coordinates":[[629615.76,5220283.23],[629641.46,5220249.62]]}},{"type":"Feature","properties":{"vineyard_id":"V14","row_id":"V14-R12","row_structure":"disrupted","tile":"siret3_r018_c012.tif","length_m":41.29},"geometry":{"type":"LineString","coordinates":[[629612.91,5220282.41],[629638.02,5220249.63]]}},{"type":"Feature","properties":{"vineyard_id":"V14","row_id":"V14-R13","row_structure":"regular","tile":"siret3_r018_c012.tif","length_m":39.42},"geometry":{"type":"LineString","coordinates":[[629610.58,5220280.95],[629634.51,5220249.62]]}},{"type":"Feature","properties":{"vineyard_id":"V14","row_id":"V14-R14","row_structure":"regular","tile":"siret3_r018_c012.tif","length_m":40.48},"geometry":{"type":"LineString","coordinates":[[629606.44,5220281.75],[629631.06,5220249.62]]}},{"type":"Feature","properties":{"vineyard_id":"V14","row_id":"V14-R15","row_structure":"regular","tile":"siret3_r018_c012.tif","length_m":34.95},"geometry":{"type":"LineString","coordinates":[[629606.4,5220277.21],[629627.86,5220249.62]]}},{"type":"Feature","properties":{"vineyard_id":"V14","row_id":"V14-R16","row_structure":"regular","tile":"siret3_r018_c012.tif","length_m":29.0},"geometry":{"type":"LineString","coordinates":[[629606.4,5220272.67],[629623.99,5220249.61]]}},{"type":"Feature","properties":{"vineyard_id":"V14","row_id":"V14-R17","row_structure":"regular","tile":"siret3_r018_c012.tif","length_m":23.47},"geometry":{"type":"LineString","coordinates":[[629606.4,5220268.19],[629620.78,5220249.64]]}},{"type":"Feature","properties":{"vineyard_id":"V14","row_id":"V14-R18","row_structure":"regular","tile":"siret3_r018_c012.tif","length_m":18.17},"geometry":{"type":"LineString","coordinates":[[629606.4,5220264.1],[629617.37,5220249.61]]}},{"type":"Feature","properties":{"vineyard_id":"V14","row_id":"V14-R19","row_structure":"regular","tile":"siret3_r018_c012.tif","length_m":12.58},"geometry":{"type":"LineString","coordinates":[[629606.4,5220259.78],[629613.81,5220249.61]]}},{"type":"Feature","properties":{"vineyard_id":"V14","row_id":"V14-R20","row_structure":"regular","tile":"siret3_r018_c012.tif","length_m":6.3},"geometry":{"type":"LineString","coordinates":[[629606.4,5220254.64],[629610.19,5220249.61]]}},{"type":"Feature","properties":{"vineyard_id":"V14","row_id":"V14-R01","row_structure":"regular","tile":"siret3_r018_c013.tif","length_m":32.17},"geometry":{"type":"LineString","coordinates":[[629657.6,5220274.5],[629678.01,5220249.62]]}},{"type":"Feature","properties":{"vineyard_id":"V14","row_id":"V14-R02","row_structure":"regular","tile":"siret3_r018_c013.tif","length_m":25.45},"geometry":{"type":"LineString","coordinates":[[629657.6,5220269.57],[629673.4,5220249.62]]}},{"type":"Feature","properties":{"vineyard_id":"V14","row_id":"V14-R03","row_structure":"regular","tile":"siret3_r018_c013.tif","length_m":19.38},"geometry":{"type":"LineString","coordinates":[[629657.6,5220265.0],[629669.39,5220249.62]]}},{"type":"Feature","properties":{"vineyard_id":"V14","row_id":"V14-R04","row_structure":"regular","tile":"siret3_r018_c013.tif","length_m":13.6},"geometry":{"type":"LineString","coordinates":[[629657.6,5220260.37],[629665.93,5220249.62]]}},{"type":"Feature","properties":{"vineyard_id":"V14","row_id":"V14-R05","row_structure":"regular","tile":"siret3_r018_c013.tif","length_m":8.14},"geometry":{"type":"LineString","coordinates":[[629657.6,5220255.94],[629662.72,5220249.62]]}},{"type":"Feature","properties":{"vineyard_id":"V14","row_id":"V14-R06","row_structure":"regular","tile":"siret3_r018_c013.tif","length_m":2.0},"geometry":{"type":"LineString","coordinates":[[629657.6,5220251.17],[629658.86,5220249.62]]}},{"type":"Feature","properties":{"vineyard_id":"V14","row_id":"V14-R38","row_structure":"regular","tile":"siret3_r019_c010.tif","length_m":1.08},"geometry":{"type":"LineString","coordinates":[[629554.53,5220249.59],[629555.18,5220248.73]]}},{"type":"Feature","properties":{"vineyard_id":"V14","row_id":"V14-R41","row_structure":"regular","tile":"siret3_r019_c010.tif","length_m":6.8},"geometry":{"type":"LineString","coordinates":[[629551.04,5220249.59],[629555.19,5220244.2]]}},{"type":"Feature","properties":{"vineyard_id":"V14","row_id":"V14-R42","row_structure":"regular","tile":"siret3_r019_c010.tif","length_m":16.23},"geometry":{"type":"LineString","coordinates":[[629545.38,5220249.59],[629555.18,5220236.66]]}},{"type":"Feature","properties":{"vineyard_id":"V14","row_id":"V14-R44","row_structure":"regular","tile":"siret3_r019_c010.tif","length_m":22.24},"geometry":{"type":"LineString","coordinates":[[629541.8,5220249.6],[629555.18,5220231.84]]}},{"type":"Feature","properties":{"vineyard_id":"V14","row_id":"V14-R45","row_structure":"regular","tile":"siret3_r019_c010.tif","length_m":28.2},"geometry":{"type":"LineString","coordinates":[[629538.25,5220249.59],[629555.19,5220227.05]]}},{"type":"Feature","properties":{"vineyard_id":"V14","row_id":"V14-R46","row_structure":"regular","tile":"siret3_r019_c010.tif","length_m":33.77},"geometry":{"type":"LineString","coordinates":[[629534.69,5220249.6],[629555.18,5220222.76]]}},{"type":"Feature","properties":{"vineyard_id":"V14","row_id":"V14-R47","row_structure":"regular","tile":"siret3_r019_c010.tif","length_m":39.05},"geometry":{"type":"LineString","coordinates":[[629531.8,5220249.59],[629555.19,5220218.32]]}},{"type":"Feature","properties":{"vineyard_id":"V14","row_id":"V14-R48","row_structure":"regular","tile":"siret3_r019_c010.tif","length_m":44.97},"geometry":{"type":"LineString","coordinates":[[629528.12,5220249.6],[629555.19,5220213.68]]}},{"type":"Feature","properties":{"vineyard_id":"V14","row_id":"V14-R49","row_structure":"disrupted","tile":"siret3_r019_c010.tif","length_m":50.72},"geometry":{"type":"LineString","coordinates":[[629524.71,5220249.6],[629555.19,5220209.05]]}},{"type":"Feature","properties":{"vineyard_id":"V14","row_id":"V14-R50","row_structure":"regular","tile":"siret3_r019_c010.tif","length_m":56.8},"geometry":{"type":"LineString","coordinates":[[629521.09,5220249.6],[629555.18,5220204.16]]}},{"type":"Feature","properties":{"vineyard_id":"V14","row_id":"V14-R51","row_structure":"disrupted","tile":"siret3_r019_c010.tif","length_m":62.23},"geometry":{"type":"LineString","coordinates":[[629517.72,5220249.6],[629555.18,5220199.9]]}},{"type":"Feature","properties":{"vineyard_id":"V14","row_id":"V14-R52","row_structure":"regular","tile":"siret3_r019_c010.tif","length_m":64.16},"geometry":{"type":"LineString","coordinates":[[629514.31,5220249.6],[629553.03,5220198.44]]}},{"type":"Feature","properties":{"vineyard_id":"V14","row_id":"V14-R53","row_structure":"regular","tile":"siret3_r019_c010.tif","length_m":57.0},"geometry":{"type":"LineString","coordinates":[[629514.91,5220243.96],[629549.2,5220198.43]]}},{"type":"Feature","properties":{"vineyard_id":"V14","row_id":"V14-R54","row_structure":"disrupted","tile":"siret3_r019_c010.tif","length_m":53.32},"geometry":{"type":"LineString","coordinates":[[629513.81,5220240.98],[629545.94,5220198.42]]}},{"type":"Feature","properties":{"vineyard_id":"V14","row_id":"V14-R55","row_structure":"disrupted","tile":"siret3_r019_c010.tif","length_m":46.88},"geometry":{"type":"LineString","coordinates":[[629513.83,5220235.76],[629542.16,5220198.42]]}},{"type":"Feature","properties":{"vineyard_id":"V14","row_id":"V14-R56","row_structure":"disrupted","tile":"siret3_r019_c010.tif","length_m":57.84},"geometry":{"type":"LineString","coordinates":[[629504.0,5220244.62],[629538.81,5220198.43]]}},{"type":"Feature","properties":{"vineyard_id":"V13","row_id":"V13-R01","row_structure":"disrupted","tile":"siret3_r019_c010.tif","length_m":51.6},"geometry":{"type":"LineString","coordinates":[[629504.0,5220239.63],[629535.05,5220198.42]]}},{"type":"Feature","properties":{"vineyard_id":"V13","row_id":"V13-R02","row_structure":"disrupted","tile":"siret3_r019_c010.tif","length_m":33.37},"geometry":{"type":"LineString","coordinates":[[629511.82,5220225.05],[629531.93,5220198.41]]}},{"type":"Feature","properties":{"vineyard_id":"V13","row_id":"V13-R03","row_structure":"disrupted","tile":"siret3_r019_c010.tif","length_m":36.49},"geometry":{"type":"LineString","coordinates":[[629504.0,5220227.5],[629526.05,5220198.42]]}},{"type":"Feature","properties":{"vineyard_id":"V14","row_id":"V14-R22","row_structure":"regular","tile":"siret3_r019_c011.tif","length_m":5.25},"geometry":{"type":"LineString","coordinates":[[629602.95,5220249.6],[629606.37,5220245.62]]}},{"type":"Feature","properties":{"vineyard_id":"V14","row_id":"V14-R23","row_structure":"regular","tile":"siret3_r019_c011.tif","length_m":10.86},"geometry":{"type":"LineString","coordinates":[[629599.79,5220249.6],[629606.38,5220240.96]]}},{"type":"Feature","properties":{"vineyard_id":"V14","row_id":"V14-R24","row_structure":"regular","tile":"siret3_r019_c011.tif","length_m":17.16},"geometry":{"type":"LineString","coordinates":[[629595.94,5220249.6],[629606.37,5220235.97]]}},{"type":"Feature","properties":{"vineyard_id":"V14","row_id":"V14-R25","row_structure":"regular","tile":"siret3_r019_c011.tif","length_m":22.45},"geometry":{"type":"LineString","coordinates":[[629592.65,5220249.6],[629606.39,5220231.84]]}},{"type":"Feature","properties":{"vineyard_id":"V14","row_id":"V14-R26","row_structure":"regular","tile":"siret3_r019_c011.tif","length_m":28.25},"geometry":{"type":"LineString","coordinates":[[629589.13,5220249.6],[629606.38,5220227.22]]}},{"type":"Feature","properties":{"vineyard_id":"V14","row_id":"V14-R27","row_structure":"regular","tile":"siret3_r019_c011.tif","length_m":33.63},"geometry":{"type":"LineString","coordinates":[[629585.86,5220249.6],[629606.37,5220222.94]]}},{"type":"Feature","properties":{"vineyard_id":"V14","row_id":"V14-R28","row_structure":"regular","tile":"siret3_r019_c011.tif","length_m":39.62},"geometry":{"type":"LineString","coordinates":[[629582.11,5220249.6],[629606.39,5220218.29]]}},{"type":"Feature","properties":{"vineyard_id":"V14","row_id":"V14-R29","row_structure":"regular","tile":"siret3_r019_c011.tif","length_m":45.33},"geometry":{"type":"LineString","coordinates":[[629578.62,5220249.59],[629606.39,5220213.76]]}},{"type":"Feature","properties":{"vineyard_id":"V14","row_id":"V14-R30","row_structure":"regular","tile":"siret3_r019_c011.tif","length_m":50.93},"geometry":{"type":"LineString","coordinates":[[629575.05,5220249.59],[629606.37,5220209.43]]}},{"type":"Feature","properties":{"vineyard_id":"V14","row_id":"V14-R31","row_structure":"disrupted","tile":"siret3_r019_c011.tif","length_m":56.54},"geometry":{"type":"LineString","coordinates":[[629571.82,5220249.59],[629606.37,5220204.83]]}},{"type":"Feature","properties":{"vineyard_id":"V14","row_id":"V14-R32","row_structure":"disrupted","tile":"siret3_r019_c011.tif","length_m":62.39},"geometry":{"type":"LineString","coordinates":[[629568.27,5220249.6],[629606.39,5220200.21]]}},{"type":"Feature","properties":{"vineyard_id":"V14","row_id":"V14-R34","row_structure":"regular","tile":"siret3_r019_c011.tif","length_m":64.62},"geometry":{"type":"LineString","coordinates":[[629564.76,5220249.59],[629604.22,5220198.43]]}},{"type":"Feature","properties":{"vineyard_id":"V14","row_id":"V14-R35","row_structure":"disrupted","tile":"siret3_r019_c011.tif","length_m":64.91},"geometry":{"type":"LineString","coordinates":[[629560.87,5220249.59],[629600.8,5220198.42]]}},{"type":"Feature","properties":{"vineyard_id":"V14","row_id":"V14-R37","row_structure":"regular","tile":"siret3_r019_c011.tif","length_m":64.58},"geometry":{"type":"LineString","coordinates":[[629557.83,5220249.6],[629597.22,5220198.42]]}},{"type":"Feature","properties":{"vineyard_id":"V14","row_id":"V14-R38","row_structure":"regular","tile":"siret3_r019_c011.tif","length_m":62.76},"geometry":{"type":"LineString","coordinates":[[629555.21,5220248.01],[629593.67,5220198.41]]}},{"type":"Feature","properties":{"vineyard_id":"V14","row_id":"V14-R40","row_structure":"disrupted","tile":"siret3_r019_c011.tif","length_m":56.52},"geometry":{"type":"LineString","coordinates":[[629555.21,5220242.57],[629590.5,5220198.42]]}},{"type":"Feature","properties":{"vineyard_id":"V14","row_id":"V14-R42","row_structure":"regular","tile":"siret3_r019_c011.tif","length_m":48.55},"geometry":{"type":"LineString","coordinates":[[629555.21,5220236.33],[629585.55,5220198.42]]}},{"type":"Feature","properties":{"vineyard_id":"V14","row_id":"V14-R44","row_structure":"regular","tile":"siret3_r019_c011.tif","length_m":41.91},"geometry":{"type":"LineString","coordinates":[[629555.2,5220231.59],[629580.82,5220198.42]]}},{"type":"Feature","properties":{"vineyard_id":"V14","row_id":"V14-R45","row_structure":"regular","tile":"siret3_r019_c011.tif","length_m":35.71},"geometry":{"type":"LineString","coordinates":[[629555.2,5220226.73],[629576.96,5220198.42]]}},{"type":"Feature","properties":{"vineyard_id":"V14","row_id":"V14-R46","row_structure":"regular","tile":"siret3_r019_c011.tif","length_m":30.23},"geometry":{"type":"LineString","coordinates":[[629555.2,5220222.3],[629573.75,5220198.42]]}},{"type":"Feature","properties":{"vineyard_id":"V14","row_id":"V14-R47","row_structure":"regular","tile":"siret3_r019_c011.tif","length_m":24.78},"geometry":{"type":"LineString","coordinates":[[629555.2,5220218.08],[629570.28,5220198.42]]}},{"type":"Feature","properties":{"vineyard_id":"V14","row_id":"V14-R48","row_structure":"regular","tile":"siret3_r019_c011.tif","length_m":19.12},"geometry":{"type":"LineString","coordinates":[[629555.2,5220213.63],[629566.8,5220198.42]]}},{"type":"Feature","properties":{"vineyard_id":"V14","row_id":"V14-R49","row_structure":"regular","tile":"siret3_r019_c011.tif","length_m":12.99},"geometry":{"type":"LineString","coordinates":[[629555.2,5220208.52],[629563.38,5220198.42]]}},{"type":"Feature","properties":{"vineyard_id":"V14","row_id":"V14-R50","row_structure":"regular","tile":"siret3_r019_c011.tif","length_m":7.42},"geometry":{"type":"LineString","coordinates":[[629555.2,5220204.27],[629559.77,5220198.43]]}},{"type":"Feature","properties":{"vineyard_id":"V14","row_id":"V14-R51","row_structure":"regular","tile":"siret3_r019_c011.tif","length_m":1.84},"geometry":{"type":"LineString","coordinates":[[629555.2,5220199.86],[629556.36,5220198.43]]}},{"type":"Feature","properties":{"vineyard_id":"V14","row_id":"V14-R07","row_structure":"regular","tile":"siret3_r019_c012.tif","length_m":3.61},"geometry":{"type":"LineString","coordinates":[[629655.42,5220249.6],[629657.59,5220246.72]]}},{"type":"Feature","properties":{"vineyard_id":"V14","row_id":"V14-R08","row_structure":"regular","tile":"siret3_r019_c012.tif","length_m":9.03},"geometry":{"type":"LineString","coordinates":[[629652.01,5220249.6],[629657.58,5220242.49]]}},{"type":"Feature","properties":{"vineyard_id":"V14","row_id":"V14-R09","row_structure":"regular","tile":"siret3_r019_c012.tif","length_m":14.53},"geometry":{"type":"LineString","coordinates":[[629648.61,5220249.6],[629657.58,5220238.17]]}},{"type":"Feature","properties":{"vineyard_id":"V14","row_id":"V14-R10","row_structure":"regular","tile":"siret3_r019_c012.tif","length_m":20.54},"geometry":{"type":"LineString","coordinates":[[629645.13,5220249.6],[629657.58,5220233.26]]}},{"type":"Feature","properties":{"vineyard_id":"V14","row_id":"V14-R11","row_structure":"regular","tile":"siret3_r019_c012.tif","length_m":26.13},"geometry":{"type":"LineString","coordinates":[[629641.62,5220249.6],[629657.57,5220228.9]]}},{"type":"Feature","properties":{"vineyard_id":"V14","row_id":"V14-R12","row_structure":"regular","tile":"siret3_r019_c012.tif","length_m":32.15},"geometry":{"type":"LineString","coordinates":[[629637.84,5220249.6],[629657.58,5220224.22]]}},{"type":"Feature","properties":{"vineyard_id":"V14","row_id":"V14-R13","row_structure":"regular","tile":"siret3_r019_c012.tif","length_m":37.57},"geometry":{"type":"LineString","coordinates":[[629634.53,5220249.6],[629657.59,5220219.94]]}},{"type":"Feature","properties":{"vineyard_id":"V14","row_id":"V14-R14","row_structure":"regular","tile":"siret3_r019_c012.tif","length_m":43.32},"geometry":{"type":"LineString","coordinates":[[629631.26,5220249.58],[629657.58,5220215.17]]}},{"type":"Feature","properties":{"vineyard_id":"V14","row_id":"V14-R15","row_structure":"regular","tile":"siret3_r019_c012.tif","length_m":48.83},"geometry":{"type":"LineString","coordinates":[[629627.85,5220249.59],[629657.58,5220210.85]]}},{"type":"Feature","properties":{"vineyard_id":"V14","row_id":"V14-R16","row_structure":"regular","tile":"siret3_r019_c012.tif","length_m":54.89},"geometry":{"type":"LineString","coordinates":[[629624.11,5220249.6],[629657.59,5220206.11]]}},{"type":"Feature","properties":{"vineyard_id":"V14","row_id":"V14-R17","row_structure":"regular","tile":"siret3_r019_c012.tif","length_m":60.0},"geometry":{"type":"LineString","coordinates":[[629620.92,5220249.59],[629657.57,5220202.08]]}},{"type":"Feature","properties":{"vineyard_id":"V14","row_id":"V14-R18","row_structure":"regular","tile":"siret3_r019_c012.tif","length_m":64.6},"geometry":{"type":"LineString","coordinates":[[629617.43,5220249.59],[629656.85,5220198.42]]}},{"type":"Feature","properties":{"vineyard_id":"V14","row_id":"V14-R19","row_structure":"regular","tile":"siret3_r019_c012.tif","length_m":64.37},"geometry":{"type":"LineString","coordinates":[[629614.04,5220249.6],[629653.08,5220198.42]]}},{"type":"Feature","properties":{"vineyard_id":"V14","row_id":"V14-R20","row_structure":"regular","tile":"siret3_r019_c012.tif","length_m":64.57},"geometry":{"type":"LineString","coordinates":[[629610.18,5220249.6],[629649.54,5220198.42]]}},{"type":"Feature","properties":{"vineyard_id":"V14","row_id":"V14-R21","row_structure":"regular","tile":"siret3_r019_c012.tif","length_m":64.48},"geometry":{"type":"LineString","coordinates":[[629606.71,5220249.59],[629645.96,5220198.44]]}},{"type":"Feature","properties":{"vineyard_id":"V14","row_id":"V14-R22","row_structure":"regular","tile":"siret3_r019_c012.tif","length_m":59.4},"geometry":{"type":"LineString","coordinates":[[629606.4,5220245.54],[629642.57,5220198.42]]}},{"type":"Feature","properties":{"vineyard_id":"V14","row_id":"V14-R23","row_structure":"regular","tile":"siret3_r019_c012.tif","length_m":53.44},"geometry":{"type":"LineString","coordinates":[[629606.4,5220240.84],[629638.93,5220198.44]]}},{"type":"Feature","properties":{"vineyard_id":"V14","row_id":"V14-R24","row_structure":"regular","tile":"siret3_r019_c012.tif","length_m":47.23},"geometry":{"type":"LineString","coordinates":[[629606.4,5220235.84],[629635.2,5220198.41]]}},{"type":"Feature","properties":{"vineyard_id":"V14","row_id":"V14-R25","row_structure":"regular","tile":"siret3_r019_c012.tif","length_m":42.07},"geometry":{"type":"LineString","coordinates":[[629606.4,5220231.95],[629631.82,5220198.43]]}},{"type":"Feature","properties":{"vineyard_id":"V14","row_id":"V14-R26","row_structure":"regular","tile":"siret3_r019_c012.tif","length_m":35.89},"geometry":{"type":"LineString","coordinates":[[629606.4,5220226.78],[629628.4,5220198.42]]}},{"type":"Feature","properties":{"vineyard_id":"V14","row_id":"V14-R27","row_structure":"regular","tile":"siret3_r019_c012.tif","length_m":30.4},"geometry":{"type":"LineString","coordinates":[[629606.4,5220222.51],[629624.95,5220198.42]]}},{"type":"Feature","properties":{"vineyard_id":"V14","row_id":"V14-R28","row_structure":"regular","tile":"siret3_r019_c012.tif","length_m":24.49},"geometry":{"type":"LineString","coordinates":[[629606.4,5220217.87],[629621.29,5220198.42]]}},{"type":"Feature","properties":{"vineyard_id":"V14","row_id":"V14-R29","row_structure":"regular","tile":"siret3_r019_c012.tif","length_m":18.87},"geometry":{"type":"LineString","coordinates":[[629606.4,5220213.46],[629617.82,5220198.43]]}},{"type":"Feature","properties":{"vineyard_id":"V14","row_id":"V14-R30","row_structure":"regular","tile":"siret3_r019_c012.tif","length_m":13.21},"geometry":{"type":"LineString","coordinates":[[629606.4,5220209.03],[629614.28,5220198.43]]}},{"type":"Feature","properties":{"vineyard_id":"V14","row_id":"V14-R31","row_structure":"regular","tile":"siret3_r019_c012.tif","length_m":7.14},"geometry":{"type":"LineString","coordinates":[[629606.4,5220204.1],[629610.75,5220198.43]]}},{"type":"Feature","properties":{"vineyard_id":"V14","row_id":"V14-R33","row_structure":"regular","tile":"siret3_r019_c012.tif","length_m":1.14},"geometry":{"type":"LineString","coordinates":[[629606.4,5220199.33],[629607.09,5220198.43]]}},{"type":"Feature","properties":{"vineyard_id":"V14","row_id":"V14-R01","row_structure":"regular","tile":"siret3_r019_c013.tif","length_m":24.67},"geometry":{"type":"LineString","coordinates":[[629678.42,5220249.6],[629693.76,5220230.28]]}},{"type":"Feature","properties":{"vineyard_id":"V14","row_id":"V14-R02","row_structure":"disrupted","tile":"siret3_r019_c013.tif","length_m":46.2},"geometry":{"type":"LineString","coordinates":[[629673.19,5220249.6],[629701.32,5220212.94]]}},{"type":"Feature","properties":{"vineyard_id":"V15","row_id":"V15-R03","row_structure":"disrupted","tile":"siret3_r019_c013.tif","length_m":9.36},"geometry":{"type":"LineString","coordinates":[[629703.08,5220210.64],[629708.78,5220203.22]]}},{"type":"Feature","properties":{"vineyard_id":"V14","row_id":"V14-R03","row_structure":"disrupted","tile":"siret3_r019_c013.tif","length_m":47.3},"geometry":{"type":"LineString","coordinates":[[629669.43,5220249.6],[629698.34,5220212.17]]}},{"type":"Feature","properties":{"vineyard_id":"V15","row_id":"V15-R04","row_structure":"disrupted","tile":"siret3_r019_c013.tif","length_m":13.16},"geometry":{"type":"LineString","coordinates":[[629700.73,5220209.08],[629708.77,5220198.66]]}},{"type":"Feature","properties":{"vineyard_id":"V14","row_id":"V14-R04","row_structure":"regular","tile":"siret3_r019_c013.tif","length_m":49.4},"geometry":{"type":"LineString","coordinates":[[629665.96,5220249.6],[629696.22,5220210.56]]}},{"type":"Feature","properties":{"vineyard_id":"V15","row_id":"V15-R05","row_structure":"regular","tile":"siret3_r019_c013.tif","length_m":12.87},"geometry":{"type":"LineString","coordinates":[[629697.75,5220208.58],[629705.64,5220198.42]]}},{"type":"Feature","properties":{"vineyard_id":"V14","row_id":"V14-R05","row_structure":"disrupted","tile":"siret3_r019_c013.tif","length_m":49.2},"geometry":{"type":"LineString","coordinates":[[629662.7,5220249.59],[629692.66,5220210.56]]}},{"type":"Feature","properties":{"vineyard_id":"V15","row_id":"V15-R06","row_structure":"disrupted","tile":"siret3_r019_c013.tif","length_m":11.6},"geometry":{"type":"LineString","coordinates":[[629694.91,5220207.63],[629701.97,5220198.42]]}},{"type":"Feature","properties":{"vineyard_id":"V14","row_id":"V14-R06","row_structure":"disrupted","tile":"siret3_r019_c013.tif","length_m":49.1},"geometry":{"type":"LineString","coordinates":[[629658.98,5220249.59],[629689.08,5220210.8]]}},{"type":"Feature","properties":{"vineyard_id":"V15","row_id":"V15-R07","row_structure":"disrupted","tile":"siret3_r019_c013.tif","length_m":10.07},"geometry":{"type":"LineString","coordinates":[[629692.51,5220206.38],[629698.69,5220198.42]]}},{"type":"Feature","properties":{"vineyard_id":"V14","row_id":"V14-R07","row_structure":"disrupted","tile":"siret3_r019_c013.tif","length_m":48.2},"geometry":{"type":"LineString","coordinates":[[629657.6,5220246.9],[629687.06,5220208.75]]}},{"type":"Feature","properties":{"vineyard_id":"V15","row_id":"V15-R08","row_structure":"disrupted","tile":"siret3_r019_c013.tif","length_m":7.94},"geometry":{"type":"LineString","coordinates":[[629690.18,5220204.72],[629695.03,5220198.43]]}},{"type":"Feature","properties":{"vineyard_id":"V14","row_id":"V14-R08","row_structure":"regular","tile":"siret3_r019_c013.tif","length_m":44.1},"geometry":{"type":"LineString","coordinates":[[629657.6,5220242.35],[629684.61,5220207.48]]}},{"type":"Feature","properties":{"vineyard_id":"V15","row_id":"V15-R09","row_structure":"regular","tile":"siret3_r019_c013.tif","length_m":6.56},"geometry":{"type":"LineString","coordinates":[[629687.61,5220203.61],[629691.62,5220198.42]]}},{"type":"Feature","properties":{"vineyard_id":"V14","row_id":"V14-R09","row_structure":"disrupted","tile":"siret3_r019_c013.tif","length_m":39.3},"geometry":{"type":"LineString","coordinates":[[629657.6,5220237.96],[629681.5,5220206.76]]}},{"type":"Feature","properties":{"vineyard_id":"V15","row_id":"V15-R10","row_structure":"disrupted","tile":"siret3_r019_c013.tif","length_m":5.21},"geometry":{"type":"LineString","coordinates":[[629684.72,5220202.55],[629687.89,5220198.41]]}},{"type":"Feature","properties":{"vineyard_id":"V14","row_id":"V14-R10","row_structure":"disrupted","tile":"siret3_r019_c013.tif","length_m":34.4},"geometry":{"type":"LineString","coordinates":[[629657.6,5220233.43],[629678.53,5220206.12]]}},{"type":"Feature","properties":{"vineyard_id":"V15","row_id":"V15-R11","row_structure":"disrupted","tile":"siret3_r019_c013.tif","length_m":5.2},"geometry":{"type":"LineString","coordinates":[[629681.27,5220202.55],[629684.43,5220198.42]]}},{"type":"Feature","properties":{"vineyard_id":"V14","row_id":"V14-R11","row_structure":"disrupted","tile":"siret3_r019_c013.tif","length_m":29.5},"geometry":{"type":"LineString","coordinates":[[629657.6,5220228.8],[629675.64,5220205.46]]}},{"type":"Feature","properties":{"vineyard_id":"V15","row_id":"V15-R12","row_structure":"disrupted","tile":"siret3_r019_c013.tif","length_m":3.59},"geometry":{"type":"LineString","coordinates":[[629678.88,5220201.26],[629681.08,5220198.42]]}},{"type":"Feature","properties":{"vineyard_id":"V14","row_id":"V14-R12","row_structure":"disrupted","tile":"siret3_r019_c013.tif","length_m":24.6},"geometry":{"type":"LineString","coordinates":[[629657.6,5220224.2],[629672.63,5220204.72]]}},{"type":"Feature","properties":{"vineyard_id":"V15","row_id":"V15-R13","row_structure":"disrupted","tile":"siret3_r019_c013.tif","length_m":2.05},"geometry":{"type":"LineString","coordinates":[[629676.23,5220200.05],[629677.48,5220198.42]]}},{"type":"Feature","properties":{"vineyard_id":"V14","row_id":"V14-R13","row_structure":"disrupted","tile":"siret3_r019_c013.tif","length_m":20.7},"geometry":{"type":"LineString","coordinates":[[629657.6,5220219.97],[629670.19,5220203.54]]}},{"type":"Feature","properties":{"vineyard_id":"V15","row_id":"V15-R14","row_structure":"disrupted","tile":"siret3_r019_c013.tif","length_m":1.25},"geometry":{"type":"LineString","coordinates":[[629673.35,5220199.41],[629674.12,5220198.42]]}},{"type":"Feature","properties":{"vineyard_id":"V14","row_id":"V14-R14","row_structure":"regular","tile":"siret3_r019_c013.tif","length_m":15.82},"geometry":{"type":"LineString","coordinates":[[629657.61,5220215.29],[629667.28,5220202.77]]}},{"type":"Feature","properties":{"vineyard_id":"V14","row_id":"V14-R15","row_structure":"regular","tile":"siret3_r019_c013.tif","length_m":15.32},"geometry":{"type":"LineString","coordinates":[[629657.6,5220210.58],[629666.94,5220198.43]]}},{"type":"Feature","properties":{"vineyard_id":"V14","row_id":"V14-R16","row_structure":"regular","tile":"siret3_r019_c013.tif","length_m":9.63},"geometry":{"type":"LineString","coordinates":[[629657.61,5220206.0],[629663.54,5220198.42]]}},{"type":"Feature","properties":{"vineyard_id":"V14","row_id":"V14-R17","row_structure":"regular","tile":"siret3_r019_c013.tif","length_m":4.33},"geometry":{"type":"LineString","coordinates":[[629657.6,5220201.83],[629660.27,5220198.42]]}},{"type":"Feature","properties":{"vineyard_id":"V14","row_id":"V14-R34","row_structure":"regular","tile":"siret3_r020_c011.tif","length_m":4.17},"geometry":{"type":"LineString","coordinates":[[629603.91,5220198.4],[629606.37,5220195.04]]}},{"type":"Feature","properties":{"vineyard_id":"V14","row_id":"V14-R36","row_structure":"regular","tile":"siret3_r020_c011.tif","length_m":10.32},"geometry":{"type":"LineString","coordinates":[[629600.18,5220198.4],[629606.36,5220190.14]]}},{"type":"Feature","properties":{"vineyard_id":"V14","row_id":"V14-R37","row_structure":"regular","tile":"siret3_r020_c011.tif","length_m":16.13},"geometry":{"type":"LineString","coordinates":[[629596.76,5220198.4],[629606.39,5220185.46]]}},{"type":"Feature","properties":{"vineyard_id":"V14","row_id":"V14-R39","row_structure":"regular","tile":"siret3_r020_c011.tif","length_m":22.09},"geometry":{"type":"LineString","coordinates":[[629593.02,5220198.4],[629606.28,5220180.73]]}},{"type":"Feature","properties":{"vineyard_id":"V14","row_id":"V14-R41","row_structure":"disrupted","tile":"siret3_r020_c011.tif","length_m":22.2},"geometry":{"type":"LineString","coordinates":[[629588.73,5220198.4],[629602.1,5220180.68]]}},{"type":"Feature","properties":{"vineyard_id":"V15","row_id":"V15-R41","row_structure":"disrupted","tile":"siret3_r020_c011.tif","length_m":3.2},"geometry":{"type":"LineString","coordinates":[[629604.45,5220177.57],[629606.38,5220175.01]]}},{"type":"Feature","properties":{"vineyard_id":"V14","row_id":"V14-R43","row_structure":"disrupted","tile":"siret3_r020_c011.tif","length_m":22.9},"geometry":{"type":"LineString","coordinates":[[629583.83,5220198.4],[629597.56,5220180.07]]}},{"type":"Feature","properties":{"vineyard_id":"V15","row_id":"V15-R43","row_structure":"disrupted","tile":"siret3_r020_c011.tif","length_m":10.4},"geometry":{"type":"LineString","coordinates":[[629600.14,5220176.63],[629606.38,5220168.31]]}},{"type":"Feature","properties":{"vineyard_id":"V14","row_id":"V14-R44","row_structure":"disrupted","tile":"siret3_r020_c011.tif","length_m":24.5},"geometry":{"type":"LineString","coordinates":[[629580.25,5220198.4],[629595.03,5220178.86]]}},{"type":"Feature","properties":{"vineyard_id":"V15","row_id":"V15-R44","row_structure":"disrupted","tile":"siret3_r020_c011.tif","length_m":14.72},"geometry":{"type":"LineString","coordinates":[[629597.5,5220175.59],[629606.38,5220163.85]]}},{"type":"Feature","properties":{"vineyard_id":"V14","row_id":"V14-R45","row_structure":"disrupted","tile":"siret3_r020_c011.tif","length_m":25.6},"geometry":{"type":"LineString","coordinates":[[629576.75,5220198.4],[629592.25,5220178.02]]}},{"type":"Feature","properties":{"vineyard_id":"V15","row_id":"V15-R45","row_structure":"disrupted","tile":"siret3_r020_c011.tif","length_m":18.25},"geometry":{"type":"LineString","coordinates":[[629595.33,5220173.96],[629606.38,5220159.44]]}},{"type":"Feature","properties":{"vineyard_id":"V14","row_id":"V14-R46","row_structure":"disrupted","tile":"siret3_r020_c011.tif","length_m":26.5},"geometry":{"type":"LineString","coordinates":[[629573.49,5220198.4],[629589.56,5220177.33]]}},{"type":"Feature","properties":{"vineyard_id":"V15","row_id":"V15-R46","row_structure":"disrupted","tile":"siret3_r020_c011.tif","length_m":22.47},"geometry":{"type":"LineString","coordinates":[[629592.77,5220173.11],[629606.39,5220155.24]]}},{"type":"Feature","properties":{"vineyard_id":"V14","row_id":"V14-R47","row_structure":"regular","tile":"siret3_r020_c011.tif","length_m":28.0},"geometry":{"type":"LineString","coordinates":[[629570.07,5220198.4],[629587.07,5220176.14]]}},{"type":"Feature","properties":{"vineyard_id":"V15","row_id":"V15-R47","row_structure":"regular","tile":"siret3_r020_c011.tif","length_m":26.93},"geometry":{"type":"LineString","coordinates":[[629590.04,5220172.25],[629606.38,5220150.85]]}},{"type":"Feature","properties":{"vineyard_id":"V14","row_id":"V14-R48","row_structure":"disrupted","tile":"siret3_r020_c011.tif","length_m":28.7},"geometry":{"type":"LineString","coordinates":[[629566.75,5220198.4],[629584.11,5220175.54]]}},{"type":"Feature","properties":{"vineyard_id":"V15","row_id":"V15-R48","row_structure":"disrupted","tile":"siret3_r020_c011.tif","length_m":30.45},"geometry":{"type":"LineString","coordinates":[[629587.19,5220171.48],[629605.61,5220147.23]]}},{"type":"Feature","properties":{"vineyard_id":"V14","row_id":"V14-R49","row_structure":"regular","tile":"siret3_r020_c011.tif","length_m":30.1},"geometry":{"type":"LineString","coordinates":[[629563.15,5220198.4],[629581.4,5220174.46]]}},{"type":"Feature","properties":{"vineyard_id":"V15","row_id":"V15-R49","row_structure":"regular","tile":"siret3_r020_c011.tif","length_m":29.85},"geometry":{"type":"LineString","coordinates":[[629584.07,5220170.96],[629602.17,5220147.23]]}},{"type":"Feature","properties":{"vineyard_id":"V14","row_id":"V14-R50","row_structure":"disrupted","tile":"siret3_r020_c011.tif","length_m":31.2},"geometry":{"type":"LineString","coordinates":[[629559.71,5220198.39],[629578.62,5220173.58]]}},{"type":"Feature","properties":{"vineyard_id":"V15","row_id":"V15-R50","row_structure":"disrupted","tile":"siret3_r020_c011.tif","length_m":28.62},"geometry":{"type":"LineString","coordinates":[[629581.35,5220170.0],[629598.7,5220147.23]]}},{"type":"Feature","properties":{"vineyard_id":"V14","row_id":"V14-R51","row_structure":"disrupted","tile":"siret3_r020_c011.tif","length_m":32.3},"geometry":{"type":"LineString","coordinates":[[629556.39,5220198.4],[629575.87,5220172.64]]}},{"type":"Feature","properties":{"vineyard_id":"V15","row_id":"V15-R51","row_structure":"disrupted","tile":"siret3_r020_c011.tif","length_m":26.98},"geometry":{"type":"LineString","coordinates":[[629578.83,5220168.74],[629595.11,5220147.22]]}},{"type":"Feature","properties":{"vineyard_id":"V14","row_id":"V14-R52","row_structure":"disrupted","tile":"siret3_r020_c011.tif","length_m":29.6},"geometry":{"type":"LineString","coordinates":[[629555.2,5220195.52],[629572.93,5220171.81]]}},{"type":"Feature","properties":{"vineyard_id":"V15","row_id":"V15-R52","row_structure":"disrupted","tile":"siret3_r020_c011.tif","length_m":25.8},"geometry":{"type":"LineString","coordinates":[[629575.86,5220167.89],[629591.31,5220147.22]]}},{"type":"Feature","properties":{"vineyard_id":"V14","row_id":"V14-R53","row_structure":"disrupted","tile":"siret3_r020_c011.tif","length_m":24.3},"geometry":{"type":"LineString","coordinates":[[629555.2,5220190.71],[629569.81,5220171.29]]}},{"type":"Feature","properties":{"vineyard_id":"V15","row_id":"V15-R53","row_structure":"disrupted","tile":"siret3_r020_c011.tif","length_m":25.21},"geometry":{"type":"LineString","coordinates":[[629572.76,5220167.38],[629587.91,5220147.23]]}},{"type":"Feature","properties":{"vineyard_id":"V14","row_id":"V14-R54","row_structure":"disrupted","tile":"siret3_r020_c011.tif","length_m":20.1},"geometry":{"type":"LineString","coordinates":[[629555.2,5220186.17],[629567.24,5220170.07]]}},{"type":"Feature","properties":{"vineyard_id":"V15","row_id":"V15-R54","row_structure":"disrupted","tile":"siret3_r020_c011.tif","length_m":23.94},"geometry":{"type":"LineString","coordinates":[[629569.99,5220166.39],[629584.33,5220147.21]]}},{"type":"Feature","properties":{"vineyard_id":"V14","row_id":"V14-R55","row_structure":"disrupted","tile":"siret3_r020_c011.tif","length_m":16.2},"geometry":{"type":"LineString","coordinates":[[629555.2,5220181.1],[629565.03,5220168.22]]}},{"type":"Feature","properties":{"vineyard_id":"V15","row_id":"V15-R55","row_structure":"disrupted","tile":"siret3_r020_c011.tif","length_m":22.6},"geometry":{"type":"LineString","coordinates":[[629567.33,5220165.2],[629581.04,5220147.23]]}},{"type":"Feature","properties":{"vineyard_id":"V14","row_id":"V14-R56","row_structure":"disrupted","tile":"siret3_r020_c011.tif","length_m":11.0},"geometry":{"type":"LineString","coordinates":[[629555.2,5220176.68],[629561.8,5220167.88]]}},{"type":"Feature","properties":{"vineyard_id":"V15","row_id":"V15-R56","row_structure":"disrupted","tile":"siret3_r020_c011.tif","length_m":21.92},"geometry":{"type":"LineString","coordinates":[[629564.14,5220164.76],[629577.29,5220147.22]]}},{"type":"Feature","properties":{"vineyard_id":"V15","row_id":"V15-R57","row_structure":"disrupted","tile":"siret3_r020_c011.tif","length_m":30.78},"geometry":{"type":"LineString","coordinates":[[629555.21,5220171.61],[629573.98,5220147.22]]}},{"type":"Feature","properties":{"vineyard_id":"V15","row_id":"V15-R22","row_structure":"disrupted","tile":"siret3_r020_c012.tif","length_m":6.67},"geometry":{"type":"LineString","coordinates":[[629653.54,5220192.99],[629657.59,5220187.69]]}},{"type":"Feature","properties":{"vineyard_id":"V14","row_id":"V14-R21","row_structure":"disrupted","tile":"siret3_r020_c012.tif","length_m":2.8},"geometry":{"type":"LineString","coordinates":[[629645.74,5220198.4],[629647.46,5220196.19]]}},{"type":"Feature","properties":{"vineyard_id":"V15","row_id":"V15-R23","row_structure":"disrupted","tile":"siret3_r020_c012.tif","length_m":12.02},"geometry":{"type":"LineString","coordinates":[[629650.22,5220192.63],[629657.59,5220183.13]]}},{"type":"Feature","properties":{"vineyard_id":"V14","row_id":"V14-R22","row_structure":"disrupted","tile":"siret3_r020_c012.tif","length_m":4.3},"geometry":{"type":"LineString","coordinates":[[629642.46,5220198.4],[629645.05,5220194.97]]}},{"type":"Feature","properties":{"vineyard_id":"V15","row_id":"V15-R24","row_structure":"disrupted","tile":"siret3_r020_c012.tif","length_m":16.49},"geometry":{"type":"LineString","coordinates":[[629647.64,5220191.54],[629657.58,5220178.38]]}},{"type":"Feature","properties":{"vineyard_id":"V14","row_id":"V14-R23","row_structure":"disrupted","tile":"siret3_r020_c012.tif","length_m":5.4},"geometry":{"type":"LineString","coordinates":[[629638.94,5220198.4],[629642.2,5220194.1]]}},{"type":"Feature","properties":{"vineyard_id":"V15","row_id":"V15-R25","row_structure":"disrupted","tile":"siret3_r020_c012.tif","length_m":21.05},"geometry":{"type":"LineString","coordinates":[[629644.86,5220190.59],[629657.58,5220173.82]]}},{"type":"Feature","properties":{"vineyard_id":"V14","row_id":"V14-R24","row_structure":"disrupted","tile":"siret3_r020_c012.tif","length_m":6.7},"geometry":{"type":"LineString","coordinates":[[629635.3,5220198.4],[629639.39,5220193.09]]}},{"type":"Feature","properties":{"vineyard_id":"V15","row_id":"V15-R26","row_structure":"disrupted","tile":"siret3_r020_c012.tif","length_m":25.57},"geometry":{"type":"LineString","coordinates":[[629641.96,5220189.77],[629657.58,5220169.52]]}},{"type":"Feature","properties":{"vineyard_id":"V14","row_id":"V14-R25","row_structure":"disrupted","tile":"siret3_r020_c012.tif","length_m":7.4},"geometry":{"type":"LineString","coordinates":[[629631.87,5220198.39],[629636.37,5220192.52]]}},{"type":"Feature","properties":{"vineyard_id":"V15","row_id":"V15-R27","row_structure":"disrupted","tile":"siret3_r020_c012.tif","length_m":29.72},"geometry":{"type":"LineString","coordinates":[[629639.53,5220188.39],[629657.59,5220164.78]]}},{"type":"Feature","properties":{"vineyard_id":"V14","row_id":"V14-R26","row_structure":"disrupted","tile":"siret3_r020_c012.tif","length_m":9.0},"geometry":{"type":"LineString","coordinates":[[629628.44,5220198.39],[629633.92,5220191.25]]}},{"type":"Feature","properties":{"vineyard_id":"V15","row_id":"V15-R28","row_structure":"disrupted","tile":"siret3_r020_c012.tif","length_m":34.0},"geometry":{"type":"LineString","coordinates":[[629636.9,5220187.36],[629657.58,5220160.37]]}},{"type":"Feature","properties":{"vineyard_id":"V14","row_id":"V14-R27","row_structure":"disrupted","tile":"siret3_r020_c012.tif","length_m":9.8},"geometry":{"type":"LineString","coordinates":[[629624.83,5220198.4],[629630.77,5220190.6]]}},{"type":"Feature","properties":{"vineyard_id":"V15","row_id":"V15-R29","row_structure":"disrupted","tile":"siret3_r020_c012.tif","length_m":39.25},"geometry":{"type":"LineString","coordinates":[[629633.8,5220186.62],[629657.58,5220155.4]]}},{"type":"Feature","properties":{"vineyard_id":"V14","row_id":"V14-R28","row_structure":"disrupted","tile":"siret3_r020_c012.tif","length_m":12.1},"geometry":{"type":"LineString","coordinates":[[629621.07,5220198.4],[629628.43,5220188.79]]}},{"type":"Feature","properties":{"vineyard_id":"V15","row_id":"V15-R30","row_structure":"disrupted","tile":"siret3_r020_c012.tif","length_m":44.05},"geometry":{"type":"LineString","coordinates":[[629630.8,5220185.7],[629657.57,5220150.71]]}},{"type":"Feature","properties":{"vineyard_id":"V14","row_id":"V14-R29","row_structure":"regular","tile":"siret3_r020_c012.tif","length_m":12.1},"geometry":{"type":"LineString","coordinates":[[629617.85,5220198.4],[629625.18,5220188.77]]}},{"type":"Feature","properties":{"vineyard_id":"V15","row_id":"V15-R31","row_structure":"regular","tile":"siret3_r020_c012.tif","length_m":47.5},"geometry":{"type":"LineString","coordinates":[[629628.02,5220185.03],[629656.79,5220147.23]]}},{"type":"Feature","properties":{"vineyard_id":"V14","row_id":"V14-R30","row_structure":"disrupted","tile":"siret3_r020_c012.tif","length_m":13.1},"geometry":{"type":"LineString","coordinates":[[629614.34,5220198.4],[629622.31,5220188.0]]}},{"type":"Feature","properties":{"vineyard_id":"V15","row_id":"V15-R32","row_structure":"disrupted","tile":"siret3_r020_c012.tif","length_m":46.67},"geometry":{"type":"LineString","coordinates":[[629625.16,5220184.26],[629653.54,5220147.21]]}},{"type":"Feature","properties":{"vineyard_id":"V14","row_id":"V14-R31","row_structure":"disrupted","tile":"siret3_r020_c012.tif","length_m":14.4},"geometry":{"type":"LineString","coordinates":[[629610.72,5220198.4],[629619.47,5220186.96]]}},{"type":"Feature","properties":{"vineyard_id":"V15","row_id":"V15-R33","row_structure":"disrupted","tile":"siret3_r020_c012.tif","length_m":45.02},"geometry":{"type":"LineString","coordinates":[[629622.51,5220182.99],[629649.87,5220147.24]]}},{"type":"Feature","properties":{"vineyard_id":"V14","row_id":"V14-R33","row_structure":"disrupted","tile":"siret3_r020_c012.tif","length_m":15.5},"geometry":{"type":"LineString","coordinates":[[629607.12,5220198.4],[629616.57,5220186.12]]}},{"type":"Feature","properties":{"vineyard_id":"V15","row_id":"V15-R34","row_structure":"disrupted","tile":"siret3_r020_c012.tif","length_m":44.68},"geometry":{"type":"LineString","coordinates":[[629619.26,5220182.63],[629646.5,5220147.22]]}},{"type":"Feature","properties":{"vineyard_id":"V14","row_id":"V14-R34","row_structure":"disrupted","tile":"siret3_r020_c012.tif","length_m":12.5},"geometry":{"type":"LineString","coordinates":[[629606.4,5220195.08],[629613.94,5220185.11]]}},{"type":"Feature","properties":{"vineyard_id":"V15","row_id":"V15-R35","row_structure":"disrupted","tile":"siret3_r020_c012.tif","length_m":42.7},"geometry":{"type":"LineString","coordinates":[[629616.84,5220181.28],[629642.59,5220147.23]]}},{"type":"Feature","properties":{"vineyard_id":"V14","row_id":"V14-R36","row_structure":"disrupted","tile":"siret3_r020_c012.tif","length_m":7.7},"geometry":{"type":"LineString","coordinates":[[629606.4,5220190.29],[629611.05,5220184.16]]}},{"type":"Feature","properties":{"vineyard_id":"V15","row_id":"V15-R36","row_structure":"disrupted","tile":"siret3_r020_c012.tif","length_m":41.74},"geometry":{"type":"LineString","coordinates":[[629613.83,5220180.49],[629639.03,5220147.21]]}},{"type":"Feature","properties":{"vineyard_id":"V14","row_id":"V14-R37","row_structure":"disrupted","tile":"siret3_r020_c012.tif","length_m":3.2},"geometry":{"type":"LineString","coordinates":[[629606.4,5220185.5],[629608.34,5220182.95]]}},{"type":"Feature","properties":{"vineyard_id":"V15","row_id":"V15-R37","row_structure":"disrupted","tile":"siret3_r020_c012.tif","length_m":40.75},"geometry":{"type":"LineString","coordinates":[[629610.82,5220179.68],[629635.45,5220147.22]]}},{"type":"Feature","properties":{"vineyard_id":"V15","row_id":"V15-R38","row_structure":"regular","tile":"siret3_r020_c012.tif","length_m":38.81},"geometry":{"type":"LineString","coordinates":[[629608.3,5220178.23],[629631.65,5220147.22]]}},{"type":"Feature","properties":{"vineyard_id":"V15","row_id":"V15-R39","row_structure":"regular","tile":"siret3_r020_c012.tif","length_m":36.1},"geometry":{"type":"LineString","coordinates":[[629606.41,5220176.11],[629628.06,5220147.21]]}},{"type":"Feature","properties":{"vineyard_id":"V15","row_id":"V15-R43","row_structure":"regular","tile":"siret3_r020_c012.tif","length_m":26.45},"geometry":{"type":"LineString","coordinates":[[629606.4,5220168.37],[629622.31,5220147.23]]}},{"type":"Feature","properties":{"vineyard_id":"V15","row_id":"V15-R44","row_structure":"regular","tile":"siret3_r020_c012.tif","length_m":20.8},"geometry":{"type":"LineString","coordinates":[[629606.4,5220163.74],[629619.03,5220147.22]]}},{"type":"Feature","properties":{"vineyard_id":"V15","row_id":"V15-R45","row_structure":"regular","tile":"siret3_r020_c012.tif","length_m":15.54},"geometry":{"type":"LineString","coordinates":[[629606.4,5220159.72],[629615.65,5220147.22]]}},{"type":"Feature","properties":{"vineyard_id":"V15","row_id":"V15-R46","row_structure":"regular","tile":"siret3_r020_c012.tif","length_m":10.07},"geometry":{"type":"LineString","coordinates":[[629606.4,5220155.35],[629612.34,5220147.21]]}},{"type":"Feature","properties":{"vineyard_id":"V15","row_id":"V15-R47","row_structure":"regular","tile":"siret3_r020_c012.tif","length_m":4.45},"geometry":{"type":"LineString","coordinates":[[629606.4,5220150.77],[629609.09,5220147.22]]}},{"type":"Feature","properties":{"vineyard_id":"V15","row_id":"V15-R05","row_structure":"regular","tile":"siret3_r020_c013.tif","length_m":5.45},"geometry":{"type":"LineString","coordinates":[[629705.52,5220198.4],[629708.79,5220194.04]]}},{"type":"Feature","properties":{"vineyard_id":"V15","row_id":"V15-R06","row_structure":"regular","tile":"siret3_r020_c013.tif","length_m":11.11},"geometry":{"type":"LineString","coordinates":[[629702.01,5220198.4],[629708.78,5220189.59]]}},{"type":"Feature","properties":{"vineyard_id":"V15","row_id":"V15-R07","row_structure":"regular","tile":"siret3_r020_c013.tif","length_m":16.48},"geometry":{"type":"LineString","coordinates":[[629698.69,5220198.39],[629708.78,5220185.37]]}},{"type":"Feature","properties":{"vineyard_id":"V15","row_id":"V15-R08","row_structure":"regular","tile":"siret3_r020_c013.tif","length_m":22.48},"geometry":{"type":"LineString","coordinates":[[629695.08,5220198.4],[629708.77,5220180.58]]}},{"type":"Feature","properties":{"vineyard_id":"V15","row_id":"V15-R09","row_structure":"regular","tile":"siret3_r020_c013.tif","length_m":27.94},"geometry":{"type":"LineString","coordinates":[[629691.86,5220198.4],[629708.79,5220176.17]]}},{"type":"Feature","properties":{"vineyard_id":"V15","row_id":"V15-R10","row_structure":"regular","tile":"siret3_r020_c013.tif","length_m":34.08},"geometry":{"type":"LineString","coordinates":[[629688.06,5220198.4],[629708.77,5220171.33]]}},{"type":"Feature","properties":{"vineyard_id":"V15","row_id":"V15-R11","row_structure":"regular","tile":"siret3_r020_c013.tif","length_m":39.72},"geometry":{"type":"LineString","coordinates":[[629684.58,5220198.4],[629708.78,5220166.9]]}},{"type":"Feature","properties":{"vineyard_id":"V15","row_id":"V15-R12","row_structure":"regular","tile":"siret3_r020_c013.tif","length_m":45.38},"geometry":{"type":"LineString","coordinates":[[629681.12,5220198.4],[629708.77,5220162.42]]}},{"type":"Feature","properties":{"vineyard_id":"V15","row_id":"V15-R13","row_structure":"regular","tile":"siret3_r020_c013.tif","length_m":51.74},"geometry":{"type":"LineString","coordinates":[[629677.32,5220198.4],[629708.79,5220157.33]]}},{"type":"Feature","properties":{"vineyard_id":"V15","row_id":"V15-R14","row_structure":"regular","tile":"siret3_r020_c013.tif","length_m":57.16},"geometry":{"type":"LineString","coordinates":[[629674.13,5220198.4],[629708.77,5220152.94]]}},{"type":"Feature","properties":{"vineyard_id":"V15","row_id":"V15-R15","row_structure":"regular","tile":"siret3_r020_c013.tif","length_m":62.6},"geometry":{"type":"LineString","coordinates":[[629670.68,5220197.88],[629708.78,5220148.22]]}},{"type":"Feature","properties":{"vineyard_id":"V15","row_id":"V15-R16","row_structure":"disrupted","tile":"siret3_r020_c013.tif","length_m":64.63},"geometry":{"type":"LineString","coordinates":[[629666.21,5220198.4],[629705.66,5220147.21]]}},{"type":"Feature","properties":{"vineyard_id":"V15","row_id":"V15-R17","row_structure":"disrupted","tile":"siret3_r020_c013.tif","length_m":64.5},"geometry":{"type":"LineString","coordinates":[[629663.08,5220198.39],[629702.34,5220147.22]]}},{"type":"Feature","properties":{"vineyard_id":"V15","row_id":"V15-R18","row_structure":"disrupted","tile":"siret3_r020_c013.tif","length_m":60.78},"geometry":{"type":"LineString","coordinates":[[629662.3,5220195.24],[629699.56,5220147.23]]}},{"type":"Feature","properties":{"vineyard_id":"V15","row_id":"V15-R21","row_structure":"regular","tile":"siret3_r020_c013.tif","length_m":56.9},"geometry":{"type":"LineString","coordinates":[[629657.6,5220192.29],[629692.33,5220147.22]]}},{"type":"Feature","properties":{"vineyard_id":"V15","row_id":"V15-R22","row_structure":"regular","tile":"siret3_r020_c013.tif","length_m":50.98},"geometry":{"type":"LineString","coordinates":[[629657.61,5220187.48],[629688.87,5220147.21]]}},{"type":"Feature","properties":{"vineyard_id":"V15","row_id":"V15-R23","row_structure":"regular","tile":"siret3_r020_c013.tif","length_m":45.3},"geometry":{"type":"LineString","coordinates":[[629657.6,5220183.0],[629685.39,5220147.22]]}},{"type":"Feature","properties":{"vineyard_id":"V15","row_id":"V15-R24","row_structure":"regular","tile":"siret3_r020_c013.tif","length_m":39.65},"geometry":{"type":"LineString","coordinates":[[629657.61,5220178.66],[629681.79,5220147.23]]}},{"type":"Feature","properties":{"vineyard_id":"V15","row_id":"V15-R25","row_structure":"regular","tile":"siret3_r020_c013.tif","length_m":33.96},"geometry":{"type":"LineString","coordinates":[[629657.6,5220174.15],[629678.28,5220147.22]]}},{"type":"Feature","properties":{"vineyard_id":"V15","row_id":"V15-R26","row_structure":"regular","tile":"siret3_r020_c013.tif","length_m":28.05},"geometry":{"type":"LineString","coordinates":[[629657.6,5220169.45],[629674.71,5220147.22]]}},{"type":"Feature","properties":{"vineyard_id":"V15","row_id":"V15-R27","row_structure":"regular","tile":"siret3_r020_c013.tif","length_m":22.08},"geometry":{"type":"LineString","coordinates":[[629657.61,5220164.86],[629670.87,5220147.21]]}},{"type":"Feature","properties":{"vineyard_id":"V15","row_id":"V15-R28","row_structure":"regular","tile":"siret3_r020_c013.tif","length_m":16.62},"geometry":{"type":"LineString","coordinates":[[629657.6,5220160.4],[629667.72,5220147.21]]}},{"type":"Feature","properties":{"vineyard_id":"V15","row_id":"V15-R29","row_structure":"regular","tile":"siret3_r020_c013.tif","length_m":10.4},"geometry":{"type":"LineString","coordinates":[[629657.6,5220155.62],[629663.76,5220147.23]]}},{"type":"Feature","properties":{"vineyard_id":"V15","row_id":"V15-R30","row_structure":"regular","tile":"siret3_r020_c013.tif","length_m":4.71},"geometry":{"type":"LineString","coordinates":[[629657.6,5220150.97],[629660.47,5220147.23]]}},{"type":"Feature","properties":{"vineyard_id":"V15","row_id":"V15-R01","row_structure":"disrupted","tile":"siret3_r020_c014.tif","length_m":41.15},"geometry":{"type":"LineString","coordinates":[[629734.58,5220181.85],[629759.98,5220149.47]]}},{"type":"Feature","properties":{"vineyard_id":"V15","row_id":"V15-R02","row_structure":"disrupted","tile":"siret3_r020_c014.tif","length_m":64.7},"geometry":{"type":"LineString","coordinates":[[629715.9,5220198.39],[629755.5,5220147.23]]}},{"type":"Feature","properties":{"vineyard_id":"V15","row_id":"V15-R03","row_structure":"regular","tile":"siret3_r020_c014.tif","length_m":64.52},"geometry":{"type":"LineString","coordinates":[[629712.47,5220198.4],[629751.77,5220147.22]]}},{"type":"Feature","properties":{"vineyard_id":"V15","row_id":"V15-R04","row_structure":"regular","tile":"siret3_r020_c014.tif","length_m":64.55},"geometry":{"type":"LineString","coordinates":[[629708.95,5220198.4],[629748.28,5220147.22]]}},{"type":"Feature","properties":{"vineyard_id":"V15","row_id":"V15-R05","row_structure":"regular","tile":"siret3_r020_c014.tif","length_m":59.28},"geometry":{"type":"LineString","coordinates":[[629708.8,5220194.25],[629744.89,5220147.23]]}},{"type":"Feature","properties":{"vineyard_id":"V15","row_id":"V15-R06","row_structure":"disrupted","tile":"siret3_r020_c014.tif","length_m":53.31},"geometry":{"type":"LineString","coordinates":[[629708.8,5220189.47],[629741.31,5220147.21]]}},{"type":"Feature","properties":{"vineyard_id":"V15","row_id":"V15-R07","row_structure":"regular","tile":"siret3_r020_c014.tif","length_m":47.89},"geometry":{"type":"LineString","coordinates":[[629708.8,5220185.18],[629738.02,5220147.24]]}},{"type":"Feature","properties":{"vineyard_id":"V15","row_id":"V15-R08","row_structure":"regular","tile":"siret3_r020_c014.tif","length_m":41.94},"geometry":{"type":"LineString","coordinates":[[629708.8,5220180.42],[629734.43,5220147.22]]}},{"type":"Feature","properties":{"vineyard_id":"V15","row_id":"V15-R09","row_structure":"regular","tile":"siret3_r020_c014.tif","length_m":36.5},"geometry":{"type":"LineString","coordinates":[[629708.8,5220176.2],[629730.99,5220147.22]]}},{"type":"Feature","properties":{"vineyard_id":"V15","row_id":"V15-R10","row_structure":"regular","tile":"siret3_r020_c014.tif","length_m":30.17},"geometry":{"type":"LineString","coordinates":[[629708.8,5220171.08],[629727.26,5220147.22]]}},{"type":"Feature","properties":{"vineyard_id":"V15","row_id":"V15-R11","row_structure":"regular","tile":"siret3_r020_c014.tif","length_m":24.5},"geometry":{"type":"LineString","coordinates":[[629708.8,5220166.61],[629723.79,5220147.22]]}},{"type":"Feature","properties":{"vineyard_id":"V15","row_id":"V15-R12","row_structure":"regular","tile":"siret3_r020_c014.tif","length_m":18.89},"geometry":{"type":"LineString","coordinates":[[629708.8,5220162.33],[629720.14,5220147.22]]}},{"type":"Feature","properties":{"vineyard_id":"V15","row_id":"V15-R13","row_structure":"regular","tile":"siret3_r020_c014.tif","length_m":12.85},"geometry":{"type":"LineString","coordinates":[[629708.8,5220157.45],[629716.57,5220147.22]]}},{"type":"Feature","properties":{"vineyard_id":"V15","row_id":"V15-R14","row_structure":"regular","tile":"siret3_r020_c014.tif","length_m":7.13},"geometry":{"type":"LineString","coordinates":[[629708.8,5220152.83],[629713.22,5220147.23]]}},{"type":"Feature","properties":{"vineyard_id":"V15","row_id":"V15-R15","row_structure":"regular","tile":"siret3_r020_c014.tif","length_m":1.75},"geometry":{"type":"LineString","coordinates":[[629708.8,5220148.59],[629709.9,5220147.23]]}},{"type":"Feature","properties":{"vineyard_id":"V15","row_id":"V15-R49","row_structure":"regular","tile":"siret3_r021_c011.tif","length_m":6.51},"geometry":{"type":"LineString","coordinates":[[629602.33,5220147.2],[629606.39,5220142.12]]}},{"type":"Feature","properties":{"vineyard_id":"V15","row_id":"V15-R50","row_structure":"regular","tile":"siret3_r021_c011.tif","length_m":12.32},"geometry":{"type":"LineString","coordinates":[[629598.82,5220147.2],[629606.37,5220137.47]]}},{"type":"Feature","properties":{"vineyard_id":"V15","row_id":"V15-R51","row_structure":"regular","tile":"siret3_r021_c011.tif","length_m":18.5},"geometry":{"type":"LineString","coordinates":[[629595.09,5220147.2],[629606.37,5220132.54]]}},{"type":"Feature","properties":{"vineyard_id":"V15","row_id":"V15-R52","row_structure":"regular","tile":"siret3_r021_c011.tif","length_m":24.52},"geometry":{"type":"LineString","coordinates":[[629591.43,5220147.2],[629606.39,5220127.76]]}},{"type":"Feature","properties":{"vineyard_id":"V15","row_id":"V15-R53","row_structure":"regular","tile":"siret3_r021_c011.tif","length_m":30.21},"geometry":{"type":"LineString","coordinates":[[629587.92,5220147.2],[629606.38,5220123.28]]}},{"type":"Feature","properties":{"vineyard_id":"V15","row_id":"V15-R54","row_structure":"regular","tile":"siret3_r021_c011.tif","length_m":36.16},"geometry":{"type":"LineString","coordinates":[[629584.22,5220147.2],[629606.38,5220118.62]]}},{"type":"Feature","properties":{"vineyard_id":"V15","row_id":"V15-R55","row_structure":"regular","tile":"siret3_r021_c011.tif","length_m":41.76},"geometry":{"type":"LineString","coordinates":[[629580.8,5220147.19],[629606.38,5220114.18]]}},{"type":"Feature","properties":{"vineyard_id":"V15","row_id":"V15-R56","row_structure":"disrupted","tile":"siret3_r021_c011.tif","length_m":48.07},"geometry":{"type":"LineString","coordinates":[[629576.86,5220147.2],[629606.38,5220109.26]]}},{"type":"Feature","properties":{"vineyard_id":"V15","row_id":"V15-R57","row_structure":"regular","tile":"siret3_r021_c011.tif","length_m":53.48},"geometry":{"type":"LineString","coordinates":[[629573.47,5220147.2],[629606.39,5220105.05]]}},{"type":"Feature","properties":{"vineyard_id":"V15","row_id":"V15-R31","row_structure":"regular","tile":"siret3_r021_c012.tif","length_m":1.13},"geometry":{"type":"LineString","coordinates":[[629656.9,5220147.2],[629657.58,5220146.3]]}},{"type":"Feature","properties":{"vineyard_id":"V15","row_id":"V15-R32","row_structure":"regular","tile":"siret3_r021_c012.tif","length_m":6.58},"geometry":{"type":"LineString","coordinates":[[629653.49,5220147.2],[629657.58,5220142.05]]}},{"type":"Feature","properties":{"vineyard_id":"V15","row_id":"V15-R33","row_structure":"regular","tile":"siret3_r021_c012.tif","length_m":12.54},"geometry":{"type":"LineString","coordinates":[[629649.89,5220147.2],[629657.58,5220137.29]]}},{"type":"Feature","properties":{"vineyard_id":"V15","row_id":"V15-R34","row_structure":"regular","tile":"siret3_r021_c012.tif","length_m":18.18},"geometry":{"type":"LineString","coordinates":[[629646.51,5220147.2],[629657.57,5220132.78]]}},{"type":"Feature","properties":{"vineyard_id":"V15","row_id":"V15-R35","row_structure":"regular","tile":"siret3_r021_c012.tif","length_m":24.41},"geometry":{"type":"LineString","coordinates":[[629642.67,5220147.2],[629657.57,5220127.86]]}},{"type":"Feature","properties":{"vineyard_id":"V15","row_id":"V15-R36","row_structure":"regular","tile":"siret3_r021_c012.tif","length_m":30.25},"geometry":{"type":"LineString","coordinates":[[629639.2,5220147.2],[629657.57,5220123.17]]}},{"type":"Feature","properties":{"vineyard_id":"V15","row_id":"V15-R37","row_structure":"regular","tile":"siret3_r021_c012.tif","length_m":36.17},"geometry":{"type":"LineString","coordinates":[[629635.58,5220147.19],[629657.59,5220118.49]]}},{"type":"Feature","properties":{"vineyard_id":"V15","row_id":"V15-R38","row_structure":"regular","tile":"siret3_r021_c012.tif","length_m":42.33},"geometry":{"type":"LineString","coordinates":[[629631.55,5220147.2],[629657.58,5220113.82]]}},{"type":"Feature","properties":{"vineyard_id":"V15","row_id":"V15-R39","row_structure":"regular","tile":"siret3_r021_c012.tif","length_m":48.08},"geometry":{"type":"LineString","coordinates":[[629627.95,5220147.2],[629657.58,5220109.34]]}},{"type":"Feature","properties":{"vineyard_id":"V15","row_id":"V15-R42","row_structure":"regular","tile":"siret3_r021_c012.tif","length_m":55.83},"geometry":{"type":"LineString","coordinates":[[629623.43,5220147.2],[629657.59,5220103.04]]}},{"type":"Feature","properties":{"vineyard_id":"V15","row_id":"V15-R44","row_structure":"regular","tile":"siret3_r021_c012.tif","length_m":63.3},"geometry":{"type":"LineString","coordinates":[[629618.95,5220147.19],[629657.59,5220097.05]]}},{"type":"Feature","properties":{"vineyard_id":"V15","row_id":"V15-R45","row_structure":"regular","tile":"siret3_r021_c012.tif","length_m":64.54},"geometry":{"type":"LineString","coordinates":[[629615.76,5220147.2],[629655.09,5220096.02]]}},{"type":"Feature","properties":{"vineyard_id":"V15","row_id":"V15-R46","row_structure":"regular","tile":"siret3_r021_c012.tif","length_m":64.47},"geometry":{"type":"LineString","coordinates":[[629612.43,5220147.2],[629651.64,5220096.02]]}},{"type":"Feature","properties":{"vineyard_id":"V15","row_id":"V15-R47","row_structure":"regular","tile":"siret3_r021_c012.tif","length_m":64.34},"geometry":{"type":"LineString","coordinates":[[629609.07,5220147.2],[629648.06,5220096.02]]}},{"type":"Feature","properties":{"vineyard_id":"V15","row_id":"V15-R48","row_structure":"regular","tile":"siret3_r021_c012.tif","length_m":63.21},"geometry":{"type":"LineString","coordinates":[[629606.4,5220146.28],[629644.75,5220096.03]]}},{"type":"Feature","properties":{"vineyard_id":"V15","row_id":"V15-R49","row_structure":"disrupted","tile":"siret3_r021_c012.tif","length_m":57.78},"geometry":{"type":"LineString","coordinates":[[629606.4,5220141.98],[629641.43,5220096.03]]}},{"type":"Feature","properties":{"vineyard_id":"V15","row_id":"V15-R50","row_structure":"regular","tile":"siret3_r021_c012.tif","length_m":52.16},"geometry":{"type":"LineString","coordinates":[[629606.4,5220137.51],[629638.02,5220096.03]]}},{"type":"Feature","properties":{"vineyard_id":"V15","row_id":"V15-R51","row_structure":"regular","tile":"siret3_r021_c012.tif","length_m":45.85},"geometry":{"type":"LineString","coordinates":[[629606.4,5220132.46],[629634.24,5220096.03]]}},{"type":"Feature","properties":{"vineyard_id":"V15","row_id":"V15-R52","row_structure":"regular","tile":"siret3_r021_c012.tif","length_m":39.66},"geometry":{"type":"LineString","coordinates":[[629606.4,5220127.53],[629630.5,5220096.03]]}},{"type":"Feature","properties":{"vineyard_id":"V15","row_id":"V15-R53","row_structure":"regular","tile":"siret3_r021_c012.tif","length_m":33.83},"geometry":{"type":"LineString","coordinates":[[629606.4,5220122.98],[629626.84,5220096.03]]}},{"type":"Feature","properties":{"vineyard_id":"V15","row_id":"V15-R54","row_structure":"regular","tile":"siret3_r021_c012.tif","length_m":28.2},"geometry":{"type":"LineString","coordinates":[[629606.4,5220118.47],[629623.47,5220096.03]]}},{"type":"Feature","properties":{"vineyard_id":"V15","row_id":"V15-R55","row_structure":"regular","tile":"siret3_r021_c012.tif","length_m":22.44},"geometry":{"type":"LineString","coordinates":[[629606.4,5220113.7],[629620.21,5220096.01]]}},{"type":"Feature","properties":{"vineyard_id":"V15","row_id":"V15-R56","row_structure":"regular","tile":"siret3_r021_c012.tif","length_m":16.69},"geometry":{"type":"LineString","coordinates":[[629606.4,5220109.38],[629616.41,5220096.03]]}},{"type":"Feature","properties":{"vineyard_id":"V15","row_id":"V15-R57","row_structure":"regular","tile":"siret3_r021_c012.tif","length_m":11.28},"geometry":{"type":"LineString","coordinates":[[629606.4,5220105.04],[629613.17,5220096.03]]}},{"type":"Feature","properties":{"vineyard_id":"V15","row_id":"V15-R58","row_structure":"regular","tile":"siret3_r021_c012.tif","length_m":5.9},"geometry":{"type":"LineString","coordinates":[[629606.4,5220100.66],[629610.05,5220096.03]]}},{"type":"Feature","properties":{"vineyard_id":"V15","row_id":"V15-R16","row_structure":"regular","tile":"siret3_r021_c013.tif","length_m":5.25},"geometry":{"type":"LineString","coordinates":[[629705.47,5220147.2],[629708.79,5220143.12]]}},{"type":"Feature","properties":{"vineyard_id":"V15","row_id":"V15-R17","row_structure":"regular","tile":"siret3_r021_c013.tif","length_m":10.13},"geometry":{"type":"LineString","coordinates":[[629702.39,5220147.2],[629708.78,5220139.34]]}},{"type":"Feature","properties":{"vineyard_id":"V15","row_id":"V15-R18","row_structure":"regular","tile":"siret3_r021_c013.tif","length_m":15.25},"geometry":{"type":"LineString","coordinates":[[629699.51,5220147.2],[629708.77,5220135.08]]}},{"type":"Feature","properties":{"vineyard_id":"V15","row_id":"V15-R19","row_structure":"regular","tile":"siret3_r021_c013.tif","length_m":20.55},"geometry":{"type":"LineString","coordinates":[[629696.29,5220147.2],[629708.79,5220130.9]]}},{"type":"Feature","properties":{"vineyard_id":"V15","row_id":"V15-R21","row_structure":"regular","tile":"siret3_r021_c013.tif","length_m":27.1},"geometry":{"type":"LineString","coordinates":[[629692.42,5220147.2],[629708.78,5220125.6]]}},{"type":"Feature","properties":{"vineyard_id":"V15","row_id":"V15-R22","row_structure":"regular","tile":"siret3_r021_c013.tif","length_m":32.7},"geometry":{"type":"LineString","coordinates":[[629688.96,5220147.2],[629708.78,5220121.19]]}},{"type":"Feature","properties":{"vineyard_id":"V15","row_id":"V15-R23","row_structure":"regular","tile":"siret3_r021_c013.tif","length_m":38.42},"geometry":{"type":"LineString","coordinates":[[629685.48,5220147.2],[629708.78,5220116.65]]}},{"type":"Feature","properties":{"vineyard_id":"V15","row_id":"V15-R24","row_structure":"regular","tile":"siret3_r021_c013.tif","length_m":44.29},"geometry":{"type":"LineString","coordinates":[[629681.67,5220147.2],[629708.77,5220112.17]]}},{"type":"Feature","properties":{"vineyard_id":"V15","row_id":"V15-R25","row_structure":"regular","tile":"siret3_r021_c013.tif","length_m":50.28},"geometry":{"type":"LineString","coordinates":[[629678.28,5220147.2],[629708.79,5220107.23]]}},{"type":"Feature","properties":{"vineyard_id":"V15","row_id":"V15-R26","row_structure":"regular","tile":"siret3_r021_c013.tif","length_m":56.23},"geometry":{"type":"LineString","coordinates":[[629674.67,5220147.2],[629708.79,5220102.51]]}},{"type":"Feature","properties":{"vineyard_id":"V15","row_id":"V15-R27","row_structure":"regular","tile":"siret3_r021_c013.tif","length_m":54.0},"geometry":{"type":"LineString","coordinates":[[629670.89,5220147.2],[629703.89,5220104.46]]}},{"type":"Feature","properties":{"vineyard_id":"V17","row_id":"V17-R26","row_structure":"regular","tile":"siret3_r021_c013.tif","length_m":4.7},"geometry":{"type":"LineString","coordinates":[[629705.91,5220101.84],[629708.78,5220098.12]]}},{"type":"Feature","properties":{"vineyard_id":"V15","row_id":"V15-R28","row_structure":"regular","tile":"siret3_r021_c013.tif","length_m":54.9},"geometry":{"type":"LineString","coordinates":[[629667.66,5220147.2],[629700.97,5220103.56]]}},{"type":"Feature","properties":{"vineyard_id":"V17","row_id":"V17-R27","row_structure":"regular","tile":"siret3_r021_c013.tif","length_m":6.3},"geometry":{"type":"LineString","coordinates":[[629702.91,5220101.02],[629706.73,5220096.01]]}},{"type":"Feature","properties":{"vineyard_id":"V15","row_id":"V15-R29","row_structure":"regular","tile":"siret3_r021_c013.tif","length_m":56.0},"geometry":{"type":"LineString","coordinates":[[629663.85,5220147.2],[629698.0,5220102.82]]}},{"type":"Feature","properties":{"vineyard_id":"V17","row_id":"V17-R28","row_structure":"regular","tile":"siret3_r021_c013.tif","length_m":5.19},"geometry":{"type":"LineString","coordinates":[[629700.07,5220100.13],[629703.24,5220096.01]]}},{"type":"Feature","properties":{"vineyard_id":"V15","row_id":"V15-R30","row_structure":"regular","tile":"siret3_r021_c013.tif","length_m":57.2},"geometry":{"type":"LineString","coordinates":[[629660.57,5220147.2],[629695.44,5220101.86]]}},{"type":"Feature","properties":{"vineyard_id":"V17","row_id":"V17-R29","row_structure":"regular","tile":"siret3_r021_c013.tif","length_m":4.16},"geometry":{"type":"LineString","coordinates":[[629697.39,5220099.32],[629699.93,5220096.02]]}},{"type":"Feature","properties":{"vineyard_id":"V15","row_id":"V15-R31","row_structure":"regular","tile":"siret3_r021_c013.tif","length_m":57.6},"geometry":{"type":"LineString","coordinates":[[629657.6,5220146.24],[629692.81,5220100.65]]}},{"type":"Feature","properties":{"vineyard_id":"V17","row_id":"V17-R30","row_structure":"regular","tile":"siret3_r021_c013.tif","length_m":2.26},"geometry":{"type":"LineString","coordinates":[[629695.01,5220097.8],[629696.39,5220096.02]]}},{"type":"Feature","properties":{"vineyard_id":"V15","row_id":"V15-R32","row_structure":"disrupted","tile":"siret3_r021_c013.tif","length_m":57.84},"geometry":{"type":"LineString","coordinates":[[629657.6,5220142.0],[629692.71,5220096.03]]}},{"type":"Feature","properties":{"vineyard_id":"V15","row_id":"V15-R33","row_structure":"regular","tile":"siret3_r021_c013.tif","length_m":51.8},"geometry":{"type":"LineString","coordinates":[[629657.6,5220137.22],[629689.0,5220096.02]]}},{"type":"Feature","properties":{"vineyard_id":"V15","row_id":"V15-R34","row_structure":"regular","tile":"siret3_r021_c013.tif","length_m":45.49},"geometry":{"type":"LineString","coordinates":[[629657.6,5220132.73],[629685.26,5220096.61]]}},{"type":"Feature","properties":{"vineyard_id":"V15","row_id":"V15-R35","row_structure":"regular","tile":"siret3_r021_c013.tif","length_m":40.17},"geometry":{"type":"LineString","coordinates":[[629657.6,5220127.82],[629682.15,5220096.03]]}},{"type":"Feature","properties":{"vineyard_id":"V15","row_id":"V15-R36","row_structure":"regular","tile":"siret3_r021_c013.tif","length_m":34.26},"geometry":{"type":"LineString","coordinates":[[629657.6,5220123.08],[629678.6,5220096.02]]}},{"type":"Feature","properties":{"vineyard_id":"V15","row_id":"V15-R37","row_structure":"regular","tile":"siret3_r021_c013.tif","length_m":28.54},"geometry":{"type":"LineString","coordinates":[[629657.6,5220118.65],[629675.0,5220096.02]]}},{"type":"Feature","properties":{"vineyard_id":"V15","row_id":"V15-R38","row_structure":"regular","tile":"siret3_r021_c013.tif","length_m":22.45},"geometry":{"type":"LineString","coordinates":[[629657.6,5220113.71],[629671.42,5220096.02]]}},{"type":"Feature","properties":{"vineyard_id":"V15","row_id":"V15-R39","row_structure":"regular","tile":"siret3_r021_c013.tif","length_m":17.18},"geometry":{"type":"LineString","coordinates":[[629657.61,5220109.71],[629667.98,5220096.02]]}},{"type":"Feature","properties":{"vineyard_id":"V15","row_id":"V15-R43","row_structure":"regular","tile":"siret3_r021_c013.tif","length_m":6.85},"geometry":{"type":"LineString","coordinates":[[629657.6,5220101.45],[629661.77,5220096.02]]}},{"type":"Feature","properties":{"vineyard_id":"V15","row_id":"V15-R44","row_structure":"regular","tile":"siret3_r021_c013.tif","length_m":1.15},"geometry":{"type":"LineString","coordinates":[[629657.61,5220096.95],[629658.29,5220096.03]]}},{"type":"Feature","properties":{"vineyard_id":"V15","row_id":"V15-R02","row_structure":"regular","tile":"siret3_r021_c014.tif","length_m":6.96},"geometry":{"type":"LineString","coordinates":[[629755.67,5220147.2],[629759.98,5220141.74]]}},{"type":"Feature","properties":{"vineyard_id":"V15","row_id":"V15-R03","row_structure":"regular","tile":"siret3_r021_c014.tif","length_m":13.68},"geometry":{"type":"LineString","coordinates":[[629751.8,5220147.2],[629759.98,5220136.23]]}},{"type":"Feature","properties":{"vineyard_id":"V15","row_id":"V15-R04","row_structure":"regular","tile":"siret3_r021_c014.tif","length_m":19.32},"geometry":{"type":"LineString","coordinates":[[629748.28,5220147.2],[629759.98,5220131.83]]}},{"type":"Feature","properties":{"vineyard_id":"V15","row_id":"V15-R05","row_structure":"regular","tile":"siret3_r021_c014.tif","length_m":24.87},"geometry":{"type":"LineString","coordinates":[[629744.83,5220147.2],[629759.98,5220127.49]]}},{"type":"Feature","properties":{"vineyard_id":"V15","row_id":"V15-R06","row_structure":"regular","tile":"siret3_r021_c014.tif","length_m":30.48},"geometry":{"type":"LineString","coordinates":[[629741.35,5220147.2],[629759.97,5220123.07]]}},{"type":"Feature","properties":{"vineyard_id":"V15","row_id":"V15-R07","row_structure":"regular","tile":"siret3_r021_c014.tif","length_m":36.36},"geometry":{"type":"LineString","coordinates":[[629738.05,5220147.2],[629759.98,5220118.2]]}},{"type":"Feature","properties":{"vineyard_id":"V15","row_id":"V15-R08","row_structure":"regular","tile":"siret3_r021_c014.tif","length_m":40.54},"geometry":{"type":"LineString","coordinates":[[629734.38,5220147.19],[629759.14,5220115.08]]}},{"type":"Feature","properties":{"vineyard_id":"V15","row_id":"V15-R09","row_structure":"regular","tile":"siret3_r021_c014.tif","length_m":40.85},"geometry":{"type":"LineString","coordinates":[[629731.02,5220147.2],[629755.86,5220114.77]]}},{"type":"Feature","properties":{"vineyard_id":"V15","row_id":"V15-R10","row_structure":"disrupted","tile":"siret3_r021_c014.tif","length_m":41.8},"geometry":{"type":"LineString","coordinates":[[629727.28,5220147.2],[629752.62,5220113.96]]}},{"type":"Feature","properties":{"vineyard_id":"V15","row_id":"V15-R11","row_structure":"regular","tile":"siret3_r021_c014.tif","length_m":43.11},"geometry":{"type":"LineString","coordinates":[[629723.97,5220147.2],[629749.92,5220112.78]]}},{"type":"Feature","properties":{"vineyard_id":"V16","row_id":"V16-R01","row_structure":"regular","tile":"siret3_r021_c014.tif","length_m":13.44},"geometry":{"type":"LineString","coordinates":[[629751.88,5220110.17],[629759.97,5220099.44]]}},{"type":"Feature","properties":{"vineyard_id":"V15","row_id":"V15-R12","row_structure":"regular","tile":"siret3_r021_c014.tif","length_m":44.21},"geometry":{"type":"LineString","coordinates":[[629720.27,5220147.2],[629747.13,5220112.08]]}},{"type":"Feature","properties":{"vineyard_id":"V16","row_id":"V16-R02","row_structure":"regular","tile":"siret3_r021_c014.tif","length_m":16.95},"geometry":{"type":"LineString","coordinates":[[629749.11,5220109.48],[629759.41,5220096.02]]}},{"type":"Feature","properties":{"vineyard_id":"V15","row_id":"V15-R13","row_structure":"regular","tile":"siret3_r021_c014.tif","length_m":45.18},"geometry":{"type":"LineString","coordinates":[[629716.62,5220147.2],[629744.08,5220111.32]]}},{"type":"Feature","properties":{"vineyard_id":"V15","row_id":"V15-R14","row_structure":"regular","tile":"siret3_r021_c014.tif","length_m":41.1},"geometry":{"type":"LineString","coordinates":[[629713.25,5220147.2],[629738.22,5220114.55]]}},{"type":"Feature","properties":{"vineyard_id":"V15","row_id":"V15-R15","row_structure":"disrupted","tile":"siret3_r021_c014.tif","length_m":42.0},"geometry":{"type":"LineString","coordinates":[[629709.94,5220147.2],[629735.4,5220113.8]]}},{"type":"Feature","properties":{"vineyard_id":"V15","row_id":"V15-R16","row_structure":"disrupted","tile":"siret3_r021_c014.tif","length_m":38.0},"geometry":{"type":"LineString","coordinates":[[629708.8,5220143.11],[629731.99,5220113.01]]}},{"type":"Feature","properties":{"vineyard_id":"V15","row_id":"V15-R17","row_structure":"disrupted","tile":"siret3_r021_c014.tif","length_m":33.6},"geometry":{"type":"LineString","coordinates":[[629708.8,5220138.93],[629729.26,5220112.27]]}},{"type":"Feature","properties":{"vineyard_id":"V15","row_id":"V15-R18","row_structure":"disrupted","tile":"siret3_r021_c014.tif","length_m":29.6},"geometry":{"type":"LineString","coordinates":[[629708.8,5220135.21],[629726.71,5220111.65]]}},{"type":"Feature","properties":{"vineyard_id":"V15","row_id":"V15-R19","row_structure":"disrupted","tile":"siret3_r021_c014.tif","length_m":25.0},"geometry":{"type":"LineString","coordinates":[[629708.8,5220130.88],[629723.99,5220111.02]]}},{"type":"Feature","properties":{"vineyard_id":"V15","row_id":"V15-R20","row_structure":"regular","tile":"siret3_r021_c014.tif","length_m":20.8},"geometry":{"type":"LineString","coordinates":[[629708.8,5220126.86],[629721.42,5220110.32]]}},{"type":"Feature","properties":{"vineyard_id":"V17","row_id":"V17-R18","row_structure":"regular","tile":"siret3_r021_c014.tif","length_m":14.89},"geometry":{"type":"LineString","coordinates":[[629723.3,5220107.86],[629732.33,5220096.02]]}},{"type":"Feature","properties":{"vineyard_id":"V15","row_id":"V15-R22","row_structure":"regular","tile":"siret3_r021_c014.tif","length_m":14.63},"geometry":{"type":"LineString","coordinates":[[629708.8,5220121.21],[629717.74,5220109.63]]}},{"type":"Feature","properties":{"vineyard_id":"V15","row_id":"V15-R23","row_structure":"regular","tile":"siret3_r021_c014.tif","length_m":10.4},"geometry":{"type":"LineString","coordinates":[[629708.8,5220116.49],[629715.14,5220108.25]]}},{"type":"Feature","properties":{"vineyard_id":"V17","row_id":"V17-R21","row_structure":"regular","tile":"siret3_r021_c014.tif","length_m":11.73},"geometry":{"type":"LineString","coordinates":[[629717.4,5220105.32],[629724.55,5220096.02]]}},{"type":"Feature","properties":{"vineyard_id":"V15","row_id":"V15-R24","row_structure":"disrupted","tile":"siret3_r021_c014.tif","length_m":6.6},"geometry":{"type":"LineString","coordinates":[[629708.81,5220112.06],[629712.81,5220106.81]]}},{"type":"Feature","properties":{"vineyard_id":"V17","row_id":"V17-R22","row_structure":"disrupted","tile":"siret3_r021_c014.tif","length_m":10.95},"geometry":{"type":"LineString","coordinates":[[629714.39,5220104.74],[629721.02,5220096.03]]}},{"type":"Feature","properties":{"vineyard_id":"V15","row_id":"V15-R25","row_structure":"disrupted","tile":"siret3_r021_c014.tif","length_m":1.2},"geometry":{"type":"LineString","coordinates":[[629708.81,5220107.37],[629709.54,5220106.42]]}},{"type":"Feature","properties":{"vineyard_id":"V17","row_id":"V17-R23","row_structure":"disrupted","tile":"siret3_r021_c014.tif","length_m":9.62},"geometry":{"type":"LineString","coordinates":[[629711.68,5220103.65],[629717.55,5220096.02]]}},{"type":"Feature","properties":{"vineyard_id":"V17","row_id":"V17-R25","row_structure":"regular","tile":"siret3_r021_c014.tif","length_m":7.99},"geometry":{"type":"LineString","coordinates":[[629708.8,5220102.35],[629713.69,5220096.02]]}},{"type":"Feature","properties":{"vineyard_id":"V17","row_id":"V17-R26","row_structure":"regular","tile":"siret3_r021_c014.tif","length_m":2.4},"geometry":{"type":"LineString","coordinates":[[629708.81,5220097.9],[629710.32,5220096.03]]}},{"type":"Feature","properties":{"vineyard_id":"V15","row_id":"V15-R45","row_structure":"regular","tile":"siret3_r022_c012.tif","length_m":4.53},"geometry":{"type":"LineString","coordinates":[[629654.85,5220096.0],[629657.58,5220092.39]]}},{"type":"Feature","properties":{"vineyard_id":"V15","row_id":"V15-R46","row_structure":"regular","tile":"siret3_r022_c012.tif","length_m":9.78},"geometry":{"type":"LineString","coordinates":[[629651.86,5220095.99],[629657.57,5220088.05]]}},{"type":"Feature","properties":{"vineyard_id":"V15","row_id":"V15-R47","row_structure":"disrupted","tile":"siret3_r022_c012.tif","length_m":9.3},"geometry":{"type":"LineString","coordinates":[[629647.97,5220096.0],[629653.79,5220088.74]]}},{"type":"Feature","properties":{"vineyard_id":"V17","row_id":"V17-R44","row_structure":"disrupted","tile":"siret3_r022_c012.tif","length_m":2.26},"geometry":{"type":"LineString","coordinates":[[629656.17,5220085.78],[629657.58,5220084.01]]}},{"type":"Feature","properties":{"vineyard_id":"V15","row_id":"V15-R48","row_structure":"disrupted","tile":"siret3_r022_c012.tif","length_m":10.6},"geometry":{"type":"LineString","coordinates":[[629644.72,5220096.0],[629651.14,5220087.56]]}},{"type":"Feature","properties":{"vineyard_id":"V17","row_id":"V17-R45","row_structure":"disrupted","tile":"siret3_r022_c012.tif","length_m":7.45},"geometry":{"type":"LineString","coordinates":[[629653.08,5220085.02],[629657.59,5220079.09]]}},{"type":"Feature","properties":{"vineyard_id":"V15","row_id":"V15-R49","row_structure":"regular","tile":"siret3_r022_c012.tif","length_m":11.9},"geometry":{"type":"LineString","coordinates":[[629641.21,5220096.0],[629648.41,5220086.52]]}},{"type":"Feature","properties":{"vineyard_id":"V17","row_id":"V17-R46","row_structure":"regular","tile":"siret3_r022_c012.tif","length_m":11.7},"geometry":{"type":"LineString","coordinates":[[629650.52,5220083.73],[629657.59,5220074.42]]}},{"type":"Feature","properties":{"vineyard_id":"V15","row_id":"V15-R50","row_structure":"regular","tile":"siret3_r022_c012.tif","length_m":13.0},"geometry":{"type":"LineString","coordinates":[[629637.72,5220096.0],[629645.56,5220085.63]]}},{"type":"Feature","properties":{"vineyard_id":"V17","row_id":"V17-R47","row_structure":"regular","tile":"siret3_r022_c012.tif","length_m":16.46},"geometry":{"type":"LineString","coordinates":[[629647.67,5220082.83],[629657.59,5220069.7]]}},{"type":"Feature","properties":{"vineyard_id":"V15","row_id":"V15-R51","row_structure":"disrupted","tile":"siret3_r022_c012.tif","length_m":13.9},"geometry":{"type":"LineString","coordinates":[[629634.23,5220096.0],[629642.6,5220084.9]]}},{"type":"Feature","properties":{"vineyard_id":"V17","row_id":"V17-R48","row_structure":"disrupted","tile":"siret3_r022_c012.tif","length_m":21.59},"geometry":{"type":"LineString","coordinates":[[629644.59,5220082.27],[629657.59,5220065.03]]}},{"type":"Feature","properties":{"vineyard_id":"V15","row_id":"V15-R52","row_structure":"regular","tile":"siret3_r022_c012.tif","length_m":16.2},"geometry":{"type":"LineString","coordinates":[[629630.74,5220096.0],[629640.51,5220083.07]]}},{"type":"Feature","properties":{"vineyard_id":"V17","row_id":"V17-R49","row_structure":"regular","tile":"siret3_r022_c012.tif","length_m":25.63},"geometry":{"type":"LineString","coordinates":[[629642.14,5220080.92],[629657.59,5220060.48]]}},{"type":"Feature","properties":{"vineyard_id":"V15","row_id":"V15-R53","row_structure":"disrupted","tile":"siret3_r022_c012.tif","length_m":16.4},"geometry":{"type":"LineString","coordinates":[[629627.05,5220096.0],[629636.98,5220082.95]]}},{"type":"Feature","properties":{"vineyard_id":"V17","row_id":"V17-R50","row_structure":"disrupted","tile":"siret3_r022_c012.tif","length_m":30.41},"geometry":{"type":"LineString","coordinates":[[629639.16,5220080.08],[629657.58,5220055.88]]}},{"type":"Feature","properties":{"vineyard_id":"V15","row_id":"V15-R54","row_structure":"regular","tile":"siret3_r022_c012.tif","length_m":18.1},"geometry":{"type":"LineString","coordinates":[[629623.58,5220096.0],[629634.57,5220081.62]]}},{"type":"Feature","properties":{"vineyard_id":"V17","row_id":"V17-R51","row_structure":"regular","tile":"siret3_r022_c012.tif","length_m":35.0},"geometry":{"type":"LineString","coordinates":[[629636.34,5220079.31],[629657.59,5220051.5]]}},{"type":"Feature","properties":{"vineyard_id":"V15","row_id":"V15-R55","row_structure":"disrupted","tile":"siret3_r022_c012.tif","length_m":19.0},"geometry":{"type":"LineString","coordinates":[[629620.22,5220095.99],[629631.69,5220080.83]]}},{"type":"Feature","properties":{"vineyard_id":"V17","row_id":"V17-R52","row_structure":"disrupted","tile":"siret3_r022_c012.tif","length_m":37.1},"geometry":{"type":"LineString","coordinates":[[629635.19,5220076.21],[629657.57,5220046.62]]}},{"type":"Feature","properties":{"vineyard_id":"V15","row_id":"V15-R56","row_structure":"regular","tile":"siret3_r022_c012.tif","length_m":20.4},"geometry":{"type":"LineString","coordinates":[[629616.64,5220096.0],[629628.98,5220079.75]]}},{"type":"Feature","properties":{"vineyard_id":"V17","row_id":"V17-R53","row_structure":"regular","tile":"siret3_r022_c012.tif","length_m":41.08},"geometry":{"type":"LineString","coordinates":[[629630.67,5220077.52],[629655.53,5220044.82]]}},{"type":"Feature","properties":{"vineyard_id":"V15","row_id":"V15-R57","row_structure":"disrupted","tile":"siret3_r022_c012.tif","length_m":20.9},"geometry":{"type":"LineString","coordinates":[[629613.17,5220096.0],[629625.87,5220079.4]]}},{"type":"Feature","properties":{"vineyard_id":"V17","row_id":"V17-R54","row_structure":"disrupted","tile":"siret3_r022_c012.tif","length_m":39.53},"geometry":{"type":"LineString","coordinates":[[629628.3,5220076.22],[629652.32,5220044.83]]}},{"type":"Feature","properties":{"vineyard_id":"V15","row_id":"V15-R58","row_structure":"regular","tile":"siret3_r022_c012.tif","length_m":22.3},"geometry":{"type":"LineString","coordinates":[[629609.9,5220096.0],[629623.4,5220078.25]]}},{"type":"Feature","properties":{"vineyard_id":"V17","row_id":"V17-R55","row_structure":"regular","tile":"siret3_r022_c012.tif","length_m":38.37},"geometry":{"type":"LineString","coordinates":[[629625.58,5220075.38],[629648.81,5220044.83]]}},{"type":"Feature","properties":{"vineyard_id":"V17","row_id":"V17-R27","row_structure":"regular","tile":"siret3_r022_c013.tif","length_m":3.39},"geometry":{"type":"LineString","coordinates":[[629706.73,5220096.0],[629708.78,5220093.31]]}},{"type":"Feature","properties":{"vineyard_id":"V17","row_id":"V17-R28","row_structure":"regular","tile":"siret3_r022_c013.tif","length_m":9.32},"geometry":{"type":"LineString","coordinates":[[629703.13,5220096.0],[629708.78,5220088.59]]}},{"type":"Feature","properties":{"vineyard_id":"V17","row_id":"V17-R29","row_structure":"regular","tile":"siret3_r022_c013.tif","length_m":15.1},"geometry":{"type":"LineString","coordinates":[[629699.75,5220096.0],[629708.77,5220083.89]]}},{"type":"Feature","properties":{"vineyard_id":"V17","row_id":"V17-R30","row_structure":"regular","tile":"siret3_r022_c013.tif","length_m":20.37},"geometry":{"type":"LineString","coordinates":[[629696.28,5220096.0],[629708.77,5220079.9]]}},{"type":"Feature","properties":{"vineyard_id":"V17","row_id":"V17-R31","row_structure":"regular","tile":"siret3_r022_c013.tif","length_m":26.37},"geometry":{"type":"LineString","coordinates":[[629692.65,5220095.99],[629708.78,5220075.12]]}},{"type":"Feature","properties":{"vineyard_id":"V17","row_id":"V17-R32","row_structure":"regular","tile":"siret3_r022_c013.tif","length_m":32.13},"geometry":{"type":"LineString","coordinates":[[629689.33,5220096.0],[629708.79,5220070.43]]}},{"type":"Feature","properties":{"vineyard_id":"V17","row_id":"V17-R33","row_structure":"regular","tile":"siret3_r022_c013.tif","length_m":37.86},"geometry":{"type":"LineString","coordinates":[[629685.78,5220096.0],[629708.78,5220065.93]]}},{"type":"Feature","properties":{"vineyard_id":"V17","row_id":"V17-R34","row_structure":"regular","tile":"siret3_r022_c013.tif","length_m":40.27},"geometry":{"type":"LineString","coordinates":[[629684.43,5220093.31],[629708.79,5220061.25]]}},{"type":"Feature","properties":{"vineyard_id":"V17","row_id":"V17-R35","row_structure":"regular","tile":"siret3_r022_c013.tif","length_m":46.42},"geometry":{"type":"LineString","coordinates":[[629680.62,5220093.46],[629708.78,5220056.55]]}},{"type":"Feature","properties":{"vineyard_id":"V17","row_id":"V17-R36","row_structure":"regular","tile":"siret3_r022_c013.tif","length_m":51.23},"geometry":{"type":"LineString","coordinates":[[629677.81,5220092.51],[629708.78,5220051.7]]}},{"type":"Feature","properties":{"vineyard_id":"V15","row_id":"V15-R38","row_structure":"regular","tile":"siret3_r022_c013.tif","length_m":1.8},"geometry":{"type":"LineString","coordinates":[[629671.75,5220096.0],[629672.84,5220094.56]]}},{"type":"Feature","properties":{"vineyard_id":"V17","row_id":"V17-R37","row_structure":"regular","tile":"siret3_r022_c013.tif","length_m":56.27},"geometry":{"type":"LineString","coordinates":[[629674.83,5220091.93],[629708.79,5220047.05]]}},{"type":"Feature","properties":{"vineyard_id":"V15","row_id":"V15-R40","row_structure":"disrupted","tile":"siret3_r022_c013.tif","length_m":3.0},"geometry":{"type":"LineString","coordinates":[[629666.98,5220096.0],[629668.8,5220093.61]]}},{"type":"Feature","properties":{"vineyard_id":"V17","row_id":"V17-R39","row_structure":"disrupted","tile":"siret3_r022_c013.tif","length_m":56.1},"geometry":{"type":"LineString","coordinates":[[629671.95,5220089.47],[629705.92,5220044.83]]}},{"type":"Feature","properties":{"vineyard_id":"V15","row_id":"V15-R43","row_structure":"disrupted","tile":"siret3_r022_c013.tif","length_m":5.3},"geometry":{"type":"LineString","coordinates":[[629661.72,5220096.0],[629664.95,5220091.79]]}},{"type":"Feature","properties":{"vineyard_id":"V17","row_id":"V17-R40","row_structure":"disrupted","tile":"siret3_r022_c013.tif","length_m":46.02},"geometry":{"type":"LineString","coordinates":[[629667.38,5220088.62],[629695.39,5220052.1]]}},{"type":"Feature","properties":{"vineyard_id":"V15","row_id":"V15-R44","row_structure":"disrupted","tile":"siret3_r022_c013.tif","length_m":5.5},"geometry":{"type":"LineString","coordinates":[[629658.2,5220096.0],[629661.54,5220091.64]]}},{"type":"Feature","properties":{"vineyard_id":"V17","row_id":"V17-R41","row_structure":"disrupted","tile":"siret3_r022_c013.tif","length_m":54.91},"geometry":{"type":"LineString","coordinates":[[629664.04,5220088.38],[629697.47,5220044.82]]}},{"type":"Feature","properties":{"vineyard_id":"V15","row_id":"V15-R45","row_structure":"disrupted","tile":"siret3_r022_c013.tif","length_m":3.4},"geometry":{"type":"LineString","coordinates":[[629657.61,5220092.64],[629659.68,5220089.94]]}},{"type":"Feature","properties":{"vineyard_id":"V17","row_id":"V17-R42","row_structure":"disrupted","tile":"siret3_r022_c013.tif","length_m":53.92},"geometry":{"type":"LineString","coordinates":[[629661.51,5220087.57],[629694.38,5220044.82]]}},{"type":"Feature","properties":{"vineyard_id":"V17","row_id":"V17-R43","row_structure":"regular","tile":"siret3_r022_c013.tif","length_m":46.78},"geometry":{"type":"LineString","coordinates":[[629658.54,5220086.84],[629687.06,5220049.76]]}},{"type":"Feature","properties":{"vineyard_id":"V17","row_id":"V17-R44","row_structure":"regular","tile":"siret3_r022_c013.tif","length_m":42.78},"geometry":{"type":"LineString","coordinates":[[629657.6,5220083.73],[629683.46,5220049.65]]}},{"type":"Feature","properties":{"vineyard_id":"V17","row_id":"V17-R45","row_structure":"regular","tile":"siret3_r022_c013.tif","length_m":42.86},"geometry":{"type":"LineString","coordinates":[[629657.6,5220078.84],[629683.69,5220044.83]]}},{"type":"Feature","properties":{"vineyard_id":"V17","row_id":"V17-R46","row_structure":"regular","tile":"siret3_r022_c013.tif","length_m":37.31},"geometry":{"type":"LineString","coordinates":[[629657.6,5220074.4],[629680.36,5220044.83]]}},{"type":"Feature","properties":{"vineyard_id":"V17","row_id":"V17-R47","row_structure":"regular","tile":"siret3_r022_c013.tif","length_m":31.4},"geometry":{"type":"LineString","coordinates":[[629657.6,5220069.72],[629676.72,5220044.82]]}},{"type":"Feature","properties":{"vineyard_id":"V17","row_id":"V17-R48","row_structure":"regular","tile":"siret3_r022_c013.tif","length_m":25.6},"geometry":{"type":"LineString","coordinates":[[629657.6,5220065.07],[629673.27,5220044.83]]}},{"type":"Feature","properties":{"vineyard_id":"V17","row_id":"V17-R49","row_structure":"regular","tile":"siret3_r022_c013.tif","length_m":19.7},"geometry":{"type":"LineString","coordinates":[[629657.61,5220060.61],[629669.4,5220044.83]]}},{"type":"Feature","properties":{"vineyard_id":"V17","row_id":"V17-R50","row_structure":"regular","tile":"siret3_r022_c013.tif","length_m":13.97},"geometry":{"type":"LineString","coordinates":[[629657.6,5220056.03],[629665.94,5220044.82]]}},{"type":"Feature","properties":{"vineyard_id":"V17","row_id":"V17-R51","row_structure":"regular","tile":"siret3_r022_c013.tif","length_m":8.2},"geometry":{"type":"LineString","coordinates":[[629657.6,5220051.47],[629662.39,5220044.82]]}},{"type":"Feature","properties":{"vineyard_id":"V17","row_id":"V17-R52","row_structure":"regular","tile":"siret3_r022_c013.tif","length_m":2.03},"geometry":{"type":"LineString","coordinates":[[629657.6,5220046.44],[629658.83,5220044.83]]}},{"type":"Feature","properties":{"vineyard_id":"V16","row_id":"V16-R03","row_structure":"regular","tile":"siret3_r022_c014.tif","length_m":9.42},"geometry":{"type":"LineString","coordinates":[[629754.25,5220096.0],[629759.98,5220088.53]]}},{"type":"Feature","properties":{"vineyard_id":"V17","row_id":"V17-R19","row_structure":"regular","tile":"siret3_r022_c014.tif","length_m":49.95},"geometry":{"type":"LineString","coordinates":[[629729.66,5220096.0],[629759.99,5220056.31]]}},{"type":"Feature","properties":{"vineyard_id":"V17","row_id":"V17-R21","row_structure":"regular","tile":"siret3_r022_c014.tif","length_m":58.6},"geometry":{"type":"LineString","coordinates":[[629724.35,5220096.0],[629759.99,5220049.48]]}},{"type":"Feature","properties":{"vineyard_id":"V17","row_id":"V17-R22","row_structure":"regular","tile":"siret3_r022_c014.tif","length_m":63.95},"geometry":{"type":"LineString","coordinates":[[629721.15,5220096.0],[629759.99,5220045.2]]}},{"type":"Feature","properties":{"vineyard_id":"V17","row_id":"V17-R23","row_structure":"regular","tile":"siret3_r022_c014.tif","length_m":64.44},"geometry":{"type":"LineString","coordinates":[[629717.46,5220096.0],[629756.62,5220044.83]]}},{"type":"Feature","properties":{"vineyard_id":"V17","row_id":"V17-R25","row_structure":"regular","tile":"siret3_r022_c014.tif","length_m":64.52},"geometry":{"type":"LineString","coordinates":[[629713.74,5220096.0],[629753.03,5220044.82]]}},{"type":"Feature","properties":{"vineyard_id":"V17","row_id":"V17-R26","row_structure":"regular","tile":"siret3_r022_c014.tif","length_m":64.54},"geometry":{"type":"LineString","coordinates":[[629710.37,5220096.0],[629749.7,5220044.82]]}},{"type":"Feature","properties":{"vineyard_id":"V17","row_id":"V17-R27","row_structure":"regular","tile":"siret3_r022_c014.tif","length_m":60.81},"geometry":{"type":"LineString","coordinates":[[629708.8,5220093.19],[629745.66,5220044.82]]}},{"type":"Feature","properties":{"vineyard_id":"V17","row_id":"V17-R28","row_structure":"regular","tile":"siret3_r022_c014.tif","length_m":55.31},"geometry":{"type":"LineString","coordinates":[[629708.8,5220088.78],[629742.37,5220044.82]]}},{"type":"Feature","properties":{"vineyard_id":"V17","row_id":"V17-R29","row_structure":"regular","tile":"siret3_r022_c014.tif","length_m":49.38},"geometry":{"type":"LineString","coordinates":[[629708.8,5220084.09],[629738.77,5220044.83]]}},{"type":"Feature","properties":{"vineyard_id":"V17","row_id":"V17-R30","row_structure":"regular","tile":"siret3_r022_c014.tif","length_m":44.16},"geometry":{"type":"LineString","coordinates":[[629708.8,5220080.03],[629735.46,5220044.83]]}},{"type":"Feature","properties":{"vineyard_id":"V17","row_id":"V17-R31","row_structure":"regular","tile":"siret3_r022_c014.tif","length_m":37.61},"geometry":{"type":"LineString","coordinates":[[629708.8,5220074.84],[629731.47,5220044.83]]}},{"type":"Feature","properties":{"vineyard_id":"V17","row_id":"V17-R32","row_structure":"regular","tile":"siret3_r022_c014.tif","length_m":32.12},"geometry":{"type":"LineString","coordinates":[[629708.8,5220070.41],[629728.21,5220044.82]]}},{"type":"Feature","properties":{"vineyard_id":"V17","row_id":"V17-R33","row_structure":"regular","tile":"siret3_r022_c014.tif","length_m":26.55},"geometry":{"type":"LineString","coordinates":[[629708.8,5220065.97],[629724.83,5220044.82]]}},{"type":"Feature","properties":{"vineyard_id":"V17","row_id":"V17-R34","row_structure":"regular","tile":"siret3_r022_c014.tif","length_m":20.77},"geometry":{"type":"LineString","coordinates":[[629708.8,5220061.34],[629721.39,5220044.83]]}},{"type":"Feature","properties":{"vineyard_id":"V17","row_id":"V17-R35","row_structure":"regular","tile":"siret3_r022_c014.tif","length_m":14.74},"geometry":{"type":"LineString","coordinates":[[629708.8,5220056.62],[629717.65,5220044.83]]}},{"type":"Feature","properties":{"vineyard_id":"V17","row_id":"V17-R36","row_structure":"regular","tile":"siret3_r022_c014.tif","length_m":8.48},"geometry":{"type":"LineString","coordinates":[[629708.8,5220051.58],[629713.94,5220044.83]]}},{"type":"Feature","properties":{"vineyard_id":"V17","row_id":"V17-R37","row_structure":"regular","tile":"siret3_r022_c014.tif","length_m":2.82},"geometry":{"type":"LineString","coordinates":[[629708.8,5220047.06],[629710.51,5220044.82]]}},{"type":"Feature","properties":{"vineyard_id":"V17","row_id":"V17-R23","row_structure":"regular","tile":"siret3_r023_c014.tif","length_m":5.58},"geometry":{"type":"LineString","coordinates":[[629756.49,5220044.79],[629759.97,5220040.44]]}},{"type":"Feature","properties":{"vineyard_id":"V17","row_id":"V17-R25","row_structure":"regular","tile":"siret3_r023_c014.tif","length_m":11.75},"geometry":{"type":"LineString","coordinates":[[629752.78,5220044.8],[629759.98,5220035.52]]}},{"type":"Feature","properties":{"vineyard_id":"V17","row_id":"V17-R26","row_structure":"regular","tile":"siret3_r023_c014.tif","length_m":17.32},"geometry":{"type":"LineString","coordinates":[[629749.47,5220044.8],[629759.97,5220031.03]]}},{"type":"Feature","properties":{"vineyard_id":"V17","row_id":"V17-R27","row_structure":"regular","tile":"siret3_r023_c014.tif","length_m":23.83},"geometry":{"type":"LineString","coordinates":[[629745.63,5220044.8],[629759.98,5220025.77]]}},{"type":"Feature","properties":{"vineyard_id":"V17","row_id":"V17-R28","row_structure":"regular","tile":"siret3_r023_c014.tif","length_m":29.61},"geometry":{"type":"LineString","coordinates":[[629742.27,5220044.8],[629759.99,5220021.08]]}},{"type":"Feature","properties":{"vineyard_id":"V17","row_id":"V17-R29","row_structure":"regular","tile":"siret3_r023_c014.tif","length_m":35.14},"geometry":{"type":"LineString","coordinates":[[629738.73,5220044.8],[629759.98,5220016.81]]}},{"type":"Feature","properties":{"vineyard_id":"V17","row_id":"V17-R30","row_structure":"regular","tile":"siret3_r023_c014.tif","length_m":35.23},"geometry":{"type":"LineString","coordinates":[[629735.44,5220044.8],[629756.58,5220016.62]]}},{"type":"Feature","properties":{"vineyard_id":"V17","row_id":"V17-R31","row_structure":"disrupted","tile":"siret3_r023_c014.tif","length_m":37.2},"geometry":{"type":"LineString","coordinates":[[629731.59,5220044.8],[629754.03,5220015.13]]}},{"type":"Feature","properties":{"vineyard_id":"V17","row_id":"V17-R32","row_structure":"disrupted","tile":"siret3_r023_c014.tif","length_m":38.0},"geometry":{"type":"LineString","coordinates":[[629728.37,5220044.8],[629751.27,5220014.47]]}},{"type":"Feature","properties":{"vineyard_id":"V17","row_id":"V17-R33","row_structure":"disrupted","tile":"siret3_r023_c014.tif","length_m":39.0},"geometry":{"type":"LineString","coordinates":[[629724.74,5220044.79],[629748.24,5220013.67]]}},{"type":"Feature","properties":{"vineyard_id":"V17","row_id":"V17-R34","row_structure":"disrupted","tile":"siret3_r023_c014.tif","length_m":40.5},"geometry":{"type":"LineString","coordinates":[[629721.21,5220044.8],[629745.63,5220012.49]]}},{"type":"Feature","properties":{"vineyard_id":"V17","row_id":"V17-R35","row_structure":"disrupted","tile":"siret3_r023_c014.tif","length_m":40.4},"geometry":{"type":"LineString","coordinates":[[629717.73,5220044.8],[629742.06,5220012.55]]}},{"type":"Feature","properties":{"vineyard_id":"V17","row_id":"V17-R36","row_structure":"disrupted","tile":"siret3_r023_c014.tif","length_m":42.2},"geometry":{"type":"LineString","coordinates":[[629713.96,5220044.8],[629739.4,5220011.12]]}},{"type":"Feature","properties":{"vineyard_id":"V17","row_id":"V17-R37","row_structure":"disrupted","tile":"siret3_r023_c014.tif","length_m":43.4},"geometry":{"type":"LineString","coordinates":[[629710.55,5220044.8],[629736.67,5220010.14]]}},{"type":"Feature","properties":{"vineyard_id":"V17","row_id":"V17-R38","row_structure":"disrupted","tile":"siret3_r023_c014.tif","length_m":61.51},"geometry":{"type":"LineString","coordinates":[[629708.8,5220042.75],[629745.82,5219993.62]]}},{"type":"Feature","properties":{"vineyard_id":"V17","row_id":"V17-R08","row_structure":"regular","tile":"siret3_r023_c015.tif","length_m":10.47},"geometry":{"type":"LineString","coordinates":[[629804.91,5220044.8],[629811.17,5220036.41]]}},{"type":"Feature","properties":{"vineyard_id":"V17","row_id":"V17-R13","row_structure":"regular","tile":"siret3_r023_c015.tif","length_m":39.49},"geometry":{"type":"LineString","coordinates":[[629787.69,5220044.8],[629811.19,5220013.06]]}},{"type":"Feature","properties":{"vineyard_id":"V17","row_id":"V17-R14","row_structure":"regular","tile":"siret3_r023_c015.tif","length_m":45.44},"geometry":{"type":"LineString","coordinates":[[629784.23,5220044.8],[629811.19,5220008.22]]}},{"type":"Feature","properties":{"vineyard_id":"V17","row_id":"V17-R15","row_structure":"regular","tile":"siret3_r023_c015.tif","length_m":51.44},"geometry":{"type":"LineString","coordinates":[[629780.7,5220044.8],[629811.19,5220003.37]]}},{"type":"Feature","properties":{"vineyard_id":"V17","row_id":"V17-R16","row_structure":"regular","tile":"siret3_r023_c015.tif","length_m":57.78},"geometry":{"type":"LineString","coordinates":[[629776.96,5220044.8],[629811.18,5219998.24]]}},{"type":"Feature","properties":{"vineyard_id":"V17","row_id":"V17-R17","row_structure":"disrupted","tile":"siret3_r023_c015.tif","length_m":63.59},"geometry":{"type":"LineString","coordinates":[[629773.2,5220044.8],[629810.95,5219993.63]]}},{"type":"Feature","properties":{"vineyard_id":"V17","row_id":"V17-R19","row_structure":"regular","tile":"siret3_r023_c015.tif","length_m":63.84},"geometry":{"type":"LineString","coordinates":[[629769.19,5220044.8],[629807.35,5219993.62]]}},{"type":"Feature","properties":{"vineyard_id":"V17","row_id":"V17-R21","row_structure":"disrupted","tile":"siret3_r023_c015.tif","length_m":63.56},"geometry":{"type":"LineString","coordinates":[[629763.72,5220044.8],[629801.42,5219993.62]]}},{"type":"Feature","properties":{"vineyard_id":"V17","row_id":"V17-R22","row_structure":"disrupted","tile":"siret3_r023_c015.tif","length_m":57.67},"geometry":{"type":"LineString","coordinates":[[629760.36,5220044.79],[629794.64,5219998.41]]}},{"type":"Feature","properties":{"vineyard_id":"V17","row_id":"V17-R23","row_structure":"disrupted","tile":"siret3_r023_c015.tif","length_m":58.18},"geometry":{"type":"LineString","coordinates":[[629760.01,5220040.15],[629794.94,5219993.63]]}},{"type":"Feature","properties":{"vineyard_id":"V17","row_id":"V17-R25","row_structure":"disrupted","tile":"siret3_r023_c015.tif","length_m":51.99},"geometry":{"type":"LineString","coordinates":[[629760.0,5220035.51],[629790.82,5219993.64]]}},{"type":"Feature","properties":{"vineyard_id":"V17","row_id":"V17-R26","row_structure":"disrupted","tile":"siret3_r023_c015.tif","length_m":45.69},"geometry":{"type":"LineString","coordinates":[[629760.0,5220030.72],[629786.68,5219993.62]]}},{"type":"Feature","properties":{"vineyard_id":"V17","row_id":"V17-R27","row_structure":"disrupted","tile":"siret3_r023_c015.tif","length_m":20.27},"geometry":{"type":"LineString","coordinates":[[629760.0,5220025.67],[629772.1,5220009.41]]}},{"type":"Feature","properties":{"vineyard_id":"V17","row_id":"V17-R02","row_structure":"disrupted","tile":"siret3_r023_c016.tif","length_m":58.1},"geometry":{"type":"LineString","coordinates":[[629827.51,5220044.8],[629862.37,5219998.32]]}},{"type":"Feature","properties":{"vineyard_id":"V17","row_id":"V17-R04","row_structure":"disrupted","tile":"siret3_r023_c016.tif","length_m":64.15},"geometry":{"type":"LineString","coordinates":[[629821.28,5220044.8],[629859.95,5219993.62]]}},{"type":"Feature","properties":{"vineyard_id":"V17","row_id":"V17-R05","row_structure":"disrupted","tile":"siret3_r023_c016.tif","length_m":64.13},"geometry":{"type":"LineString","coordinates":[[629813.58,5220044.79],[629852.24,5219993.63]]}},{"type":"Feature","properties":{"vineyard_id":"V17","row_id":"V17-R06","row_structure":"disrupted","tile":"siret3_r023_c016.tif","length_m":62.17},"geometry":{"type":"LineString","coordinates":[[629811.2,5220043.25],[629848.65,5219993.62]]}},{"type":"Feature","properties":{"vineyard_id":"V17","row_id":"V17-R07","row_structure":"regular","tile":"siret3_r023_c016.tif","length_m":55.23},"geometry":{"type":"LineString","coordinates":[[629811.2,5220037.52],[629844.7,5219993.61]]}},{"type":"Feature","properties":{"vineyard_id":"V17","row_id":"V17-R09","row_structure":"regular","tile":"siret3_r023_c016.tif","length_m":49.21},"geometry":{"type":"LineString","coordinates":[[629811.2,5220032.84],[629840.94,5219993.63]]}},{"type":"Feature","properties":{"vineyard_id":"V17","row_id":"V17-R10","row_structure":"regular","tile":"siret3_r023_c016.tif","length_m":43.27},"geometry":{"type":"LineString","coordinates":[[629811.2,5220028.22],[629837.19,5219993.62]]}},{"type":"Feature","properties":{"vineyard_id":"V17","row_id":"V17-R11","row_structure":"regular","tile":"siret3_r023_c016.tif","length_m":37.0},"geometry":{"type":"LineString","coordinates":[[629811.2,5220023.25],[629833.37,5219993.62]]}},{"type":"Feature","properties":{"vineyard_id":"V17","row_id":"V17-R12","row_structure":"regular","tile":"siret3_r023_c016.tif","length_m":30.69},"geometry":{"type":"LineString","coordinates":[[629811.2,5220018.23],[629829.54,5219993.62]]}},{"type":"Feature","properties":{"vineyard_id":"V17","row_id":"V17-R13","row_structure":"regular","tile":"siret3_r023_c016.tif","length_m":24.47},"geometry":{"type":"LineString","coordinates":[[629811.2,5220013.22],[629825.86,5219993.63]]}},{"type":"Feature","properties":{"vineyard_id":"V17","row_id":"V17-R14","row_structure":"regular","tile":"siret3_r023_c016.tif","length_m":18.29},"geometry":{"type":"LineString","coordinates":[[629811.2,5220008.27],[629822.15,5219993.62]]}},{"type":"Feature","properties":{"vineyard_id":"V17","row_id":"V17-R15","row_structure":"regular","tile":"siret3_r023_c016.tif","length_m":12.2},"geometry":{"type":"LineString","coordinates":[[629811.2,5220003.27],[629818.65,5219993.61]]}},{"type":"Feature","properties":{"vineyard_id":"V17","row_id":"V17-R16","row_structure":"regular","tile":"siret3_r023_c016.tif","length_m":5.8},"geometry":{"type":"LineString","coordinates":[[629811.2,5219998.3],[629814.63,5219993.62]]}},{"type":"Feature","properties":{"vineyard_id":"V17","row_id":"V17-R05","row_structure":"disrupted","tile":"siret3_r024_c016.tif","length_m":16.37},"geometry":{"type":"LineString","coordinates":[[629852.1,5219993.6],[629862.38,5219980.85]]}},{"type":"Feature","properties":{"vineyard_id":"V17","row_id":"V17-R06","row_structure":"regular","tile":"siret3_r024_c016.tif","length_m":22.54},"geometry":{"type":"LineString","coordinates":[[629848.7,5219993.6],[629862.38,5219975.68]]}},{"type":"Feature","properties":{"vineyard_id":"V17","row_id":"V17-R07","row_structure":"regular","tile":"siret3_r024_c016.tif","length_m":29.15},"geometry":{"type":"LineString","coordinates":[[629844.73,5219993.59],[629862.38,5219970.39]]}},{"type":"Feature","properties":{"vineyard_id":"V17","row_id":"V17-R09","row_structure":"regular","tile":"siret3_r024_c016.tif","length_m":35.02},"geometry":{"type":"LineString","coordinates":[[629841.07,5219993.59],[629862.38,5219965.79]]}},{"type":"Feature","properties":{"vineyard_id":"V17","row_id":"V17-R10","row_structure":"regular","tile":"siret3_r024_c016.tif","length_m":41.2},"geometry":{"type":"LineString","coordinates":[[629837.35,5219993.6],[629862.38,5219960.88]]}},{"type":"Feature","properties":{"vineyard_id":"V17","row_id":"V17-R11","row_structure":"regular","tile":"siret3_r024_c016.tif","length_m":47.5},"geometry":{"type":"LineString","coordinates":[[629833.53,5219993.6],[629862.37,5219955.86]]}},{"type":"Feature","properties":{"vineyard_id":"V17","row_id":"V17-R12","row_structure":"regular","tile":"siret3_r024_c016.tif","length_m":53.62},"geometry":{"type":"LineString","coordinates":[[629829.67,5219993.6],[629862.37,5219951.09]]}},{"type":"Feature","properties":{"vineyard_id":"V17","row_id":"V17-R13","row_structure":"regular","tile":"siret3_r024_c016.tif","length_m":59.82},"geometry":{"type":"LineString","coordinates":[[629825.94,5219993.6],[629862.38,5219946.16]]}},{"type":"Feature","properties":{"vineyard_id":"V17","row_id":"V17-R14","row_structure":"regular","tile":"siret3_r024_c016.tif","length_m":64.5},"geometry":{"type":"LineString","coordinates":[[629822.31,5219993.59],[629861.58,5219942.42]]}},{"type":"Feature","properties":{"vineyard_id":"V17","row_id":"V17-R15","row_structure":"regular","tile":"siret3_r024_c016.tif","length_m":64.54},"geometry":{"type":"LineString","coordinates":[[629818.56,5219993.6],[629857.87,5219942.42]]}},{"type":"Feature","properties":{"vineyard_id":"V17","row_id":"V17-R16","row_structure":"regular","tile":"siret3_r024_c016.tif","length_m":64.63},"geometry":{"type":"LineString","coordinates":[[629814.6,5219993.6],[629854.06,5219942.42]]}},{"type":"Feature","properties":{"vineyard_id":"V17","row_id":"V17-R17","row_structure":"regular","tile":"siret3_r024_c016.tif","length_m":64.33},"geometry":{"type":"LineString","coordinates":[[629811.2,5219993.39],[629850.44,5219942.42]]}},{"type":"Feature","properties":{"vineyard_id":"V17","row_id":"V17-R19","row_structure":"regular","tile":"siret3_r024_c016.tif","length_m":58.23},"geometry":{"type":"LineString","coordinates":[[629811.2,5219988.51],[629846.78,5219942.42]]}},{"type":"Feature","properties":{"vineyard_id":"V17","row_id":"V17-R20","row_structure":"disrupted","tile":"siret3_r024_c016.tif","length_m":52.44},"geometry":{"type":"LineString","coordinates":[[629811.2,5219983.82],[629843.38,5219942.42]]}},{"type":"Feature","properties":{"vineyard_id":"V17","row_id":"V17-R24","row_structure":"regular","tile":"siret3_r024_c016.tif","length_m":35.4},"geometry":{"type":"LineString","coordinates":[[629811.2,5219970.51],[629832.74,5219942.42]]}},{"type":"Feature","properties":{"vineyard_id":"V17","row_id":"V17-R01","row_structure":"disrupted","tile":"siret3_r024_c017.tif","length_m":64.25},"geometry":{"type":"LineString","coordinates":[[629868.3,5219993.6],[629907.15,5219942.42]]}},{"type":"Feature","properties":{"vineyard_id":"V17","row_id":"V17-R03","row_structure":"disrupted","tile":"siret3_r024_c017.tif","length_m":64.02},"geometry":{"type":"LineString","coordinates":[[629864.46,5219993.6],[629902.93,5219942.42]]}},{"type":"Feature","properties":{"vineyard_id":"V17","row_id":"V17-R05","row_structure":"disrupted","tile":"siret3_r024_c017.tif","length_m":48.35},"geometry":{"type":"LineString","coordinates":[[629862.4,5219980.96],[629891.61,5219942.43]]}},{"type":"Feature","properties":{"vineyard_id":"V17","row_id":"V17-R06","row_structure":"regular","tile":"siret3_r024_c017.tif","length_m":42.2},"geometry":{"type":"LineString","coordinates":[[629862.4,5219976.03],[629887.91,5219942.42]]}},{"type":"Feature","properties":{"vineyard_id":"V17","row_id":"V17-R07","row_structure":"regular","tile":"siret3_r024_c017.tif","length_m":35.25},"geometry":{"type":"LineString","coordinates":[[629862.4,5219970.47],[629883.75,5219942.43]]}},{"type":"Feature","properties":{"vineyard_id":"V17","row_id":"V17-R09","row_structure":"regular","tile":"siret3_r024_c017.tif","length_m":29.35},"geometry":{"type":"LineString","coordinates":[[629862.4,5219965.76],[629880.2,5219942.43]]}},{"type":"Feature","properties":{"vineyard_id":"V17","row_id":"V17-R10","row_structure":"regular","tile":"siret3_r024_c017.tif","length_m":23.2},"geometry":{"type":"LineString","coordinates":[[629862.4,5219960.84],[629876.49,5219942.41]]}},{"type":"Feature","properties":{"vineyard_id":"V17","row_id":"V17-R11","row_structure":"regular","tile":"siret3_r024_c017.tif","length_m":16.82},"geometry":{"type":"LineString","coordinates":[[629862.4,5219955.81],[629872.57,5219942.41]]}},{"type":"Feature","properties":{"vineyard_id":"V17","row_id":"V17-R12","row_structure":"regular","tile":"siret3_r024_c017.tif","length_m":10.85},"geometry":{"type":"LineString","coordinates":[[629862.4,5219951.05],[629868.96,5219942.41]]}},{"type":"Feature","properties":{"vineyard_id":"V17","row_id":"V17-R13","row_structure":"regular","tile":"siret3_r024_c017.tif","length_m":4.63},"geometry":{"type":"LineString","coordinates":[[629862.4,5219946.1],[629865.21,5219942.42]]}},{"type":"Feature","properties":{"vineyard_id":"V18","row_id":"V18-R06","row_structure":"disrupted","tile":"siret3_r026_c017.tif","length_m":13.85},"geometry":{"type":"LineString","coordinates":[[629905.17,5219891.2],[629913.58,5219880.2]]}},{"type":"Feature","properties":{"vineyard_id":"V18","row_id":"V18-R07","row_structure":"disrupted","tile":"siret3_r026_c017.tif","length_m":19.77},"geometry":{"type":"LineString","coordinates":[[629901.26,5219891.2],[629913.59,5219875.74]]}},{"type":"Feature","properties":{"vineyard_id":"V18","row_id":"V18-R08","row_structure":"regular","tile":"siret3_r026_c017.tif","length_m":25.95},"geometry":{"type":"LineString","coordinates":[[629897.4,5219891.2],[629913.58,5219870.91]]}},{"type":"Feature","properties":{"vineyard_id":"V18","row_id":"V18-R09","row_structure":"regular","tile":"siret3_r026_c017.tif","length_m":32.51},"geometry":{"type":"LineString","coordinates":[[629893.59,5219891.2],[629913.57,5219865.56]]}},{"type":"Feature","properties":{"vineyard_id":"V18","row_id":"V18-R10","row_structure":"regular","tile":"siret3_r026_c017.tif","length_m":38.48},"geometry":{"type":"LineString","coordinates":[[629889.96,5219891.19],[629913.59,5219860.83]]}},{"type":"Feature","properties":{"vineyard_id":"V18","row_id":"V18-R11","row_structure":"regular","tile":"siret3_r026_c017.tif","length_m":45.74},"geometry":{"type":"LineString","coordinates":[[629885.31,5219891.2],[629913.59,5219855.26]]}},{"type":"Feature","properties":{"vineyard_id":"V18","row_id":"V18-R01","row_structure":"regular","tile":"siret3_r026_c018.tif","length_m":64.67},"geometry":{"type":"LineString","coordinates":[[629924.97,5219891.2],[629964.79,5219840.24]]}},{"type":"Feature","properties":{"vineyard_id":"V18","row_id":"V18-R05","row_structure":"regular","tile":"siret3_r026_c018.tif","length_m":56.86},"geometry":{"type":"LineString","coordinates":[[629913.6,5219884.91],[629948.51,5219840.02]]}},{"type":"Feature","properties":{"vineyard_id":"V18","row_id":"V18-R06","row_structure":"disrupted","tile":"siret3_r026_c018.tif","length_m":50.84},"geometry":{"type":"LineString","coordinates":[[629913.6,5219880.06],[629944.94,5219840.02]]}},{"type":"Feature","properties":{"vineyard_id":"V18","row_id":"V18-R07","row_structure":"disrupted","tile":"siret3_r026_c018.tif","length_m":44.94},"geometry":{"type":"LineString","coordinates":[[629913.6,5219875.52],[629941.15,5219840.01]]}},{"type":"Feature","properties":{"vineyard_id":"V18","row_id":"V18-R08","row_structure":"regular","tile":"siret3_r026_c018.tif","length_m":38.82},"geometry":{"type":"LineString","coordinates":[[629913.6,5219870.7],[629937.39,5219840.02]]}},{"type":"Feature","properties":{"vineyard_id":"V18","row_id":"V18-R09","row_structure":"regular","tile":"siret3_r026_c018.tif","length_m":32.34},"geometry":{"type":"LineString","coordinates":[[629913.6,5219865.52],[629933.49,5219840.02]]}},{"type":"Feature","properties":{"vineyard_id":"V18","row_id":"V18-R10","row_structure":"regular","tile":"siret3_r026_c018.tif","length_m":26.38},"geometry":{"type":"LineString","coordinates":[[629913.61,5219860.91],[629929.72,5219840.03]]}},{"type":"Feature","properties":{"vineyard_id":"V18","row_id":"V18-R11","row_structure":"regular","tile":"siret3_r026_c018.tif","length_m":19.72},"geometry":{"type":"LineString","coordinates":[[629913.6,5219855.51],[629925.8,5219840.02]]}},{"type":"Feature","properties":{"vineyard_id":"V18","row_id":"V18-R02","row_structure":"regular","tile":"siret3_r027_c018.tif","length_m":3.1},"geometry":{"type":"LineString","coordinates":[[629962.8,5219840.0],[629964.78,5219837.61]]}},{"type":"Feature","properties":{"vineyard_id":"V18","row_id":"V18-R03","row_structure":"regular","tile":"siret3_r027_c018.tif","length_m":18.48},"geometry":{"type":"LineString","coordinates":[[629953.45,5219840.0],[629964.78,5219825.39]]}},{"type":"Feature","properties":{"vineyard_id":"V18","row_id":"V18-R04","row_structure":"regular","tile":"siret3_r027_c018.tif","length_m":25.27},"geometry":{"type":"LineString","coordinates":[[629949.31,5219840.0],[629964.77,5219820.01]]}},{"type":"Feature","properties":{"vineyard_id":"V18","row_id":"V18-R06","row_structure":"regular","tile":"siret3_r027_c018.tif","length_m":31.99},"geometry":{"type":"LineString","coordinates":[[629944.87,5219840.0],[629964.78,5219814.96]]}},{"type":"Feature","properties":{"vineyard_id":"V18","row_id":"V18-R07","row_structure":"regular","tile":"siret3_r027_c018.tif","length_m":37.95},"geometry":{"type":"LineString","coordinates":[[629941.48,5219839.99],[629964.78,5219810.03]]}},{"type":"Feature","properties":{"vineyard_id":"V18","row_id":"V18-R08","row_structure":"regular","tile":"siret3_r027_c018.tif","length_m":44.11},"geometry":{"type":"LineString","coordinates":[[629937.55,5219840.0],[629964.79,5219805.3]]}},{"type":"Feature","properties":{"vineyard_id":"V18","row_id":"V18-R09","row_structure":"regular","tile":"siret3_r027_c018.tif","length_m":50.3},"geometry":{"type":"LineString","coordinates":[[629933.69,5219840.0],[629964.78,5219800.46]]}},{"type":"Feature","properties":{"vineyard_id":"V18","row_id":"V18-R10","row_structure":"regular","tile":"siret3_r027_c018.tif","length_m":56.02},"geometry":{"type":"LineString","coordinates":[[629930.11,5219840.0],[629964.78,5219796.0]]}},{"type":"Feature","properties":{"vineyard_id":"V18","row_id":"V18-R11","row_structure":"regular","tile":"siret3_r027_c018.tif","length_m":62.13},"geometry":{"type":"LineString","coordinates":[[629926.32,5219840.0],[629964.77,5219791.19]]}},{"type":"Feature","properties":{"vineyard_id":"V19","row_id":"V19-R01","row_structure":"regular","tile":"siret3_r027_c018.tif","length_m":65.05},"geometry":{"type":"LineString","coordinates":[[629922.66,5219840.0],[629962.8,5219788.81]]}},{"type":"Feature","properties":{"vineyard_id":"V19","row_id":"V19-R03","row_structure":"disrupted","tile":"siret3_r027_c018.tif","length_m":65.21},"geometry":{"type":"LineString","coordinates":[[629916.73,5219840.0],[629957.13,5219788.81]]}},{"type":"Feature","properties":{"vineyard_id":"V19","row_id":"V19-R04","row_structure":"disrupted","tile":"siret3_r027_c018.tif","length_m":39.63},"geometry":{"type":"LineString","coordinates":[[629913.6,5219832.37],[629938.2,5219801.3]]}},{"type":"Feature","properties":{"vineyard_id":"V20","row_id":"V20-R02","row_structure":"regular","tile":"siret3_r028_c019.tif","length_m":7.75},"geometry":{"type":"LineString","coordinates":[[630011.24,5219788.79],[630015.99,5219782.67]]}},{"type":"Feature","properties":{"vineyard_id":"V20","row_id":"V20-R03","row_structure":"regular","tile":"siret3_r028_c019.tif","length_m":15.9},"geometry":{"type":"LineString","coordinates":[[630003.98,5219788.8],[630013.52,5219776.07]]}},{"type":"Feature","properties":{"vineyard_id":"V18","row_id":"V18-R07","row_structure":"disrupted","tile":"siret3_r028_c019.tif","length_m":37.3},"geometry":{"type":"LineString","coordinates":[[629981.49,5219788.8],[630004.47,5219759.42]]}},{"type":"Feature","properties":{"vineyard_id":"V18","row_id":"V18-R08","row_structure":"disrupted","tile":"siret3_r028_c019.tif","length_m":41.8},"geometry":{"type":"LineString","coordinates":[[629977.64,5219788.8],[630003.36,5219755.85]]}},{"type":"Feature","properties":{"vineyard_id":"V21","row_id":"V21-R08","row_structure":"disrupted","tile":"siret3_r028_c019.tif","length_m":10.19},"geometry":{"type":"LineString","coordinates":[[630006.5,5219751.83],[630012.77,5219743.8]]}},{"type":"Feature","properties":{"vineyard_id":"V18","row_id":"V18-R09","row_structure":"regular","tile":"siret3_r028_c019.tif","length_m":45.5},"geometry":{"type":"LineString","coordinates":[[629973.92,5219788.8],[630001.91,5219752.93]]}},{"type":"Feature","properties":{"vineyard_id":"V18","row_id":"V18-R10","row_structure":"regular","tile":"siret3_r028_c019.tif","length_m":48.9},"geometry":{"type":"LineString","coordinates":[[629970.3,5219788.8],[630000.38,5219750.24]]}},{"type":"Feature","properties":{"vineyard_id":"V21","row_id":"V21-R09","row_structure":"regular","tile":"siret3_r028_c019.tif","length_m":2.09},"geometry":{"type":"LineString","coordinates":[[630002.71,5219747.25],[630003.99,5219745.6]]}},{"type":"Feature","properties":{"vineyard_id":"V21","row_id":"V21-R11","row_structure":"regular","tile":"siret3_r028_c019.tif","length_m":57.36},"geometry":{"type":"LineString","coordinates":[[629966.56,5219788.8],[630001.88,5219743.6]]}},{"type":"Feature","properties":{"vineyard_id":"V19","row_id":"V19-R01","row_structure":"regular","tile":"siret3_r028_c019.tif","length_m":47.9},"geometry":{"type":"LineString","coordinates":[[629964.8,5219786.26],[629994.4,5219748.6]]}},{"type":"Feature","properties":{"vineyard_id":"V19","row_id":"V19-R02","row_structure":"disrupted","tile":"siret3_r028_c019.tif","length_m":45.4},"geometry":{"type":"LineString","coordinates":[[629964.8,5219781.95],[629992.92,5219746.3]]}},{"type":"Feature","properties":{"vineyard_id":"V21","row_id":"V21-R10","row_structure":"disrupted","tile":"siret3_r028_c019.tif","length_m":8.25},"geometry":{"type":"LineString","coordinates":[[629994.66,5219744.11],[629999.76,5219737.63]]}},{"type":"Feature","properties":{"vineyard_id":"V21","row_id":"V21-R01","row_structure":"disrupted","tile":"siret3_r028_c020.tif","length_m":47.51},"geometry":{"type":"LineString","coordinates":[[630025.34,5219788.8],[630036.65,5219742.65]]}},{"type":"Feature","properties":{"vineyard_id":"V21","row_id":"V21-R02","row_structure":"disrupted","tile":"siret3_r028_c020.tif","length_m":48.43},"geometry":{"type":"LineString","coordinates":[[630023.75,5219784.71],[630035.07,5219737.63]]}},{"type":"Feature","properties":{"vineyard_id":"V20","row_id":"V20-R01","row_structure":"disrupted","tile":"siret3_r028_c020.tif","length_m":2.1},"geometry":{"type":"LineString","coordinates":[[630019.41,5219788.8],[630019.92,5219786.76]]}},{"type":"Feature","properties":{"vineyard_id":"V21","row_id":"V21-R03","row_structure":"disrupted","tile":"siret3_r028_c020.tif","length_m":44.2},"geometry":{"type":"LineString","coordinates":[[630021.44,5219780.54],[630032.02,5219737.63]]}},{"type":"Feature","properties":{"vineyard_id":"V21","row_id":"V21-R04","row_structure":"disrupted","tile":"siret3_r028_c020.tif","length_m":37.9},"geometry":{"type":"LineString","coordinates":[[630019.91,5219774.42],[630028.95,5219737.62]]}},{"type":"Feature","properties":{"vineyard_id":"V21","row_id":"V21-R05","row_structure":"regular","tile":"siret3_r028_c020.tif","length_m":36.35},"geometry":{"type":"LineString","coordinates":[[630017.24,5219772.92],[630025.91,5219737.62]]}},{"type":"Feature","properties":{"vineyard_id":"V21","row_id":"V21-R06","row_structure":"regular","tile":"siret3_r028_c020.tif","length_m":28.77},"geometry":{"type":"LineString","coordinates":[[630016.0,5219765.58],[630022.75,5219737.62]]}},{"type":"Feature","properties":{"vineyard_id":"V21","row_id":"V21-R07","row_structure":"regular","tile":"siret3_r028_c020.tif","length_m":16.94},"geometry":{"type":"LineString","coordinates":[[630016.0,5219754.02],[630020.28,5219737.62]]}},{"type":"Feature","properties":{"vineyard_id":"V22","row_id":"V22-R03","row_structure":"disrupted","tile":"siret3_r028_c020.tif","length_m":9.5},"geometry":{"type":"LineString","coordinates":[[630067.17,5219749.75],[630062.47,5219741.49]]}},{"type":"Feature","properties":{"vineyard_id":"V22","row_id":"V22-R02","row_structure":"disrupted","tile":"siret3_r028_c020.tif","length_m":21.0},"geometry":{"type":"LineString","coordinates":[[630067.17,5219755.64],[630056.38,5219737.62]]}},{"type":"Feature","properties":{"vineyard_id":"V22","row_id":"V22-R01","row_structure":"disrupted","tile":"siret3_r028_c020.tif","length_m":12.1},"geometry":{"type":"LineString","coordinates":[[630067.17,5219762.45],[630061.18,5219751.93]]}},{"type":"Feature","properties":{"vineyard_id":"V23","row_id":"V23-R02","row_structure":"regular","tile":"siret3_r029_c015.tif","length_m":5.79},"geometry":{"type":"LineString","coordinates":[[629807.85,5219737.6],[629811.18,5219732.85]]}},{"type":"Feature","properties":{"vineyard_id":"V23","row_id":"V23-R03","row_structure":"regular","tile":"siret3_r029_c015.tif","length_m":12.9},"geometry":{"type":"LineString","coordinates":[[629803.83,5219737.6],[629811.18,5219726.99]]}},{"type":"Feature","properties":{"vineyard_id":"V23","row_id":"V23-R04","row_structure":"regular","tile":"siret3_r029_c015.tif","length_m":20.6},"geometry":{"type":"LineString","coordinates":[[629799.43,5219737.6],[629811.18,5219720.68]]}},{"type":"Feature","properties":{"vineyard_id":"V23","row_id":"V23-R05","row_structure":"regular","tile":"siret3_r029_c015.tif","length_m":27.3},"geometry":{"type":"LineString","coordinates":[[629795.47,5219737.6],[629811.18,5219715.28]]}},{"type":"Feature","properties":{"vineyard_id":"V23","row_id":"V23-R06","row_structure":"regular","tile":"siret3_r029_c015.tif","length_m":30.64},"geometry":{"type":"LineString","coordinates":[[629793.68,5219734.54],[629811.19,5219709.39]]}},{"type":"Feature","properties":{"vineyard_id":"V23","row_id":"V23-R07","row_structure":"regular","tile":"siret3_r029_c015.tif","length_m":36.05},"geometry":{"type":"LineString","coordinates":[[629790.59,5219733.33],[629811.18,5219703.74]]}},{"type":"Feature","properties":{"vineyard_id":"V23","row_id":"V23-R09","row_structure":"regular","tile":"siret3_r029_c015.tif","length_m":37.87},"geometry":{"type":"LineString","coordinates":[[629789.49,5219729.32],[629811.19,5219698.28]]}},{"type":"Feature","properties":{"vineyard_id":"V23","row_id":"V23-R10","row_structure":"regular","tile":"siret3_r029_c015.tif","length_m":40.55},"geometry":{"type":"LineString","coordinates":[[629787.94,5219725.31],[629811.19,5219692.09]]}},{"type":"Feature","properties":{"vineyard_id":"V23","row_id":"V23-R12","row_structure":"regular","tile":"siret3_r029_c015.tif","length_m":49.36},"geometry":{"type":"LineString","coordinates":[[629782.81,5219727.38],[629811.19,5219686.99]]}},{"type":"Feature","properties":{"vineyard_id":"V23","row_id":"V23-R01","row_structure":"regular","tile":"siret3_r029_c016.tif","length_m":51.6},"geometry":{"type":"LineString","coordinates":[[629812.34,5219737.6],[629841.94,5219695.33]]}},{"type":"Feature","properties":{"vineyard_id":"V23","row_id":"V23-R02","row_structure":"regular","tile":"siret3_r029_c016.tif","length_m":47.6},"geometry":{"type":"LineString","coordinates":[[629811.2,5219732.27],[629838.34,5219693.16]]}},{"type":"Feature","properties":{"vineyard_id":"V23","row_id":"V23-R03","row_structure":"regular","tile":"siret3_r029_c016.tif","length_m":43.0},"geometry":{"type":"LineString","coordinates":[[629811.2,5219726.49],[629835.8,5219691.22]]}},{"type":"Feature","properties":{"vineyard_id":"V23","row_id":"V23-R04","row_structure":"regular","tile":"siret3_r029_c016.tif","length_m":41.82},"geometry":{"type":"LineString","coordinates":[[629811.2,5219720.67],[629835.19,5219686.41]]}},{"type":"Feature","properties":{"vineyard_id":"V23","row_id":"V23-R05","row_structure":"regular","tile":"siret3_r029_c016.tif","length_m":35.15},"geometry":{"type":"LineString","coordinates":[[629811.21,5219715.15],[629831.47,5219686.43]]}},{"type":"Feature","properties":{"vineyard_id":"V23","row_id":"V23-R06","row_structure":"regular","tile":"siret3_r029_c016.tif","length_m":28.06},"geometry":{"type":"LineString","coordinates":[[629811.2,5219709.36],[629827.37,5219686.42]]}},{"type":"Feature","properties":{"vineyard_id":"V23","row_id":"V23-R07","row_structure":"regular","tile":"siret3_r029_c016.tif","length_m":21.29},"geometry":{"type":"LineString","coordinates":[[629811.2,5219703.91],[629823.36,5219686.43]]}},{"type":"Feature","properties":{"vineyard_id":"V23","row_id":"V23-R09","row_structure":"regular","tile":"siret3_r029_c016.tif","length_m":14.61},"geometry":{"type":"LineString","coordinates":[[629811.2,5219698.41],[629819.57,5219686.43]]}},{"type":"Feature","properties":{"vineyard_id":"V23","row_id":"V23-R10","row_structure":"regular","tile":"siret3_r029_c016.tif","length_m":7.44},"geometry":{"type":"LineString","coordinates":[[629811.2,5219692.51],[629815.46,5219686.42]]}},{"type":"Feature","properties":{"vineyard_id":"V26","row_id":"V26-R01","row_structure":"regular","tile":"siret3_r029_c021.tif","length_m":28.42},"geometry":{"type":"LineString","coordinates":[[630067.2,5219709.65],[630083.58,5219686.42]]}},{"type":"Feature","properties":{"vineyard_id":"V26","row_id":"V26-R02","row_structure":"regular","tile":"siret3_r029_c021.tif","length_m":22.72},"geometry":{"type":"LineString","coordinates":[[630067.21,5219704.95],[630080.38,5219686.43]]}},{"type":"Feature","properties":{"vineyard_id":"V26","row_id":"V26-R03","row_structure":"regular","tile":"siret3_r029_c021.tif","length_m":16.58},"geometry":{"type":"LineString","coordinates":[[630067.21,5219699.83],[630076.93,5219686.41]]}},{"type":"Feature","properties":{"vineyard_id":"V26","row_id":"V26-R04","row_structure":"regular","tile":"siret3_r029_c021.tif","length_m":11.07},"geometry":{"type":"LineString","coordinates":[[630067.2,5219695.42],[630073.66,5219686.43]]}},{"type":"Feature","properties":{"vineyard_id":"V26","row_id":"V26-R05","row_structure":"regular","tile":"siret3_r029_c021.tif","length_m":6.95},"geometry":{"type":"LineString","coordinates":[[630067.2,5219692.12],[630071.17,5219686.42]]}},{"type":"Feature","properties":{"vineyard_id":"V24","row_id":"V24-R01","row_structure":"regular","tile":"siret3_r029_c023.tif","length_m":41.04},"geometry":{"type":"LineString","coordinates":[[630200.68,5219737.6],[630220.78,5219701.82]]}},{"type":"Feature","properties":{"vineyard_id":"V24","row_id":"V24-R02","row_structure":"regular","tile":"siret3_r029_c023.tif","length_m":47.9},"geometry":{"type":"LineString","coordinates":[[630197.42,5219737.6],[630220.79,5219695.78]]}},{"type":"Feature","properties":{"vineyard_id":"V24","row_id":"V24-R03","row_structure":"regular","tile":"siret3_r029_c023.tif","length_m":54.3},"geometry":{"type":"LineString","coordinates":[[630194.28,5219737.59],[630220.77,5219690.19]]}},{"type":"Feature","properties":{"vineyard_id":"V24","row_id":"V24-R04","row_structure":"regular","tile":"siret3_r029_c023.tif","length_m":58.56},"geometry":{"type":"LineString","coordinates":[[630190.94,5219737.6],[630219.4,5219686.42]]}},{"type":"Feature","properties":{"vineyard_id":"V24","row_id":"V24-R05","row_structure":"regular","tile":"siret3_r029_c023.tif","length_m":58.5},"geometry":{"type":"LineString","coordinates":[[630187.78,5219737.59],[630216.15,5219686.43]]}},{"type":"Feature","properties":{"vineyard_id":"V24","row_id":"V24-R06","row_structure":"regular","tile":"siret3_r029_c023.tif","length_m":58.65},"geometry":{"type":"LineString","coordinates":[[630184.66,5219737.6],[630213.33,5219686.43]]}},{"type":"Feature","properties":{"vineyard_id":"V24","row_id":"V24-R07","row_structure":"regular","tile":"siret3_r029_c023.tif","length_m":58.67},"geometry":{"type":"LineString","coordinates":[[630181.34,5219737.6],[630210.03,5219686.42]]}},{"type":"Feature","properties":{"vineyard_id":"V25","row_id":"V25-R11","row_structure":"regular","tile":"siret3_r030_c016.tif","length_m":23.95},"geometry":{"type":"LineString","coordinates":[[629862.38,5219659.48],[629847.77,5219640.5]]}},{"type":"Feature","properties":{"vineyard_id":"V25","row_id":"V25-R10","row_structure":"regular","tile":"siret3_r030_c016.tif","length_m":25.1},"geometry":{"type":"LineString","coordinates":[[629862.37,5219663.84],[629846.96,5219644.03]]}},{"type":"Feature","properties":{"vineyard_id":"V25","row_id":"V25-R09","row_structure":"regular","tile":"siret3_r030_c016.tif","length_m":27.35},"geometry":{"type":"LineString","coordinates":[[629862.39,5219667.56],[629845.52,5219646.03]]}},{"type":"Feature","properties":{"vineyard_id":"V25","row_id":"V25-R08","row_structure":"regular","tile":"siret3_r030_c016.tif","length_m":32.17},"geometry":{"type":"LineString","coordinates":[[629862.38,5219671.54],[629842.55,5219646.2]]}},{"type":"Feature","properties":{"vineyard_id":"V25","row_id":"V25-R07","row_structure":"regular","tile":"siret3_r030_c016.tif","length_m":34.3},"geometry":{"type":"LineString","coordinates":[[629862.39,5219675.76],[629841.32,5219648.69]]}},{"type":"Feature","properties":{"vineyard_id":"V25","row_id":"V25-R06","row_structure":"regular","tile":"siret3_r030_c016.tif","length_m":36.27},"geometry":{"type":"LineString","coordinates":[[629862.37,5219679.37],[629840.03,5219650.79]]}},{"type":"Feature","properties":{"vineyard_id":"V25","row_id":"V25-R05","row_structure":"regular","tile":"siret3_r030_c016.tif","length_m":39.32},"geometry":{"type":"LineString","coordinates":[[629862.38,5219683.97],[629838.41,5219652.79]]}},{"type":"Feature","properties":{"vineyard_id":"V25","row_id":"V25-R03","row_structure":"regular","tile":"siret3_r030_c016.tif","length_m":40.21},"geometry":{"type":"LineString","coordinates":[[629861.17,5219686.4],[629836.58,5219654.58]]}},{"type":"Feature","properties":{"vineyard_id":"V25","row_id":"V25-R02","row_structure":"regular","tile":"siret3_r030_c016.tif","length_m":37.99},"geometry":{"type":"LineString","coordinates":[[629857.69,5219686.4],[629834.61,5219656.22]]}},{"type":"Feature","properties":{"vineyard_id":"V25","row_id":"V25-R01","row_structure":"regular","tile":"siret3_r030_c016.tif","length_m":35.23},"geometry":{"type":"LineString","coordinates":[[629853.65,5219686.4],[629832.64,5219658.12]]}},{"type":"Feature","properties":{"vineyard_id":"V23","row_id":"V23-R08","row_structure":"regular","tile":"siret3_r030_c016.tif","length_m":16.64},"geometry":{"type":"LineString","coordinates":[[629829.79,5219686.4],[629819.64,5219673.22]]}},{"type":"Feature","properties":{"vineyard_id":"V23","row_id":"V23-R11","row_structure":"regular","tile":"siret3_r030_c016.tif","length_m":5.53},"geometry":{"type":"LineString","coordinates":[[629817.65,5219686.4],[629814.28,5219682.01]]}},{"type":"Feature","properties":{"vineyard_id":"V27","row_id":"V27-R03","row_structure":"regular","tile":"siret3_r030_c017.tif","length_m":37.0},"geometry":{"type":"LineString","coordinates":[[629893.52,5219662.44],[629868.45,5219635.24]]}},{"type":"Feature","properties":{"vineyard_id":"V27","row_id":"V27-R02","row_structure":"regular","tile":"siret3_r030_c017.tif","length_m":39.07},"geometry":{"type":"LineString","coordinates":[[629891.6,5219663.83],[629865.01,5219635.21]]}},{"type":"Feature","properties":{"vineyard_id":"V27","row_id":"V27-R01","row_structure":"regular","tile":"siret3_r030_c017.tif","length_m":39.99},"geometry":{"type":"LineString","coordinates":[[629889.71,5219665.07],[629862.4,5219635.85]]}},{"type":"Feature","properties":{"vineyard_id":"V25","row_id":"V25-R08","row_structure":"regular","tile":"siret3_r030_c017.tif","length_m":11.38},"geometry":{"type":"LineString","coordinates":[[629870.12,5219679.79],[629862.41,5219671.42]]}},{"type":"Feature","properties":{"vineyard_id":"V25","row_id":"V25-R04","row_structure":"regular","tile":"siret3_r030_c017.tif","length_m":1.15},"geometry":{"type":"LineString","coordinates":[[629863.18,5219686.4],[629862.4,5219685.55]]}},{"type":"Feature","properties":{"vineyard_id":"V26","row_id":"V26-R01","row_structure":"regular","tile":"siret3_r030_c021.tif","length_m":59.84},"geometry":{"type":"LineString","coordinates":[[630083.6,5219686.4],[630118.38,5219637.7]]}},{"type":"Feature","properties":{"vineyard_id":"V26","row_id":"V26-R02","row_structure":"regular","tile":"siret3_r030_c021.tif","length_m":62.79},"geometry":{"type":"LineString","coordinates":[[630080.46,5219686.4],[630116.83,5219635.21]]}},{"type":"Feature","properties":{"vineyard_id":"V26","row_id":"V26-R03","row_structure":"regular","tile":"siret3_r030_c021.tif","length_m":62.67},"geometry":{"type":"LineString","coordinates":[[630076.86,5219686.4],[630113.05,5219635.23]]}},{"type":"Feature","properties":{"vineyard_id":"V26","row_id":"V26-R04","row_structure":"disrupted","tile":"siret3_r030_c021.tif","length_m":62.78},"geometry":{"type":"LineString","coordinates":[[630073.53,5219686.4],[630109.9,5219635.23]]}},{"type":"Feature","properties":{"vineyard_id":"V24","row_id":"V24-R02","row_structure":"regular","tile":"siret3_r030_c024.tif","length_m":32.59},"geometry":{"type":"LineString","coordinates":[[630225.98,5219686.4],[630241.95,5219657.99]]}},{"type":"Feature","properties":{"vineyard_id":"V24","row_id":"V24-R03","row_structure":"regular","tile":"siret3_r030_c024.tif","length_m":37.28},"geometry":{"type":"LineString","coordinates":[[630222.77,5219686.39],[630241.03,5219653.9]]}},{"type":"Feature","properties":{"vineyard_id":"V24","row_id":"V24-R04","row_structure":"regular","tile":"siret3_r030_c024.tif","length_m":39.32},"geometry":{"type":"LineString","coordinates":[[630220.8,5219683.97],[630240.08,5219649.7]]}},{"type":"Feature","properties":{"vineyard_id":"V24","row_id":"V24-R05","row_structure":"regular","tile":"siret3_r030_c024.tif","length_m":37.25},"geometry":{"type":"LineString","coordinates":[[630220.8,5219677.85],[630239.11,5219645.42]]}},{"type":"Feature","properties":{"vineyard_id":"V24","row_id":"V24-R06","row_structure":"regular","tile":"siret3_r030_c024.tif","length_m":35.48},"geometry":{"type":"LineString","coordinates":[[630220.8,5219672.25],[630238.19,5219641.32]]}},{"type":"Feature","properties":{"vineyard_id":"V24","row_id":"V24-R07","row_structure":"regular","tile":"siret3_r030_c024.tif","length_m":36.0},"geometry":{"type":"LineString","coordinates":[[630220.8,5219666.57],[630238.5,5219635.23]]}},{"type":"Feature","properties":{"vineyard_id":"V24","row_id":"V24-R08","row_structure":"regular","tile":"siret3_r030_c024.tif","length_m":21.7},"geometry":{"type":"LineString","coordinates":[[630220.8,5219653.92],[630231.82,5219635.23]]}},{"type":"Feature","properties":{"vineyard_id":"V28","row_id":"V28-R07","row_structure":"regular","tile":"siret3_r031_c019.tif","length_m":50.66},"geometry":{"type":"LineString","coordinates":[[630015.99,5219632.85],[629983.07,5219594.34]]}},{"type":"Feature","properties":{"vineyard_id":"V28","row_id":"V28-R06","row_structure":"disrupted","tile":"siret3_r031_c019.tif","length_m":51.76},"geometry":{"type":"LineString","coordinates":[[630014.83,5219635.19],[629981.22,5219595.83]]}},{"type":"Feature","properties":{"vineyard_id":"V28","row_id":"V28-R05","row_structure":"disrupted","tile":"siret3_r031_c019.tif","length_m":44.82},"geometry":{"type":"LineString","coordinates":[[630008.3,5219631.53],[629979.24,5219597.4]]}},{"type":"Feature","properties":{"vineyard_id":"V28","row_id":"V28-R04","row_structure":"regular","tile":"siret3_r031_c019.tif","length_m":47.54},"geometry":{"type":"LineString","coordinates":[[630008.04,5219635.2],[629977.17,5219599.05]]}},{"type":"Feature","properties":{"vineyard_id":"V28","row_id":"V28-R03","row_structure":"regular","tile":"siret3_r031_c019.tif","length_m":45.44},"geometry":{"type":"LineString","coordinates":[[630004.67,5219635.2],[629975.14,5219600.67]]}},{"type":"Feature","properties":{"vineyard_id":"V28","row_id":"V28-R02","row_structure":"regular","tile":"siret3_r031_c019.tif","length_m":43.23},"geometry":{"type":"LineString","coordinates":[[630001.15,5219635.2],[629973.16,5219602.25]]}},{"type":"Feature","properties":{"vineyard_id":"V28","row_id":"V28-R01","row_structure":"regular","tile":"siret3_r031_c019.tif","length_m":41.21},"geometry":{"type":"LineString","coordinates":[[629997.9,5219635.2],[629971.06,5219603.92]]}},{"type":"Feature","properties":{"vineyard_id":"V29","row_id":"V29-R08","row_structure":"regular","tile":"siret3_r031_c020.tif","length_m":5.28},"geometry":{"type":"LineString","coordinates":[[630067.19,5219588.11],[630063.85,5219584.03]]}},{"type":"Feature","properties":{"vineyard_id":"V29","row_id":"V29-R07","row_structure":"disrupted","tile":"siret3_r031_c020.tif","length_m":15.6},"geometry":{"type":"LineString","coordinates":[[630067.18,5219596.12],[630057.34,5219584.02]]}},{"type":"Feature","properties":{"vineyard_id":"V29","row_id":"V29-R06","row_structure":"disrupted","tile":"siret3_r031_c020.tif","length_m":19.62},"geometry":{"type":"LineString","coordinates":[[630067.18,5219599.13],[630054.65,5219584.03]]}},{"type":"Feature","properties":{"vineyard_id":"V29","row_id":"V29-R05","row_structure":"disrupted","tile":"siret3_r031_c020.tif","length_m":24.35},"geometry":{"type":"LineString","coordinates":[[630067.16,5219602.76],[630051.62,5219584.02]]}},{"type":"Feature","properties":{"vineyard_id":"V29","row_id":"V29-R04","row_structure":"disrupted","tile":"siret3_r031_c020.tif","length_m":29.47},"geometry":{"type":"LineString","coordinates":[[630067.17,5219606.83],[630048.5,5219584.02]]}},{"type":"Feature","properties":{"vineyard_id":"V29","row_id":"V29-R03","row_structure":"disrupted","tile":"siret3_r031_c020.tif","length_m":34.63},"geometry":{"type":"LineString","coordinates":[[630067.17,5219610.7],[630045.12,5219584.01]]}},{"type":"Feature","properties":{"vineyard_id":"V29","row_id":"V29-R02","row_structure":"disrupted","tile":"siret3_r031_c020.tif","length_m":40.81},"geometry":{"type":"LineString","coordinates":[[630067.18,5219616.06],[630041.89,5219584.04]]}},{"type":"Feature","properties":{"vineyard_id":"V29","row_id":"V29-R01","row_structure":"disrupted","tile":"siret3_r031_c020.tif","length_m":45.37},"geometry":{"type":"LineString","coordinates":[[630067.18,5219619.35],[630038.7,5219584.03]]}},{"type":"Feature","properties":{"vineyard_id":"V28","row_id":"V28-R11","row_structure":"disrupted","tile":"siret3_r031_c020.tif","length_m":22.02},"geometry":{"type":"LineString","coordinates":[[630030.2,5219635.2],[630016.0,5219618.37]]}},{"type":"Feature","properties":{"vineyard_id":"V28","row_id":"V28-R10","row_structure":"disrupted","tile":"siret3_r031_c020.tif","length_m":17.96},"geometry":{"type":"LineString","coordinates":[[630027.31,5219635.19],[630016.0,5219621.24]]}},{"type":"Feature","properties":{"vineyard_id":"V28","row_id":"V28-R09","row_structure":"regular","tile":"siret3_r031_c020.tif","length_m":13.55},"geometry":{"type":"LineString","coordinates":[[630024.63,5219635.2],[630016.0,5219624.76]]}},{"type":"Feature","properties":{"vineyard_id":"V28","row_id":"V28-R08","row_structure":"regular","tile":"siret3_r031_c020.tif","length_m":7.92},"geometry":{"type":"LineString","coordinates":[[630021.14,5219635.2],[630016.0,5219629.18]]}},{"type":"Feature","properties":{"vineyard_id":"V30","row_id":"V30-R07","row_structure":"regular","tile":"siret3_r032_c018.tif","length_m":48.86},"geometry":{"type":"LineString","coordinates":[[629954.46,5219584.0],[629923.48,5219546.22]]}},{"type":"Feature","properties":{"vineyard_id":"V30","row_id":"V30-R06","row_structure":"regular","tile":"siret3_r032_c018.tif","length_m":46.98},"geometry":{"type":"LineString","coordinates":[[629951.01,5219584.0],[629921.31,5219547.61]]}},{"type":"Feature","properties":{"vineyard_id":"V30","row_id":"V30-R05","row_structure":"regular","tile":"siret3_r032_c018.tif","length_m":40.11},"geometry":{"type":"LineString","coordinates":[[629947.65,5219584.0],[629922.4,5219552.84]]}},{"type":"Feature","properties":{"vineyard_id":"V30","row_id":"V30-R04","row_structure":"regular","tile":"siret3_r032_c018.tif","length_m":42.03},"geometry":{"type":"LineString","coordinates":[[629944.4,5219584.0],[629918.19,5219551.15]]}},{"type":"Feature","properties":{"vineyard_id":"V30","row_id":"V30-R03","row_structure":"regular","tile":"siret3_r032_c018.tif","length_m":38.51},"geometry":{"type":"LineString","coordinates":[[629941.17,5219584.0],[629916.78,5219554.2]]}},{"type":"Feature","properties":{"vineyard_id":"V30","row_id":"V30-R02","row_structure":"regular","tile":"siret3_r032_c018.tif","length_m":35.22},"geometry":{"type":"LineString","coordinates":[[629937.72,5219584.0],[629915.4,5219556.75]]}},{"type":"Feature","properties":{"vineyard_id":"V30","row_id":"V30-R01","row_structure":"regular","tile":"siret3_r032_c018.tif","length_m":32.1},"geometry":{"type":"LineString","coordinates":[[629934.2,5219584.0],[629914.0,5219559.05]]}},{"type":"Feature","properties":{"vineyard_id":"V32","row_id":"V32-R07","row_structure":"regular","tile":"siret3_r032_c020.tif","length_m":18.44},"geometry":{"type":"LineString","coordinates":[[630035.96,5219547.53],[630024.85,5219532.82]]}},{"type":"Feature","properties":{"vineyard_id":"V32","row_id":"V32-R06","row_structure":"disrupted","tile":"siret3_r032_c020.tif","length_m":20.72},"geometry":{"type":"LineString","coordinates":[[630033.74,5219549.34],[630021.24,5219532.81]]}},{"type":"Feature","properties":{"vineyard_id":"V32","row_id":"V32-R05","row_structure":"disrupted","tile":"siret3_r032_c020.tif","length_m":22.96},"geometry":{"type":"LineString","coordinates":[[630031.53,5219551.14],[630017.71,5219532.81]]}},{"type":"Feature","properties":{"vineyard_id":"V32","row_id":"V32-R04","row_structure":"disrupted","tile":"siret3_r032_c020.tif","length_m":22.07},"geometry":{"type":"LineString","coordinates":[[630029.25,5219553.0],[630016.0,5219535.35]]}},{"type":"Feature","properties":{"vineyard_id":"V32","row_id":"V32-R02","row_structure":"disrupted","tile":"siret3_r032_c020.tif","length_m":13.17},"geometry":{"type":"LineString","coordinates":[[630023.89,5219550.83],[630016.0,5219540.28]]}},{"type":"Feature","properties":{"vineyard_id":"V33","row_id":"V33-R02","row_structure":"regular","tile":"siret3_r032_c021.tif","length_m":5.23},"geometry":{"type":"LineString","coordinates":[[630118.38,5219536.95],[630115.16,5219532.83]]}},{"type":"Feature","properties":{"vineyard_id":"V33","row_id":"V33-R01","row_structure":"regular","tile":"siret3_r032_c021.tif","length_m":11.23},"geometry":{"type":"LineString","coordinates":[[630118.38,5219541.64],[630111.44,5219532.82]]}},{"type":"Feature","properties":{"vineyard_id":"V31","row_id":"V31-R04","row_structure":"regular","tile":"siret3_r032_c021.tif","length_m":31.0},"geometry":{"type":"LineString","coordinates":[[630118.37,5219557.33],[630099.39,5219532.82]]}},{"type":"Feature","properties":{"vineyard_id":"V31","row_id":"V31-R03","row_structure":"regular","tile":"siret3_r032_c021.tif","length_m":36.57},"geometry":{"type":"LineString","coordinates":[[630118.38,5219561.7],[630095.93,5219532.82]]}},{"type":"Feature","properties":{"vineyard_id":"V31","row_id":"V31-R02","row_structure":"regular","tile":"siret3_r032_c021.tif","length_m":42.4},"geometry":{"type":"LineString","coordinates":[[630118.38,5219566.32],[630092.38,5219532.83]]}},{"type":"Feature","properties":{"vineyard_id":"V31","row_id":"V31-R01","row_structure":"regular","tile":"siret3_r032_c021.tif","length_m":47.25},"geometry":{"type":"LineString","coordinates":[[630118.38,5219570.12],[630089.37,5219532.82]]}},{"type":"Feature","properties":{"vineyard_id":"V32","row_id":"V32-R09","row_structure":"regular","tile":"siret3_r033_c019.tif","length_m":42.73},"geometry":{"type":"LineString","coordinates":[[630015.98,5219514.71],[629988.94,5219481.63]]}},{"type":"Feature","properties":{"vineyard_id":"V32","row_id":"V32-R08","row_structure":"regular","tile":"siret3_r033_c019.tif","length_m":47.85},"geometry":{"type":"LineString","coordinates":[[630015.98,5219518.59],[629985.6,5219481.62]]}},{"type":"Feature","properties":{"vineyard_id":"V32","row_id":"V32-R07","row_structure":"regular","tile":"siret3_r033_c019.tif","length_m":53.15},"geometry":{"type":"LineString","coordinates":[[630015.98,5219522.64],[629982.19,5219481.62]]}},{"type":"Feature","properties":{"vineyard_id":"V32","row_id":"V32-R06","row_structure":"regular","tile":"siret3_r033_c019.tif","length_m":55.3},"geometry":{"type":"LineString","coordinates":[[630015.99,5219526.81],[629980.85,5219484.12]]}},{"type":"Feature","properties":{"vineyard_id":"V32","row_id":"V32-R05","row_structure":"regular","tile":"siret3_r033_c019.tif","length_m":58.87},"geometry":{"type":"LineString","coordinates":[[630015.98,5219531.46],[629978.46,5219486.09]]}},{"type":"Feature","properties":{"vineyard_id":"V32","row_id":"V32-R03","row_structure":"regular","tile":"siret3_r033_c019.tif","length_m":58.2},"geometry":{"type":"LineString","coordinates":[[630013.29,5219532.8],[629976.18,5219487.97]]}},{"type":"Feature","properties":{"vineyard_id":"V32","row_id":"V32-R02","row_structure":"regular","tile":"siret3_r033_c019.tif","length_m":55.9},"geometry":{"type":"LineString","coordinates":[[630009.68,5219532.8],[629973.99,5219489.76]]}},{"type":"Feature","properties":{"vineyard_id":"V32","row_id":"V32-R01","row_structure":"regular","tile":"siret3_r033_c019.tif","length_m":52.55},"geometry":{"type":"LineString","coordinates":[[630004.4,5219532.8],[629971.15,5219492.1]]}},{"type":"Feature","properties":{"vineyard_id":"V32","row_id":"V32-R09","row_structure":"regular","tile":"siret3_r033_c020.tif","length_m":23.07},"geometry":{"type":"LineString","coordinates":[[630030.81,5219532.79],[630016.0,5219515.11]]}},{"type":"Feature","properties":{"vineyard_id":"V32","row_id":"V32-R08","row_structure":"regular","tile":"siret3_r033_c020.tif","length_m":18.45},"geometry":{"type":"LineString","coordinates":[[630027.74,5219532.8],[630016.0,5219518.57]]}},{"type":"Feature","properties":{"vineyard_id":"V32","row_id":"V32-R07","row_structure":"regular","tile":"siret3_r033_c020.tif","length_m":13.51},"geometry":{"type":"LineString","coordinates":[[630024.68,5219532.8],[630016.0,5219522.44]]}},{"type":"Feature","properties":{"vineyard_id":"V32","row_id":"V32-R06","row_structure":"regular","tile":"siret3_r033_c020.tif","length_m":7.98},"geometry":{"type":"LineString","coordinates":[[630021.11,5219532.8],[630016.01,5219526.66]]}},{"type":"Feature","properties":{"vineyard_id":"V32","row_id":"V32-R05","row_structure":"regular","tile":"siret3_r033_c020.tif","length_m":2.14},"geometry":{"type":"LineString","coordinates":[[630017.36,5219532.8],[630016.0,5219531.15]]}},{"type":"Feature","properties":{"vineyard_id":"V33","row_id":"V33-R17","row_structure":"disrupted","tile":"siret3_r033_c022.tif","length_m":65.95},"geometry":{"type":"LineString","coordinates":[[630168.42,5219532.8],[630126.84,5219481.6]]}},{"type":"Feature","properties":{"vineyard_id":"V33","row_id":"V33-R15","row_structure":"regular","tile":"siret3_r033_c022.tif","length_m":65.85},"geometry":{"type":"LineString","coordinates":[[630160.68,5219532.8],[630119.24,5219481.62]]}},{"type":"Feature","properties":{"vineyard_id":"V33","row_id":"V33-R14","row_structure":"regular","tile":"siret3_r033_c022.tif","length_m":60.26},"geometry":{"type":"LineString","coordinates":[[630156.3,5219532.8],[630118.4,5219485.95]]}},{"type":"Feature","properties":{"vineyard_id":"V33","row_id":"V33-R09","row_structure":"disrupted","tile":"siret3_r033_c022.tif","length_m":43.64},"geometry":{"type":"LineString","coordinates":[[630145.73,5219532.8],[630118.4,5219498.78]]}},{"type":"Feature","properties":{"vineyard_id":"V33","row_id":"V33-R08","row_structure":"regular","tile":"siret3_r033_c022.tif","length_m":37.3},"geometry":{"type":"LineString","coordinates":[[630141.93,5219532.8],[630118.4,5219503.87]]}},{"type":"Feature","properties":{"vineyard_id":"V33","row_id":"V33-R07","row_structure":"regular","tile":"siret3_r033_c022.tif","length_m":31.09},"geometry":{"type":"LineString","coordinates":[[630137.86,5219532.8],[630118.4,5219508.56]]}},{"type":"Feature","properties":{"vineyard_id":"V33","row_id":"V33-R06","row_structure":"regular","tile":"siret3_r033_c022.tif","length_m":24.99},"geometry":{"type":"LineString","coordinates":[[630134.01,5219532.8],[630118.4,5219513.28]]}},{"type":"Feature","properties":{"vineyard_id":"V33","row_id":"V33-R05","row_structure":"regular","tile":"siret3_r033_c022.tif","length_m":18.83},"geometry":{"type":"LineString","coordinates":[[630130.33,5219532.79],[630118.4,5219518.23]]}},{"type":"Feature","properties":{"vineyard_id":"V33","row_id":"V33-R04","row_structure":"regular","tile":"siret3_r033_c022.tif","length_m":12.31},"geometry":{"type":"LineString","coordinates":[[630126.14,5219532.8],[630118.4,5219523.23]]}},{"type":"Feature","properties":{"vineyard_id":"V33","row_id":"V33-R03","row_structure":"regular","tile":"siret3_r033_c022.tif","length_m":5.94},"geometry":{"type":"LineString","coordinates":[[630122.01,5219532.8],[630118.4,5219528.08]]}},{"type":"Feature","properties":{"vineyard_id":"V33","row_id":"V33-R10","row_structure":"regular","tile":"siret3_r033_c022.tif","length_m":2.82},"geometry":{"type":"LineString","coordinates":[[630144.34,5219526.73],[630146.83,5219525.4]]}},{"type":"Feature","properties":{"vineyard_id":"V33","row_id":"V33-R11","row_structure":"regular","tile":"siret3_r033_c022.tif","length_m":2.8},"geometry":{"type":"LineString","coordinates":[[630139.04,5219520.16],[630141.5,5219518.82]]}},{"type":"Feature","properties":{"vineyard_id":"V33","row_id":"V33-R12","row_structure":"regular","tile":"siret3_r033_c022.tif","length_m":2.75},"geometry":{"type":"LineString","coordinates":[[630136.89,5219517.44],[630139.31,5219516.14]]}},{"type":"Feature","properties":{"vineyard_id":"V33","row_id":"V33-R13","row_structure":"regular","tile":"siret3_r033_c022.tif","length_m":2.75},"geometry":{"type":"LineString","coordinates":[[630135.12,5219515.25],[630137.55,5219513.96]]}},{"type":"Feature","properties":{"vineyard_id":"V35","row_id":"V35-R10","row_structure":"regular","tile":"siret3_r034_c022.tif","length_m":11.7},"geometry":{"type":"LineString","coordinates":[[630169.58,5219439.66],[630162.41,5219430.42]]}},{"type":"Feature","properties":{"vineyard_id":"V35","row_id":"V35-R05","row_structure":"disrupted","tile":"siret3_r034_c022.tif","length_m":21.07},"geometry":{"type":"LineString","coordinates":[[630161.06,5219447.13],[630148.22,5219430.42]]}},{"type":"Feature","properties":{"vineyard_id":"V35","row_id":"V35-R03","row_structure":"disrupted","tile":"siret3_r034_c022.tif","length_m":24.27},"geometry":{"type":"LineString","coordinates":[[630157.05,5219449.68],[630142.27,5219430.43]]}},{"type":"Feature","properties":{"vineyard_id":"V35","row_id":"V35-R01","row_structure":"regular","tile":"siret3_r034_c022.tif","length_m":27.82},"geometry":{"type":"LineString","coordinates":[[630152.74,5219452.43],[630135.73,5219430.42]]}},{"type":"Feature","properties":{"vineyard_id":"V34","row_id":"V34-R06","row_structure":"disrupted","tile":"siret3_r034_c022.tif","length_m":35.55},"geometry":{"type":"LineString","coordinates":[[630143.07,5219458.6],[630121.38,5219430.43]]}},{"type":"Feature","properties":{"vineyard_id":"V34","row_id":"V34-R05","row_structure":"regular","tile":"siret3_r034_c022.tif","length_m":36.89},"geometry":{"type":"LineString","coordinates":[[630140.86,5219460.01],[630118.4,5219430.73]]}},{"type":"Feature","properties":{"vineyard_id":"V34","row_id":"V34-R04","row_structure":"disrupted","tile":"siret3_r034_c022.tif","length_m":32.85},"geometry":{"type":"LineString","coordinates":[[630138.41,5219461.56],[630118.4,5219435.51]]}},{"type":"Feature","properties":{"vineyard_id":"V34","row_id":"V34-R03","row_structure":"regular","tile":"siret3_r034_c022.tif","length_m":28.73},"geometry":{"type":"LineString","coordinates":[[630135.95,5219463.13],[630118.4,5219440.39]]}},{"type":"Feature","properties":{"vineyard_id":"V34","row_id":"V34-R02","row_structure":"regular","tile":"siret3_r034_c022.tif","length_m":20.48},"geometry":{"type":"LineString","coordinates":[[630130.95,5219461.45],[630118.4,5219445.26]]}},{"type":"Feature","properties":{"vineyard_id":"V33","row_id":"V33-R16","row_structure":"regular","tile":"siret3_r034_c022.tif","length_m":3.79},"geometry":{"type":"LineString","coordinates":[[630120.65,5219481.6],[630118.4,5219478.55]]}},{"type":"Feature","properties":{"vineyard_id":"V37","row_id":"V37-R01","row_structure":"regular","tile":"siret3_r034_c026.tif","length_m":25.3},"geometry":{"type":"LineString","coordinates":[[630374.38,5219447.85],[630354.87,5219431.74]]}},{"type":"Feature","properties":{"vineyard_id":"V36","row_id":"V36-R08","row_structure":"disrupted","tile":"siret3_r034_c026.tif","length_m":36.11},"geometry":{"type":"LineString","coordinates":[[630352.4,5219453.52],[630324.64,5219430.43]]}},{"type":"Feature","properties":{"vineyard_id":"V36","row_id":"V36-R10","row_structure":"disrupted","tile":"siret3_r034_c026.tif","length_m":35.04},"geometry":{"type":"LineString","coordinates":[[630350.07,5219454.98],[630323.2,5219432.48]]}},{"type":"Feature","properties":{"vineyard_id":"V36","row_id":"V36-R06","row_structure":"disrupted","tile":"siret3_r034_c026.tif","length_m":35.03},"geometry":{"type":"LineString","coordinates":[[630350.07,5219458.26],[630323.21,5219435.79]]}},{"type":"Feature","properties":{"vineyard_id":"V36","row_id":"V36-R04","row_structure":"disrupted","tile":"siret3_r034_c026.tif","length_m":33.88},"geometry":{"type":"LineString","coordinates":[[630349.23,5219460.72],[630323.21,5219439.04]]}},{"type":"Feature","properties":{"vineyard_id":"V36","row_id":"V36-R03","row_structure":"disrupted","tile":"siret3_r034_c026.tif","length_m":31.51},"geometry":{"type":"LineString","coordinates":[[630347.43,5219462.09],[630323.2,5219441.94]]}},{"type":"Feature","properties":{"vineyard_id":"V36","row_id":"V36-R02","row_structure":"regular","tile":"siret3_r034_c026.tif","length_m":31.16},"geometry":{"type":"LineString","coordinates":[[630347.14,5219465.4],[630323.2,5219445.44]]}},{"type":"Feature","properties":{"vineyard_id":"V36","row_id":"V36-R01","row_structure":"disrupted","tile":"siret3_r034_c026.tif","length_m":35.77},"geometry":{"type":"LineString","coordinates":[[630350.71,5219471.49],[630323.2,5219448.63]]}},{"type":"Feature","properties":{"vineyard_id":"V35","row_id":"V35-R09","row_structure":"regular","tile":"siret3_r035_c021.tif","length_m":1.18},"geometry":{"type":"LineString","coordinates":[[630118.39,5219380.15],[630117.66,5219379.23]]}},{"type":"Feature","properties":{"vineyard_id":"V35","row_id":"V35-R08","row_structure":"regular","tile":"siret3_r035_c021.tif","length_m":7.2},"geometry":{"type":"LineString","coordinates":[[630118.38,5219384.93],[630113.96,5219379.24]]}},{"type":"Feature","properties":{"vineyard_id":"V35","row_id":"V35-R05","row_structure":"regular","tile":"siret3_r035_c021.tif","length_m":17.85},"geometry":{"type":"LineString","coordinates":[[630118.38,5219393.2],[630107.28,5219379.22]]}},{"type":"Feature","properties":{"vineyard_id":"V35","row_id":"V35-R04","row_structure":"disrupted","tile":"siret3_r035_c021.tif","length_m":22.55},"geometry":{"type":"LineString","coordinates":[[630118.37,5219396.93],[630104.4,5219379.22]]}},{"type":"Feature","properties":{"vineyard_id":"V35","row_id":"V35-R01","row_structure":"regular","tile":"siret3_r035_c021.tif","length_m":30.12},"geometry":{"type":"LineString","coordinates":[[630118.39,5219409.45],[630099.81,5219385.75]]}},{"type":"Feature","properties":{"vineyard_id":"V34","row_id":"V34-R06","row_structure":"regular","tile":"siret3_r035_c021.tif","length_m":43.09},"geometry":{"type":"LineString","coordinates":[[630118.38,5219426.31],[630091.76,5219392.42]]}},{"type":"Feature","properties":{"vineyard_id":"V34","row_id":"V34-R05","row_structure":"disrupted","tile":"siret3_r035_c021.tif","length_m":41.1},"geometry":{"type":"LineString","coordinates":[[630118.17,5219430.39],[630092.83,5219398.03]]}},{"type":"Feature","properties":{"vineyard_id":"V34","row_id":"V34-R04","row_structure":"disrupted","tile":"siret3_r035_c021.tif","length_m":43.84},"geometry":{"type":"LineString","coordinates":[[630114.63,5219430.4],[630087.43,5219396.02]]}},{"type":"Feature","properties":{"vineyard_id":"V34","row_id":"V34-R03","row_structure":"disrupted","tile":"siret3_r035_c021.tif","length_m":41.18},"geometry":{"type":"LineString","coordinates":[[630110.46,5219430.4],[630084.99,5219398.05]]}},{"type":"Feature","properties":{"vineyard_id":"V34","row_id":"V34-R02","row_structure":"disrupted","tile":"siret3_r035_c021.tif","length_m":38.56},"geometry":{"type":"LineString","coordinates":[[630106.36,5219430.4],[630082.61,5219400.02]]}},{"type":"Feature","properties":{"vineyard_id":"V34","row_id":"V34-R01","row_structure":"disrupted","tile":"siret3_r035_c021.tif","length_m":36.64},"geometry":{"type":"LineString","coordinates":[[630103.37,5219430.4],[630080.65,5219401.65]]}},{"type":"Feature","properties":{"vineyard_id":"V38","row_id":"V38-R09","row_structure":"regular","tile":"siret3_r035_c022.tif","length_m":11.45},"geometry":{"type":"LineString","coordinates":[[630169.58,5219388.2],[630162.49,5219379.21]]}},{"type":"Feature","properties":{"vineyard_id":"V38","row_id":"V38-R08","row_structure":"regular","tile":"siret3_r035_c022.tif","length_m":17.0},"geometry":{"type":"LineString","coordinates":[[630169.58,5219392.56],[630159.05,5219379.22]]}},{"type":"Feature","properties":{"vineyard_id":"V38","row_id":"V38-R07","row_structure":"disrupted","tile":"siret3_r035_c022.tif","length_m":21.62},"geometry":{"type":"LineString","coordinates":[[630169.58,5219396.19],[630156.18,5219379.22]]}},{"type":"Feature","properties":{"vineyard_id":"V38","row_id":"V38-R05","row_structure":"regular","tile":"siret3_r035_c022.tif","length_m":37.95},"geometry":{"type":"LineString","coordinates":[[630169.58,5219409.17],[630146.26,5219379.23]]}},{"type":"Feature","properties":{"vineyard_id":"V38","row_id":"V38-R04","row_structure":"regular","tile":"siret3_r035_c022.tif","length_m":43.65},"geometry":{"type":"LineString","coordinates":[[630169.59,5219413.77],[630142.89,5219379.24]]}},{"type":"Feature","properties":{"vineyard_id":"V38","row_id":"V38-R03","row_structure":"regular","tile":"siret3_r035_c022.tif","length_m":48.58},"geometry":{"type":"LineString","coordinates":[[630169.58,5219417.38],[630139.53,5219379.21]]}},{"type":"Feature","properties":{"vineyard_id":"V38","row_id":"V38-R02","row_structure":"regular","tile":"siret3_r035_c022.tif","length_m":53.43},"geometry":{"type":"LineString","coordinates":[[630169.58,5219421.07],[630136.37,5219379.22]]}},{"type":"Feature","properties":{"vineyard_id":"V38","row_id":"V38-R01","row_structure":"regular","tile":"siret3_r035_c022.tif","length_m":59.4},"geometry":{"type":"LineString","coordinates":[[630169.59,5219425.9],[630132.85,5219379.22]]}},{"type":"Feature","properties":{"vineyard_id":"V35","row_id":"V35-R05","row_structure":"regular","tile":"siret3_r035_c022.tif","length_m":48.09},"geometry":{"type":"LineString","coordinates":[[630148.09,5219430.4],[630118.4,5219392.58]]}},{"type":"Feature","properties":{"vineyard_id":"V35","row_id":"V35-R04","row_structure":"disrupted","tile":"siret3_r035_c022.tif","length_m":42.34},"geometry":{"type":"LineString","coordinates":[[630144.69,5219430.4],[630118.4,5219397.21]]}},{"type":"Feature","properties":{"vineyard_id":"V35","row_id":"V35-R03","row_structure":"disrupted","tile":"siret3_r035_c022.tif","length_m":38.17},"geometry":{"type":"LineString","coordinates":[[630142.01,5219430.39],[630118.4,5219400.39]]}},{"type":"Feature","properties":{"vineyard_id":"V35","row_id":"V35-R01","row_structure":"regular","tile":"siret3_r035_c022.tif","length_m":27.12},"geometry":{"type":"LineString","coordinates":[[630135.27,5219430.4],[630118.4,5219409.17]]}},{"type":"Feature","properties":{"vineyard_id":"V34","row_id":"V34-R06","row_structure":"regular","tile":"siret3_r035_c022.tif","length_m":4.42},"geometry":{"type":"LineString","coordinates":[[630121.07,5219430.4],[630118.41,5219426.88]]}},{"type":"Feature","properties":{"vineyard_id":"V38","row_id":"V38-R06","row_structure":"disrupted","tile":"siret3_r035_c022.tif","length_m":11.93},"geometry":{"type":"LineString","coordinates":[[630169.57,5219399.42],[630159.66,5219392.78]]}},{"type":"Feature","properties":{"vineyard_id":"V35","row_id":"V35-R07","row_structure":"disrupted","tile":"siret3_r035_c022.tif","length_m":20.14},"geometry":{"type":"LineString","coordinates":[[630158.66,5219430.4],[630142.05,5219419.01]]}},{"type":"Feature","properties":{"vineyard_id":"V35","row_id":"V35-R06","row_structure":"regular","tile":"siret3_r035_c022.tif","length_m":7.19},"geometry":{"type":"LineString","coordinates":[[630153.74,5219430.4],[630147.8,5219426.35]]}},{"type":"Feature","properties":{"vineyard_id":"V35","row_id":"V35-R02","row_structure":"regular","tile":"siret3_r035_c022.tif","length_m":2.72},"geometry":{"type":"LineString","coordinates":[[630132.43,5219421.87],[630130.18,5219420.34]]}},{"type":"Feature","properties":{"vineyard_id":"V41","row_id":"V41-R20","row_structure":"disrupted","tile":"siret3_r035_c025.tif","length_m":30.85},"geometry":{"type":"LineString","coordinates":[[630323.19,5219404.54],[630305.56,5219379.22]]}},{"type":"Feature","properties":{"vineyard_id":"V41","row_id":"V41-R18","row_structure":"regular","tile":"siret3_r035_c025.tif","length_m":36.71},"geometry":{"type":"LineString","coordinates":[[630323.17,5219409.63],[630302.59,5219379.23]]}},{"type":"Feature","properties":{"vineyard_id":"V41","row_id":"V41-R17","row_structure":"disrupted","tile":"siret3_r035_c025.tif","length_m":42.45},"geometry":{"type":"LineString","coordinates":[[630323.19,5219414.08],[630298.96,5219379.21]]}},{"type":"Feature","properties":{"vineyard_id":"V41","row_id":"V41-R16","row_structure":"regular","tile":"siret3_r035_c025.tif","length_m":48.22},"geometry":{"type":"LineString","coordinates":[[630319.07,5219418.67],[630291.35,5219379.22]]}},{"type":"Feature","properties":{"vineyard_id":"V36","row_id":"V36-R20","row_structure":"regular","tile":"siret3_r035_c025.tif","length_m":2.11},"geometry":{"type":"LineString","coordinates":[[630319.83,5219425.17],[630318.61,5219423.44]]}},{"type":"Feature","properties":{"vineyard_id":"V41","row_id":"V41-R15","row_structure":"regular","tile":"siret3_r035_c025.tif","length_m":50.98},"geometry":{"type":"LineString","coordinates":[[630316.86,5219420.94],[630287.57,5219379.22]]}},{"type":"Feature","properties":{"vineyard_id":"V41","row_id":"V41-R14","row_structure":"regular","tile":"siret3_r035_c025.tif","length_m":53.66},"geometry":{"type":"LineString","coordinates":[[630314.8,5219423.07],[630283.86,5219379.22]]}},{"type":"Feature","properties":{"vineyard_id":"V41","row_id":"V41-R13","row_structure":"regular","tile":"siret3_r035_c025.tif","length_m":56.39},"geometry":{"type":"LineString","coordinates":[[630312.6,5219425.33],[630280.13,5219379.22]]}},{"type":"Feature","properties":{"vineyard_id":"V41","row_id":"V41-R11","row_structure":"regular","tile":"siret3_r035_c025.tif","length_m":59.37},"geometry":{"type":"LineString","coordinates":[[630310.27,5219427.73],[630276.05,5219379.21]]}},{"type":"Feature","properties":{"vineyard_id":"V41","row_id":"V41-R09","row_structure":"regular","tile":"siret3_r035_c025.tif","length_m":62.5},"geometry":{"type":"LineString","coordinates":[[630309.09,5219430.4],[630273.2,5219379.23]]}},{"type":"Feature","properties":{"vineyard_id":"V41","row_id":"V41-R08","row_structure":"regular","tile":"siret3_r035_c025.tif","length_m":59.12},"geometry":{"type":"LineString","coordinates":[[630305.93,5219430.4],[630272.0,5219381.99]]}},{"type":"Feature","properties":{"vineyard_id":"V41","row_id":"V41-R07","row_structure":"regular","tile":"siret3_r035_c025.tif","length_m":48.87},"geometry":{"type":"LineString","coordinates":[[630300.1,5219426.94],[630272.0,5219386.95]]}},{"type":"Feature","properties":{"vineyard_id":"V41","row_id":"V41-R06","row_structure":"regular","tile":"siret3_r035_c025.tif","length_m":47.96},"geometry":{"type":"LineString","coordinates":[[630299.58,5219430.39],[630272.0,5219391.15]]}},{"type":"Feature","properties":{"vineyard_id":"V41","row_id":"V41-R05","row_structure":"disrupted","tile":"siret3_r035_c025.tif","length_m":42.83},"geometry":{"type":"LineString","coordinates":[[630296.55,5219430.4],[630272.0,5219395.31]]}},{"type":"Feature","properties":{"vineyard_id":"V41","row_id":"V41-R04","row_structure":"disrupted","tile":"siret3_r035_c025.tif","length_m":34.55},"geometry":{"type":"LineString","coordinates":[[630291.86,5219430.4],[630272.0,5219402.14]]}},{"type":"Feature","properties":{"vineyard_id":"V41","row_id":"V41-R03","row_structure":"disrupted","tile":"siret3_r035_c025.tif","length_m":22.74},"geometry":{"type":"LineString","coordinates":[[630285.16,5219430.4],[630272.0,5219411.85]]}},{"type":"Feature","properties":{"vineyard_id":"V41","row_id":"V41-R02","row_structure":"regular","tile":"siret3_r035_c025.tif","length_m":16.09},"geometry":{"type":"LineString","coordinates":[[630281.26,5219430.4],[630272.0,5219417.23]]}},{"type":"Feature","properties":{"vineyard_id":"V41","row_id":"V41-R01","row_structure":"regular","tile":"siret3_r035_c025.tif","length_m":4.13},"geometry":{"type":"LineString","coordinates":[[630274.31,5219430.4],[630272.0,5219426.98]]}},{"type":"Feature","properties":{"vineyard_id":"V36","row_id":"V36-R11","row_structure":"regular","tile":"siret3_r035_c026.tif","length_m":30.17},"geometry":{"type":"LineString","coordinates":[[630342.73,5219430.4],[630362.58,5219407.67]]}},{"type":"Feature","properties":{"vineyard_id":"V36","row_id":"V36-R12","row_structure":"regular","tile":"siret3_r035_c026.tif","length_m":35.9},"geometry":{"type":"LineString","coordinates":[[630339.01,5219430.4],[630362.62,5219403.35]]}},{"type":"Feature","properties":{"vineyard_id":"V36","row_id":"V36-R13","row_structure":"disrupted","tile":"siret3_r035_c026.tif","length_m":59.65},"geometry":{"type":"LineString","coordinates":[[630335.36,5219430.4],[630374.38,5219385.28]]}},{"type":"Feature","properties":{"vineyard_id":"V36","row_id":"V36-R14","row_structure":"regular","tile":"siret3_r035_c026.tif","length_m":65.13},"geometry":{"type":"LineString","coordinates":[[630331.74,5219430.39],[630374.39,5219381.17]]}},{"type":"Feature","properties":{"vineyard_id":"V36","row_id":"V36-R15","row_structure":"disrupted","tile":"siret3_r035_c026.tif","length_m":63.73},"geometry":{"type":"LineString","coordinates":[[630330.81,5219427.33],[630372.6,5219379.22]]}},{"type":"Feature","properties":{"vineyard_id":"V36","row_id":"V36-R16","row_structure":"disrupted","tile":"siret3_r035_c026.tif","length_m":68.0},"geometry":{"type":"LineString","coordinates":[[630324.45,5219430.4],[630369.22,5219379.22]]}},{"type":"Feature","properties":{"vineyard_id":"V36","row_id":"V36-R17","row_structure":"regular","tile":"siret3_r035_c026.tif","length_m":58.98},"geometry":{"type":"LineString","coordinates":[[630326.94,5219423.71],[630365.64,5219379.22]]}},{"type":"Feature","properties":{"vineyard_id":"V36","row_id":"V36-R18","row_structure":"regular","tile":"siret3_r035_c026.tif","length_m":59.17},"geometry":{"type":"LineString","coordinates":[[630323.2,5219423.84],[630362.07,5219379.22]]}},{"type":"Feature","properties":{"vineyard_id":"V36","row_id":"V36-R19","row_structure":"regular","tile":"siret3_r035_c026.tif","length_m":54.42},"geometry":{"type":"LineString","coordinates":[[630323.2,5219420.25],[630358.97,5219379.24]]}},{"type":"Feature","properties":{"vineyard_id":"V41","row_id":"V41-R22","row_structure":"disrupted","tile":"siret3_r035_c026.tif","length_m":36.95},"geometry":{"type":"LineString","coordinates":[[630323.2,5219407.09],[630347.47,5219379.22]]}},{"type":"Feature","properties":{"vineyard_id":"V37","row_id":"V37-R04","row_structure":"regular","tile":"siret3_r035_c026.tif","length_m":14.12},"geometry":{"type":"LineString","coordinates":[[630370.54,5219430.4],[630363.08,5219418.41]]}},{"type":"Feature","properties":{"vineyard_id":"V37","row_id":"V37-R03","row_structure":"regular","tile":"siret3_r035_c026.tif","length_m":14.8},"geometry":{"type":"LineString","coordinates":[[630367.6,5219430.4],[630359.73,5219417.87]]}},{"type":"Feature","properties":{"vineyard_id":"V37","row_id":"V37-R02","row_structure":"disrupted","tile":"siret3_r035_c026.tif","length_m":7.4},"geometry":{"type":"LineString","coordinates":[[630362.07,5219430.4],[630358.14,5219424.13]]}},{"type":"Feature","properties":{"vineyard_id":"V36","row_id":"V36-R05","row_structure":"disrupted","tile":"siret3_r035_c026.tif","length_m":10.52},"geometry":{"type":"LineString","coordinates":[[630359.28,5219430.4],[630353.7,5219421.48]]}},{"type":"Feature","properties":{"vineyard_id":"V36","row_id":"V36-R09","row_structure":"regular","tile":"siret3_r035_c026.tif","length_m":3.65},"geometry":{"type":"LineString","coordinates":[[630354.11,5219426.32],[630352.16,5219423.24]]}},{"type":"Feature","properties":{"vineyard_id":"V36","row_id":"V36-R07","row_structure":"regular","tile":"siret3_r035_c026.tif","length_m":5.97},"geometry":{"type":"LineString","coordinates":[[630353.46,5219430.4],[630350.31,5219425.33]]}},{"type":"Feature","properties":{"vineyard_id":"V41","row_id":"V41-R19","row_structure":"regular","tile":"siret3_r035_c026.tif","length_m":4.53},"geometry":{"type":"LineString","coordinates":[[630326.21,5219413.18],[630323.72,5219409.4]]}},{"type":"Feature","properties":{"vineyard_id":"V42","row_id":"V42-R14","row_structure":"regular","tile":"siret3_r036_c024.tif","length_m":17.32},"geometry":{"type":"LineString","coordinates":[[630271.97,5219342.62],[630262.65,5219328.02]]}},{"type":"Feature","properties":{"vineyard_id":"V42","row_id":"V42-R13","row_structure":"regular","tile":"siret3_r036_c024.tif","length_m":22.83},"geometry":{"type":"LineString","coordinates":[[630271.98,5219347.17],[630259.54,5219328.04]]}},{"type":"Feature","properties":{"vineyard_id":"V42","row_id":"V42-R12","row_structure":"disrupted","tile":"siret3_r036_c024.tif","length_m":28.78},"geometry":{"type":"LineString","coordinates":[[630271.98,5219352.16],[630256.32,5219328.02]]}},{"type":"Feature","properties":{"vineyard_id":"V42","row_id":"V42-R11","row_structure":"disrupted","tile":"siret3_r036_c024.tif","length_m":34.85},"geometry":{"type":"LineString","coordinates":[[630271.98,5219357.41],[630253.24,5219328.02]]}},{"type":"Feature","properties":{"vineyard_id":"V42","row_id":"V42-R10","row_structure":"disrupted","tile":"siret3_r036_c024.tif","length_m":40.87},"geometry":{"type":"LineString","coordinates":[[630271.98,5219362.5],[630250.02,5219328.03]]}},{"type":"Feature","properties":{"vineyard_id":"V42","row_id":"V42-R09","row_structure":"disrupted","tile":"siret3_r036_c024.tif","length_m":40.86},"geometry":{"type":"LineString","coordinates":[[630268.89,5219362.5],[630246.96,5219328.02]]}},{"type":"Feature","properties":{"vineyard_id":"V42","row_id":"V42-R08","row_structure":"regular","tile":"siret3_r036_c024.tif","length_m":43.02},"geometry":{"type":"LineString","coordinates":[[630267.11,5219364.27],[630243.93,5219328.02]]}},{"type":"Feature","properties":{"vineyard_id":"V42","row_id":"V42-R07","row_structure":"disrupted","tile":"siret3_r036_c024.tif","length_m":45.12},"geometry":{"type":"LineString","coordinates":[[630265.26,5219366.09],[630241.04,5219328.03]]}},{"type":"Feature","properties":{"vineyard_id":"V42","row_id":"V42-R06","row_structure":"regular","tile":"siret3_r036_c024.tif","length_m":47.28},"geometry":{"type":"LineString","coordinates":[[630263.46,5219367.88],[630238.01,5219328.03]]}},{"type":"Feature","properties":{"vineyard_id":"V42","row_id":"V42-R05","row_structure":"regular","tile":"siret3_r036_c024.tif","length_m":49.53},"geometry":{"type":"LineString","coordinates":[[630261.55,5219369.77],[630234.89,5219328.03]]}},{"type":"Feature","properties":{"vineyard_id":"V40","row_id":"V40-R03","row_structure":"regular","tile":"siret3_r036_c024.tif","length_m":6.05},"geometry":{"type":"LineString","coordinates":[[630264.42,5219379.2],[630261.17,5219374.1]]}},{"type":"Feature","properties":{"vineyard_id":"V42","row_id":"V42-R04","row_structure":"regular","tile":"siret3_r036_c024.tif","length_m":51.58},"geometry":{"type":"LineString","coordinates":[[630259.52,5219371.52],[630231.78,5219328.03]]}},{"type":"Feature","properties":{"vineyard_id":"V40","row_id":"V40-R02","row_structure":"disrupted","tile":"siret3_r036_c024.tif","length_m":4.72},"geometry":{"type":"LineString","coordinates":[[630260.73,5219379.2],[630258.2,5219375.22]]}},{"type":"Feature","properties":{"vineyard_id":"V42","row_id":"V42-R03","row_structure":"disrupted","tile":"siret3_r036_c024.tif","length_m":52.85},"geometry":{"type":"LineString","coordinates":[[630256.55,5219372.63],[630228.18,5219328.04]]}},{"type":"Feature","properties":{"vineyard_id":"V40","row_id":"V40-R01","row_structure":"disrupted","tile":"siret3_r036_c024.tif","length_m":3.45},"geometry":{"type":"LineString","coordinates":[[630257.23,5219379.19],[630255.38,5219376.28]]}},{"type":"Feature","properties":{"vineyard_id":"V42","row_id":"V42-R02","row_structure":"disrupted","tile":"siret3_r036_c024.tif","length_m":54.09},"geometry":{"type":"LineString","coordinates":[[630253.74,5219373.69],[630224.77,5219328.02]]}},{"type":"Feature","properties":{"vineyard_id":"V42","row_id":"V42-R01","row_structure":"disrupted","tile":"siret3_r036_c024.tif","length_m":55.33},"geometry":{"type":"LineString","coordinates":[[630251.0,5219374.72],[630221.3,5219328.03]]}},{"type":"Feature","properties":{"vineyard_id":"V39","row_id":"V39-R03","row_structure":"disrupted","tile":"siret3_r036_c024.tif","length_m":29.26},"geometry":{"type":"LineString","coordinates":[[630236.18,5219379.2],[630220.8,5219354.3]]}},{"type":"Feature","properties":{"vineyard_id":"V39","row_id":"V39-R02","row_structure":"disrupted","tile":"siret3_r036_c024.tif","length_m":17.86},"geometry":{"type":"LineString","coordinates":[[630229.99,5219379.2],[630220.8,5219363.89]]}},{"type":"Feature","properties":{"vineyard_id":"V39","row_id":"V39-R01","row_structure":"regular","tile":"siret3_r036_c024.tif","length_m":10.89},"geometry":{"type":"LineString","coordinates":[[630226.65,5219379.2],[630220.8,5219370.01]]}},{"type":"Feature","properties":{"vineyard_id":"V41","row_id":"V41-R30","row_structure":"regular","tile":"siret3_r036_c025.tif","length_m":10.4},"geometry":{"type":"LineString","coordinates":[[630323.18,5219336.72],[630317.48,5219328.02]]}},{"type":"Feature","properties":{"vineyard_id":"V41","row_id":"V41-R29","row_structure":"regular","tile":"siret3_r036_c025.tif","length_m":17.75},"geometry":{"type":"LineString","coordinates":[[630323.18,5219343.05],[630313.73,5219328.03]]}},{"type":"Feature","properties":{"vineyard_id":"V41","row_id":"V41-R28","row_structure":"regular","tile":"siret3_r036_c025.tif","length_m":24.27},"geometry":{"type":"LineString","coordinates":[[630323.18,5219348.58],[630310.26,5219328.04]]}},{"type":"Feature","properties":{"vineyard_id":"V41","row_id":"V41-R27","row_structure":"regular","tile":"siret3_r036_c025.tif","length_m":30.7},"geometry":{"type":"LineString","coordinates":[[630323.18,5219354.09],[630306.95,5219328.03]]}},{"type":"Feature","properties":{"vineyard_id":"V41","row_id":"V41-R26","row_structure":"regular","tile":"siret3_r036_c025.tif","length_m":36.9},"geometry":{"type":"LineString","coordinates":[[630323.18,5219359.43],[630303.81,5219328.02]]}},{"type":"Feature","properties":{"vineyard_id":"V41","row_id":"V41-R25","row_structure":"disrupted","tile":"siret3_r036_c025.tif","length_m":32.2},"geometry":{"type":"LineString","coordinates":[[630323.17,5219363.88],[630306.22,5219336.5]]}},{"type":"Feature","properties":{"vineyard_id":"V41","row_id":"V41-R24","row_structure":"regular","tile":"siret3_r036_c025.tif","length_m":36.01},"geometry":{"type":"LineString","coordinates":[[630320.88,5219364.62],[630301.89,5219334.03]]}},{"type":"Feature","properties":{"vineyard_id":"V41","row_id":"V41-R23","row_structure":"disrupted","tile":"siret3_r036_c025.tif","length_m":43.44},"geometry":{"type":"LineString","coordinates":[[630323.18,5219372.58],[630300.15,5219335.76]]}},{"type":"Feature","properties":{"vineyard_id":"V41","row_id":"V41-R21","row_structure":"regular","tile":"siret3_r036_c025.tif","length_m":47.03},"geometry":{"type":"LineString","coordinates":[[630323.18,5219377.45],[630298.44,5219337.46]]}},{"type":"Feature","properties":{"vineyard_id":"V41","row_id":"V41-R12","row_structure":"regular","tile":"siret3_r036_c025.tif","length_m":10.37},"geometry":{"type":"LineString","coordinates":[[630277.32,5219379.2],[630272.0,5219370.29]]}},{"type":"Feature","properties":{"vineyard_id":"V41","row_id":"V41-R10","row_structure":"regular","tile":"siret3_r036_c025.tif","length_m":4.67},"geometry":{"type":"LineString","coordinates":[[630274.36,5219379.2],[630272.0,5219375.17]]}},{"type":"Feature","properties":{"vineyard_id":"V41","row_id":"V41-R30","row_structure":"regular","tile":"siret3_r036_c026.tif","length_m":49.54},"geometry":{"type":"LineString","coordinates":[[630349.26,5219379.2],[630323.2,5219337.07]]}},{"type":"Feature","properties":{"vineyard_id":"V41","row_id":"V41-R29","row_structure":"regular","tile":"siret3_r036_c026.tif","length_m":42.71},"geometry":{"type":"LineString","coordinates":[[630345.77,5219379.2],[630323.2,5219342.94]]}},{"type":"Feature","properties":{"vineyard_id":"V41","row_id":"V41-R28","row_structure":"regular","tile":"siret3_r036_c026.tif","length_m":36.11},"geometry":{"type":"LineString","coordinates":[[630342.37,5219379.2],[630323.2,5219348.61]]}},{"type":"Feature","properties":{"vineyard_id":"V41","row_id":"V41-R27","row_structure":"regular","tile":"siret3_r036_c026.tif","length_m":29.69},"geometry":{"type":"LineString","coordinates":[[630338.84,5219379.2],[630323.2,5219353.95]]}},{"type":"Feature","properties":{"vineyard_id":"V41","row_id":"V41-R26","row_structure":"regular","tile":"siret3_r036_c026.tif","length_m":23.19},"geometry":{"type":"LineString","coordinates":[[630335.35,5219379.2],[630323.2,5219359.45]]}},{"type":"Feature","properties":{"vineyard_id":"V41","row_id":"V41-R25","row_structure":"regular","tile":"siret3_r036_c026.tif","length_m":17.19},"geometry":{"type":"LineString","coordinates":[[630332.21,5219379.2],[630323.2,5219364.56]]}},{"type":"Feature","properties":{"vineyard_id":"V41","row_id":"V41-R24","row_structure":"regular","tile":"siret3_r036_c026.tif","length_m":12.52},"geometry":{"type":"LineString","coordinates":[[630329.75,5219379.2],[630323.2,5219368.52]]}},{"type":"Feature","properties":{"vineyard_id":"V36","row_id":"V36-R16","row_structure":"regular","tile":"siret3_r036_c026.tif","length_m":8.27},"geometry":{"type":"LineString","coordinates":[[630369.01,5219379.2],[630374.37,5219372.92]]}},{"type":"Feature","properties":{"vineyard_id":"V36","row_id":"V36-R17","row_structure":"regular","tile":"siret3_r036_c026.tif","length_m":13.67},"geometry":{"type":"LineString","coordinates":[[630365.42,5219379.2],[630374.38,5219368.88]]}},{"type":"Feature","properties":{"vineyard_id":"V36","row_id":"V36-R18","row_structure":"regular","tile":"siret3_r036_c026.tif","length_m":18.78},"geometry":{"type":"LineString","coordinates":[[630362.12,5219379.19],[630374.39,5219364.98]]}},{"type":"Feature","properties":{"vineyard_id":"V46","row_id":"V46-R05","row_structure":"regular","tile":"siret3_r037_c023.tif","length_m":42.23},"geometry":{"type":"LineString","coordinates":[[630179.28,5219302.71],[630212.64,5219276.83]]}},{"type":"Feature","properties":{"vineyard_id":"V46","row_id":"V46-R06","row_structure":"regular","tile":"siret3_r037_c023.tif","length_m":38.5},"geometry":{"type":"LineString","coordinates":[[630177.54,5219300.43],[630207.94,5219276.82]]}},{"type":"Feature","properties":{"vineyard_id":"V46","row_id":"V46-R07","row_structure":"regular","tile":"siret3_r037_c023.tif","length_m":34.99},"geometry":{"type":"LineString","coordinates":[[630175.92,5219298.29],[630203.55,5219276.82]]}},{"type":"Feature","properties":{"vineyard_id":"V46","row_id":"V46-R08","row_structure":"regular","tile":"siret3_r037_c023.tif","length_m":31.41},"geometry":{"type":"LineString","coordinates":[[630174.28,5219296.14],[630199.06,5219276.82]]}},{"type":"Feature","properties":{"vineyard_id":"V46","row_id":"V46-R09","row_structure":"regular","tile":"siret3_r037_c023.tif","length_m":27.83},"geometry":{"type":"LineString","coordinates":[[630172.63,5219293.96],[630194.57,5219276.83]]}},{"type":"Feature","properties":{"vineyard_id":"V46","row_id":"V46-R10","row_structure":"regular","tile":"siret3_r037_c023.tif","length_m":26.3},"geometry":{"type":"LineString","coordinates":[[630169.61,5219292.9],[630190.42,5219276.82]]}},{"type":"Feature","properties":{"vineyard_id":"V46","row_id":"V46-R11","row_structure":"disrupted","tile":"siret3_r037_c023.tif","length_m":20.82},"geometry":{"type":"LineString","coordinates":[[630169.6,5219289.7],[630185.96,5219276.83]]}},{"type":"Feature","properties":{"vineyard_id":"V46","row_id":"V46-R12","row_structure":"regular","tile":"siret3_r037_c023.tif","length_m":15.22},"geometry":{"type":"LineString","coordinates":[[630169.61,5219286.29],[630181.53,5219276.82]]}},{"type":"Feature","properties":{"vineyard_id":"V46","row_id":"V46-R13","row_structure":"regular","tile":"siret3_r037_c023.tif","length_m":9.33},"geometry":{"type":"LineString","coordinates":[[630169.6,5219282.54],[630176.98,5219276.83]]}},{"type":"Feature","properties":{"vineyard_id":"V46","row_id":"V46-R14","row_structure":"regular","tile":"siret3_r037_c023.tif","length_m":3.78},"geometry":{"type":"LineString","coordinates":[[630169.6,5219279.14],[630172.57,5219276.82]]}},{"type":"Feature","properties":{"vineyard_id":"V42","row_id":"V42-R05","row_structure":"regular","tile":"siret3_r037_c023.tif","length_m":16.06},"geometry":{"type":"LineString","coordinates":[[630220.78,5219306.05],[630212.12,5219292.52]]}},{"type":"Feature","properties":{"vineyard_id":"V42","row_id":"V42-R03","row_structure":"regular","tile":"siret3_r037_c023.tif","length_m":21.0},"geometry":{"type":"LineString","coordinates":[[630220.8,5219316.37],[630209.53,5219298.65]]}},{"type":"Feature","properties":{"vineyard_id":"V42","row_id":"V42-R02","row_structure":"regular","tile":"siret3_r037_c023.tif","length_m":24.8},"geometry":{"type":"LineString","coordinates":[[630220.78,5219321.65],[630207.46,5219300.74]]}},{"type":"Feature","properties":{"vineyard_id":"V42","row_id":"V42-R01","row_structure":"regular","tile":"siret3_r037_c023.tif","length_m":29.4},"geometry":{"type":"LineString","coordinates":[[630220.78,5219327.01],[630204.98,5219302.22]]}},{"type":"Feature","properties":{"vineyard_id":"V45","row_id":"V45-R02","row_structure":"regular","tile":"siret3_r037_c024.tif","length_m":1.13},"geometry":{"type":"LineString","coordinates":[[630271.98,5219277.78],[630271.37,5219276.83]]}},{"type":"Feature","properties":{"vineyard_id":"V44","row_id":"V44-R06","row_structure":"regular","tile":"siret3_r037_c024.tif","length_m":25.75},"geometry":{"type":"LineString","coordinates":[[630271.98,5219298.49],[630258.08,5219276.82]]}},{"type":"Feature","properties":{"vineyard_id":"V44","row_id":"V44-R05","row_structure":"regular","tile":"siret3_r037_c024.tif","length_m":31.02},"geometry":{"type":"LineString","coordinates":[[630271.98,5219302.94],[630255.25,5219276.81]]}},{"type":"Feature","properties":{"vineyard_id":"V44","row_id":"V44-R04","row_structure":"regular","tile":"siret3_r037_c024.tif","length_m":36.88},"geometry":{"type":"LineString","coordinates":[[630271.99,5219307.95],[630252.2,5219276.84]]}},{"type":"Feature","properties":{"vineyard_id":"V42","row_id":"V42-R14","row_structure":"regular","tile":"siret3_r037_c024.tif","length_m":60.72},"geometry":{"type":"LineString","coordinates":[[630262.94,5219328.0],[630230.27,5219276.82]]}},{"type":"Feature","properties":{"vineyard_id":"V42","row_id":"V42-R13","row_structure":"disrupted","tile":"siret3_r037_c024.tif","length_m":52.4},"geometry":{"type":"LineString","coordinates":[[630255.1,5219321.01],[630226.91,5219276.84]]}},{"type":"Feature","properties":{"vineyard_id":"V42","row_id":"V42-R12","row_structure":"disrupted","tile":"siret3_r037_c024.tif","length_m":51.7},"geometry":{"type":"LineString","coordinates":[[630256.44,5219328.0],[630228.64,5219284.41]]}},{"type":"Feature","properties":{"vineyard_id":"V42","row_id":"V42-R11","row_structure":"regular","tile":"siret3_r037_c024.tif","length_m":54.02},"geometry":{"type":"LineString","coordinates":[[630253.31,5219328.0],[630224.2,5219282.49]]}},{"type":"Feature","properties":{"vineyard_id":"V46","row_id":"V46-R01","row_structure":"regular","tile":"siret3_r037_c024.tif","length_m":3.29},"geometry":{"type":"LineString","coordinates":[[630222.57,5219279.95],[630220.8,5219277.17]]}},{"type":"Feature","properties":{"vineyard_id":"V42","row_id":"V42-R10","row_structure":"disrupted","tile":"siret3_r037_c024.tif","length_m":53.91},"geometry":{"type":"LineString","coordinates":[[630249.93,5219328.0],[630220.8,5219282.63]]}},{"type":"Feature","properties":{"vineyard_id":"V42","row_id":"V42-R09","row_structure":"disrupted","tile":"siret3_r037_c024.tif","length_m":48.08},"geometry":{"type":"LineString","coordinates":[[630246.87,5219328.0],[630220.8,5219287.6]]}},{"type":"Feature","properties":{"vineyard_id":"V42","row_id":"V42-R08","row_structure":"disrupted","tile":"siret3_r037_c024.tif","length_m":42.69},"geometry":{"type":"LineString","coordinates":[[630243.87,5219328.0],[630220.8,5219292.08]]}},{"type":"Feature","properties":{"vineyard_id":"V42","row_id":"V42-R07","row_structure":"disrupted","tile":"siret3_r037_c024.tif","length_m":37.08},"geometry":{"type":"LineString","coordinates":[[630240.96,5219328.0],[630220.8,5219296.88]]}},{"type":"Feature","properties":{"vineyard_id":"V42","row_id":"V42-R06","row_structure":"disrupted","tile":"siret3_r037_c024.tif","length_m":31.76},"geometry":{"type":"LineString","coordinates":[[630237.97,5219328.0],[630220.81,5219301.27]]}},{"type":"Feature","properties":{"vineyard_id":"V42","row_id":"V42-R05","row_structure":"disrupted","tile":"siret3_r037_c024.tif","length_m":26.01},"geometry":{"type":"LineString","coordinates":[[630234.64,5219328.0],[630220.8,5219305.98]]}},{"type":"Feature","properties":{"vineyard_id":"V42","row_id":"V42-R04","row_structure":"disrupted","tile":"siret3_r037_c024.tif","length_m":20.13},"geometry":{"type":"LineString","coordinates":[[630231.59,5219328.0],[630220.8,5219311.0]]}},{"type":"Feature","properties":{"vineyard_id":"V42","row_id":"V42-R03","row_structure":"regular","tile":"siret3_r037_c024.tif","length_m":13.86},"geometry":{"type":"LineString","coordinates":[[630228.05,5219328.0],[630220.8,5219316.19]]}},{"type":"Feature","properties":{"vineyard_id":"V42","row_id":"V42-R02","row_structure":"regular","tile":"siret3_r037_c024.tif","length_m":7.68},"geometry":{"type":"LineString","coordinates":[[630224.85,5219328.0],[630220.8,5219321.47]]}},{"type":"Feature","properties":{"vineyard_id":"V45","row_id":"V45-R16","row_structure":"regular","tile":"siret3_r037_c025.tif","length_m":4.9},"geometry":{"type":"LineString","coordinates":[[630322.09,5219280.85],[630319.28,5219276.83]]}},{"type":"Feature","properties":{"vineyard_id":"V45","row_id":"V45-R14","row_structure":"disrupted","tile":"siret3_r037_c025.tif","length_m":12.65},"geometry":{"type":"LineString","coordinates":[[630323.18,5219287.41],[630316.23,5219276.83]]}},{"type":"Feature","properties":{"vineyard_id":"V41","row_id":"V41-R29","row_structure":"disrupted","tile":"siret3_r037_c025.tif","length_m":2.82},"geometry":{"type":"LineString","coordinates":[[630313.5,5219328.0],[630311.95,5219325.65]]}},{"type":"Feature","properties":{"vineyard_id":"V45","row_id":"V45-R05","row_structure":"disrupted","tile":"siret3_r037_c025.tif","length_m":55.52},"geometry":{"type":"LineString","coordinates":[[630310.29,5219323.14],[630279.68,5219276.83]]}},{"type":"Feature","properties":{"vineyard_id":"V45","row_id":"V45-R04","row_structure":"disrupted","tile":"siret3_r037_c025.tif","length_m":61.1},"geometry":{"type":"LineString","coordinates":[[630307.92,5219328.0],[630274.54,5219276.83]]}},{"type":"Feature","properties":{"vineyard_id":"V45","row_id":"V45-R02","row_structure":"regular","tile":"siret3_r037_c025.tif","length_m":60.0},"geometry":{"type":"LineString","coordinates":[[630304.77,5219328.0],[630272.01,5219277.74]]}},{"type":"Feature","properties":{"vineyard_id":"V44","row_id":"V44-R06","row_structure":"regular","tile":"siret3_r037_c025.tif","length_m":36.01},"geometry":{"type":"LineString","coordinates":[[630291.77,5219327.99],[630272.0,5219297.89]]}},{"type":"Feature","properties":{"vineyard_id":"V44","row_id":"V44-R05","row_structure":"regular","tile":"siret3_r037_c025.tif","length_m":29.94},"geometry":{"type":"LineString","coordinates":[[630288.22,5219328.0],[630272.01,5219302.84]]}},{"type":"Feature","properties":{"vineyard_id":"V44","row_id":"V44-R04","row_structure":"regular","tile":"siret3_r037_c025.tif","length_m":24.23},"geometry":{"type":"LineString","coordinates":[[630285.33,5219328.0],[630272.0,5219307.77]]}},{"type":"Feature","properties":{"vineyard_id":"V44","row_id":"V44-R03","row_structure":"regular","tile":"siret3_r037_c025.tif","length_m":19.03},"geometry":{"type":"LineString","coordinates":[[630282.38,5219328.0],[630272.0,5219312.04]]}},{"type":"Feature","properties":{"vineyard_id":"V44","row_id":"V44-R02","row_structure":"regular","tile":"siret3_r037_c025.tif","length_m":12.2},"geometry":{"type":"LineString","coordinates":[[630278.69,5219328.0],[630272.0,5219317.8]]}},{"type":"Feature","properties":{"vineyard_id":"V44","row_id":"V44-R01","row_structure":"regular","tile":"siret3_r037_c025.tif","length_m":7.47},"geometry":{"type":"LineString","coordinates":[[630276.13,5219328.0],[630272.01,5219321.77]]}},{"type":"Feature","properties":{"vineyard_id":"V43","row_id":"V43-R08","row_structure":"regular","tile":"siret3_r037_c026.tif","length_m":2.57},"geometry":{"type":"LineString","coordinates":[[630346.11,5219306.05],[630344.49,5219304.04]]}},{"type":"Feature","properties":{"vineyard_id":"V43","row_id":"V43-R07","row_structure":"regular","tile":"siret3_r037_c026.tif","length_m":13.42},"geometry":{"type":"LineString","coordinates":[[630349.99,5219313.82],[630341.42,5219303.48]]}},{"type":"Feature","properties":{"vineyard_id":"V43","row_id":"V43-R06","row_structure":"disrupted","tile":"siret3_r037_c026.tif","length_m":26.97},"geometry":{"type":"LineString","coordinates":[[630356.62,5219326.15],[630339.63,5219305.21]]}},{"type":"Feature","properties":{"vineyard_id":"V43","row_id":"V43-R05","row_structure":"regular","tile":"siret3_r037_c026.tif","length_m":27.45},"geometry":{"type":"LineString","coordinates":[[630355.3,5219328.0],[630337.87,5219306.79]]}},{"type":"Feature","properties":{"vineyard_id":"V43","row_id":"V43-R04","row_structure":"regular","tile":"siret3_r037_c026.tif","length_m":25.67},"geometry":{"type":"LineString","coordinates":[[630352.63,5219328.0],[630336.41,5219308.11]]}},{"type":"Feature","properties":{"vineyard_id":"V43","row_id":"V43-R03","row_structure":"regular","tile":"siret3_r037_c026.tif","length_m":23.72},"geometry":{"type":"LineString","coordinates":[[630349.43,5219327.99],[630334.44,5219309.61]]}},{"type":"Feature","properties":{"vineyard_id":"V43","row_id":"V43-R02","row_structure":"regular","tile":"siret3_r037_c026.tif","length_m":22.28},"geometry":{"type":"LineString","coordinates":[[630346.93,5219328.0],[630332.83,5219310.75]]}},{"type":"Feature","properties":{"vineyard_id":"V43","row_id":"V43-R01","row_structure":"regular","tile":"siret3_r037_c026.tif","length_m":20.52},"geometry":{"type":"LineString","coordinates":[[630343.91,5219328.0],[630330.96,5219312.08]]}},{"type":"Feature","properties":{"vineyard_id":"V46","row_id":"V46-R15","row_structure":"regular","tile":"siret3_r038_c022.tif","length_m":2.45},"geometry":{"type":"LineString","coordinates":[[630167.66,5219276.8],[630169.57,5219275.26]]}},{"type":"Feature","properties":{"vineyard_id":"V46","row_id":"V46-R16","row_structure":"regular","tile":"siret3_r038_c022.tif","length_m":7.53},"geometry":{"type":"LineString","coordinates":[[630163.71,5219276.8],[630169.58,5219272.08]]}},{"type":"Feature","properties":{"vineyard_id":"V46","row_id":"V46-R17","row_structure":"disrupted","tile":"siret3_r038_c022.tif","length_m":12.95},"geometry":{"type":"LineString","coordinates":[[630159.42,5219276.8],[630169.58,5219268.77]]}},{"type":"Feature","properties":{"vineyard_id":"V46","row_id":"V46-R18","row_structure":"regular","tile":"siret3_r038_c022.tif","length_m":15.37},"geometry":{"type":"LineString","coordinates":[[630157.57,5219274.81],[630169.57,5219265.21]]}},{"type":"Feature","properties":{"vineyard_id":"V46","row_id":"V46-R19","row_structure":"regular","tile":"siret3_r038_c022.tif","length_m":20.64},"geometry":{"type":"LineString","coordinates":[[630153.49,5219274.6],[630169.57,5219261.65]]}},{"type":"Feature","properties":{"vineyard_id":"V46","row_id":"V46-R20","row_structure":"regular","tile":"siret3_r038_c022.tif","length_m":15.33},"geometry":{"type":"LineString","coordinates":[[630153.96,5219270.5],[630165.8,5219260.75]]}},{"type":"Feature","properties":{"vineyard_id":"V46","row_id":"V46-R21","row_structure":"regular","tile":"siret3_r038_c022.tif","length_m":22.06},"geometry":{"type":"LineString","coordinates":[[630152.44,5219268.69],[630169.59,5219254.82]]}},{"type":"Feature","properties":{"vineyard_id":"V46","row_id":"V46-R23","row_structure":"regular","tile":"siret3_r038_c022.tif","length_m":3.23},"geometry":{"type":"LineString","coordinates":[[630161.04,5219255.4],[630163.56,5219253.38]]}},{"type":"Feature","properties":{"vineyard_id":"V46","row_id":"V46-R04","row_structure":"regular","tile":"siret3_r038_c023.tif","length_m":4.03},"geometry":{"type":"LineString","coordinates":[[630217.61,5219276.8],[630220.79,5219274.31]]}},{"type":"Feature","properties":{"vineyard_id":"V46","row_id":"V46-R05","row_structure":"regular","tile":"siret3_r038_c023.tif","length_m":10.43},"geometry":{"type":"LineString","coordinates":[[630212.51,5219276.8],[630220.77,5219270.44]]}},{"type":"Feature","properties":{"vineyard_id":"V46","row_id":"V46-R06","row_structure":"regular","tile":"siret3_r038_c023.tif","length_m":16.35},"geometry":{"type":"LineString","coordinates":[[630207.97,5219276.8],[630220.77,5219266.63]]}},{"type":"Feature","properties":{"vineyard_id":"V46","row_id":"V46-R07","row_structure":"regular","tile":"siret3_r038_c023.tif","length_m":21.91},"geometry":{"type":"LineString","coordinates":[[630203.35,5219276.8],[630220.78,5219263.53]]}},{"type":"Feature","properties":{"vineyard_id":"V46","row_id":"V46-R08","row_structure":"regular","tile":"siret3_r038_c023.tif","length_m":27.34},"geometry":{"type":"LineString","coordinates":[[630199.21,5219276.8],[630220.77,5219259.99]]}},{"type":"Feature","properties":{"vineyard_id":"V46","row_id":"V46-R09","row_structure":"regular","tile":"siret3_r038_c023.tif","length_m":33.35},"geometry":{"type":"LineString","coordinates":[[630194.46,5219276.8],[630220.78,5219256.31]]}},{"type":"Feature","properties":{"vineyard_id":"V46","row_id":"V46-R10","row_structure":"disrupted","tile":"siret3_r038_c023.tif","length_m":38.59},"geometry":{"type":"LineString","coordinates":[[630190.31,5219276.8],[630220.77,5219253.1]]}},{"type":"Feature","properties":{"vineyard_id":"V46","row_id":"V46-R11","row_structure":"disrupted","tile":"siret3_r038_c023.tif","length_m":44.09},"geometry":{"type":"LineString","coordinates":[[630186.06,5219276.8],[630220.78,5219249.63]]}},{"type":"Feature","properties":{"vineyard_id":"V46","row_id":"V46-R12","row_structure":"regular","tile":"siret3_r038_c023.tif","length_m":49.87},"geometry":{"type":"LineString","coordinates":[[630181.63,5219276.79],[630220.79,5219245.91]]}},{"type":"Feature","properties":{"vineyard_id":"V46","row_id":"V46-R13","row_structure":"regular","tile":"siret3_r038_c023.tif","length_m":55.53},"geometry":{"type":"LineString","coordinates":[[630177.02,5219276.8],[630220.77,5219242.6]]}},{"type":"Feature","properties":{"vineyard_id":"V46","row_id":"V46-R14","row_structure":"regular","tile":"siret3_r038_c023.tif","length_m":61.12},"geometry":{"type":"LineString","coordinates":[[630172.71,5219276.8],[630220.77,5219239.04]]}},{"type":"Feature","properties":{"vineyard_id":"V46","row_id":"V46-R15","row_structure":"regular","tile":"siret3_r038_c023.tif","length_m":64.96},"geometry":{"type":"LineString","coordinates":[[630169.6,5219275.46],[630220.77,5219235.43]]}},{"type":"Feature","properties":{"vineyard_id":"V46","row_id":"V46-R16","row_structure":"disrupted","tile":"siret3_r038_c023.tif","length_m":64.95},"geometry":{"type":"LineString","coordinates":[[630169.6,5219271.91],[630220.79,5219231.93]]}},{"type":"Feature","properties":{"vineyard_id":"V46","row_id":"V46-R17","row_structure":"disrupted","tile":"siret3_r038_c023.tif","length_m":65.05},"geometry":{"type":"LineString","coordinates":[[630169.6,5219268.63],[630220.78,5219228.48]]}},{"type":"Feature","properties":{"vineyard_id":"V46","row_id":"V46-R18","row_structure":"disrupted","tile":"siret3_r038_c023.tif","length_m":64.16},"geometry":{"type":"LineString","coordinates":[[630169.6,5219265.16],[630220.13,5219225.62]]}},{"type":"Feature","properties":{"vineyard_id":"V46","row_id":"V46-R19","row_structure":"regular","tile":"siret3_r038_c023.tif","length_m":58.63},"geometry":{"type":"LineString","coordinates":[[630169.6,5219261.83],[630215.72,5219225.63]]}},{"type":"Feature","properties":{"vineyard_id":"V46","row_id":"V46-R20","row_structure":"regular","tile":"siret3_r038_c023.tif","length_m":52.74},"geometry":{"type":"LineString","coordinates":[[630169.6,5219257.95],[630211.26,5219225.62]]}},{"type":"Feature","properties":{"vineyard_id":"V46","row_id":"V46-R21","row_structure":"regular","tile":"siret3_r038_c023.tif","length_m":47.25},"geometry":{"type":"LineString","coordinates":[[630169.6,5219254.89],[630206.69,5219225.61]]}},{"type":"Feature","properties":{"vineyard_id":"V46","row_id":"V46-R22","row_structure":"disrupted","tile":"siret3_r038_c023.tif","length_m":41.37},"geometry":{"type":"LineString","coordinates":[[630169.6,5219251.09],[630202.22,5219225.63]]}},{"type":"Feature","properties":{"vineyard_id":"V46","row_id":"V46-R23","row_structure":"regular","tile":"siret3_r038_c023.tif","length_m":35.59},"geometry":{"type":"LineString","coordinates":[[630169.6,5219247.87],[630197.39,5219225.63]]}},{"type":"Feature","properties":{"vineyard_id":"V46","row_id":"V46-R24","row_structure":"disrupted","tile":"siret3_r038_c023.tif","length_m":29.31},"geometry":{"type":"LineString","coordinates":[[630170.69,5219244.17],[630193.39,5219225.63]]}},{"type":"Feature","properties":{"vineyard_id":"V46","row_id":"V46-R26","row_structure":"regular","tile":"siret3_r038_c023.tif","length_m":3.1},"geometry":{"type":"LineString","coordinates":[[630183.16,5219227.46],[630185.65,5219225.61]]}},{"type":"Feature","properties":{"vineyard_id":"V46","row_id":"V46-R04","row_structure":"regular","tile":"siret3_r038_c024.tif","length_m":46.22},"geometry":{"type":"LineString","coordinates":[[630220.81,5219274.04],[630257.29,5219245.66]]}},{"type":"Feature","properties":{"vineyard_id":"V46","row_id":"V46-R05","row_structure":"regular","tile":"siret3_r038_c024.tif","length_m":43.99},"geometry":{"type":"LineString","coordinates":[[630220.8,5219270.35],[630255.5,5219243.31]]}},{"type":"Feature","properties":{"vineyard_id":"V47","row_id":"V47-R01","row_structure":"regular","tile":"siret3_r038_c024.tif","length_m":9.8},"geometry":{"type":"LineString","coordinates":[[630257.86,5219241.47],[630265.6,5219235.44]]}},{"type":"Feature","properties":{"vineyard_id":"V46","row_id":"V46-R06","row_structure":"regular","tile":"siret3_r038_c024.tif","length_m":41.8},"geometry":{"type":"LineString","coordinates":[[630220.8,5219266.74],[630253.83,5219241.12]]}},{"type":"Feature","properties":{"vineyard_id":"V47","row_id":"V47-R02","row_structure":"regular","tile":"siret3_r038_c024.tif","length_m":9.2},"geometry":{"type":"LineString","coordinates":[[630256.2,5219239.28],[630263.47,5219233.64]]}},{"type":"Feature","properties":{"vineyard_id":"V46","row_id":"V46-R07","row_structure":"regular","tile":"siret3_r038_c024.tif","length_m":39.77},"geometry":{"type":"LineString","coordinates":[[630220.8,5219263.39],[630252.21,5219238.99]]}},{"type":"Feature","properties":{"vineyard_id":"V47","row_id":"V47-R03","row_structure":"regular","tile":"siret3_r038_c024.tif","length_m":8.46},"geometry":{"type":"LineString","coordinates":[[630254.57,5219237.15],[630261.25,5219231.96]]}},{"type":"Feature","properties":{"vineyard_id":"V46","row_id":"V46-R08","row_structure":"regular","tile":"siret3_r038_c024.tif","length_m":37.66},"geometry":{"type":"LineString","coordinates":[[630220.8,5219259.91],[630250.56,5219236.83]]}},{"type":"Feature","properties":{"vineyard_id":"V47","row_id":"V47-R04","row_structure":"regular","tile":"siret3_r038_c024.tif","length_m":7.88},"geometry":{"type":"LineString","coordinates":[[630252.93,5219234.99],[630259.15,5219230.16]]}},{"type":"Feature","properties":{"vineyard_id":"V46","row_id":"V46-R09","row_structure":"regular","tile":"siret3_r038_c024.tif","length_m":35.34},"geometry":{"type":"LineString","coordinates":[[630220.81,5219256.09],[630248.74,5219234.45]]}},{"type":"Feature","properties":{"vineyard_id":"V47","row_id":"V47-R05","row_structure":"regular","tile":"siret3_r038_c024.tif","length_m":7.11},"geometry":{"type":"LineString","coordinates":[[630251.11,5219232.61],[630256.73,5219228.26]]}},{"type":"Feature","properties":{"vineyard_id":"V46","row_id":"V46-R10","row_structure":"regular","tile":"siret3_r038_c024.tif","length_m":33.46},"geometry":{"type":"LineString","coordinates":[[630220.8,5219252.98],[630247.26,5219232.5]]}},{"type":"Feature","properties":{"vineyard_id":"V47","row_id":"V47-R06","row_structure":"regular","tile":"siret3_r038_c024.tif","length_m":6.59},"geometry":{"type":"LineString","coordinates":[[630249.63,5219230.67],[630254.84,5219226.64]]}},{"type":"Feature","properties":{"vineyard_id":"V46","row_id":"V46-R11","row_structure":"regular","tile":"siret3_r038_c024.tif","length_m":25.58},"geometry":{"type":"LineString","coordinates":[[630220.8,5219249.52],[630241.04,5219233.89]]}},{"type":"Feature","properties":{"vineyard_id":"V46","row_id":"V46-R12","row_structure":"regular","tile":"siret3_r038_c024.tif","length_m":23.19},"geometry":{"type":"LineString","coordinates":[[630220.8,5219245.99],[630239.17,5219231.84]]}},{"type":"Feature","properties":{"vineyard_id":"V46","row_id":"V46-R13","row_structure":"regular","tile":"siret3_r038_c024.tif","length_m":20.65},"geometry":{"type":"LineString","coordinates":[[630220.81,5219242.56],[630237.28,5219230.1]]}},{"type":"Feature","properties":{"vineyard_id":"V46","row_id":"V46-R14","row_structure":"regular","tile":"siret3_r038_c024.tif","length_m":16.15},"geometry":{"type":"LineString","coordinates":[[630220.8,5219238.92],[630233.48,5219228.92]]}},{"type":"Feature","properties":{"vineyard_id":"V46","row_id":"V46-R15","row_structure":"regular","tile":"siret3_r038_c024.tif","length_m":13.7},"geometry":{"type":"LineString","coordinates":[[630220.81,5219235.34],[630231.67,5219226.99]]}},{"type":"Feature","properties":{"vineyard_id":"V46","row_id":"V46-R16","row_structure":"regular","tile":"siret3_r038_c024.tif","length_m":10.23},"geometry":{"type":"LineString","coordinates":[[630220.8,5219231.91],[630228.88,5219225.63]]}},{"type":"Feature","properties":{"vineyard_id":"V46","row_id":"V46-R17","row_structure":"regular","tile":"siret3_r038_c024.tif","length_m":5.02},"geometry":{"type":"LineString","coordinates":[[630220.8,5219228.66],[630224.79,5219225.63]]}},{"type":"Feature","properties":{"vineyard_id":"V45","row_id":"V45-R06","row_structure":"regular","tile":"siret3_r038_c024.tif","length_m":19.05},"geometry":{"type":"LineString","coordinates":[[630271.99,5219261.39],[630261.12,5219245.75]]}},{"type":"Feature","properties":{"vineyard_id":"V45","row_id":"V45-R05","row_structure":"regular","tile":"siret3_r038_c024.tif","length_m":18.25},"geometry":{"type":"LineString","coordinates":[[630271.99,5219266.48],[630261.5,5219251.53]]}},{"type":"Feature","properties":{"vineyard_id":"V46","row_id":"V46-R03","row_structure":"regular","tile":"siret3_r038_c024.tif","length_m":1.79},"geometry":{"type":"LineString","coordinates":[[630259.77,5219249.07],[630258.75,5219247.61]]}},{"type":"Feature","properties":{"vineyard_id":"V45","row_id":"V45-R04","row_structure":"regular","tile":"siret3_r038_c024.tif","length_m":22.78},"geometry":{"type":"LineString","coordinates":[[630271.97,5219272.33],[630259.04,5219253.58]]}},{"type":"Feature","properties":{"vineyard_id":"V45","row_id":"V45-R03","row_structure":"regular","tile":"siret3_r038_c024.tif","length_m":26.24},"geometry":{"type":"LineString","coordinates":[[630271.97,5219276.8],[630257.15,5219255.14]]}},{"type":"Feature","properties":{"vineyard_id":"V45","row_id":"V45-R01","row_structure":"regular","tile":"siret3_r038_c024.tif","length_m":23.89},"geometry":{"type":"LineString","coordinates":[[630268.32,5219276.8],[630254.77,5219257.12]]}},{"type":"Feature","properties":{"vineyard_id":"V46","row_id":"V46-R02","row_structure":"regular","tile":"siret3_r038_c024.tif","length_m":2.4},"geometry":{"type":"LineString","coordinates":[[630225.11,5219276.8],[630223.74,5219274.83]]}},{"type":"Feature","properties":{"vineyard_id":"V45","row_id":"V45-R15","row_structure":"regular","tile":"siret3_r038_c025.tif","length_m":8.14},"geometry":{"type":"LineString","coordinates":[[630318.54,5219276.8],[630313.9,5219270.12]]}},{"type":"Feature","properties":{"vineyard_id":"V45","row_id":"V45-R13","row_structure":"regular","tile":"siret3_r038_c025.tif","length_m":13.72},"geometry":{"type":"LineString","coordinates":[[630315.34,5219276.8],[630307.22,5219265.75]]}},{"type":"Feature","properties":{"vineyard_id":"V45","row_id":"V45-R12","row_structure":"regular","tile":"siret3_r038_c025.tif","length_m":18.82},"geometry":{"type":"LineString","coordinates":[[630311.06,5219276.8],[630300.05,5219261.54]]}},{"type":"Feature","properties":{"vineyard_id":"V45","row_id":"V45-R11","row_structure":"regular","tile":"siret3_r038_c025.tif","length_m":35.72},"geometry":{"type":"LineString","coordinates":[[630301.33,5219276.8],[630280.92,5219247.5]]}},{"type":"Feature","properties":{"vineyard_id":"V45","row_id":"V45-R10","row_structure":"regular","tile":"siret3_r038_c025.tif","length_m":36.47},"geometry":{"type":"LineString","coordinates":[[630298.54,5219276.8],[630277.68,5219246.88]]}},{"type":"Feature","properties":{"vineyard_id":"V45","row_id":"V45-R09","row_structure":"regular","tile":"siret3_r038_c025.tif","length_m":34.05},"geometry":{"type":"LineString","coordinates":[[630295.18,5219276.8],[630275.67,5219248.89]]}},{"type":"Feature","properties":{"vineyard_id":"V45","row_id":"V45-R08","row_structure":"regular","tile":"siret3_r038_c025.tif","length_m":35.26},"geometry":{"type":"LineString","coordinates":[[630292.12,5219276.79],[630272.0,5219247.83]]}},{"type":"Feature","properties":{"vineyard_id":"V45","row_id":"V45-R07","row_structure":"regular","tile":"siret3_r038_c025.tif","length_m":30.09},"geometry":{"type":"LineString","coordinates":[[630289.22,5219276.8],[630272.0,5219252.12]]}},{"type":"Feature","properties":{"vineyard_id":"V45","row_id":"V45-R06","row_structure":"regular","tile":"siret3_r038_c025.tif","length_m":18.34},"geometry":{"type":"LineString","coordinates":[[630282.41,5219276.8],[630272.0,5219261.7]]}},{"type":"Feature","properties":{"vineyard_id":"V45","row_id":"V45-R05","row_structure":"regular","tile":"siret3_r038_c025.tif","length_m":13.25},"geometry":{"type":"LineString","coordinates":[[630279.31,5219276.8],[630272.0,5219265.75]]}},{"type":"Feature","properties":{"vineyard_id":"V45","row_id":"V45-R04","row_structure":"regular","tile":"siret3_r038_c025.tif","length_m":4.62},"geometry":{"type":"LineString","coordinates":[[630274.68,5219276.8],[630272.0,5219273.03]]}},{"type":"Feature","properties":{"vineyard_id":"V46","row_id":"V46-R19","row_structure":"regular","tile":"siret3_r039_c023.tif","length_m":6.92},"geometry":{"type":"LineString","coordinates":[[630215.36,5219225.59],[630220.78,5219221.28]]}},{"type":"Feature","properties":{"vineyard_id":"V46","row_id":"V46-R20","row_structure":"regular","tile":"siret3_r039_c023.tif","length_m":12.12},"geometry":{"type":"LineString","coordinates":[[630211.45,5219225.6],[630220.79,5219217.87]]}},{"type":"Feature","properties":{"vineyard_id":"V46","row_id":"V46-R21","row_structure":"regular","tile":"siret3_r039_c023.tif","length_m":17.13},"geometry":{"type":"LineString","coordinates":[[630206.65,5219225.6],[630220.13,5219215.03]]}},{"type":"Feature","properties":{"vineyard_id":"V46","row_id":"V46-R22","row_structure":"regular","tile":"siret3_r039_c023.tif","length_m":20.25},"geometry":{"type":"LineString","coordinates":[[630202.41,5219225.6],[630218.14,5219212.86]]}},{"type":"Feature","properties":{"vineyard_id":"V46","row_id":"V46-R23","row_structure":"regular","tile":"siret3_r039_c023.tif","length_m":23.66},"geometry":{"type":"LineString","coordinates":[[630197.66,5219225.6],[630216.2,5219210.89]]}},{"type":"Feature","properties":{"vineyard_id":"V46","row_id":"V46-R24","row_structure":"regular","tile":"siret3_r039_c023.tif","length_m":24.4},"geometry":{"type":"LineString","coordinates":[[630193.21,5219225.6],[630212.3,5219210.4]]}},{"type":"Feature","properties":{"vineyard_id":"V46","row_id":"V46-R25","row_structure":"regular","tile":"siret3_r039_c023.tif","length_m":24.02},"geometry":{"type":"LineString","coordinates":[[630189.34,5219225.6],[630207.87,5219210.3]]}},{"type":"Feature","properties":{"vineyard_id":"V46","row_id":"V46-R26","row_structure":"regular","tile":"siret3_r039_c023.tif","length_m":24.13},"geometry":{"type":"LineString","coordinates":[[630185.38,5219225.6],[630203.95,5219210.19]]}},{"type":"Feature","properties":{"vineyard_id":"V46","row_id":"V46-R27","row_structure":"regular","tile":"siret3_r039_c023.tif","length_m":12.9},"geometry":{"type":"LineString","coordinates":[[630190.66,5219218.41],[630200.56,5219210.13]]}}],"crs":{"type":"name","properties":{"name":"urn:ogc:def:crs:EPSG::32635"}}}